-- ============================================================================
-- Jezici · Migración 053 · Siembra del currículo B1 de PORTUGUÉS (es→pt)
-- ----------------------------------------------------------------------------
-- Curso es→pt (português do Brasil). Autorado + QA adversarial + validado contra
-- el grader. cefr 'B1'. CHECKPOINTS FRESCOS (ítems propios, tag 'cp_unidadN',
-- fuera del pool del examen de nivel). Namespace de ids separado (d3/d3b).
-- ============================================================================
begin;

-- ── Unidad 13 (B1·pt): Cuando era niño ─────────────────────────────
insert into units (id, course_id, cefr_level, order_index, title, theme_color, icon) values
 ('32000000-0000-0000-0000-000000000013','20000000-0000-0000-0000-000000000002','B1',13,$p$Cuando era niño$p$,'#6C5CE7','x')
on conflict (course_id, order_index) do update set title=excluded.title, theme_color=excluded.theme_color, icon=excluded.icon;
insert into lessons (id, unit_id, order_index, title, description, type, xp_reward) values
 ('42000000-0000-0000-0000-000000001301','32000000-0000-0000-0000-000000000013',1,$p$El imperfeito$p$,$p$El imperfeito$p$,'lesson',15),
 ('42000000-0000-0000-0000-000000001302','32000000-0000-0000-0000-000000000013',2,$p$Rutinas de antes$p$,$p$Rutinas de antes$p$,'lesson',15),
 ('42000000-0000-0000-0000-000000001303','32000000-0000-0000-0000-000000000013',3,$p$Perfeito vs imperfeito$p$,$p$Perfeito vs imperfeito$p$,'lesson',15),
 ('42000000-0000-0000-0000-000000001304','32000000-0000-0000-0000-000000000013',4,$p$Recuerdos de infancia$p$,$p$Recuerdos de infancia$p$,'lesson',15),
 ('42000000-0000-0000-0000-000000001305','32000000-0000-0000-0000-000000000013',5,$p$🏁 Checkpoint Unidade 13$p$,$p$Cronometrado · 4 habilidades · 80%.$p$,'checkpoint',40)
on conflict (unit_id, order_index) do update set title=excluded.title, description=excluded.description;
insert into exams (id, course_id, type, cefr_level, unit_id, time_limit_sec, pass_threshold, sections) values
 ('52000000-0000-0000-0000-000000000013','20000000-0000-0000-0000-000000000002','checkpoint','B1','32000000-0000-0000-0000-000000000013',300,0.80,$j${"skills":["reading","listening","writing","speaking"],"item_count":10,"randomize":true}$j$::jsonb)
on conflict (id) do nothing;
insert into content_items (id, course_id, cefr_level, skill, type, prompt, payload, correct_answer, difficulty, tags) values
 ('d3000001-0000-0000-0000-000000000001','20000000-0000-0000-0000-000000000002','B1','reading','multiple_choice',
   $p$Elige la forma correcta del imperfeito: "Cuando era niño, yo ___ en Recife."$p$,
   $j${"options":["morava","morei","moro"]}$j$::jsonb, $j${"value":"morava"}$j$::jsonb,
   0.50, ARRAY['unidad13','formas_basicas_morava_tinha_era','reading']),
 ('d3000002-0000-0000-0000-000000000002','20000000-0000-0000-0000-000000000002','B1','reading','multiple_choice',
   $p$Elige la forma correcta: "Ela ___ muitos amigos na escola." (tenía)$p$,
   $j${"options":["tinha","teve","tem"]}$j$::jsonb, $j${"value":"tinha"}$j$::jsonb,
   0.50, ARRAY['unidad13','formas_basicas_morava_tinha_era','reading']),
 ('d3000003-0000-0000-0000-000000000003','20000000-0000-0000-0000-000000000002','B1','writing','cloze',
   $p$Completa con el imperfeito de 'ser':$p$,
   $j${"text":"Quando eu ___ criança, gostava de desenhar."}$j$::jsonb, $j${"value":"era","accepted":["era"]}$j$::jsonb,
   0.50, ARRAY['unidad13','formas_basicas_morava_tinha_era','writing']),
 ('d3000004-0000-0000-0000-000000000004','20000000-0000-0000-0000-000000000002','B1','writing','cloze',
   $p$Completa con el imperfeito de 'morar':$p$,
   $j${"text":"Antigamente nós ___ no campo."}$j$::jsonb, $j${"value":"morávamos","accepted":["morávamos"]}$j$::jsonb,
   0.50, ARRAY['unidad13','formas_basicas_morava_tinha_era','writing']),
 ('d3000005-0000-0000-0000-000000000005','20000000-0000-0000-0000-000000000002','B1','reading','match',
   $p$Empareja el verbo en imperfeito con su traducción:$p$,
   $j${"pairs":[{"en":"morava","es":"vivía"},{"en":"tinha","es":"tenía"},{"en":"era","es":"era"}]}$j$::jsonb, $j${"pairs":[["morava","vivía"],["tinha","tenía"],["era","era"]]}$j$::jsonb,
   0.50, ARRAY['unidad13','formas_basicas_morava_tinha_era','reading']),
 ('d3000006-0000-0000-0000-000000000006','20000000-0000-0000-0000-000000000002','B1','writing','translation',
   $p$Traduce al portugués: "Yo vivía en São Paulo."$p$,
   $j${"source":"Yo vivía en São Paulo."}$j$::jsonb, $j${"value":"Eu morava em São Paulo.","accepted":["Eu morava em São Paulo.","Eu morava em São Paulo","Morava em São Paulo.","Morava em São Paulo"]}$j$::jsonb,
   0.50, ARRAY['unidad13','formas_basicas_morava_tinha_era','writing']),
 ('d3000007-0000-0000-0000-000000000007','20000000-0000-0000-0000-000000000002','B1','listening','listening',
   $p$Escucha y elige lo que oíste.$p$,
   $j${"options":["Eu era muito tímido.","Eu sou muito tímido.","Eu fui muito tímido."],"say":"Eu era muito tímido.","audio_url":"https://wiauinufpbkmjlbqlkxo.supabase.co/storage/v1/object/public/audio/items/d3000007-0000-0000-0000-000000000007.mp3"}$j$::jsonb, $j${"value":"Eu era muito tímido."}$j$::jsonb,
   0.50, ARRAY['unidad13','formas_basicas_morava_tinha_era','listening']),
 ('d3000008-0000-0000-0000-000000000008','20000000-0000-0000-0000-000000000002','B1','speaking','speaking_read_aloud',
   $p$Lee en voz alta:$p$,
   $j${"text":"Quando eu era criança, eu morava perto da praia.","audio_url":"https://wiauinufpbkmjlbqlkxo.supabase.co/storage/v1/object/public/audio/items/d3000008-0000-0000-0000-000000000008.mp3"}$j$::jsonb, $j${"expected":"Quando eu era criança, eu morava perto da praia."}$j$::jsonb,
   0.50, ARRAY['unidad13','formas_basicas_morava_tinha_era','speaking']),
 ('d3000009-0000-0000-0000-000000000009','20000000-0000-0000-0000-000000000002','B1','reading','multiple_choice',
   $p$Elige la forma correcta: "Todos os dias eu ___ à escola a pé." (iba)$p$,
   $j${"options":["ia","fui","vou"]}$j$::jsonb, $j${"value":"ia"}$j$::jsonb,
   0.50, ARRAY['unidad13','fazia_ia_brincava_costumava','reading']),
 ('d3000010-0000-0000-0000-000000000010','20000000-0000-0000-0000-000000000002','B1','writing','cloze',
   $p$Completa con el imperfeito de 'fazer':$p$,
   $j${"text":"Nas férias, a gente ___ piquenique no parque."}$j$::jsonb, $j${"value":"fazia","accepted":["fazia"]}$j$::jsonb,
   0.50, ARRAY['unidad13','fazia_ia_brincava_costumava','writing']),
 ('d3000011-0000-0000-0000-000000000011','20000000-0000-0000-0000-000000000002','B1','writing','cloze',
   $p$Completa con el imperfeito de 'brincar':$p$,
   $j${"text":"Eu ___ na rua com os meus vizinhos."}$j$::jsonb, $j${"value":"brincava","accepted":["brincava"]}$j$::jsonb,
   0.50, ARRAY['unidad13','fazia_ia_brincava_costumava','writing']),
 ('d3000012-0000-0000-0000-000000000012','20000000-0000-0000-0000-000000000002','B1','reading','multiple_choice',
   $p$Elige la opción que expresa hábito pasado: "Nós ___ assistir desenhos no sábado." (solíamos)$p$,
   $j${"options":["costumávamos","costumamos","costumaremos"]}$j$::jsonb, $j${"value":"costumávamos"}$j$::jsonb,
   0.50, ARRAY['unidad13','fazia_ia_brincava_costumava','reading']),
 ('d3000013-0000-0000-0000-000000000013','20000000-0000-0000-0000-000000000002','B1','writing','word_bank',
   $p$Arma la frase: "Todos los días yo iba al colegio."$p$,
   $j${"tiles":["Todos","os","dias","eu","ia","à","escola","vou","fui"]}$j$::jsonb, $j${"value":"Todos os dias eu ia à escola","sequence":["Todos","os","dias","eu","ia","à","escola"]}$j$::jsonb,
   0.50, ARRAY['unidad13','fazia_ia_brincava_costumava','writing']),
 ('d3000014-0000-0000-0000-000000000014','20000000-0000-0000-0000-000000000002','B1','writing','translation',
   $p$Traduce al portugués: "Nosotros jugábamos en la calle."$p$,
   $j${"source":"Nosotros jugábamos en la calle."}$j$::jsonb, $j${"value":"Nós brincávamos na rua.","accepted":["Nós brincávamos na rua.","Nós brincávamos na rua","Brincávamos na rua.","Brincávamos na rua","A gente brincava na rua.","A gente brincava na rua"]}$j$::jsonb,
   0.50, ARRAY['unidad13','fazia_ia_brincava_costumava','writing']),
 ('d3000015-0000-0000-0000-000000000015','20000000-0000-0000-0000-000000000002','B1','listening','listening',
   $p$Escucha y elige lo que oíste.$p$,
   $j${"options":["Eu ia à escola de bicicleta.","Eu vou à escola de bicicleta.","Eu fui à escola de bicicleta."],"say":"Eu ia à escola de bicicleta.","audio_url":"https://wiauinufpbkmjlbqlkxo.supabase.co/storage/v1/object/public/audio/items/d3000015-0000-0000-0000-000000000015.mp3"}$j$::jsonb, $j${"value":"Eu ia à escola de bicicleta."}$j$::jsonb,
   0.50, ARRAY['unidad13','fazia_ia_brincava_costumava','listening']),
 ('d3000016-0000-0000-0000-000000000016','20000000-0000-0000-0000-000000000002','B1','speaking','speaking_read_aloud',
   $p$Lee en voz alta:$p$,
   $j${"text":"Antigamente eu brincava na rua todos os dias.","audio_url":"https://wiauinufpbkmjlbqlkxo.supabase.co/storage/v1/object/public/audio/items/d3000016-0000-0000-0000-000000000016.mp3"}$j$::jsonb, $j${"expected":"Antigamente eu brincava na rua todos os dias."}$j$::jsonb,
   0.50, ARRAY['unidad13','fazia_ia_brincava_costumava','speaking']),
 ('d3000017-0000-0000-0000-000000000017','20000000-0000-0000-0000-000000000002','B1','reading','multiple_choice',
   $p$Elige el tiempo correcto (acción puntual): "Ontem eu ___ um filme ótimo." (vi)$p$,
   $j${"options":["vi","via","vejo"]}$j$::jsonb, $j${"value":"vi"}$j$::jsonb,
   0.50, ARRAY['unidad13','accion_puntual_vs_descripcion_rutina','reading']),
 ('d3000018-0000-0000-0000-000000000018','20000000-0000-0000-0000-000000000002','B1','reading','multiple_choice',
   $p$Elige el tiempo correcto (rutina pasada): "Quando eu era criança, ___ todos os domingos." (cocinaba)$p$,
   $j${"options":["cozinhava","cozinhei","cozinho"]}$j$::jsonb, $j${"value":"cozinhava"}$j$::jsonb,
   0.50, ARRAY['unidad13','accion_puntual_vs_descripcion_rutina','reading']),
 ('d3000019-0000-0000-0000-000000000019','20000000-0000-0000-0000-000000000002','B1','writing','cloze',
   $p$Completa con el imperfeito (descripción de fondo):$p$,
   $j${"text":"___ sol quando saímos de casa."}$j$::jsonb, $j${"value":"Fazia","accepted":["Fazia"]}$j$::jsonb,
   0.50, ARRAY['unidad13','accion_puntual_vs_descripcion_rutina','writing']),
 ('d3000020-0000-0000-0000-000000000020','20000000-0000-0000-0000-000000000002','B1','reading','multiple_choice',
   $p$Elige la forma correcta (acción que interrumpe): "Eu dormia quando o telefone ___." (sonó)$p$,
   $j${"options":["tocou","tocava","toca"]}$j$::jsonb, $j${"value":"tocou"}$j$::jsonb,
   0.50, ARRAY['unidad13','accion_puntual_vs_descripcion_rutina','reading']),
 ('d3000021-0000-0000-0000-000000000021','20000000-0000-0000-0000-000000000002','B1','writing','cloze',
   $p$Completa con el perfeito (acción puntual):$p$,
   $j${"text":"Eu lia um livro quando ela ___ na porta."}$j$::jsonb, $j${"value":"bateu","accepted":["bateu"]}$j$::jsonb,
   0.50, ARRAY['unidad13','accion_puntual_vs_descripcion_rutina','writing']),
 ('d3000022-0000-0000-0000-000000000022','20000000-0000-0000-0000-000000000002','B1','reading','match',
   $p$Empareja la frase con su tipo:$p$,
   $j${"pairs":[{"en":"Eu morava lá","es":"rutina/descripción"},{"en":"Eu mudei de casa","es":"acción puntual"},{"en":"Fazia frio","es":"descripción de fondo"}]}$j$::jsonb, $j${"pairs":[["Eu morava lá","rutina/descripción"],["Eu mudei de casa","acción puntual"],["Fazia frio","descripción de fondo"]]}$j$::jsonb,
   0.50, ARRAY['unidad13','accion_puntual_vs_descripcion_rutina','reading']),
 ('d3000023-0000-0000-0000-000000000023','20000000-0000-0000-0000-000000000002','B1','writing','translation',
   $p$Traduce al portugués: "Llovía cuando llegué."$p$,
   $j${"source":"Llovía cuando llegué."}$j$::jsonb, $j${"value":"Chovia quando eu cheguei.","accepted":["Chovia quando eu cheguei.","Chovia quando eu cheguei","Chovia quando cheguei.","Chovia quando cheguei","Estava chovendo quando eu cheguei.","Estava chovendo quando cheguei"]}$j$::jsonb,
   0.50, ARRAY['unidad13','accion_puntual_vs_descripcion_rutina','writing']),
 ('d3000024-0000-0000-0000-000000000024','20000000-0000-0000-0000-000000000002','B1','speaking','speaking_read_aloud',
   $p$Lee en voz alta:$p$,
   $j${"text":"Eu lia um livro quando a luz acabou de repente.","audio_url":"https://wiauinufpbkmjlbqlkxo.supabase.co/storage/v1/object/public/audio/items/d3000024-0000-0000-0000-000000000024.mp3"}$j$::jsonb, $j${"expected":"Eu lia um livro quando a luz acabou de repente."}$j$::jsonb,
   0.50, ARRAY['unidad13','accion_puntual_vs_descripcion_rutina','speaking']),
 ('d3000025-0000-0000-0000-000000000025','20000000-0000-0000-0000-000000000002','B1','writing','reorder',
   $p$Ordena las palabras: "En aquella época todo era más simple."$p$,
   $j${"tiles":["Naquela","época","tudo","era","mais","simples"]}$j$::jsonb, $j${"value":"Naquela época tudo era mais simples"}$j$::jsonb,
   0.50, ARRAY['unidad13','hablar_de_como_era_todo_antes','writing']),
 ('d3000026-0000-0000-0000-000000000026','20000000-0000-0000-0000-000000000002','B1','reading','multiple_choice',
   $p$Elige la opción correcta: "A minha avó sempre ___ bolo aos domingos." (hacía, rutina)$p$,
   $j${"options":["fazia","fez","faz"]}$j$::jsonb, $j${"value":"fazia"}$j$::jsonb,
   0.50, ARRAY['unidad13','hablar_de_como_era_todo_antes','reading']),
 ('d3000027-0000-0000-0000-000000000027','20000000-0000-0000-0000-000000000002','B1','writing','cloze',
   $p$Completa con el imperfeito de 'ir':$p$,
   $j${"text":"No verão, nós ___ à praia toda semana."}$j$::jsonb, $j${"value":"íamos","accepted":["íamos"]}$j$::jsonb,
   0.50, ARRAY['unidad13','hablar_de_como_era_todo_antes','writing']),
 ('d3000028-0000-0000-0000-000000000028','20000000-0000-0000-0000-000000000002','B1','writing','word_bank',
   $p$Arma la frase: "Cuando era niño, yo tenía un perro."$p$,
   $j${"tiles":["Quando","era","criança","eu","tinha","um","cachorro","tenho","tive"]}$j$::jsonb, $j${"value":"Quando era criança eu tinha um cachorro","sequence":["Quando","era","criança","eu","tinha","um","cachorro"]}$j$::jsonb,
   0.50, ARRAY['unidad13','hablar_de_como_era_todo_antes','writing']),
 ('d3000029-0000-0000-0000-000000000029','20000000-0000-0000-0000-000000000002','B1','writing','translation',
   $p$Traduce al portugués: "Antiguamente la vecindad era más tranquila."$p$,
   $j${"source":"Antiguamente la vecindad era más tranquila."}$j$::jsonb, $j${"value":"Antigamente a vizinhança era mais tranquila.","accepted":["Antigamente a vizinhança era mais tranquila.","Antigamente a vizinhança era mais tranquila","A vizinhança era mais tranquila antigamente.","A vizinhança era mais tranquila antigamente"]}$j$::jsonb,
   0.50, ARRAY['unidad13','hablar_de_como_era_todo_antes','writing']),
 ('d3000030-0000-0000-0000-000000000030','20000000-0000-0000-0000-000000000002','B1','reading','match',
   $p$Empareja la expresión con su traducción:$p$,
   $j${"pairs":[{"en":"antigamente","es":"antiguamente"},{"en":"naquela época","es":"en aquella época"},{"en":"saudade","es":"nostalgia"}]}$j$::jsonb, $j${"pairs":[["antigamente","antiguamente"],["naquela época","en aquella época"],["saudade","nostalgia"]]}$j$::jsonb,
   0.50, ARRAY['unidad13','hablar_de_como_era_todo_antes','reading']),
 ('d3000031-0000-0000-0000-000000000031','20000000-0000-0000-0000-000000000002','B1','listening','listening',
   $p$Escucha y elige lo que oíste.$p$,
   $j${"options":["Nós íamos à praia todo verão.","Nós fomos à praia todo verão.","Nós vamos à praia todo verão."],"say":"Nós íamos à praia todo verão.","audio_url":"https://wiauinufpbkmjlbqlkxo.supabase.co/storage/v1/object/public/audio/items/d3000031-0000-0000-0000-000000000031.mp3"}$j$::jsonb, $j${"value":"Nós íamos à praia todo verão."}$j$::jsonb,
   0.50, ARRAY['unidad13','hablar_de_como_era_todo_antes','listening']),
 ('d3000032-0000-0000-0000-000000000032','20000000-0000-0000-0000-000000000002','B1','speaking','speaking_read_aloud',
   $p$Lee en voz alta:$p$,
   $j${"text":"Que saudade! Naquela época tudo era mais tranquilo.","audio_url":"https://wiauinufpbkmjlbqlkxo.supabase.co/storage/v1/object/public/audio/items/d3000032-0000-0000-0000-000000000032.mp3"}$j$::jsonb, $j${"expected":"Que saudade! Naquela época tudo era mais tranquilo."}$j$::jsonb,
   0.50, ARRAY['unidad13','hablar_de_como_era_todo_antes','speaking']),
 ('d3000033-0000-0000-0000-000000000033','20000000-0000-0000-0000-000000000002','B1','reading','multiple_choice',
   $p$Elige el imperfeito correcto: "Quando eu ___ jovem, viajava muito." (era)$p$,
   $j${"options":["era","fui","sou"]}$j$::jsonb, $j${"value":"era"}$j$::jsonb,
   0.50, ARRAY['cp_unidad13','checkpoint','reading']),
 ('d3000034-0000-0000-0000-000000000034','20000000-0000-0000-0000-000000000002','B1','reading','multiple_choice',
   $p$Elige el tiempo correcto (acción puntual): "De repente, a porta ___." (se abrió)$p$,
   $j${"options":["abriu","abria","abre"]}$j$::jsonb, $j${"value":"abriu"}$j$::jsonb,
   0.50, ARRAY['cp_unidad13','checkpoint','reading']),
 ('d3000035-0000-0000-0000-000000000035','20000000-0000-0000-0000-000000000002','B1','writing','cloze',
   $p$Completa con el imperfeito de 'ter':$p$,
   $j${"text":"Antigamente eu ___ muito tempo livre."}$j$::jsonb, $j${"value":"tinha","accepted":["tinha"]}$j$::jsonb,
   0.50, ARRAY['cp_unidad13','checkpoint','writing']),
 ('d3000036-0000-0000-0000-000000000036','20000000-0000-0000-0000-000000000002','B1','writing','cloze',
   $p$Completa con el imperfeito (acción habitual del pasado):$p$,
   $j${"text":"Todos os dias minha mãe ___ café da manhã para nós."}$j$::jsonb, $j${"value":"fazia","accepted":["fazia"]}$j$::jsonb,
   0.50, ARRAY['cp_unidad13','checkpoint','writing']),
 ('d3000037-0000-0000-0000-000000000037','20000000-0000-0000-0000-000000000002','B1','writing','translation',
   $p$Traduce al portugués: "Cuando era niña, yo iba a la escuela a pie."$p$,
   $j${"source":"Cuando era niña, yo iba a la escuela a pie."}$j$::jsonb, $j${"value":"Quando eu era criança, eu ia à escola a pé.","accepted":["Quando eu era criança, eu ia à escola a pé.","Quando eu era criança, eu ia à escola a pé","Quando era criança, ia à escola a pé.","Quando era criança eu ia à escola a pé","Quando eu era criança eu ia à escola a pé"]}$j$::jsonb,
   0.50, ARRAY['cp_unidad13','checkpoint','writing']),
 ('d3000038-0000-0000-0000-000000000038','20000000-0000-0000-0000-000000000002','B1','writing','reorder',
   $p$Ordena las palabras: "Nosotros vivíamos cerca del centro."$p$,
   $j${"tiles":["Nós","morávamos","perto","do","centro"]}$j$::jsonb, $j${"value":"Nós morávamos perto do centro"}$j$::jsonb,
   0.50, ARRAY['cp_unidad13','checkpoint','writing']),
 ('d3000039-0000-0000-0000-000000000039','20000000-0000-0000-0000-000000000002','B1','listening','listening',
   $p$Escucha y elige lo que oíste.$p$,
   $j${"options":["Eu tinha um cachorro quando era criança.","Eu tenho um cachorro agora.","Eu tive um cachorro ontem."],"say":"Eu tinha um cachorro quando era criança.","audio_url":"https://wiauinufpbkmjlbqlkxo.supabase.co/storage/v1/object/public/audio/items/d3000039-0000-0000-0000-000000000039.mp3"}$j$::jsonb, $j${"value":"Eu tinha um cachorro quando era criança."}$j$::jsonb,
   0.50, ARRAY['cp_unidad13','checkpoint','listening']),
 ('d3000040-0000-0000-0000-000000000040','20000000-0000-0000-0000-000000000002','B1','listening','listening',
   $p$Escucha y elige lo que oíste.$p$,
   $j${"options":["Fazia muito frio naquele inverno.","Faz muito frio neste inverno.","Fez muito frio ontem."],"say":"Fazia muito frio naquele inverno.","audio_url":"https://wiauinufpbkmjlbqlkxo.supabase.co/storage/v1/object/public/audio/items/d3000040-0000-0000-0000-000000000040.mp3"}$j$::jsonb, $j${"value":"Fazia muito frio naquele inverno."}$j$::jsonb,
   0.50, ARRAY['cp_unidad13','checkpoint','listening']),
 ('d3000041-0000-0000-0000-000000000041','20000000-0000-0000-0000-000000000002','B1','speaking','speaking_read_aloud',
   $p$Lee en voz alta:$p$,
   $j${"text":"Antigamente eu costumava brincar na rua com os meus amigos.","audio_url":"https://wiauinufpbkmjlbqlkxo.supabase.co/storage/v1/object/public/audio/items/d3000041-0000-0000-0000-000000000041.mp3"}$j$::jsonb, $j${"expected":"Antigamente eu costumava brincar na rua com os meus amigos."}$j$::jsonb,
   0.50, ARRAY['cp_unidad13','checkpoint','speaking']),
 ('d3000042-0000-0000-0000-000000000042','20000000-0000-0000-0000-000000000002','B1','speaking','speaking_read_aloud',
   $p$Lee en voz alta:$p$,
   $j${"text":"Eu dormia quando o telefone tocou de repente.","audio_url":"https://wiauinufpbkmjlbqlkxo.supabase.co/storage/v1/object/public/audio/items/d3000042-0000-0000-0000-000000000042.mp3"}$j$::jsonb, $j${"expected":"Eu dormia quando o telefone tocou de repente."}$j$::jsonb,
   0.50, ARRAY['cp_unidad13','checkpoint','speaking'])
on conflict (id) do update set prompt=excluded.prompt, payload=excluded.payload, correct_answer=excluded.correct_answer, difficulty=excluded.difficulty, tags=excluded.tags, updated_at=now();
insert into lesson_items (lesson_id, item_id, order_index) values
 ('42000000-0000-0000-0000-000000001301','d3000001-0000-0000-0000-000000000001',1),
 ('42000000-0000-0000-0000-000000001301','d3000002-0000-0000-0000-000000000002',2),
 ('42000000-0000-0000-0000-000000001301','d3000003-0000-0000-0000-000000000003',3),
 ('42000000-0000-0000-0000-000000001301','d3000004-0000-0000-0000-000000000004',4),
 ('42000000-0000-0000-0000-000000001301','d3000005-0000-0000-0000-000000000005',5),
 ('42000000-0000-0000-0000-000000001301','d3000006-0000-0000-0000-000000000006',6),
 ('42000000-0000-0000-0000-000000001301','d3000007-0000-0000-0000-000000000007',7),
 ('42000000-0000-0000-0000-000000001301','d3000008-0000-0000-0000-000000000008',8),
 ('42000000-0000-0000-0000-000000001302','d3000009-0000-0000-0000-000000000009',1),
 ('42000000-0000-0000-0000-000000001302','d3000010-0000-0000-0000-000000000010',2),
 ('42000000-0000-0000-0000-000000001302','d3000011-0000-0000-0000-000000000011',3),
 ('42000000-0000-0000-0000-000000001302','d3000012-0000-0000-0000-000000000012',4),
 ('42000000-0000-0000-0000-000000001302','d3000013-0000-0000-0000-000000000013',5),
 ('42000000-0000-0000-0000-000000001302','d3000014-0000-0000-0000-000000000014',6),
 ('42000000-0000-0000-0000-000000001302','d3000015-0000-0000-0000-000000000015',7),
 ('42000000-0000-0000-0000-000000001302','d3000016-0000-0000-0000-000000000016',8),
 ('42000000-0000-0000-0000-000000001303','d3000017-0000-0000-0000-000000000017',1),
 ('42000000-0000-0000-0000-000000001303','d3000018-0000-0000-0000-000000000018',2),
 ('42000000-0000-0000-0000-000000001303','d3000019-0000-0000-0000-000000000019',3),
 ('42000000-0000-0000-0000-000000001303','d3000020-0000-0000-0000-000000000020',4),
 ('42000000-0000-0000-0000-000000001303','d3000021-0000-0000-0000-000000000021',5),
 ('42000000-0000-0000-0000-000000001303','d3000022-0000-0000-0000-000000000022',6),
 ('42000000-0000-0000-0000-000000001303','d3000023-0000-0000-0000-000000000023',7),
 ('42000000-0000-0000-0000-000000001303','d3000024-0000-0000-0000-000000000024',8),
 ('42000000-0000-0000-0000-000000001304','d3000025-0000-0000-0000-000000000025',1),
 ('42000000-0000-0000-0000-000000001304','d3000026-0000-0000-0000-000000000026',2),
 ('42000000-0000-0000-0000-000000001304','d3000027-0000-0000-0000-000000000027',3),
 ('42000000-0000-0000-0000-000000001304','d3000028-0000-0000-0000-000000000028',4),
 ('42000000-0000-0000-0000-000000001304','d3000029-0000-0000-0000-000000000029',5),
 ('42000000-0000-0000-0000-000000001304','d3000030-0000-0000-0000-000000000030',6),
 ('42000000-0000-0000-0000-000000001304','d3000031-0000-0000-0000-000000000031',7),
 ('42000000-0000-0000-0000-000000001304','d3000032-0000-0000-0000-000000000032',8),
 ('42000000-0000-0000-0000-000000001305','d3000033-0000-0000-0000-000000000033',1),
 ('42000000-0000-0000-0000-000000001305','d3000034-0000-0000-0000-000000000034',2),
 ('42000000-0000-0000-0000-000000001305','d3000035-0000-0000-0000-000000000035',3),
 ('42000000-0000-0000-0000-000000001305','d3000036-0000-0000-0000-000000000036',4),
 ('42000000-0000-0000-0000-000000001305','d3000037-0000-0000-0000-000000000037',5),
 ('42000000-0000-0000-0000-000000001305','d3000038-0000-0000-0000-000000000038',6),
 ('42000000-0000-0000-0000-000000001305','d3000039-0000-0000-0000-000000000039',7),
 ('42000000-0000-0000-0000-000000001305','d3000040-0000-0000-0000-000000000040',8),
 ('42000000-0000-0000-0000-000000001305','d3000041-0000-0000-0000-000000000041',9),
 ('42000000-0000-0000-0000-000000001305','d3000042-0000-0000-0000-000000000042',10)
on conflict (lesson_id, item_id) do nothing;
insert into vocabulary (id, course_id, word, translation, frequency_rank, part_of_speech) values
 ('d3b00001-0000-0000-0000-000000000001','20000000-0000-0000-0000-000000000002',$p$morava$p$,$p$vivía$p$,760,'v'),
 ('d3b00002-0000-0000-0000-000000000002','20000000-0000-0000-0000-000000000002',$p$tinha$p$,$p$tenía$p$,761,'v'),
 ('d3b00003-0000-0000-0000-000000000003','20000000-0000-0000-0000-000000000002',$p$fazia$p$,$p$hacía$p$,762,'v'),
 ('d3b00004-0000-0000-0000-000000000004','20000000-0000-0000-0000-000000000002',$p$era$p$,$p$era$p$,763,'v'),
 ('d3b00005-0000-0000-0000-000000000005','20000000-0000-0000-0000-000000000002',$p$ia$p$,$p$iba$p$,764,'v'),
 ('d3b00006-0000-0000-0000-000000000006','20000000-0000-0000-0000-000000000002',$p$brincava$p$,$p$jugaba$p$,765,'v'),
 ('d3b00007-0000-0000-0000-000000000007','20000000-0000-0000-0000-000000000002',$p$costumava$p$,$p$solía$p$,766,'v'),
 ('d3b00008-0000-0000-0000-000000000008','20000000-0000-0000-0000-000000000002',$p$antigamente$p$,$p$antiguamente / antes$p$,767,'adv'),
 ('d3b00009-0000-0000-0000-000000000009','20000000-0000-0000-0000-000000000002',$p$naquela época$p$,$p$en aquella época$p$,768,'expr'),
 ('d3b00010-0000-0000-0000-000000000010','20000000-0000-0000-0000-000000000002',$p$quando era criança$p$,$p$cuando era niño$p$,769,'expr'),
 ('d3b00011-0000-0000-0000-000000000011','20000000-0000-0000-0000-000000000002',$p$todos os dias$p$,$p$todos los días$p$,770,'expr'),
 ('d3b00012-0000-0000-0000-000000000012','20000000-0000-0000-0000-000000000002',$p$infância$p$,$p$infancia$p$,771,'n'),
 ('d3b00013-0000-0000-0000-000000000013','20000000-0000-0000-0000-000000000002',$p$vizinhança$p$,$p$vecindario$p$,772,'n'),
 ('d3b00014-0000-0000-0000-000000000014','20000000-0000-0000-0000-000000000002',$p$de repente$p$,$p$de repente$p$,773,'adv'),
 ('d3b00015-0000-0000-0000-000000000015','20000000-0000-0000-0000-000000000002',$p$costume$p$,$p$costumbre$p$,774,'n'),
 ('d3b00016-0000-0000-0000-000000000016','20000000-0000-0000-0000-000000000002',$p$saudade$p$,$p$añoranza / nostalgia$p$,775,'n')
on conflict (id) do nothing;

-- ── Unidad 14 (B1·pt): El futuro y la cortesía ─────────────────────────────
insert into units (id, course_id, cefr_level, order_index, title, theme_color, icon) values
 ('32000000-0000-0000-0000-000000000014','20000000-0000-0000-0000-000000000002','B1',14,$p$El futuro y la cortesía$p$,'#00B894','x')
on conflict (course_id, order_index) do update set title=excluded.title, theme_color=excluded.theme_color, icon=excluded.icon;
insert into lessons (id, unit_id, order_index, title, description, type, xp_reward) values
 ('42000000-0000-0000-0000-000000001401','32000000-0000-0000-0000-000000000014',1,$p$El futuro do presente$p$,$p$El futuro do presente$p$,'lesson',15),
 ('42000000-0000-0000-0000-000000001402','32000000-0000-0000-0000-000000000014',2,$p$Previsiones y probabilidad$p$,$p$Previsiones y probabilidad$p$,'lesson',15),
 ('42000000-0000-0000-0000-000000001403','32000000-0000-0000-0000-000000000014',3,$p$El condicional cortés$p$,$p$El condicional cortés$p$,'lesson',15),
 ('42000000-0000-0000-0000-000000001404','32000000-0000-0000-0000-000000000014',4,$p$Futuro vs condicional$p$,$p$Futuro vs condicional$p$,'lesson',15),
 ('42000000-0000-0000-0000-000000001405','32000000-0000-0000-0000-000000000014',5,$p$🏁 Checkpoint Unidade 14$p$,$p$Cronometrado · 4 habilidades · 80%.$p$,'checkpoint',40)
on conflict (unit_id, order_index) do update set title=excluded.title, description=excluded.description;
insert into exams (id, course_id, type, cefr_level, unit_id, time_limit_sec, pass_threshold, sections) values
 ('52000000-0000-0000-0000-000000000014','20000000-0000-0000-0000-000000000002','checkpoint','B1','32000000-0000-0000-0000-000000000014',300,0.80,$j${"skills":["reading","listening","writing","speaking"],"item_count":10,"randomize":true}$j$::jsonb)
on conflict (id) do nothing;
insert into content_items (id, course_id, cefr_level, skill, type, prompt, payload, correct_answer, difficulty, tags) values
 ('d3000043-0000-0000-0000-000000000043','20000000-0000-0000-0000-000000000002','B1','reading','multiple_choice',
   $p$Elige el futuro do presente de 'eu fazer':$p$,
   $j${"options":["farei","fiz","fazia"]}$j$::jsonb, $j${"value":"farei"}$j$::jsonb,
   0.50, ARRAY['unidad14','predicciones_y_certezas','reading']),
 ('d3000044-0000-0000-0000-000000000044','20000000-0000-0000-0000-000000000002','B1','reading','multiple_choice',
   $p$'Mañana lloverá' en portugués:$p$,
   $j${"options":["Amanhã choverá.","Amanhã choveu.","Amanhã chove agora."]}$j$::jsonb, $j${"value":"Amanhã choverá."}$j$::jsonb,
   0.50, ARRAY['unidad14','predicciones_y_certezas','reading']),
 ('d3000045-0000-0000-0000-000000000045','20000000-0000-0000-0000-000000000002','B1','writing','cloze',
   $p$Completa con el futuro de 'ter' (eu):$p$,
   $j${"text":"No próximo ano eu ___ um carro novo."}$j$::jsonb, $j${"value":"terei","accepted":["terei"]}$j$::jsonb,
   0.50, ARRAY['unidad14','predicciones_y_certezas','writing']),
 ('d3000046-0000-0000-0000-000000000046','20000000-0000-0000-0000-000000000002','B1','writing','cloze',
   $p$Completa con el futuro de 'ir' (ele):$p$,
   $j${"text":"Ele ___ ao Brasil em dezembro."}$j$::jsonb, $j${"value":"irá","accepted":["irá"]}$j$::jsonb,
   0.50, ARRAY['unidad14','predicciones_y_certezas','writing']),
 ('d3000047-0000-0000-0000-000000000047','20000000-0000-0000-0000-000000000002','B1','reading','match',
   $p$Empareja el verbo en futuro con su traducción:$p$,
   $j${"pairs":[{"en":"farei","es":"haré"},{"en":"será","es":"será"},{"en":"terei","es":"tendré"}]}$j$::jsonb, $j${"pairs":[["farei","haré"],["será","será"],["terei","tendré"]]}$j$::jsonb,
   0.50, ARRAY['unidad14','predicciones_y_certezas','reading']),
 ('d3000048-0000-0000-0000-000000000048','20000000-0000-0000-0000-000000000002','B1','writing','translation',
   $p$Traduce al portugués: "Viajaremos en julio."$p$,
   $j${"source":"Viajaremos en julio."}$j$::jsonb, $j${"value":"Viajaremos em julho.","accepted":["Viajaremos em julho.","Viajaremos em julho","Nós viajaremos em julho.","Nós viajaremos em julho"]}$j$::jsonb,
   0.50, ARRAY['unidad14','predicciones_y_certezas','writing']),
 ('d3000049-0000-0000-0000-000000000049','20000000-0000-0000-0000-000000000002','B1','listening','listening',
   $p$Escucha y elige lo que oíste.$p$,
   $j${"options":["Tudo será diferente amanhã.","Tudo era diferente ontem.","Tudo é diferente agora."],"say":"Tudo será diferente amanhã.","audio_url":"https://wiauinufpbkmjlbqlkxo.supabase.co/storage/v1/object/public/audio/items/d3000049-0000-0000-0000-000000000049.mp3"}$j$::jsonb, $j${"value":"Tudo será diferente amanhã."}$j$::jsonb,
   0.50, ARRAY['unidad14','predicciones_y_certezas','listening']),
 ('d3000050-0000-0000-0000-000000000050','20000000-0000-0000-0000-000000000002','B1','speaking','speaking_read_aloud',
   $p$Lee en voz alta:$p$,
   $j${"text":"Amanhã eu farei tudo com calma.","audio_url":"https://wiauinufpbkmjlbqlkxo.supabase.co/storage/v1/object/public/audio/items/d3000050-0000-0000-0000-000000000050.mp3"}$j$::jsonb, $j${"expected":"Amanhã eu farei tudo com calma."}$j$::jsonb,
   0.50, ARRAY['unidad14','predicciones_y_certezas','speaking']),
 ('d3000051-0000-0000-0000-000000000051','20000000-0000-0000-0000-000000000002','B1','reading','multiple_choice',
   $p$'Probablemente lo terminaré hoy' en portugués:$p$,
   $j${"options":["Provavelmente eu o terminarei hoje.","Provavelmente eu terminei ontem.","Talvez eu terminava hoje."]}$j$::jsonb, $j${"value":"Provavelmente eu o terminarei hoje."}$j$::jsonb,
   0.50, ARRAY['unidad14','talvez_provavelmente_daqui_a','reading']),
 ('d3000052-0000-0000-0000-000000000052','20000000-0000-0000-0000-000000000002','B1','writing','cloze',
   $p$Completa con 'dentro de' (locución):$p$,
   $j${"text":"O ônibus chegará ___ dez minutos."}$j$::jsonb, $j${"value":"daqui a","accepted":["daqui a"]}$j$::jsonb,
   0.50, ARRAY['unidad14','talvez_provavelmente_daqui_a','writing']),
 ('d3000053-0000-0000-0000-000000000053','20000000-0000-0000-0000-000000000002','B1','reading','multiple_choice',
   $p$Elige la previsión del tiempo correcta:$p$,
   $j${"options":["A previsão diz que choverá amanhã.","A previsão diz que choveu amanhã.","A previsão dizia que chove amanhã."]}$j$::jsonb, $j${"value":"A previsão diz que choverá amanhã."}$j$::jsonb,
   0.50, ARRAY['unidad14','talvez_provavelmente_daqui_a','reading']),
 ('d3000054-0000-0000-0000-000000000054','20000000-0000-0000-0000-000000000002','B1','writing','word_bank',
   $p$Arma la frase: "Quizás viajaremos en agosto."$p$,
   $j${"tiles":["Talvez","viajaremos","em","agosto","viajamos"]}$j$::jsonb, $j${"value":"Talvez viajaremos em agosto","sequence":["Talvez","viajaremos","em","agosto"]}$j$::jsonb,
   0.50, ARRAY['unidad14','talvez_provavelmente_daqui_a','writing']),
 ('d3000055-0000-0000-0000-000000000055','20000000-0000-0000-0000-000000000002','B1','writing','reorder',
   $p$Ordena: "Dentro de un año todo será diferente."$p$,
   $j${"tiles":["Daqui","a","um","ano","tudo","será","diferente"]}$j$::jsonb, $j${"value":"Daqui a um ano tudo será diferente"}$j$::jsonb,
   0.50, ARRAY['unidad14','talvez_provavelmente_daqui_a','writing']),
 ('d3000056-0000-0000-0000-000000000056','20000000-0000-0000-0000-000000000002','B1','reading','match',
   $p$Empareja la expresión con su traducción:$p$,
   $j${"pairs":[{"en":"talvez","es":"quizás"},{"en":"provavelmente","es":"probablemente"},{"en":"previsão","es":"previsión"}]}$j$::jsonb, $j${"pairs":[["talvez","quizás"],["provavelmente","probablemente"],["previsão","previsión"]]}$j$::jsonb,
   0.50, ARRAY['unidad14','talvez_provavelmente_daqui_a','reading']),
 ('d3000057-0000-0000-0000-000000000057','20000000-0000-0000-0000-000000000002','B1','listening','listening',
   $p$Escucha y elige lo que oíste.$p$,
   $j${"options":["Provavelmente terei tempo amanhã.","Provavelmente tive tempo ontem.","Provavelmente tenho tempo agora."],"say":"Provavelmente terei tempo amanhã.","audio_url":"https://wiauinufpbkmjlbqlkxo.supabase.co/storage/v1/object/public/audio/items/d3000057-0000-0000-0000-000000000057.mp3"}$j$::jsonb, $j${"value":"Provavelmente terei tempo amanhã."}$j$::jsonb,
   0.50, ARRAY['unidad14','talvez_provavelmente_daqui_a','listening']),
 ('d3000058-0000-0000-0000-000000000058','20000000-0000-0000-0000-000000000002','B1','speaking','speaking_read_aloud',
   $p$Lee en voz alta:$p$,
   $j${"text":"Talvez nós viajaremos daqui a duas semanas.","audio_url":"https://wiauinufpbkmjlbqlkxo.supabase.co/storage/v1/object/public/audio/items/d3000058-0000-0000-0000-000000000058.mp3"}$j$::jsonb, $j${"expected":"Talvez nós viajaremos daqui a duas semanas."}$j$::jsonb,
   0.50, ARRAY['unidad14','talvez_provavelmente_daqui_a','speaking']),
 ('d3000059-0000-0000-0000-000000000059','20000000-0000-0000-0000-000000000002','B1','reading','multiple_choice',
   $p$La forma MÁS cortés de pedir ayuda es:$p$,
   $j${"options":["Você poderia me ajudar, por favor?","Me ajuda agora.","Você ajudou ontem?"]}$j$::jsonb, $j${"value":"Você poderia me ajudar, por favor?"}$j$::jsonb,
   0.50, ARRAY['unidad14','gostaria_poderia_peticiones','reading']),
 ('d3000060-0000-0000-0000-000000000060','20000000-0000-0000-0000-000000000002','B1','writing','cloze',
   $p$Completa con el condicional de 'gostar' (eu):$p$,
   $j${"text":"Eu ___ de falar com você."}$j$::jsonb, $j${"value":"gostaria","accepted":["gostaria"]}$j$::jsonb,
   0.50, ARRAY['unidad14','gostaria_poderia_peticiones','writing']),
 ('d3000061-0000-0000-0000-000000000061','20000000-0000-0000-0000-000000000002','B1','writing','cloze',
   $p$Completa con el condicional de 'poder' (você):$p$,
   $j${"text":"Você ___ repetir, por favor?"}$j$::jsonb, $j${"value":"poderia","accepted":["poderia"]}$j$::jsonb,
   0.50, ARRAY['unidad14','gostaria_poderia_peticiones','writing']),
 ('d3000062-0000-0000-0000-000000000062','20000000-0000-0000-0000-000000000002','B1','writing','translation',
   $p$Traduce al portugués: "Me gustaría aprender portugués."$p$,
   $j${"source":"Me gustaría aprender portugués."}$j$::jsonb, $j${"value":"Eu gostaria de aprender português.","accepted":["Eu gostaria de aprender português.","Eu gostaria de aprender português","Gostaria de aprender português.","Gostaria de aprender português"]}$j$::jsonb,
   0.50, ARRAY['unidad14','gostaria_poderia_peticiones','writing']),
 ('d3000063-0000-0000-0000-000000000063','20000000-0000-0000-0000-000000000002','B1','reading','match',
   $p$Empareja el condicional con su traducción:$p$,
   $j${"pairs":[{"en":"gostaria","es":"me gustaría"},{"en":"poderia","es":"podría"},{"en":"seria","es":"sería"}]}$j$::jsonb, $j${"pairs":[["gostaria","me gustaría"],["poderia","podría"],["seria","sería"]]}$j$::jsonb,
   0.50, ARRAY['unidad14','gostaria_poderia_peticiones','reading']),
 ('d3000064-0000-0000-0000-000000000064','20000000-0000-0000-0000-000000000002','B1','writing','word_bank',
   $p$Arma la frase: "¿Podría usted abrir la ventana?"$p$,
   $j${"tiles":["Você","poderia","abrir","a","janela","abriu"]}$j$::jsonb, $j${"value":"Você poderia abrir a janela","sequence":["Você","poderia","abrir","a","janela"]}$j$::jsonb,
   0.50, ARRAY['unidad14','gostaria_poderia_peticiones','writing']),
 ('d3000065-0000-0000-0000-000000000065','20000000-0000-0000-0000-000000000002','B1','listening','listening',
   $p$Escucha y elige lo que oíste.$p$,
   $j${"options":["Você poderia falar mais devagar?","Você pode falar mais alto?","Você falou muito rápido?"],"say":"Você poderia falar mais devagar?","audio_url":"https://wiauinufpbkmjlbqlkxo.supabase.co/storage/v1/object/public/audio/items/d3000065-0000-0000-0000-000000000065.mp3"}$j$::jsonb, $j${"value":"Você poderia falar mais devagar?"}$j$::jsonb,
   0.50, ARRAY['unidad14','gostaria_poderia_peticiones','listening']),
 ('d3000066-0000-0000-0000-000000000066','20000000-0000-0000-0000-000000000002','B1','speaking','speaking_read_aloud',
   $p$Lee en voz alta:$p$,
   $j${"text":"Eu gostaria de um café, por favor.","audio_url":"https://wiauinufpbkmjlbqlkxo.supabase.co/storage/v1/object/public/audio/items/d3000066-0000-0000-0000-000000000066.mp3"}$j$::jsonb, $j${"expected":"Eu gostaria de um café, por favor."}$j$::jsonb,
   0.50, ARRAY['unidad14','gostaria_poderia_peticiones','speaking']),
 ('d3000067-0000-0000-0000-000000000067','20000000-0000-0000-0000-000000000002','B1','reading','multiple_choice',
   $p$Elige la frase de CORTESÍA (hipótesis), no de certeza:$p$,
   $j${"options":["Seria ótimo te ver no sábado.","Será ótimo te ver no sábado, com certeza.","Foi ótimo te ver ontem."]}$j$::jsonb, $j${"value":"Seria ótimo te ver no sábado."}$j$::jsonb,
   0.50, ARRAY['unidad14','certeza_vs_hipotesis_y_cortesia','reading']),
 ('d3000068-0000-0000-0000-000000000068','20000000-0000-0000-0000-000000000002','B1','writing','cloze',
   $p$Cortesía: completa con el condicional de 'fazer' (eu):$p$,
   $j${"text":"Eu ___ isso com prazer, se pudesse."}$j$::jsonb, $j${"value":"faria","accepted":["faria"]}$j$::jsonb,
   0.50, ARRAY['unidad14','certeza_vs_hipotesis_y_cortesia','writing']),
 ('d3000069-0000-0000-0000-000000000069','20000000-0000-0000-0000-000000000002','B1','writing','cloze',
   $p$Certeza: completa con el futuro de 'ser' (isto):$p$,
   $j${"text":"Isto ___ fácil para você no futuro."}$j$::jsonb, $j${"value":"será","accepted":["será"]}$j$::jsonb,
   0.50, ARRAY['unidad14','certeza_vs_hipotesis_y_cortesia','writing']),
 ('d3000070-0000-0000-0000-000000000070','20000000-0000-0000-0000-000000000002','B1','reading','multiple_choice',
   $p$'¿Te importaría esperar?' (cortés) es:$p$,
   $j${"options":["Você se importaria de esperar?","Você se importa, espera aí.","Você esperou muito?"]}$j$::jsonb, $j${"value":"Você se importaria de esperar?"}$j$::jsonb,
   0.50, ARRAY['unidad14','certeza_vs_hipotesis_y_cortesia','reading']),
 ('d3000071-0000-0000-0000-000000000071','20000000-0000-0000-0000-000000000002','B1','writing','translation',
   $p$Traduce al portugués: "Sería un placer ayudarte."$p$,
   $j${"source":"Sería un placer ayudarte."}$j$::jsonb, $j${"value":"Seria um prazer te ajudar.","accepted":["Seria um prazer te ajudar.","Seria um prazer te ajudar","Seria um prazer ajudar você.","Seria um prazer ajudar você"]}$j$::jsonb,
   0.50, ARRAY['unidad14','certeza_vs_hipotesis_y_cortesia','writing']),
 ('d3000072-0000-0000-0000-000000000072','20000000-0000-0000-0000-000000000002','B1','writing','reorder',
   $p$Ordena: "Yo haría todo de otra manera."$p$,
   $j${"tiles":["Eu","faria","tudo","de","outro","jeito"]}$j$::jsonb, $j${"value":"Eu faria tudo de outro jeito"}$j$::jsonb,
   0.50, ARRAY['unidad14','certeza_vs_hipotesis_y_cortesia','writing']),
 ('d3000073-0000-0000-0000-000000000073','20000000-0000-0000-0000-000000000002','B1','listening','listening',
   $p$Escucha y elige lo que oíste.$p$,
   $j${"options":["Eu faria qualquer coisa por você.","Eu fiz qualquer coisa por você.","Eu farei tudo por você hoje."],"say":"Eu faria qualquer coisa por você.","audio_url":"https://wiauinufpbkmjlbqlkxo.supabase.co/storage/v1/object/public/audio/items/d3000073-0000-0000-0000-000000000073.mp3"}$j$::jsonb, $j${"value":"Eu faria qualquer coisa por você."}$j$::jsonb,
   0.50, ARRAY['unidad14','certeza_vs_hipotesis_y_cortesia','listening']),
 ('d3000074-0000-0000-0000-000000000074','20000000-0000-0000-0000-000000000002','B1','speaking','speaking_read_aloud',
   $p$Lee en voz alta:$p$,
   $j${"text":"Seria um prazer trabalhar com vocês.","audio_url":"https://wiauinufpbkmjlbqlkxo.supabase.co/storage/v1/object/public/audio/items/d3000074-0000-0000-0000-000000000074.mp3"}$j$::jsonb, $j${"expected":"Seria um prazer trabalhar com vocês."}$j$::jsonb,
   0.50, ARRAY['unidad14','certeza_vs_hipotesis_y_cortesia','speaking']),
 ('d3000075-0000-0000-0000-000000000075','20000000-0000-0000-0000-000000000002','B1','reading','multiple_choice',
   $p$Elige el futuro do presente de 'nós viajar':$p$,
   $j${"options":["viajaremos","viajamos","viajávamos"]}$j$::jsonb, $j${"value":"viajaremos"}$j$::jsonb,
   0.50, ARRAY['cp_unidad14','checkpoint','reading']),
 ('d3000076-0000-0000-0000-000000000076','20000000-0000-0000-0000-000000000002','B1','reading','multiple_choice',
   $p$La petición MÁS cortés es:$p$,
   $j${"options":["Você poderia me enviar o arquivo, por favor?","Manda o arquivo agora.","Você mandou o arquivo?"]}$j$::jsonb, $j${"value":"Você poderia me enviar o arquivo, por favor?"}$j$::jsonb,
   0.50, ARRAY['cp_unidad14','checkpoint','reading']),
 ('d3000077-0000-0000-0000-000000000077','20000000-0000-0000-0000-000000000002','B1','writing','cloze',
   $p$Completa con el futuro do presente (planes, eu):$p$,
   $j${"text":"Amanhã eu ___ uma reunião importante."}$j$::jsonb, $j${"value":"terei","accepted":["terei"]}$j$::jsonb,
   0.50, ARRAY['cp_unidad14','checkpoint','writing']),
 ('d3000078-0000-0000-0000-000000000078','20000000-0000-0000-0000-000000000002','B1','writing','cloze',
   $p$Completa con el condicional de 'gostar' (nós):$p$,
   $j${"text":"Nós ___ de visitar o Rio um dia."}$j$::jsonb, $j${"value":"gostaríamos","accepted":["gostaríamos"]}$j$::jsonb,
   0.50, ARRAY['cp_unidad14','checkpoint','writing']),
 ('d3000079-0000-0000-0000-000000000079','20000000-0000-0000-0000-000000000002','B1','writing','translation',
   $p$Traduce al portugués: "¿Podría usted repetir, por favor?"$p$,
   $j${"source":"¿Podría usted repetir, por favor?"}$j$::jsonb, $j${"value":"Você poderia repetir, por favor?","accepted":["Você poderia repetir, por favor?","Você poderia repetir por favor?","Você poderia repetir, por favor","Poderia repetir, por favor?"]}$j$::jsonb,
   0.50, ARRAY['cp_unidad14','checkpoint','writing']),
 ('d3000080-0000-0000-0000-000000000080','20000000-0000-0000-0000-000000000002','B1','reading','match',
   $p$Empareja futuro y condicional con su traducción:$p$,
   $j${"pairs":[{"en":"será","es":"será"},{"en":"seria","es":"sería"},{"en":"faria","es":"haría"}]}$j$::jsonb, $j${"pairs":[["será","será"],["seria","sería"],["faria","haría"]]}$j$::jsonb,
   0.50, ARRAY['cp_unidad14','checkpoint','reading']),
 ('d3000081-0000-0000-0000-000000000081','20000000-0000-0000-0000-000000000002','B1','writing','reorder',
   $p$Ordena: "Dentro de dos años viviré aquí."$p$,
   $j${"tiles":["Daqui","a","dois","anos","eu","viverei","aqui"]}$j$::jsonb, $j${"value":"Daqui a dois anos eu viverei aqui"}$j$::jsonb,
   0.50, ARRAY['cp_unidad14','checkpoint','writing']),
 ('d3000082-0000-0000-0000-000000000082','20000000-0000-0000-0000-000000000002','B1','listening','listening',
   $p$Escucha y elige lo que oíste.$p$,
   $j${"options":["Provavelmente choverá no domingo.","Provavelmente choveu no domingo.","Provavelmente chove no domingo."],"say":"Provavelmente choverá no domingo.","audio_url":"https://wiauinufpbkmjlbqlkxo.supabase.co/storage/v1/object/public/audio/items/d3000082-0000-0000-0000-000000000082.mp3"}$j$::jsonb, $j${"value":"Provavelmente choverá no domingo."}$j$::jsonb,
   0.50, ARRAY['cp_unidad14','checkpoint','listening']),
 ('d3000083-0000-0000-0000-000000000083','20000000-0000-0000-0000-000000000002','B1','listening','listening',
   $p$Escucha y elige lo que oíste.$p$,
   $j${"options":["Eu gostaria de saber a previsão.","Eu gostei muito da previsão.","Eu sei a previsão de cor."],"say":"Eu gostaria de saber a previsão.","audio_url":"https://wiauinufpbkmjlbqlkxo.supabase.co/storage/v1/object/public/audio/items/d3000083-0000-0000-0000-000000000083.mp3"}$j$::jsonb, $j${"value":"Eu gostaria de saber a previsão."}$j$::jsonb,
   0.50, ARRAY['cp_unidad14','checkpoint','listening']),
 ('d3000084-0000-0000-0000-000000000084','20000000-0000-0000-0000-000000000002','B1','speaking','speaking_read_aloud',
   $p$Lee en voz alta:$p$,
   $j${"text":"Daqui a um mês eu farei uma viagem e gostaria de descansar.","audio_url":"https://wiauinufpbkmjlbqlkxo.supabase.co/storage/v1/object/public/audio/items/d3000084-0000-0000-0000-000000000084.mp3"}$j$::jsonb, $j${"expected":"Daqui a um mês eu farei uma viagem e gostaria de descansar."}$j$::jsonb,
   0.50, ARRAY['cp_unidad14','checkpoint','speaking'])
on conflict (id) do update set prompt=excluded.prompt, payload=excluded.payload, correct_answer=excluded.correct_answer, difficulty=excluded.difficulty, tags=excluded.tags, updated_at=now();
insert into lesson_items (lesson_id, item_id, order_index) values
 ('42000000-0000-0000-0000-000000001401','d3000043-0000-0000-0000-000000000043',1),
 ('42000000-0000-0000-0000-000000001401','d3000044-0000-0000-0000-000000000044',2),
 ('42000000-0000-0000-0000-000000001401','d3000045-0000-0000-0000-000000000045',3),
 ('42000000-0000-0000-0000-000000001401','d3000046-0000-0000-0000-000000000046',4),
 ('42000000-0000-0000-0000-000000001401','d3000047-0000-0000-0000-000000000047',5),
 ('42000000-0000-0000-0000-000000001401','d3000048-0000-0000-0000-000000000048',6),
 ('42000000-0000-0000-0000-000000001401','d3000049-0000-0000-0000-000000000049',7),
 ('42000000-0000-0000-0000-000000001401','d3000050-0000-0000-0000-000000000050',8),
 ('42000000-0000-0000-0000-000000001402','d3000051-0000-0000-0000-000000000051',1),
 ('42000000-0000-0000-0000-000000001402','d3000052-0000-0000-0000-000000000052',2),
 ('42000000-0000-0000-0000-000000001402','d3000053-0000-0000-0000-000000000053',3),
 ('42000000-0000-0000-0000-000000001402','d3000054-0000-0000-0000-000000000054',4),
 ('42000000-0000-0000-0000-000000001402','d3000055-0000-0000-0000-000000000055',5),
 ('42000000-0000-0000-0000-000000001402','d3000056-0000-0000-0000-000000000056',6),
 ('42000000-0000-0000-0000-000000001402','d3000057-0000-0000-0000-000000000057',7),
 ('42000000-0000-0000-0000-000000001402','d3000058-0000-0000-0000-000000000058',8),
 ('42000000-0000-0000-0000-000000001403','d3000059-0000-0000-0000-000000000059',1),
 ('42000000-0000-0000-0000-000000001403','d3000060-0000-0000-0000-000000000060',2),
 ('42000000-0000-0000-0000-000000001403','d3000061-0000-0000-0000-000000000061',3),
 ('42000000-0000-0000-0000-000000001403','d3000062-0000-0000-0000-000000000062',4),
 ('42000000-0000-0000-0000-000000001403','d3000063-0000-0000-0000-000000000063',5),
 ('42000000-0000-0000-0000-000000001403','d3000064-0000-0000-0000-000000000064',6),
 ('42000000-0000-0000-0000-000000001403','d3000065-0000-0000-0000-000000000065',7),
 ('42000000-0000-0000-0000-000000001403','d3000066-0000-0000-0000-000000000066',8),
 ('42000000-0000-0000-0000-000000001404','d3000067-0000-0000-0000-000000000067',1),
 ('42000000-0000-0000-0000-000000001404','d3000068-0000-0000-0000-000000000068',2),
 ('42000000-0000-0000-0000-000000001404','d3000069-0000-0000-0000-000000000069',3),
 ('42000000-0000-0000-0000-000000001404','d3000070-0000-0000-0000-000000000070',4),
 ('42000000-0000-0000-0000-000000001404','d3000071-0000-0000-0000-000000000071',5),
 ('42000000-0000-0000-0000-000000001404','d3000072-0000-0000-0000-000000000072',6),
 ('42000000-0000-0000-0000-000000001404','d3000073-0000-0000-0000-000000000073',7),
 ('42000000-0000-0000-0000-000000001404','d3000074-0000-0000-0000-000000000074',8),
 ('42000000-0000-0000-0000-000000001405','d3000075-0000-0000-0000-000000000075',1),
 ('42000000-0000-0000-0000-000000001405','d3000076-0000-0000-0000-000000000076',2),
 ('42000000-0000-0000-0000-000000001405','d3000077-0000-0000-0000-000000000077',3),
 ('42000000-0000-0000-0000-000000001405','d3000078-0000-0000-0000-000000000078',4),
 ('42000000-0000-0000-0000-000000001405','d3000079-0000-0000-0000-000000000079',5),
 ('42000000-0000-0000-0000-000000001405','d3000080-0000-0000-0000-000000000080',6),
 ('42000000-0000-0000-0000-000000001405','d3000081-0000-0000-0000-000000000081',7),
 ('42000000-0000-0000-0000-000000001405','d3000082-0000-0000-0000-000000000082',8),
 ('42000000-0000-0000-0000-000000001405','d3000083-0000-0000-0000-000000000083',9),
 ('42000000-0000-0000-0000-000000001405','d3000084-0000-0000-0000-000000000084',10)
on conflict (lesson_id, item_id) do nothing;
insert into vocabulary (id, course_id, word, translation, frequency_rank, part_of_speech) values
 ('d3b00017-0000-0000-0000-000000000017','20000000-0000-0000-0000-000000000002',$p$farei$p$,$p$haré$p$,780,'v'),
 ('d3b00018-0000-0000-0000-000000000018','20000000-0000-0000-0000-000000000002',$p$será$p$,$p$será$p$,781,'v'),
 ('d3b00019-0000-0000-0000-000000000019','20000000-0000-0000-0000-000000000002',$p$terei$p$,$p$tendré$p$,782,'v'),
 ('d3b00020-0000-0000-0000-000000000020','20000000-0000-0000-0000-000000000002',$p$irá$p$,$p$irá$p$,783,'v'),
 ('d3b00021-0000-0000-0000-000000000021','20000000-0000-0000-0000-000000000002',$p$viajaremos$p$,$p$viajaremos$p$,784,'v'),
 ('d3b00022-0000-0000-0000-000000000022','20000000-0000-0000-0000-000000000002',$p$gostaria$p$,$p$me gustaría / querría$p$,785,'v'),
 ('d3b00023-0000-0000-0000-000000000023','20000000-0000-0000-0000-000000000002',$p$faria$p$,$p$haría$p$,786,'v'),
 ('d3b00024-0000-0000-0000-000000000024','20000000-0000-0000-0000-000000000002',$p$seria$p$,$p$sería$p$,787,'v'),
 ('d3b00025-0000-0000-0000-000000000025','20000000-0000-0000-0000-000000000002',$p$poderia$p$,$p$podría$p$,788,'v'),
 ('d3b00026-0000-0000-0000-000000000026','20000000-0000-0000-0000-000000000002',$p$gostaríamos$p$,$p$nos gustaría$p$,789,'v'),
 ('d3b00027-0000-0000-0000-000000000027','20000000-0000-0000-0000-000000000002',$p$previsão$p$,$p$previsión / pronóstico$p$,790,'n'),
 ('d3b00028-0000-0000-0000-000000000028','20000000-0000-0000-0000-000000000002',$p$futuro$p$,$p$futuro$p$,791,'n'),
 ('d3b00029-0000-0000-0000-000000000029','20000000-0000-0000-0000-000000000002',$p$talvez$p$,$p$quizás$p$,792,'adv'),
 ('d3b00030-0000-0000-0000-000000000030','20000000-0000-0000-0000-000000000002',$p$provavelmente$p$,$p$probablemente$p$,793,'adv'),
 ('d3b00031-0000-0000-0000-000000000031','20000000-0000-0000-0000-000000000002',$p$daqui a$p$,$p$dentro de (tiempo)$p$,794,'expr'),
 ('d3b00032-0000-0000-0000-000000000032','20000000-0000-0000-0000-000000000002',$p$por favor$p$,$p$por favor$p$,795,'expr')
on conflict (id) do nothing;

-- ── Unidad 15 (B1·pt): Subjuntivo: deseos y esperanzas ─────────────────────────────
insert into units (id, course_id, cefr_level, order_index, title, theme_color, icon) values
 ('32000000-0000-0000-0000-000000000015','20000000-0000-0000-0000-000000000002','B1',15,$p$Subjuntivo: deseos y esperanzas$p$,'#E17055','x')
on conflict (course_id, order_index) do update set title=excluded.title, theme_color=excluded.theme_color, icon=excluded.icon;
insert into lessons (id, unit_id, order_index, title, description, type, xp_reward) values
 ('42000000-0000-0000-0000-000000001501','32000000-0000-0000-0000-000000000015',1,$p$Talvez + subjuntivo$p$,$p$Talvez + subjuntivo$p$,'lesson',15),
 ('42000000-0000-0000-0000-000000001502','32000000-0000-0000-0000-000000000015',2,$p$Espero que + subjuntivo$p$,$p$Espero que + subjuntivo$p$,'lesson',15),
 ('42000000-0000-0000-0000-000000001503','32000000-0000-0000-0000-000000000015',3,$p$É importante/melhor que$p$,$p$É importante/melhor que$p$,'lesson',15),
 ('42000000-0000-0000-0000-000000001504','32000000-0000-0000-0000-000000000015',4,$p$Tomara que e desejos$p$,$p$Tomara que e desejos$p$,'lesson',15),
 ('42000000-0000-0000-0000-000000001505','32000000-0000-0000-0000-000000000015',5,$p$🏁 Checkpoint Unidade 15$p$,$p$Cronometrado · 4 habilidades · 80%.$p$,'checkpoint',40)
on conflict (unit_id, order_index) do update set title=excluded.title, description=excluded.description;
insert into exams (id, course_id, type, cefr_level, unit_id, time_limit_sec, pass_threshold, sections) values
 ('52000000-0000-0000-0000-000000000015','20000000-0000-0000-0000-000000000002','checkpoint','B1','32000000-0000-0000-0000-000000000015',300,0.80,$j${"skills":["reading","listening","writing","speaking"],"item_count":10,"randomize":true}$j$::jsonb)
on conflict (id) do nothing;
insert into content_items (id, course_id, cefr_level, skill, type, prompt, payload, correct_answer, difficulty, tags) values
 ('d3000085-0000-0000-0000-000000000085','20000000-0000-0000-0000-000000000002','B1','reading','multiple_choice',
   $p$Elige la forma correcta:$p$,
   $j${"options":["Talvez eu vá ao médico amanhã.","Talvez eu vou ao médico amanhã.","Talvez eu indo ao médico amanhã."]}$j$::jsonb, $j${"value":"Talvez eu vá ao médico amanhã."}$j$::jsonb,
   0.50, ARRAY['unidad15','duda_y_posibilidad','reading']),
 ('d3000086-0000-0000-0000-000000000086','20000000-0000-0000-0000-000000000002','B1','writing','cloze',
   $p$Completa con subjuntivo (estar):$p$,
   $j${"text":"Talvez ela ___ atrasada hoje."}$j$::jsonb, $j${"value":"esteja","accepted":["esteja"]}$j$::jsonb,
   0.50, ARRAY['unidad15','duda_y_posibilidad','writing']),
 ('d3000087-0000-0000-0000-000000000087','20000000-0000-0000-0000-000000000002','B1','reading','match',
   $p$Empareja el verbo en subjuntivo con su traducción:$p$,
   $j${"pairs":[{"en":"seja","es":"sea"},{"en":"vá","es":"vaya"},{"en":"tenha","es":"tenga"}]}$j$::jsonb, $j${"pairs":[["seja","sea"],["vá","vaya"],["tenha","tenga"]]}$j$::jsonb,
   0.50, ARRAY['unidad15','duda_y_posibilidad','reading']),
 ('d3000088-0000-0000-0000-000000000088','20000000-0000-0000-0000-000000000002','B1','writing','translation',
   $p$Traduce al portugués: "Quizás él haga la comida."$p$,
   $j${"source":"Quizás él haga la comida."}$j$::jsonb, $j${"value":"Talvez ele faça a comida.","accepted":["Talvez ele faça a comida.","Talvez ele faça a comida"]}$j$::jsonb,
   0.50, ARRAY['unidad15','duda_y_posibilidad','writing']),
 ('d3000089-0000-0000-0000-000000000089','20000000-0000-0000-0000-000000000002','B1','listening','listening',
   $p$Escucha y elige lo que oíste.$p$,
   $j${"options":["Talvez eu tenha tempo.","Talvez eu tenho tempo.","Talvez eu tive tempo."],"say":"Talvez eu tenha tempo.","audio_url":"https://wiauinufpbkmjlbqlkxo.supabase.co/storage/v1/object/public/audio/items/d3000089-0000-0000-0000-000000000089.mp3"}$j$::jsonb, $j${"value":"Talvez eu tenha tempo."}$j$::jsonb,
   0.50, ARRAY['unidad15','duda_y_posibilidad','listening']),
 ('d3000090-0000-0000-0000-000000000090','20000000-0000-0000-0000-000000000002','B1','writing','reorder',
   $p$Ordena: "Quizás ellos vengan a la fiesta."$p$,
   $j${"tiles":["Talvez","eles","venham","à","festa"]}$j$::jsonb, $j${"value":"Talvez eles venham à festa"}$j$::jsonb,
   0.50, ARRAY['unidad15','duda_y_posibilidad','writing']),
 ('d3000091-0000-0000-0000-000000000091','20000000-0000-0000-0000-000000000002','B1','speaking','speaking_read_aloud',
   $p$Lee en voz alta:$p$,
   $j${"text":"Talvez eu vá viajar no próximo mês.","audio_url":"https://wiauinufpbkmjlbqlkxo.supabase.co/storage/v1/object/public/audio/items/d3000091-0000-0000-0000-000000000091.mp3"}$j$::jsonb, $j${"expected":"Talvez eu vá viajar no próximo mês."}$j$::jsonb,
   0.50, ARRAY['unidad15','duda_y_posibilidad','speaking']),
 ('d3000092-0000-0000-0000-000000000092','20000000-0000-0000-0000-000000000002','B1','writing','word_bank',
   $p$Arma la frase: "Quizás ella esté en casa."$p$,
   $j${"tiles":["Talvez","ela","esteja","em","casa","está"]}$j$::jsonb, $j${"value":"Talvez ela esteja em casa","sequence":["Talvez","ela","esteja","em","casa"]}$j$::jsonb,
   0.50, ARRAY['unidad15','duda_y_posibilidad','writing']),
 ('d3000093-0000-0000-0000-000000000093','20000000-0000-0000-0000-000000000002','B1','reading','multiple_choice',
   $p$Elige la forma correcta:$p$,
   $j${"options":["Espero que você venha à reunião.","Espero que você vem à reunião.","Espero que você vindo à reunião."]}$j$::jsonb, $j${"value":"Espero que você venha à reunião."}$j$::jsonb,
   0.50, ARRAY['unidad15','esperanzas_y_deseos_para_otros','reading']),
 ('d3000094-0000-0000-0000-000000000094','20000000-0000-0000-0000-000000000002','B1','writing','cloze',
   $p$Completa con subjuntivo tras 'espero que' (estar):$p$,
   $j${"text":"Espero que você ___ bem."}$j$::jsonb, $j${"value":"esteja","accepted":["esteja"]}$j$::jsonb,
   0.50, ARRAY['unidad15','esperanzas_y_deseos_para_otros','writing']),
 ('d3000095-0000-0000-0000-000000000095','20000000-0000-0000-0000-000000000002','B1','writing','cloze',
   $p$Completa con subjuntivo (dar):$p$,
   $j${"text":"Espero que tudo ___ certo amanhã."}$j$::jsonb, $j${"value":"dê","accepted":["dê"]}$j$::jsonb,
   0.50, ARRAY['unidad15','esperanzas_y_deseos_para_otros','writing']),
 ('d3000096-0000-0000-0000-000000000096','20000000-0000-0000-0000-000000000002','B1','writing','translation',
   $p$Traduce al portugués: "Espero que tengas un buen día."$p$,
   $j${"source":"Espero que tengas un buen día."}$j$::jsonb, $j${"value":"Espero que você tenha um bom dia.","accepted":["Espero que você tenha um bom dia.","Espero que você tenha um bom dia","Espero que tenha um bom dia."]}$j$::jsonb,
   0.50, ARRAY['unidad15','esperanzas_y_deseos_para_otros','writing']),
 ('d3000097-0000-0000-0000-000000000097','20000000-0000-0000-0000-000000000002','B1','reading','match',
   $p$Empareja la expresión con su traducción:$p$,
   $j${"pairs":[{"en":"Espero que venha","es":"Espero que venga"},{"en":"Espero que faça","es":"Espero que haga"},{"en":"Espero que seja","es":"Espero que sea"}]}$j$::jsonb, $j${"pairs":[["Espero que venha","Espero que venga"],["Espero que faça","Espero que haga"],["Espero que seja","Espero que sea"]]}$j$::jsonb,
   0.50, ARRAY['unidad15','esperanzas_y_deseos_para_otros','reading']),
 ('d3000098-0000-0000-0000-000000000098','20000000-0000-0000-0000-000000000002','B1','listening','listening',
   $p$Escucha y elige lo que oíste.$p$,
   $j${"options":["Espero que ela faça a prova.","Espero que ela faz a prova.","Espero que ela fez a prova."],"say":"Espero que ela faça a prova.","audio_url":"https://wiauinufpbkmjlbqlkxo.supabase.co/storage/v1/object/public/audio/items/d3000098-0000-0000-0000-000000000098.mp3"}$j$::jsonb, $j${"value":"Espero que ela faça a prova."}$j$::jsonb,
   0.50, ARRAY['unidad15','esperanzas_y_deseos_para_otros','listening']),
 ('d3000099-0000-0000-0000-000000000099','20000000-0000-0000-0000-000000000002','B1','speaking','speaking_read_aloud',
   $p$Lee en voz alta:$p$,
   $j${"text":"Espero que vocês tenham um ótimo fim de semana.","audio_url":"https://wiauinufpbkmjlbqlkxo.supabase.co/storage/v1/object/public/audio/items/d3000099-0000-0000-0000-000000000099.mp3"}$j$::jsonb, $j${"expected":"Espero que vocês tenham um ótimo fim de semana."}$j$::jsonb,
   0.50, ARRAY['unidad15','esperanzas_y_deseos_para_otros','speaking']),
 ('d3000100-0000-0000-0000-000000000100','20000000-0000-0000-0000-000000000002','B1','writing','reorder',
   $p$Ordena: "Espero que tú vengas pronto."$p$,
   $j${"tiles":["Espero","que","você","venha","logo"]}$j$::jsonb, $j${"value":"Espero que você venha logo"}$j$::jsonb,
   0.50, ARRAY['unidad15','esperanzas_y_deseos_para_otros','writing']),
 ('d3000101-0000-0000-0000-000000000101','20000000-0000-0000-0000-000000000002','B1','reading','multiple_choice',
   $p$Elige la forma correcta:$p$,
   $j${"options":["É importante que você estude todo dia.","É importante que você estuda todo dia.","É importante que você estudando todo dia."]}$j$::jsonb, $j${"value":"É importante que você estude todo dia."}$j$::jsonb,
   0.50, ARRAY['unidad15','recomendaciones_y_consejos','reading']),
 ('d3000102-0000-0000-0000-000000000102','20000000-0000-0000-0000-000000000002','B1','writing','cloze',
   $p$Completa con subjuntivo (ir):$p$,
   $j${"text":"É melhor que nós ___ agora."}$j$::jsonb, $j${"value":"vamos","accepted":["vamos"]}$j$::jsonb,
   0.50, ARRAY['unidad15','recomendaciones_y_consejos','writing']),
 ('d3000103-0000-0000-0000-000000000103','20000000-0000-0000-0000-000000000002','B1','writing','cloze',
   $p$Completa con subjuntivo (falar):$p$,
   $j${"text":"É importante que ele ___ a verdade."}$j$::jsonb, $j${"value":"fale","accepted":["fale"]}$j$::jsonb,
   0.50, ARRAY['unidad15','recomendaciones_y_consejos','writing']),
 ('d3000104-0000-0000-0000-000000000104','20000000-0000-0000-0000-000000000002','B1','writing','translation',
   $p$Traduce al portugués: "Es mejor que descanses un poco."$p$,
   $j${"source":"Es mejor que descanses un poco."}$j$::jsonb, $j${"value":"É melhor que você descanse um pouco.","accepted":["É melhor que você descanse um pouco.","É melhor que você descanse um pouco","É melhor que descanse um pouco."]}$j$::jsonb,
   0.50, ARRAY['unidad15','recomendaciones_y_consejos','writing']),
 ('d3000105-0000-0000-0000-000000000105','20000000-0000-0000-0000-000000000002','B1','writing','word_bank',
   $p$Arma la frase: "Es importante que tengas paciencia."$p$,
   $j${"tiles":["É","importante","que","você","tenha","paciência","tem"]}$j$::jsonb, $j${"value":"É importante que você tenha paciência","sequence":["É","importante","que","você","tenha","paciência"]}$j$::jsonb,
   0.50, ARRAY['unidad15','recomendaciones_y_consejos','writing']),
 ('d3000106-0000-0000-0000-000000000106','20000000-0000-0000-0000-000000000002','B1','listening','listening',
   $p$Escucha y elige lo que oíste.$p$,
   $j${"options":["É melhor que você vá embora.","É melhor que você vai embora.","É melhor que você foi embora."],"say":"É melhor que você vá embora.","audio_url":"https://wiauinufpbkmjlbqlkxo.supabase.co/storage/v1/object/public/audio/items/d3000106-0000-0000-0000-000000000106.mp3"}$j$::jsonb, $j${"value":"É melhor que você vá embora."}$j$::jsonb,
   0.50, ARRAY['unidad15','recomendaciones_y_consejos','listening']),
 ('d3000107-0000-0000-0000-000000000107','20000000-0000-0000-0000-000000000002','B1','speaking','speaking_read_aloud',
   $p$Lee en voz alta:$p$,
   $j${"text":"É importante que você beba bastante água.","audio_url":"https://wiauinufpbkmjlbqlkxo.supabase.co/storage/v1/object/public/audio/items/d3000107-0000-0000-0000-000000000107.mp3"}$j$::jsonb, $j${"expected":"É importante que você beba bastante água."}$j$::jsonb,
   0.50, ARRAY['unidad15','recomendaciones_y_consejos','speaking']),
 ('d3000108-0000-0000-0000-000000000108','20000000-0000-0000-0000-000000000002','B1','reading','match',
   $p$Empareja la recomendación con su traducción:$p$,
   $j${"pairs":[{"en":"É melhor que descanse","es":"Es mejor que descanses"},{"en":"É importante que estude","es":"Es importante que estudies"},{"en":"É melhor que espere","es":"Es mejor que esperes"}]}$j$::jsonb, $j${"pairs":[["É melhor que descanse","Es mejor que descanses"],["É importante que estude","Es importante que estudies"],["É melhor que espere","Es mejor que esperes"]]}$j$::jsonb,
   0.50, ARRAY['unidad15','recomendaciones_y_consejos','reading']),
 ('d3000109-0000-0000-0000-000000000109','20000000-0000-0000-0000-000000000002','B1','reading','multiple_choice',
   $p$Elige la forma correcta:$p$,
   $j${"options":["Tomara que faça sol no domingo.","Tomara que faz sol no domingo.","Tomara que fez sol no domingo."]}$j$::jsonb, $j${"value":"Tomara que faça sol no domingo."}$j$::jsonb,
   0.50, ARRAY['unidad15','ojala_y_buenos_deseos','reading']),
 ('d3000110-0000-0000-0000-000000000110','20000000-0000-0000-0000-000000000002','B1','writing','cloze',
   $p$Completa con subjuntivo (chegar):$p$,
   $j${"text":"Tomara que eles ___ a tempo."}$j$::jsonb, $j${"value":"cheguem","accepted":["cheguem"]}$j$::jsonb,
   0.50, ARRAY['unidad15','ojala_y_buenos_deseos','writing']),
 ('d3000111-0000-0000-0000-000000000111','20000000-0000-0000-0000-000000000002','B1','writing','translation',
   $p$Traduce al portugués: "Ojalá que él mejore pronto."$p$,
   $j${"source":"Ojalá que él mejore pronto."}$j$::jsonb, $j${"value":"Tomara que ele melhore logo.","accepted":["Tomara que ele melhore logo.","Tomara que melhore logo.","Tomara que ele melhore logo"]}$j$::jsonb,
   0.50, ARRAY['unidad15','ojala_y_buenos_deseos','writing']),
 ('d3000112-0000-0000-0000-000000000112','20000000-0000-0000-0000-000000000002','B1','writing','cloze',
   $p$Completa con subjuntivo (ser):$p$,
   $j${"text":"Tomara que você ___ feliz aí."}$j$::jsonb, $j${"value":"seja","accepted":["seja"]}$j$::jsonb,
   0.50, ARRAY['unidad15','ojala_y_buenos_deseos','writing']),
 ('d3000113-0000-0000-0000-000000000113','20000000-0000-0000-0000-000000000002','B1','writing','reorder',
   $p$Ordena: "Ojalá que todo salga bien."$p$,
   $j${"tiles":["Tomara","que","tudo","dê","certo"]}$j$::jsonb, $j${"value":"Tomara que tudo dê certo"}$j$::jsonb,
   0.50, ARRAY['unidad15','ojala_y_buenos_deseos','writing']),
 ('d3000114-0000-0000-0000-000000000114','20000000-0000-0000-0000-000000000002','B1','listening','listening',
   $p$Escucha y elige lo que oíste.$p$,
   $j${"options":["Tomara que ela venha hoje.","Tomara que ela vem hoje.","Tomara que ela veio hoje."],"say":"Tomara que ela venha hoje.","audio_url":"https://wiauinufpbkmjlbqlkxo.supabase.co/storage/v1/object/public/audio/items/d3000114-0000-0000-0000-000000000114.mp3"}$j$::jsonb, $j${"value":"Tomara que ela venha hoje."}$j$::jsonb,
   0.50, ARRAY['unidad15','ojala_y_buenos_deseos','listening']),
 ('d3000115-0000-0000-0000-000000000115','20000000-0000-0000-0000-000000000002','B1','speaking','speaking_read_aloud',
   $p$Lee en voz alta:$p$,
   $j${"text":"Tomara que dê tudo certo na sua viagem.","audio_url":"https://wiauinufpbkmjlbqlkxo.supabase.co/storage/v1/object/public/audio/items/d3000115-0000-0000-0000-000000000115.mp3"}$j$::jsonb, $j${"expected":"Tomara que dê tudo certo na sua viagem."}$j$::jsonb,
   0.50, ARRAY['unidad15','ojala_y_buenos_deseos','speaking']),
 ('d3000116-0000-0000-0000-000000000116','20000000-0000-0000-0000-000000000002','B1','writing','word_bank',
   $p$Arma la frase: "Ojalá que tengan suerte."$p$,
   $j${"tiles":["Tomara","que","eles","tenham","sorte","têm"]}$j$::jsonb, $j${"value":"Tomara que eles tenham sorte","sequence":["Tomara","que","eles","tenham","sorte"]}$j$::jsonb,
   0.50, ARRAY['unidad15','ojala_y_buenos_deseos','writing']),
 ('d3000117-0000-0000-0000-000000000117','20000000-0000-0000-0000-000000000002','B1','reading','multiple_choice',
   $p$Elige la forma correcta:$p$,
   $j${"options":["Espero que você seja feliz.","Espero que você é feliz.","Espero que você sendo feliz."]}$j$::jsonb, $j${"value":"Espero que você seja feliz."}$j$::jsonb,
   0.50, ARRAY['cp_unidad15','checkpoint','reading']),
 ('d3000118-0000-0000-0000-000000000118','20000000-0000-0000-0000-000000000002','B1','reading','multiple_choice',
   $p$Elige la forma correcta:$p$,
   $j${"options":["Talvez nós tenhamos sorte.","Talvez nós temos sorte.","Talvez nós tivemos sorte."]}$j$::jsonb, $j${"value":"Talvez nós tenhamos sorte."}$j$::jsonb,
   0.50, ARRAY['cp_unidad15','checkpoint','reading']),
 ('d3000119-0000-0000-0000-000000000119','20000000-0000-0000-0000-000000000002','B1','writing','cloze',
   $p$Completa con subjuntivo (melhorar):$p$,
   $j${"text":"Tomara que você ___ logo."}$j$::jsonb, $j${"value":"melhore","accepted":["melhore"]}$j$::jsonb,
   0.50, ARRAY['cp_unidad15','checkpoint','writing']),
 ('d3000120-0000-0000-0000-000000000120','20000000-0000-0000-0000-000000000002','B1','writing','cloze',
   $p$Completa con subjuntivo tras 'é importante que' (estar):$p$,
   $j${"text":"É importante que ele ___ no trabalho."}$j$::jsonb, $j${"value":"esteja","accepted":["esteja"]}$j$::jsonb,
   0.50, ARRAY['cp_unidad15','checkpoint','writing']),
 ('d3000121-0000-0000-0000-000000000121','20000000-0000-0000-0000-000000000002','B1','writing','translation',
   $p$Traduce al portugués: "Espero que ellos vengan mañana."$p$,
   $j${"source":"Espero que ellos vengan mañana."}$j$::jsonb, $j${"value":"Espero que eles venham amanhã.","accepted":["Espero que eles venham amanhã.","Espero que eles venham amanhã"]}$j$::jsonb,
   0.50, ARRAY['cp_unidad15','checkpoint','writing']),
 ('d3000122-0000-0000-0000-000000000122','20000000-0000-0000-0000-000000000002','B1','reading','match',
   $p$Empareja el verbo en subjuntivo con su traducción:$p$,
   $j${"pairs":[{"en":"faça","es":"haga"},{"en":"esteja","es":"esté"},{"en":"venha","es":"venga"}]}$j$::jsonb, $j${"pairs":[["faça","haga"],["esteja","esté"],["venha","venga"]]}$j$::jsonb,
   0.50, ARRAY['cp_unidad15','checkpoint','reading']),
 ('d3000123-0000-0000-0000-000000000123','20000000-0000-0000-0000-000000000002','B1','listening','listening',
   $p$Escucha y elige lo que oíste.$p$,
   $j${"options":["É melhor que você descanse.","É melhor que você descansa.","É melhor que você descansou."],"say":"É melhor que você descanse.","audio_url":"https://wiauinufpbkmjlbqlkxo.supabase.co/storage/v1/object/public/audio/items/d3000123-0000-0000-0000-000000000123.mp3"}$j$::jsonb, $j${"value":"É melhor que você descanse."}$j$::jsonb,
   0.50, ARRAY['cp_unidad15','checkpoint','listening']),
 ('d3000124-0000-0000-0000-000000000124','20000000-0000-0000-0000-000000000002','B1','listening','listening',
   $p$Escucha y elige lo que oíste.$p$,
   $j${"options":["Talvez ele faça isso.","Talvez ele faz isso.","Talvez ele fez isso."],"say":"Talvez ele faça isso.","audio_url":"https://wiauinufpbkmjlbqlkxo.supabase.co/storage/v1/object/public/audio/items/d3000124-0000-0000-0000-000000000124.mp3"}$j$::jsonb, $j${"value":"Talvez ele faça isso."}$j$::jsonb,
   0.50, ARRAY['cp_unidad15','checkpoint','listening']),
 ('d3000125-0000-0000-0000-000000000125','20000000-0000-0000-0000-000000000002','B1','speaking','speaking_read_aloud',
   $p$Lee en voz alta:$p$,
   $j${"text":"Tomara que você tenha um ótimo dia.","audio_url":"https://wiauinufpbkmjlbqlkxo.supabase.co/storage/v1/object/public/audio/items/d3000125-0000-0000-0000-000000000125.mp3"}$j$::jsonb, $j${"expected":"Tomara que você tenha um ótimo dia."}$j$::jsonb,
   0.50, ARRAY['cp_unidad15','checkpoint','speaking']),
 ('d3000126-0000-0000-0000-000000000126','20000000-0000-0000-0000-000000000002','B1','speaking','speaking_read_aloud',
   $p$Lee en voz alta:$p$,
   $j${"text":"Espero que tudo dê certo na prova.","audio_url":"https://wiauinufpbkmjlbqlkxo.supabase.co/storage/v1/object/public/audio/items/d3000126-0000-0000-0000-000000000126.mp3"}$j$::jsonb, $j${"expected":"Espero que tudo dê certo na prova."}$j$::jsonb,
   0.50, ARRAY['cp_unidad15','checkpoint','speaking'])
on conflict (id) do update set prompt=excluded.prompt, payload=excluded.payload, correct_answer=excluded.correct_answer, difficulty=excluded.difficulty, tags=excluded.tags, updated_at=now();
insert into lesson_items (lesson_id, item_id, order_index) values
 ('42000000-0000-0000-0000-000000001501','d3000085-0000-0000-0000-000000000085',1),
 ('42000000-0000-0000-0000-000000001501','d3000086-0000-0000-0000-000000000086',2),
 ('42000000-0000-0000-0000-000000001501','d3000087-0000-0000-0000-000000000087',3),
 ('42000000-0000-0000-0000-000000001501','d3000088-0000-0000-0000-000000000088',4),
 ('42000000-0000-0000-0000-000000001501','d3000089-0000-0000-0000-000000000089',5),
 ('42000000-0000-0000-0000-000000001501','d3000090-0000-0000-0000-000000000090',6),
 ('42000000-0000-0000-0000-000000001501','d3000091-0000-0000-0000-000000000091',7),
 ('42000000-0000-0000-0000-000000001501','d3000092-0000-0000-0000-000000000092',8),
 ('42000000-0000-0000-0000-000000001502','d3000093-0000-0000-0000-000000000093',1),
 ('42000000-0000-0000-0000-000000001502','d3000094-0000-0000-0000-000000000094',2),
 ('42000000-0000-0000-0000-000000001502','d3000095-0000-0000-0000-000000000095',3),
 ('42000000-0000-0000-0000-000000001502','d3000096-0000-0000-0000-000000000096',4),
 ('42000000-0000-0000-0000-000000001502','d3000097-0000-0000-0000-000000000097',5),
 ('42000000-0000-0000-0000-000000001502','d3000098-0000-0000-0000-000000000098',6),
 ('42000000-0000-0000-0000-000000001502','d3000099-0000-0000-0000-000000000099',7),
 ('42000000-0000-0000-0000-000000001502','d3000100-0000-0000-0000-000000000100',8),
 ('42000000-0000-0000-0000-000000001503','d3000101-0000-0000-0000-000000000101',1),
 ('42000000-0000-0000-0000-000000001503','d3000102-0000-0000-0000-000000000102',2),
 ('42000000-0000-0000-0000-000000001503','d3000103-0000-0000-0000-000000000103',3),
 ('42000000-0000-0000-0000-000000001503','d3000104-0000-0000-0000-000000000104',4),
 ('42000000-0000-0000-0000-000000001503','d3000105-0000-0000-0000-000000000105',5),
 ('42000000-0000-0000-0000-000000001503','d3000106-0000-0000-0000-000000000106',6),
 ('42000000-0000-0000-0000-000000001503','d3000107-0000-0000-0000-000000000107',7),
 ('42000000-0000-0000-0000-000000001503','d3000108-0000-0000-0000-000000000108',8),
 ('42000000-0000-0000-0000-000000001504','d3000109-0000-0000-0000-000000000109',1),
 ('42000000-0000-0000-0000-000000001504','d3000110-0000-0000-0000-000000000110',2),
 ('42000000-0000-0000-0000-000000001504','d3000111-0000-0000-0000-000000000111',3),
 ('42000000-0000-0000-0000-000000001504','d3000112-0000-0000-0000-000000000112',4),
 ('42000000-0000-0000-0000-000000001504','d3000113-0000-0000-0000-000000000113',5),
 ('42000000-0000-0000-0000-000000001504','d3000114-0000-0000-0000-000000000114',6),
 ('42000000-0000-0000-0000-000000001504','d3000115-0000-0000-0000-000000000115',7),
 ('42000000-0000-0000-0000-000000001504','d3000116-0000-0000-0000-000000000116',8),
 ('42000000-0000-0000-0000-000000001505','d3000117-0000-0000-0000-000000000117',1),
 ('42000000-0000-0000-0000-000000001505','d3000118-0000-0000-0000-000000000118',2),
 ('42000000-0000-0000-0000-000000001505','d3000119-0000-0000-0000-000000000119',3),
 ('42000000-0000-0000-0000-000000001505','d3000120-0000-0000-0000-000000000120',4),
 ('42000000-0000-0000-0000-000000001505','d3000121-0000-0000-0000-000000000121',5),
 ('42000000-0000-0000-0000-000000001505','d3000122-0000-0000-0000-000000000122',6),
 ('42000000-0000-0000-0000-000000001505','d3000123-0000-0000-0000-000000000123',7),
 ('42000000-0000-0000-0000-000000001505','d3000124-0000-0000-0000-000000000124',8),
 ('42000000-0000-0000-0000-000000001505','d3000125-0000-0000-0000-000000000125',9),
 ('42000000-0000-0000-0000-000000001505','d3000126-0000-0000-0000-000000000126',10)
on conflict (lesson_id, item_id) do nothing;
insert into vocabulary (id, course_id, word, translation, frequency_rank, part_of_speech) values
 ('d3b00033-0000-0000-0000-000000000033','20000000-0000-0000-0000-000000000002',$p$talvez$p$,$p$quizás$p$,800,'adv'),
 ('d3b00034-0000-0000-0000-000000000034','20000000-0000-0000-0000-000000000002',$p$espero que$p$,$p$espero que$p$,801,'expr'),
 ('d3b00035-0000-0000-0000-000000000035','20000000-0000-0000-0000-000000000002',$p$tomara que$p$,$p$ojalá$p$,802,'expr'),
 ('d3b00036-0000-0000-0000-000000000036','20000000-0000-0000-0000-000000000002',$p$é importante que$p$,$p$es importante que$p$,803,'expr'),
 ('d3b00037-0000-0000-0000-000000000037','20000000-0000-0000-0000-000000000002',$p$é melhor que$p$,$p$es mejor que$p$,804,'expr'),
 ('d3b00038-0000-0000-0000-000000000038','20000000-0000-0000-0000-000000000002',$p$que tudo dê certo$p$,$p$que todo salga bien$p$,805,'expr'),
 ('d3b00039-0000-0000-0000-000000000039','20000000-0000-0000-0000-000000000002',$p$seja$p$,$p$sea$p$,806,'v'),
 ('d3b00040-0000-0000-0000-000000000040','20000000-0000-0000-0000-000000000002',$p$vá$p$,$p$vaya$p$,807,'v'),
 ('d3b00041-0000-0000-0000-000000000041','20000000-0000-0000-0000-000000000002',$p$esteja$p$,$p$esté$p$,808,'v'),
 ('d3b00042-0000-0000-0000-000000000042','20000000-0000-0000-0000-000000000002',$p$faça$p$,$p$haga$p$,809,'v'),
 ('d3b00043-0000-0000-0000-000000000043','20000000-0000-0000-0000-000000000002',$p$tenha$p$,$p$tenga$p$,810,'v'),
 ('d3b00044-0000-0000-0000-000000000044','20000000-0000-0000-0000-000000000002',$p$venha$p$,$p$venga$p$,811,'v'),
 ('d3b00045-0000-0000-0000-000000000045','20000000-0000-0000-0000-000000000002',$p$o desejo$p$,$p$el deseo$p$,812,'n'),
 ('d3b00046-0000-0000-0000-000000000046','20000000-0000-0000-0000-000000000002',$p$a esperança$p$,$p$la esperanza$p$,813,'n'),
 ('d3b00047-0000-0000-0000-000000000047','20000000-0000-0000-0000-000000000002',$p$a recomendação$p$,$p$la recomendación$p$,814,'n'),
 ('d3b00048-0000-0000-0000-000000000048','20000000-0000-0000-0000-000000000002',$p$melhorar$p$,$p$mejorar$p$,815,'v')
on conflict (id) do nothing;

-- ── Unidad 16 (B1·pt): Pronombres relativos ─────────────────────────────
insert into units (id, course_id, cefr_level, order_index, title, theme_color, icon) values
 ('32000000-0000-0000-0000-000000000016','20000000-0000-0000-0000-000000000002','B1',16,$p$Pronombres relativos$p$,'#0984E3','x')
on conflict (course_id, order_index) do update set title=excluded.title, theme_color=excluded.theme_color, icon=excluded.icon;
insert into lessons (id, unit_id, order_index, title, description, type, xp_reward) values
 ('42000000-0000-0000-0000-000000001601','32000000-0000-0000-0000-000000000016',1,$p$que y quem$p$,$p$que y quem$p$,'lesson',15),
 ('42000000-0000-0000-0000-000000001602','32000000-0000-0000-0000-000000000016',2,$p$onde (lugares)$p$,$p$onde (lugares)$p$,'lesson',15),
 ('42000000-0000-0000-0000-000000001603','32000000-0000-0000-0000-000000000016',3,$p$Combinar frases$p$,$p$Combinar frases$p$,'lesson',15),
 ('42000000-0000-0000-0000-000000001604','32000000-0000-0000-0000-000000000016',4,$p$Contar una historia$p$,$p$Contar una historia$p$,'lesson',15),
 ('42000000-0000-0000-0000-000000001605','32000000-0000-0000-0000-000000000016',5,$p$🏁 Checkpoint Unidade 16$p$,$p$Cronometrado · 4 habilidades · 80%.$p$,'checkpoint',40)
on conflict (unit_id, order_index) do update set title=excluded.title, description=excluded.description;
insert into exams (id, course_id, type, cefr_level, unit_id, time_limit_sec, pass_threshold, sections) values
 ('52000000-0000-0000-0000-000000000016','20000000-0000-0000-0000-000000000002','checkpoint','B1','32000000-0000-0000-0000-000000000016',300,0.80,$j${"skills":["reading","listening","writing","speaking"],"item_count":10,"randomize":true}$j$::jsonb)
on conflict (id) do nothing;
insert into content_items (id, course_id, cefr_level, skill, type, prompt, payload, correct_answer, difficulty, tags) values
 ('d3000127-0000-0000-0000-000000000127','20000000-0000-0000-0000-000000000002','B1','reading','multiple_choice',
   $p$Elige el relativo correcto: "A pessoa ___ mora ao lado é simpática."$p$,
   $j${"options":["que","onde","cujo"]}$j$::jsonb, $j${"value":"que"}$j$::jsonb,
   0.50, ARRAY['unidad16','personas_y_cosas_con_relativos','reading']),
 ('d3000128-0000-0000-0000-000000000128','20000000-0000-0000-0000-000000000002','B1','reading','multiple_choice',
   $p$¿Cuál es correcto para una persona tras preposición? "O amigo de ___ falei chegou."$p$,
   $j${"options":["quem","que","onde"]}$j$::jsonb, $j${"value":"quem"}$j$::jsonb,
   0.50, ARRAY['unidad16','personas_y_cosas_con_relativos','reading']),
 ('d3000129-0000-0000-0000-000000000129','20000000-0000-0000-0000-000000000002','B1','writing','cloze',
   $p$Completa con el relativo (que):$p$,
   $j${"text":"O livro ___ eu comprei é ótimo."}$j$::jsonb, $j${"value":"que","accepted":["que"]}$j$::jsonb,
   0.50, ARRAY['unidad16','personas_y_cosas_con_relativos','writing']),
 ('d3000130-0000-0000-0000-000000000130','20000000-0000-0000-0000-000000000002','B1','writing','translation',
   $p$Traduce al portugués: "La persona que vive al lado."$p$,
   $j${"source":"La persona que vive al lado."}$j$::jsonb, $j${"value":"A pessoa que mora ao lado.","accepted":["A pessoa que mora ao lado.","A pessoa que mora ao lado"]}$j$::jsonb,
   0.50, ARRAY['unidad16','personas_y_cosas_con_relativos','writing']),
 ('d3000131-0000-0000-0000-000000000131','20000000-0000-0000-0000-000000000002','B1','reading','match',
   $p$Empareja los relativos con su uso.$p$,
   $j${"pairs":[{"en":"que","es":"cosas o personas"},{"en":"quem","es":"persona tras preposición"},{"en":"onde","es":"lugar"}]}$j$::jsonb, $j${"pairs":[["que","cosas o personas"],["quem","persona tras preposición"],["onde","lugar"]]}$j$::jsonb,
   0.50, ARRAY['unidad16','personas_y_cosas_con_relativos','reading']),
 ('d3000132-0000-0000-0000-000000000132','20000000-0000-0000-0000-000000000002','B1','listening','listening',
   $p$Escucha y elige lo que oíste.$p$,
   $j${"options":["O homem que vi era alto.","O homem de quem falei era alto.","O homem onde morei era alto."],"say":"O homem que vi era alto.","audio_url":"https://wiauinufpbkmjlbqlkxo.supabase.co/storage/v1/object/public/audio/items/d3000132-0000-0000-0000-000000000132.mp3"}$j$::jsonb, $j${"value":"O homem que vi era alto."}$j$::jsonb,
   0.50, ARRAY['unidad16','personas_y_cosas_con_relativos','listening']),
 ('d3000133-0000-0000-0000-000000000133','20000000-0000-0000-0000-000000000002','B1','speaking','speaking_read_aloud',
   $p$Lee en voz alta:$p$,
   $j${"text":"Esse é o amigo de quem eu falei ontem.","audio_url":"https://wiauinufpbkmjlbqlkxo.supabase.co/storage/v1/object/public/audio/items/d3000133-0000-0000-0000-000000000133.mp3"}$j$::jsonb, $j${"expected":"Esse é o amigo de quem eu falei ontem."}$j$::jsonb,
   0.50, ARRAY['unidad16','personas_y_cosas_con_relativos','speaking']),
 ('d3000134-0000-0000-0000-000000000134','20000000-0000-0000-0000-000000000002','B1','writing','word_bank',
   $p$Arma la frase: "La chica que conocí es brasileña."$p$,
   $j${"tiles":["A","menina","que","conheci","é","brasileira","onde"]}$j$::jsonb, $j${"value":"A menina que conheci é brasileira","sequence":["A","menina","que","conheci","é","brasileira"]}$j$::jsonb,
   0.50, ARRAY['unidad16','personas_y_cosas_con_relativos','writing']),
 ('d3000135-0000-0000-0000-000000000135','20000000-0000-0000-0000-000000000002','B1','writing','cloze',
   $p$Completa con el relativo de lugar:$p$,
   $j${"text":"A cidade ___ eu nasci é pequena."}$j$::jsonb, $j${"value":"onde","accepted":["onde"]}$j$::jsonb,
   0.50, ARRAY['unidad16','describir_lugares_con_relativos','writing']),
 ('d3000136-0000-0000-0000-000000000136','20000000-0000-0000-0000-000000000002','B1','reading','multiple_choice',
   $p$Elige el relativo de lugar: "O bairro ___ moramos é tranquilo."$p$,
   $j${"options":["onde","quem","cujo"]}$j$::jsonb, $j${"value":"onde"}$j$::jsonb,
   0.50, ARRAY['unidad16','describir_lugares_con_relativos','reading']),
 ('d3000137-0000-0000-0000-000000000137','20000000-0000-0000-0000-000000000002','B1','writing','translation',
   $p$Traduce al portugués: "La ciudad donde nací es pequeña."$p$,
   $j${"source":"La ciudad donde nací es pequeña."}$j$::jsonb, $j${"value":"A cidade onde nasci é pequena.","accepted":["A cidade onde nasci é pequena.","A cidade onde eu nasci é pequena.","A cidade onde nasci é pequena"]}$j$::jsonb,
   0.50, ARRAY['unidad16','describir_lugares_con_relativos','writing']),
 ('d3000138-0000-0000-0000-000000000138','20000000-0000-0000-0000-000000000002','B1','reading','multiple_choice',
   $p$¿Cuál es correcto? "Esse é o restaurante ___ jantamos."$p$,
   $j${"options":["onde","que","quem"]}$j$::jsonb, $j${"value":"onde"}$j$::jsonb,
   0.50, ARRAY['unidad16','describir_lugares_con_relativos','reading']),
 ('d3000139-0000-0000-0000-000000000139','20000000-0000-0000-0000-000000000002','B1','writing','reorder',
   $p$Ordena: "Esta es la casa donde crecí."$p$,
   $j${"tiles":["Esta","é","a","casa","onde","cresci"]}$j$::jsonb, $j${"value":"Esta é a casa onde cresci"}$j$::jsonb,
   0.50, ARRAY['unidad16','describir_lugares_con_relativos','writing']),
 ('d3000140-0000-0000-0000-000000000140','20000000-0000-0000-0000-000000000002','B1','listening','listening',
   $p$Escucha y elige lo que oíste.$p$,
   $j${"options":["A praia onde fomos era linda.","A praia que vimos era linda.","A praia de quem falei era linda."],"say":"A praia onde fomos era linda.","audio_url":"https://wiauinufpbkmjlbqlkxo.supabase.co/storage/v1/object/public/audio/items/d3000140-0000-0000-0000-000000000140.mp3"}$j$::jsonb, $j${"value":"A praia onde fomos era linda."}$j$::jsonb,
   0.50, ARRAY['unidad16','describir_lugares_con_relativos','listening']),
 ('d3000141-0000-0000-0000-000000000141','20000000-0000-0000-0000-000000000002','B1','speaking','speaking_read_aloud',
   $p$Lee en voz alta:$p$,
   $j${"text":"Aquela é a cidade onde eu nasci e cresci.","audio_url":"https://wiauinufpbkmjlbqlkxo.supabase.co/storage/v1/object/public/audio/items/d3000141-0000-0000-0000-000000000141.mp3"}$j$::jsonb, $j${"expected":"Aquela é a cidade onde eu nasci e cresci."}$j$::jsonb,
   0.50, ARRAY['unidad16','describir_lugares_con_relativos','speaking']),
 ('d3000142-0000-0000-0000-000000000142','20000000-0000-0000-0000-000000000002','B1','reading','match',
   $p$Empareja cada frase con su sentido.$p$,
   $j${"pairs":[{"en":"o lugar onde moro","es":"el lugar donde vivo"},{"en":"a escola onde estudei","es":"la escuela donde estudié"},{"en":"o país onde nasci","es":"el país donde nací"}]}$j$::jsonb, $j${"pairs":[["o lugar onde moro","el lugar donde vivo"],["a escola onde estudei","la escuela donde estudié"],["o país onde nasci","el país donde nací"]]}$j$::jsonb,
   0.50, ARRAY['unidad16','describir_lugares_con_relativos','reading']),
 ('d3000143-0000-0000-0000-000000000143','20000000-0000-0000-0000-000000000002','B1','reading','multiple_choice',
   $p$Une las frases: "Tenho um amigo. Ele mora no Rio." → "Tenho um amigo ___ mora no Rio."$p$,
   $j${"options":["que","onde","cujo"]}$j$::jsonb, $j${"value":"que"}$j$::jsonb,
   0.50, ARRAY['unidad16','unir_dos_oraciones_con_relativos','reading']),
 ('d3000144-0000-0000-0000-000000000144','20000000-0000-0000-0000-000000000002','B1','writing','cloze',
   $p$Une con el relativo (persona tras preposición):$p$,
   $j${"text":"Essa é a mulher com ___ eu falei."}$j$::jsonb, $j${"value":"quem","accepted":["quem"]}$j$::jsonb,
   0.50, ARRAY['unidad16','unir_dos_oraciones_con_relativos','writing']),
 ('d3000145-0000-0000-0000-000000000145','20000000-0000-0000-0000-000000000002','B1','writing','translation',
   $p$Traduce al portugués: "El amigo de quien te hablé llegó."$p$,
   $j${"source":"El amigo de quien te hablé llegó."}$j$::jsonb, $j${"value":"O amigo de quem eu te falei chegou.","accepted":["O amigo de quem eu te falei chegou.","O amigo de quem te falei chegou.","O amigo de quem eu te falei chegou"]}$j$::jsonb,
   0.50, ARRAY['unidad16','unir_dos_oraciones_con_relativos','writing']),
 ('d3000146-0000-0000-0000-000000000146','20000000-0000-0000-0000-000000000002','B1','writing','word_bank',
   $p$Arma la frase: "El profesor que me enseñó vive aquí."$p$,
   $j${"tiles":["O","professor","que","me","ensinou","mora","aqui","quem"]}$j$::jsonb, $j${"value":"O professor que me ensinou mora aqui","sequence":["O","professor","que","me","ensinou","mora","aqui"]}$j$::jsonb,
   0.50, ARRAY['unidad16','unir_dos_oraciones_con_relativos','writing']),
 ('d3000147-0000-0000-0000-000000000147','20000000-0000-0000-0000-000000000002','B1','writing','reorder',
   $p$Ordena: "Conocí a la persona que escribió el libro."$p$,
   $j${"tiles":["Conheci","a","pessoa","que","escreveu","o","livro"]}$j$::jsonb, $j${"value":"Conheci a pessoa que escreveu o livro"}$j$::jsonb,
   0.50, ARRAY['unidad16','unir_dos_oraciones_con_relativos','writing']),
 ('d3000148-0000-0000-0000-000000000148','20000000-0000-0000-0000-000000000002','B1','reading','multiple_choice',
   $p$¿Qué relativo introduce posesión (cuyo)? "O escritor ___ livro li é famoso."$p$,
   $j${"options":["cujo","que","onde"]}$j$::jsonb, $j${"value":"cujo"}$j$::jsonb,
   0.50, ARRAY['unidad16','unir_dos_oraciones_con_relativos','reading']),
 ('d3000149-0000-0000-0000-000000000149','20000000-0000-0000-0000-000000000002','B1','listening','listening',
   $p$Escucha y elige lo que oíste.$p$,
   $j${"options":["A casa cujo telhado é vermelho é minha.","A casa onde o telhado é vermelho é minha.","A casa que telhado é vermelho é minha."],"say":"A casa cujo telhado é vermelho é minha.","audio_url":"https://wiauinufpbkmjlbqlkxo.supabase.co/storage/v1/object/public/audio/items/d3000149-0000-0000-0000-000000000149.mp3"}$j$::jsonb, $j${"value":"A casa cujo telhado é vermelho é minha."}$j$::jsonb,
   0.50, ARRAY['unidad16','unir_dos_oraciones_con_relativos','listening']),
 ('d3000150-0000-0000-0000-000000000150','20000000-0000-0000-0000-000000000002','B1','speaking','speaking_read_aloud',
   $p$Lee en voz alta:$p$,
   $j${"text":"Conheci a pessoa que escreveu aquele livro.","audio_url":"https://wiauinufpbkmjlbqlkxo.supabase.co/storage/v1/object/public/audio/items/d3000150-0000-0000-0000-000000000150.mp3"}$j$::jsonb, $j${"expected":"Conheci a pessoa que escreveu aquele livro."}$j$::jsonb,
   0.50, ARRAY['unidad16','unir_dos_oraciones_con_relativos','speaking']),
 ('d3000151-0000-0000-0000-000000000151','20000000-0000-0000-0000-000000000002','B1','writing','cloze',
   $p$Completa la historia (em que / que):$p$,
   $j${"text":"Lembro do dia ___ tudo mudou."}$j$::jsonb, $j${"value":"em que","accepted":["em que","que"]}$j$::jsonb,
   0.50, ARRAY['unidad16','relatar_en_pasado_con_relativos','writing']),
 ('d3000152-0000-0000-0000-000000000152','20000000-0000-0000-0000-000000000002','B1','writing','translation',
   $p$Traduce al portugués: "Voy a contarte una historia que sucedió aquel día."$p$,
   $j${"source":"Voy a contarte una historia que sucedió aquel día."}$j$::jsonb, $j${"value":"Vou te contar uma história que aconteceu naquele dia.","accepted":["Vou te contar uma história que aconteceu naquele dia.","Vou te contar uma historia que aconteceu naquele dia.","Vou te contar uma história que aconteceu naquele dia"]}$j$::jsonb,
   0.50, ARRAY['unidad16','relatar_en_pasado_con_relativos','writing']),
 ('d3000153-0000-0000-0000-000000000153','20000000-0000-0000-0000-000000000002','B1','reading','multiple_choice',
   $p$Elige el relativo correcto en la historia: "Foi então que conheci o homem ___ me ajudou."$p$,
   $j${"options":["que","onde","cujo"]}$j$::jsonb, $j${"value":"que"}$j$::jsonb,
   0.50, ARRAY['unidad16','relatar_en_pasado_con_relativos','reading']),
 ('d3000154-0000-0000-0000-000000000154','20000000-0000-0000-0000-000000000002','B1','writing','reorder',
   $p$Ordena: "Aquel fue el lugar donde todo empezó."$p$,
   $j${"tiles":["Aquele","foi","o","lugar","onde","tudo","começou"]}$j$::jsonb, $j${"value":"Aquele foi o lugar onde tudo começou"}$j$::jsonb,
   0.50, ARRAY['unidad16','relatar_en_pasado_con_relativos','writing']),
 ('d3000155-0000-0000-0000-000000000155','20000000-0000-0000-0000-000000000002','B1','writing','word_bank',
   $p$Arma la frase: "Recuerdo la noche en que nos conocimos."$p$,
   $j${"tiles":["Lembro","da","noite","em","que","nos","conhecemos","onde"]}$j$::jsonb, $j${"value":"Lembro da noite em que nos conhecemos","sequence":["Lembro","da","noite","em","que","nos","conhecemos"]}$j$::jsonb,
   0.50, ARRAY['unidad16','relatar_en_pasado_con_relativos','writing']),
 ('d3000156-0000-0000-0000-000000000156','20000000-0000-0000-0000-000000000002','B1','reading','multiple_choice',
   $p$¿Cuál encaja en el relato? "A história ___ ele me contou era triste."$p$,
   $j${"options":["que","quem","onde"]}$j$::jsonb, $j${"value":"que"}$j$::jsonb,
   0.50, ARRAY['unidad16','relatar_en_pasado_con_relativos','reading']),
 ('d3000157-0000-0000-0000-000000000157','20000000-0000-0000-0000-000000000002','B1','listening','listening',
   $p$Escucha y elige lo que oíste.$p$,
   $j${"options":["Foi naquele dia que tudo aconteceu.","Foi naquele lugar que tudo aconteceu.","Foi naquela noite que tudo aconteceu."],"say":"Foi naquele dia que tudo aconteceu.","audio_url":"https://wiauinufpbkmjlbqlkxo.supabase.co/storage/v1/object/public/audio/items/d3000157-0000-0000-0000-000000000157.mp3"}$j$::jsonb, $j${"value":"Foi naquele dia que tudo aconteceu."}$j$::jsonb,
   0.50, ARRAY['unidad16','relatar_en_pasado_con_relativos','listening']),
 ('d3000158-0000-0000-0000-000000000158','20000000-0000-0000-0000-000000000002','B1','speaking','speaking_read_aloud',
   $p$Lee en voz alta:$p$,
   $j${"text":"Vou contar a história de quem mudou a minha vida.","audio_url":"https://wiauinufpbkmjlbqlkxo.supabase.co/storage/v1/object/public/audio/items/d3000158-0000-0000-0000-000000000158.mp3"}$j$::jsonb, $j${"expected":"Vou contar a história de quem mudou a minha vida."}$j$::jsonb,
   0.50, ARRAY['unidad16','relatar_en_pasado_con_relativos','speaking']),
 ('d3000159-0000-0000-0000-000000000159','20000000-0000-0000-0000-000000000002','B1','reading','multiple_choice',
   $p$Elige el relativo correcto: "O vizinho ___ mora em cima é músico."$p$,
   $j${"options":["que","onde","cujo"]}$j$::jsonb, $j${"value":"que"}$j$::jsonb,
   0.50, ARRAY['cp_unidad16','checkpoint','reading']),
 ('d3000160-0000-0000-0000-000000000160','20000000-0000-0000-0000-000000000002','B1','reading','multiple_choice',
   $p$¿Cuál es correcto tras preposición y referido a persona? "A garota com ___ saí ontem."$p$,
   $j${"options":["quem","que","onde"]}$j$::jsonb, $j${"value":"quem"}$j$::jsonb,
   0.50, ARRAY['cp_unidad16','checkpoint','reading']),
 ('d3000161-0000-0000-0000-000000000161','20000000-0000-0000-0000-000000000002','B1','writing','cloze',
   $p$Completa con el relativo de lugar (vacaciones):$p$,
   $j${"text":"A vila ___ passei as férias é linda."}$j$::jsonb, $j${"value":"onde","accepted":["onde"]}$j$::jsonb,
   0.50, ARRAY['cp_unidad16','checkpoint','writing']),
 ('d3000162-0000-0000-0000-000000000162','20000000-0000-0000-0000-000000000002','B1','writing','translation',
   $p$Traduce al portugués: "El amigo de quien hablé es médico."$p$,
   $j${"source":"El amigo de quien hablé es médico."}$j$::jsonb, $j${"value":"O amigo de quem eu falei é médico.","accepted":["O amigo de quem eu falei é médico.","O amigo de quem falei é médico.","O amigo de quem eu falei é médico"]}$j$::jsonb,
   0.50, ARRAY['cp_unidad16','checkpoint','writing']),
 ('d3000163-0000-0000-0000-000000000163','20000000-0000-0000-0000-000000000002','B1','listening','listening',
   $p$Escucha y elige lo que oíste.$p$,
   $j${"options":["Essa é a rua onde eu morava.","Essa é a rua que eu conhecia.","Essa é a rua de quem eu falava."],"say":"Essa é a rua onde eu morava.","audio_url":"https://wiauinufpbkmjlbqlkxo.supabase.co/storage/v1/object/public/audio/items/d3000163-0000-0000-0000-000000000163.mp3"}$j$::jsonb, $j${"value":"Essa é a rua onde eu morava."}$j$::jsonb,
   0.50, ARRAY['cp_unidad16','checkpoint','listening']),
 ('d3000164-0000-0000-0000-000000000164','20000000-0000-0000-0000-000000000002','B1','listening','listening',
   $p$Escucha y elige lo que oíste.$p$,
   $j${"options":["O autor cujo livro li é famoso.","O autor de quem livro li é famoso.","O autor que livro li é famoso."],"say":"O autor cujo livro li é famoso.","audio_url":"https://wiauinufpbkmjlbqlkxo.supabase.co/storage/v1/object/public/audio/items/d3000164-0000-0000-0000-000000000164.mp3"}$j$::jsonb, $j${"value":"O autor cujo livro li é famoso."}$j$::jsonb,
   0.50, ARRAY['cp_unidad16','checkpoint','listening']),
 ('d3000165-0000-0000-0000-000000000165','20000000-0000-0000-0000-000000000002','B1','speaking','speaking_read_aloud',
   $p$Lee en voz alta:$p$,
   $j${"text":"Essa é a cidade onde nasci e onde conheci a minha esposa.","audio_url":"https://wiauinufpbkmjlbqlkxo.supabase.co/storage/v1/object/public/audio/items/d3000165-0000-0000-0000-000000000165.mp3"}$j$::jsonb, $j${"expected":"Essa é a cidade onde nasci e onde conheci a minha esposa."}$j$::jsonb,
   0.50, ARRAY['cp_unidad16','checkpoint','speaking']),
 ('d3000166-0000-0000-0000-000000000166','20000000-0000-0000-0000-000000000002','B1','speaking','speaking_read_aloud',
   $p$Lee en voz alta:$p$,
   $j${"text":"O amigo de quem te falei chegou naquele dia.","audio_url":"https://wiauinufpbkmjlbqlkxo.supabase.co/storage/v1/object/public/audio/items/d3000166-0000-0000-0000-000000000166.mp3"}$j$::jsonb, $j${"expected":"O amigo de quem te falei chegou naquele dia."}$j$::jsonb,
   0.50, ARRAY['cp_unidad16','checkpoint','speaking']),
 ('d3000167-0000-0000-0000-000000000167','20000000-0000-0000-0000-000000000002','B1','writing','reorder',
   $p$Ordena: "Esa es la historia que cambió todo."$p$,
   $j${"tiles":["Essa","é","a","história","que","mudou","tudo"]}$j$::jsonb, $j${"value":"Essa é a história que mudou tudo"}$j$::jsonb,
   0.50, ARRAY['cp_unidad16','checkpoint','writing']),
 ('d3000168-0000-0000-0000-000000000168','20000000-0000-0000-0000-000000000002','B1','reading','match',
   $p$Empareja cada relativo con un ejemplo correcto.$p$,
   $j${"pairs":[{"en":"que","es":"a casa que comprei"},{"en":"quem","es":"a pessoa de quem gosto"},{"en":"onde","es":"o lugar onde moro"}]}$j$::jsonb, $j${"pairs":[["que","a casa que comprei"],["quem","a pessoa de quem gosto"],["onde","o lugar onde moro"]]}$j$::jsonb,
   0.50, ARRAY['cp_unidad16','checkpoint','reading'])
on conflict (id) do update set prompt=excluded.prompt, payload=excluded.payload, correct_answer=excluded.correct_answer, difficulty=excluded.difficulty, tags=excluded.tags, updated_at=now();
insert into lesson_items (lesson_id, item_id, order_index) values
 ('42000000-0000-0000-0000-000000001601','d3000127-0000-0000-0000-000000000127',1),
 ('42000000-0000-0000-0000-000000001601','d3000128-0000-0000-0000-000000000128',2),
 ('42000000-0000-0000-0000-000000001601','d3000129-0000-0000-0000-000000000129',3),
 ('42000000-0000-0000-0000-000000001601','d3000130-0000-0000-0000-000000000130',4),
 ('42000000-0000-0000-0000-000000001601','d3000131-0000-0000-0000-000000000131',5),
 ('42000000-0000-0000-0000-000000001601','d3000132-0000-0000-0000-000000000132',6),
 ('42000000-0000-0000-0000-000000001601','d3000133-0000-0000-0000-000000000133',7),
 ('42000000-0000-0000-0000-000000001601','d3000134-0000-0000-0000-000000000134',8),
 ('42000000-0000-0000-0000-000000001602','d3000135-0000-0000-0000-000000000135',1),
 ('42000000-0000-0000-0000-000000001602','d3000136-0000-0000-0000-000000000136',2),
 ('42000000-0000-0000-0000-000000001602','d3000137-0000-0000-0000-000000000137',3),
 ('42000000-0000-0000-0000-000000001602','d3000138-0000-0000-0000-000000000138',4),
 ('42000000-0000-0000-0000-000000001602','d3000139-0000-0000-0000-000000000139',5),
 ('42000000-0000-0000-0000-000000001602','d3000140-0000-0000-0000-000000000140',6),
 ('42000000-0000-0000-0000-000000001602','d3000141-0000-0000-0000-000000000141',7),
 ('42000000-0000-0000-0000-000000001602','d3000142-0000-0000-0000-000000000142',8),
 ('42000000-0000-0000-0000-000000001603','d3000143-0000-0000-0000-000000000143',1),
 ('42000000-0000-0000-0000-000000001603','d3000144-0000-0000-0000-000000000144',2),
 ('42000000-0000-0000-0000-000000001603','d3000145-0000-0000-0000-000000000145',3),
 ('42000000-0000-0000-0000-000000001603','d3000146-0000-0000-0000-000000000146',4),
 ('42000000-0000-0000-0000-000000001603','d3000147-0000-0000-0000-000000000147',5),
 ('42000000-0000-0000-0000-000000001603','d3000148-0000-0000-0000-000000000148',6),
 ('42000000-0000-0000-0000-000000001603','d3000149-0000-0000-0000-000000000149',7),
 ('42000000-0000-0000-0000-000000001603','d3000150-0000-0000-0000-000000000150',8),
 ('42000000-0000-0000-0000-000000001604','d3000151-0000-0000-0000-000000000151',1),
 ('42000000-0000-0000-0000-000000001604','d3000152-0000-0000-0000-000000000152',2),
 ('42000000-0000-0000-0000-000000001604','d3000153-0000-0000-0000-000000000153',3),
 ('42000000-0000-0000-0000-000000001604','d3000154-0000-0000-0000-000000000154',4),
 ('42000000-0000-0000-0000-000000001604','d3000155-0000-0000-0000-000000000155',5),
 ('42000000-0000-0000-0000-000000001604','d3000156-0000-0000-0000-000000000156',6),
 ('42000000-0000-0000-0000-000000001604','d3000157-0000-0000-0000-000000000157',7),
 ('42000000-0000-0000-0000-000000001604','d3000158-0000-0000-0000-000000000158',8),
 ('42000000-0000-0000-0000-000000001605','d3000159-0000-0000-0000-000000000159',1),
 ('42000000-0000-0000-0000-000000001605','d3000160-0000-0000-0000-000000000160',2),
 ('42000000-0000-0000-0000-000000001605','d3000161-0000-0000-0000-000000000161',3),
 ('42000000-0000-0000-0000-000000001605','d3000162-0000-0000-0000-000000000162',4),
 ('42000000-0000-0000-0000-000000001605','d3000163-0000-0000-0000-000000000163',5),
 ('42000000-0000-0000-0000-000000001605','d3000164-0000-0000-0000-000000000164',6),
 ('42000000-0000-0000-0000-000000001605','d3000165-0000-0000-0000-000000000165',7),
 ('42000000-0000-0000-0000-000000001605','d3000166-0000-0000-0000-000000000166',8),
 ('42000000-0000-0000-0000-000000001605','d3000167-0000-0000-0000-000000000167',9),
 ('42000000-0000-0000-0000-000000001605','d3000168-0000-0000-0000-000000000168',10)
on conflict (lesson_id, item_id) do nothing;
insert into vocabulary (id, course_id, word, translation, frequency_rank, part_of_speech) values
 ('d3b00049-0000-0000-0000-000000000049','20000000-0000-0000-0000-000000000002',$p$que$p$,$p$que (rel.)$p$,820,'pron'),
 ('d3b00050-0000-0000-0000-000000000050','20000000-0000-0000-0000-000000000002',$p$quem$p$,$p$quien$p$,821,'pron'),
 ('d3b00051-0000-0000-0000-000000000051','20000000-0000-0000-0000-000000000002',$p$onde$p$,$p$donde$p$,822,'pron'),
 ('d3b00052-0000-0000-0000-000000000052','20000000-0000-0000-0000-000000000002',$p$cujo$p$,$p$cuyo$p$,823,'pron'),
 ('d3b00053-0000-0000-0000-000000000053','20000000-0000-0000-0000-000000000002',$p$o qual$p$,$p$el cual$p$,824,'pron'),
 ('d3b00054-0000-0000-0000-000000000054','20000000-0000-0000-0000-000000000002',$p$vizinho$p$,$p$vecino$p$,825,'n'),
 ('d3b00055-0000-0000-0000-000000000055','20000000-0000-0000-0000-000000000002',$p$morar$p$,$p$vivir (residir)$p$,826,'v'),
 ('d3b00056-0000-0000-0000-000000000056','20000000-0000-0000-0000-000000000002',$p$nascer$p$,$p$nacer$p$,827,'v'),
 ('d3b00057-0000-0000-0000-000000000057','20000000-0000-0000-0000-000000000002',$p$aconteceu$p$,$p$sucedió$p$,828,'v'),
 ('d3b00058-0000-0000-0000-000000000058','20000000-0000-0000-0000-000000000002',$p$história$p$,$p$historia$p$,829,'n'),
 ('d3b00059-0000-0000-0000-000000000059','20000000-0000-0000-0000-000000000002',$p$lembrar$p$,$p$recordar$p$,830,'v'),
 ('d3b00060-0000-0000-0000-000000000060','20000000-0000-0000-0000-000000000002',$p$conhecer$p$,$p$conocer$p$,831,'v'),
 ('d3b00061-0000-0000-0000-000000000061','20000000-0000-0000-0000-000000000002',$p$lugar$p$,$p$lugar$p$,832,'n'),
 ('d3b00062-0000-0000-0000-000000000062','20000000-0000-0000-0000-000000000002',$p$pessoa$p$,$p$persona$p$,833,'n'),
 ('d3b00063-0000-0000-0000-000000000063','20000000-0000-0000-0000-000000000002',$p$então$p$,$p$entonces$p$,834,'adv'),
 ('d3b00064-0000-0000-0000-000000000064','20000000-0000-0000-0000-000000000002',$p$naquele dia$p$,$p$aquel día$p$,835,'expr')
on conflict (id) do nothing;

-- ── Unidad 17 (B1·pt): Problemas y soluciones ─────────────────────────────
insert into units (id, course_id, cefr_level, order_index, title, theme_color, icon) values
 ('32000000-0000-0000-0000-000000000017','20000000-0000-0000-0000-000000000002','B1',17,$p$Problemas y soluciones$p$,'#D63031','x')
on conflict (course_id, order_index) do update set title=excluded.title, theme_color=excluded.theme_color, icon=excluded.icon;
insert into lessons (id, unit_id, order_index, title, description, type, xp_reward) values
 ('42000000-0000-0000-0000-000000001701','32000000-0000-0000-0000-000000000017',1,$p$Obligación: dever / ter que$p$,$p$Obligación: dever / ter que$p$,'lesson',15),
 ('42000000-0000-0000-0000-000000001702','32000000-0000-0000-0000-000000000017',2,$p$Permiso y prohibición$p$,$p$Permiso y prohibición$p$,'lesson',15),
 ('42000000-0000-0000-0000-000000001703','32000000-0000-0000-0000-000000000017',3,$p$Condicional real: se + presente$p$,$p$Condicional real: se + presente$p$,'lesson',15),
 ('42000000-0000-0000-0000-000000001704','32000000-0000-0000-0000-000000000017',4,$p$Resolver problemas$p$,$p$Resolver problemas$p$,'lesson',15),
 ('42000000-0000-0000-0000-000000001705','32000000-0000-0000-0000-000000000017',5,$p$🏁 Checkpoint Unidade 17$p$,$p$Cronometrado · 4 habilidades · 80%.$p$,'checkpoint',40)
on conflict (unit_id, order_index) do update set title=excluded.title, description=excluded.description;
insert into exams (id, course_id, type, cefr_level, unit_id, time_limit_sec, pass_threshold, sections) values
 ('52000000-0000-0000-0000-000000000017','20000000-0000-0000-0000-000000000002','checkpoint','B1','32000000-0000-0000-0000-000000000017',300,0.80,$j${"skills":["reading","listening","writing","speaking"],"item_count":10,"randomize":true}$j$::jsonb)
on conflict (id) do nothing;
insert into content_items (id, course_id, cefr_level, skill, type, prompt, payload, correct_answer, difficulty, tags) values
 ('d3000169-0000-0000-0000-000000000169','20000000-0000-0000-0000-000000000002','B1','reading','multiple_choice',
   $p$¿Cuál expresa una obligación fuerte ("tienes que")?$p$,
   $j${"options":["Você tem que pagar a conta hoje.","Você quer pagar a conta hoje.","Você gosta de pagar a conta hoje."]}$j$::jsonb, $j${"value":"Você tem que pagar a conta hoje."}$j$::jsonb,
   0.50, ARRAY['unidad17','deber_y_obligacion','reading']),
 ('d3000170-0000-0000-0000-000000000170','20000000-0000-0000-0000-000000000002','B1','writing','cloze',
   $p$Completa con un modal de obligación ("debes"):$p$,
   $j${"text":"Você ___ estudar mais para passar na prova."}$j$::jsonb, $j${"value":"deve","accepted":["deve","tem que","precisa"]}$j$::jsonb,
   0.50, ARRAY['unidad17','deber_y_obligacion','writing']),
 ('d3000171-0000-0000-0000-000000000171','20000000-0000-0000-0000-000000000002','B1','writing','translation',
   $p$Traduce al portugués: "Tengo que arreglar el carro."$p$,
   $j${"source":"Tengo que arreglar el carro."}$j$::jsonb, $j${"value":"Tenho que consertar o carro.","accepted":["Tenho que consertar o carro.","Tenho de consertar o carro.","Eu tenho que consertar o carro.","Devo consertar o carro."]}$j$::jsonb,
   0.50, ARRAY['unidad17','deber_y_obligacion','writing']),
 ('d3000172-0000-0000-0000-000000000172','20000000-0000-0000-0000-000000000002','B1','reading','match',
   $p$Empareja portugués y español.$p$,
   $j${"pairs":[{"en":"dever","es":"deber"},{"en":"ter que","es":"tener que"},{"en":"é proibido","es":"está prohibido"}]}$j$::jsonb, $j${"pairs":[["dever","deber"],["ter que","tener que"],["é proibido","está prohibido"]]}$j$::jsonb,
   0.50, ARRAY['unidad17','deber_y_obligacion','reading']),
 ('d3000173-0000-0000-0000-000000000173','20000000-0000-0000-0000-000000000002','B1','listening','listening',
   $p$Escucha y elige lo que oíste.$p$,
   $j${"options":["Você deve trocar a senha agora.","Você pode trocar a senha amanhã.","Você quer trocar a senha agora."],"say":"Você deve trocar a senha agora.","audio_url":"https://wiauinufpbkmjlbqlkxo.supabase.co/storage/v1/object/public/audio/items/d3000173-0000-0000-0000-000000000173.mp3"}$j$::jsonb, $j${"value":"Você deve trocar a senha agora."}$j$::jsonb,
   0.50, ARRAY['unidad17','deber_y_obligacion','listening']),
 ('d3000174-0000-0000-0000-000000000174','20000000-0000-0000-0000-000000000002','B1','writing','word_bank',
   $p$Arma la frase: "Tienes que resolver el problema."$p$,
   $j${"tiles":["Você","tem","que","resolver","o","problema","pode"]}$j$::jsonb, $j${"value":"Você tem que resolver o problema","sequence":["Você","tem","que","resolver","o","problema"]}$j$::jsonb,
   0.50, ARRAY['unidad17','deber_y_obligacion','writing']),
 ('d3000175-0000-0000-0000-000000000175','20000000-0000-0000-0000-000000000002','B1','speaking','speaking_read_aloud',
   $p$Lee en voz alta:$p$,
   $j${"text":"Eu tenho que consertar isso antes de sair.","audio_url":"https://wiauinufpbkmjlbqlkxo.supabase.co/storage/v1/object/public/audio/items/d3000175-0000-0000-0000-000000000175.mp3"}$j$::jsonb, $j${"expected":"Eu tenho que consertar isso antes de sair."}$j$::jsonb,
   0.50, ARRAY['unidad17','deber_y_obligacion','speaking']),
 ('d3000176-0000-0000-0000-000000000176','20000000-0000-0000-0000-000000000002','B1','reading','multiple_choice',
   $p$Elige la frase correcta para "debemos esperar":$p$,
   $j${"options":["Nós devemos esperar.","Nós devem esperar.","Nós deve esperar."]}$j$::jsonb, $j${"value":"Nós devemos esperar."}$j$::jsonb,
   0.50, ARRAY['unidad17','deber_y_obligacion','reading']),
 ('d3000177-0000-0000-0000-000000000177','20000000-0000-0000-0000-000000000002','B1','reading','multiple_choice',
   $p$¿Cuál indica que algo está prohibido?$p$,
   $j${"options":["Aqui é proibido fumar.","Aqui você pode fumar.","Aqui é bom fumar."]}$j$::jsonb, $j${"value":"Aqui é proibido fumar."}$j$::jsonb,
   0.50, ARRAY['unidad17','poder_e_proibido_regras','reading']),
 ('d3000178-0000-0000-0000-000000000178','20000000-0000-0000-0000-000000000002','B1','writing','cloze',
   $p$Completa con el modal de permiso ("puedes"):$p$,
   $j${"text":"Você ___ usar o celular depois da reunião."}$j$::jsonb, $j${"value":"pode","accepted":["pode"]}$j$::jsonb,
   0.50, ARRAY['unidad17','poder_e_proibido_regras','writing']),
 ('d3000179-0000-0000-0000-000000000179','20000000-0000-0000-0000-000000000002','B1','writing','translation',
   $p$Traduce al portugués: "¿Puedo pagar con tarjeta?"$p$,
   $j${"source":"¿Puedo pagar con tarjeta?"}$j$::jsonb, $j${"value":"Posso pagar com cartão?","accepted":["Posso pagar com cartão?","Eu posso pagar com cartão?","Posso pagar no cartão?"]}$j$::jsonb,
   0.50, ARRAY['unidad17','poder_e_proibido_regras','writing']),
 ('d3000180-0000-0000-0000-000000000180','20000000-0000-0000-0000-000000000002','B1','listening','listening',
   $p$Escucha y elige lo que oíste.$p$,
   $j${"options":["É proibido estacionar aqui.","É possível estacionar aqui.","É preciso estacionar aqui."],"say":"É proibido estacionar aqui.","audio_url":"https://wiauinufpbkmjlbqlkxo.supabase.co/storage/v1/object/public/audio/items/d3000180-0000-0000-0000-000000000180.mp3"}$j$::jsonb, $j${"value":"É proibido estacionar aqui."}$j$::jsonb,
   0.50, ARRAY['unidad17','poder_e_proibido_regras','listening']),
 ('d3000181-0000-0000-0000-000000000181','20000000-0000-0000-0000-000000000002','B1','writing','reorder',
   $p$Ordena: "Aquí no puedes entrar sin contraseña."$p$,
   $j${"tiles":["Aqui","você","não","pode","entrar","sem","senha"]}$j$::jsonb, $j${"value":"Aqui você não pode entrar sem senha"}$j$::jsonb,
   0.50, ARRAY['unidad17','poder_e_proibido_regras','writing']),
 ('d3000182-0000-0000-0000-000000000182','20000000-0000-0000-0000-000000000002','B1','reading','match',
   $p$Empareja portugués y español.$p$,
   $j${"pairs":[{"en":"a regra","es":"la regla"},{"en":"a senha","es":"la contraseña"},{"en":"o conselho","es":"el consejo"}]}$j$::jsonb, $j${"pairs":[["a regra","la regla"],["a senha","la contraseña"],["o conselho","el consejo"]]}$j$::jsonb,
   0.50, ARRAY['unidad17','poder_e_proibido_regras','reading']),
 ('d3000183-0000-0000-0000-000000000183','20000000-0000-0000-0000-000000000002','B1','speaking','speaking_read_aloud',
   $p$Lee en voz alta:$p$,
   $j${"text":"Aqui é proibido usar o telefone durante a prova.","audio_url":"https://wiauinufpbkmjlbqlkxo.supabase.co/storage/v1/object/public/audio/items/d3000183-0000-0000-0000-000000000183.mp3"}$j$::jsonb, $j${"expected":"Aqui é proibido usar o telefone durante a prova."}$j$::jsonb,
   0.50, ARRAY['unidad17','poder_e_proibido_regras','speaking']),
 ('d3000184-0000-0000-0000-000000000184','20000000-0000-0000-0000-000000000002','B1','reading','multiple_choice',
   $p$¿Cuál NO es una regla/prohibición?$p$,
   $j${"options":["Hoje eu posso descansar um pouco.","É proibido correr na piscina.","Você não pode chegar atrasado."]}$j$::jsonb, $j${"value":"Hoje eu posso descansar um pouco."}$j$::jsonb,
   0.50, ARRAY['unidad17','poder_e_proibido_regras','reading']),
 ('d3000185-0000-0000-0000-000000000185','20000000-0000-0000-0000-000000000002','B1','reading','multiple_choice',
   $p$Elige el condicional real correcto.$p$,
   $j${"options":["Se você estudar, vai passar.","Se você estudaria, vai passar.","Se você estudou, vai passar amanhã."]}$j$::jsonb, $j${"value":"Se você estudar, vai passar."}$j$::jsonb,
   0.50, ARRAY['unidad17','se_presente_futuro','reading']),
 ('d3000186-0000-0000-0000-000000000186','20000000-0000-0000-0000-000000000002','B1','writing','cloze',
   $p$Completa (chover):$p$,
   $j${"text":"Se ___, ficamos em casa."}$j$::jsonb, $j${"value":"chover","accepted":["chover"]}$j$::jsonb,
   0.50, ARRAY['unidad17','se_presente_futuro','writing']),
 ('d3000187-0000-0000-0000-000000000187','20000000-0000-0000-0000-000000000002','B1','writing','translation',
   $p$Traduce al portugués: "Si estudias, vas a aprobar."$p$,
   $j${"source":"Si estudias, vas a aprobar."}$j$::jsonb, $j${"value":"Se você estudar, vai passar.","accepted":["Se você estudar, vai passar.","Se você estudar, você vai passar.","Se estudar, vai passar.","Se você estudar, vai ser aprovado."]}$j$::jsonb,
   0.50, ARRAY['unidad17','se_presente_futuro','writing']),
 ('d3000188-0000-0000-0000-000000000188','20000000-0000-0000-0000-000000000002','B1','writing','word_bank',
   $p$Arma la frase: "Si pagas hoy, tienes garantía."$p$,
   $j${"tiles":["Se","você","pagar","hoje","tem","garantia","teria"]}$j$::jsonb, $j${"value":"Se você pagar hoje tem garantia","sequence":["Se","você","pagar","hoje","tem","garantia"]}$j$::jsonb,
   0.50, ARRAY['unidad17','se_presente_futuro','writing']),
 ('d3000189-0000-0000-0000-000000000189','20000000-0000-0000-0000-000000000002','B1','listening','listening',
   $p$Escucha y elige lo que oíste.$p$,
   $j${"options":["Se chover, ficamos em casa.","Se chove, ficamos na rua.","Se chovia, ficávamos em casa."],"say":"Se chover, ficamos em casa.","audio_url":"https://wiauinufpbkmjlbqlkxo.supabase.co/storage/v1/object/public/audio/items/d3000189-0000-0000-0000-000000000189.mp3"}$j$::jsonb, $j${"value":"Se chover, ficamos em casa."}$j$::jsonb,
   0.50, ARRAY['unidad17','se_presente_futuro','listening']),
 ('d3000190-0000-0000-0000-000000000190','20000000-0000-0000-0000-000000000002','B1','writing','reorder',
   $p$Ordena: "Si llamas ahora, resuelven el problema."$p$,
   $j${"tiles":["Se","você","ligar","agora","eles","resolvem","o","problema"]}$j$::jsonb, $j${"value":"Se você ligar agora eles resolvem o problema"}$j$::jsonb,
   0.50, ARRAY['unidad17','se_presente_futuro','writing']),
 ('d3000191-0000-0000-0000-000000000191','20000000-0000-0000-0000-000000000002','B1','speaking','speaking_read_aloud',
   $p$Lee en voz alta:$p$,
   $j${"text":"Se você ligar para o suporte, eles resolvem o problema.","audio_url":"https://wiauinufpbkmjlbqlkxo.supabase.co/storage/v1/object/public/audio/items/d3000191-0000-0000-0000-000000000191.mp3"}$j$::jsonb, $j${"expected":"Se você ligar para o suporte, eles resolvem o problema."}$j$::jsonb,
   0.50, ARRAY['unidad17','se_presente_futuro','speaking']),
 ('d3000192-0000-0000-0000-000000000192','20000000-0000-0000-0000-000000000002','B1','reading','multiple_choice',
   $p$¿Qué pasa "si no pagas"? Elige la frase coherente.$p$,
   $j${"options":["Se você não pagar, perde a garantia.","Se você não pagar, ganha a garantia.","Se você pagar, perde a garantia."]}$j$::jsonb, $j${"value":"Se você não pagar, perde a garantia."}$j$::jsonb,
   0.50, ARRAY['unidad17','se_presente_futuro','reading']),
 ('d3000193-0000-0000-0000-000000000193','20000000-0000-0000-0000-000000000002','B1','reading','multiple_choice',
   $p$Elige el mejor consejo para "el celular no funciona".$p$,
   $j${"options":["Você deve reiniciar o aparelho.","Você deve quebrar o aparelho.","Você deve esquecer o aparelho."]}$j$::jsonb, $j${"value":"Você deve reiniciar o aparelho."}$j$::jsonb,
   0.50, ARRAY['unidad17','quejas_soluciones_y_consejos','reading']),
 ('d3000194-0000-0000-0000-000000000194','20000000-0000-0000-0000-000000000002','B1','writing','cloze',
   $p$Completa con "necesito" (precisar):$p$,
   $j${"text":"Eu ___ de ajuda para resolver isto."}$j$::jsonb, $j${"value":"preciso","accepted":["preciso"]}$j$::jsonb,
   0.50, ARRAY['unidad17','quejas_soluciones_y_consejos','writing']),
 ('d3000195-0000-0000-0000-000000000195','20000000-0000-0000-0000-000000000002','B1','writing','translation',
   $p$Traduce al portugués: "Necesito hablar con el gerente."$p$,
   $j${"source":"Necesito hablar con el gerente."}$j$::jsonb, $j${"value":"Preciso falar com o gerente.","accepted":["Preciso falar com o gerente.","Eu preciso falar com o gerente.","Preciso de falar com o gerente.","Tenho que falar com o gerente."]}$j$::jsonb,
   0.50, ARRAY['unidad17','quejas_soluciones_y_consejos','writing']),
 ('d3000196-0000-0000-0000-000000000196','20000000-0000-0000-0000-000000000002','B1','reading','match',
   $p$Empareja portugués y español.$p$,
   $j${"pairs":[{"en":"consertar","es":"arreglar"},{"en":"reclamar","es":"quejarse"},{"en":"a solução","es":"la solución"}]}$j$::jsonb, $j${"pairs":[["consertar","arreglar"],["reclamar","quejarse"],["a solução","la solución"]]}$j$::jsonb,
   0.50, ARRAY['unidad17','quejas_soluciones_y_consejos','reading']),
 ('d3000197-0000-0000-0000-000000000197','20000000-0000-0000-0000-000000000002','B1','listening','listening',
   $p$Escucha y elige lo que oíste.$p$,
   $j${"options":["Preciso trocar o produto, está com defeito.","Preciso pagar o produto, está barato.","Preciso vender o produto, está novo."],"say":"Preciso trocar o produto, está com defeito.","audio_url":"https://wiauinufpbkmjlbqlkxo.supabase.co/storage/v1/object/public/audio/items/d3000197-0000-0000-0000-000000000197.mp3"}$j$::jsonb, $j${"value":"Preciso trocar o produto, está com defeito."}$j$::jsonb,
   0.50, ARRAY['unidad17','quejas_soluciones_y_consejos','listening']),
 ('d3000198-0000-0000-0000-000000000198','20000000-0000-0000-0000-000000000002','B1','writing','word_bank',
   $p$Arma la frase: "Debes hablar con el soporte."$p$,
   $j${"tiles":["Você","deve","falar","com","o","suporte","pode"]}$j$::jsonb, $j${"value":"Você deve falar com o suporte","sequence":["Você","deve","falar","com","o","suporte"]}$j$::jsonb,
   0.50, ARRAY['unidad17','quejas_soluciones_y_consejos','writing']),
 ('d3000199-0000-0000-0000-000000000199','20000000-0000-0000-0000-000000000002','B1','speaking','speaking_read_aloud',
   $p$Lee en voz alta:$p$,
   $j${"text":"Preciso de ajuda para consertar o computador.","audio_url":"https://wiauinufpbkmjlbqlkxo.supabase.co/storage/v1/object/public/audio/items/d3000199-0000-0000-0000-000000000199.mp3"}$j$::jsonb, $j${"expected":"Preciso de ajuda para consertar o computador."}$j$::jsonb,
   0.50, ARRAY['unidad17','quejas_soluciones_y_consejos','speaking']),
 ('d3000200-0000-0000-0000-000000000200','20000000-0000-0000-0000-000000000002','B1','reading','multiple_choice',
   $p$¿Cuál es una queja (reclamação) correcta?$p$,
   $j${"options":["Quero reclamar: o produto chegou quebrado.","Quero elogiar: o produto chegou quebrado.","Quero comprar: o produto chegou perfeito."]}$j$::jsonb, $j${"value":"Quero reclamar: o produto chegou quebrado."}$j$::jsonb,
   0.50, ARRAY['unidad17','quejas_soluciones_y_consejos','reading']),
 ('d3000201-0000-0000-0000-000000000201','20000000-0000-0000-0000-000000000002','B1','reading','multiple_choice',
   $p$Elige la obligación correcta: "Ella tiene que trabajar mañana."$p$,
   $j${"options":["Ela tem que trabalhar amanhã.","Ela tem que trabalhou amanhã.","Ela tem trabalhar amanhã."]}$j$::jsonb, $j${"value":"Ela tem que trabalhar amanhã."}$j$::jsonb,
   0.50, ARRAY['cp_unidad17','checkpoint','reading']),
 ('d3000202-0000-0000-0000-000000000202','20000000-0000-0000-0000-000000000002','B1','reading','multiple_choice',
   $p$Elige el condicional real correcto.$p$,
   $j${"options":["Se fizer sol, vamos à praia.","Se faz sol amanhã, fomos à praia.","Se faria sol, vamos à praia."]}$j$::jsonb, $j${"value":"Se fizer sol, vamos à praia."}$j$::jsonb,
   0.50, ARRAY['cp_unidad17','checkpoint','reading']),
 ('d3000203-0000-0000-0000-000000000203','20000000-0000-0000-0000-000000000002','B1','writing','cloze',
   $p$Completa (es proibido):$p$,
   $j${"text":"Aqui ___ proibido tirar fotos."}$j$::jsonb, $j${"value":"é","accepted":["é"]}$j$::jsonb,
   0.50, ARRAY['cp_unidad17','checkpoint','writing']),
 ('d3000204-0000-0000-0000-000000000204','20000000-0000-0000-0000-000000000002','B1','writing','cloze',
   $p$Completa el condicional (beber):$p$,
   $j${"text":"Se você ___, não dirige."}$j$::jsonb, $j${"value":"beber","accepted":["beber"]}$j$::jsonb,
   0.50, ARRAY['cp_unidad17','checkpoint','writing']),
 ('d3000205-0000-0000-0000-000000000205','20000000-0000-0000-0000-000000000002','B1','writing','translation',
   $p$Traduce al portugués: "Tienes que cambiar la contraseña."$p$,
   $j${"source":"Tienes que cambiar la contraseña."}$j$::jsonb, $j${"value":"Você tem que trocar a senha.","accepted":["Você tem que trocar a senha.","Você tem de trocar a senha.","Você deve trocar a senha.","Tem que trocar a senha."]}$j$::jsonb,
   0.50, ARRAY['cp_unidad17','checkpoint','writing']),
 ('d3000206-0000-0000-0000-000000000206','20000000-0000-0000-0000-000000000002','B1','writing','translation',
   $p$Traduce al portugués: "Si llamas ahora, resuelven tu problema."$p$,
   $j${"source":"Si llamas ahora, resuelven tu problema."}$j$::jsonb, $j${"value":"Se você ligar agora, resolvem o seu problema.","accepted":["Se você ligar agora, resolvem o seu problema.","Se você ligar agora, eles resolvem o seu problema.","Se ligar agora, resolvem seu problema."]}$j$::jsonb,
   0.50, ARRAY['cp_unidad17','checkpoint','writing']),
 ('d3000207-0000-0000-0000-000000000207','20000000-0000-0000-0000-000000000002','B1','listening','listening',
   $p$Escucha y elige lo que oíste.$p$,
   $j${"options":["Você não pode pagar com cheque aqui.","Você não pode pagar com cartão aqui.","Você pode pagar com cheque aqui."],"say":"Você não pode pagar com cheque aqui.","audio_url":"https://wiauinufpbkmjlbqlkxo.supabase.co/storage/v1/object/public/audio/items/d3000207-0000-0000-0000-000000000207.mp3"}$j$::jsonb, $j${"value":"Você não pode pagar com cheque aqui."}$j$::jsonb,
   0.50, ARRAY['cp_unidad17','checkpoint','listening']),
 ('d3000208-0000-0000-0000-000000000208','20000000-0000-0000-0000-000000000002','B1','listening','listening',
   $p$Escucha y elige lo que oíste.$p$,
   $j${"options":["Se você não estudar, vai reprovar.","Se você estudar, vai reprovar.","Se você não estudar, vai passar."],"say":"Se você não estudar, vai reprovar.","audio_url":"https://wiauinufpbkmjlbqlkxo.supabase.co/storage/v1/object/public/audio/items/d3000208-0000-0000-0000-000000000208.mp3"}$j$::jsonb, $j${"value":"Se você não estudar, vai reprovar."}$j$::jsonb,
   0.50, ARRAY['cp_unidad17','checkpoint','listening']),
 ('d3000209-0000-0000-0000-000000000209','20000000-0000-0000-0000-000000000002','B1','speaking','speaking_read_aloud',
   $p$Lee en voz alta:$p$,
   $j${"text":"Se chover amanhã, a gente fica em casa.","audio_url":"https://wiauinufpbkmjlbqlkxo.supabase.co/storage/v1/object/public/audio/items/d3000209-0000-0000-0000-000000000209.mp3"}$j$::jsonb, $j${"expected":"Se chover amanhã, a gente fica em casa."}$j$::jsonb,
   0.50, ARRAY['cp_unidad17','checkpoint','speaking']),
 ('d3000210-0000-0000-0000-000000000210','20000000-0000-0000-0000-000000000002','B1','speaking','speaking_read_aloud',
   $p$Lee en voz alta:$p$,
   $j${"text":"Você deve reclamar se o produto chegar com defeito.","audio_url":"https://wiauinufpbkmjlbqlkxo.supabase.co/storage/v1/object/public/audio/items/d3000210-0000-0000-0000-000000000210.mp3"}$j$::jsonb, $j${"expected":"Você deve reclamar se o produto chegar com defeito."}$j$::jsonb,
   0.50, ARRAY['cp_unidad17','checkpoint','speaking'])
on conflict (id) do update set prompt=excluded.prompt, payload=excluded.payload, correct_answer=excluded.correct_answer, difficulty=excluded.difficulty, tags=excluded.tags, updated_at=now();
insert into lesson_items (lesson_id, item_id, order_index) values
 ('42000000-0000-0000-0000-000000001701','d3000169-0000-0000-0000-000000000169',1),
 ('42000000-0000-0000-0000-000000001701','d3000170-0000-0000-0000-000000000170',2),
 ('42000000-0000-0000-0000-000000001701','d3000171-0000-0000-0000-000000000171',3),
 ('42000000-0000-0000-0000-000000001701','d3000172-0000-0000-0000-000000000172',4),
 ('42000000-0000-0000-0000-000000001701','d3000173-0000-0000-0000-000000000173',5),
 ('42000000-0000-0000-0000-000000001701','d3000174-0000-0000-0000-000000000174',6),
 ('42000000-0000-0000-0000-000000001701','d3000175-0000-0000-0000-000000000175',7),
 ('42000000-0000-0000-0000-000000001701','d3000176-0000-0000-0000-000000000176',8),
 ('42000000-0000-0000-0000-000000001702','d3000177-0000-0000-0000-000000000177',1),
 ('42000000-0000-0000-0000-000000001702','d3000178-0000-0000-0000-000000000178',2),
 ('42000000-0000-0000-0000-000000001702','d3000179-0000-0000-0000-000000000179',3),
 ('42000000-0000-0000-0000-000000001702','d3000180-0000-0000-0000-000000000180',4),
 ('42000000-0000-0000-0000-000000001702','d3000181-0000-0000-0000-000000000181',5),
 ('42000000-0000-0000-0000-000000001702','d3000182-0000-0000-0000-000000000182',6),
 ('42000000-0000-0000-0000-000000001702','d3000183-0000-0000-0000-000000000183',7),
 ('42000000-0000-0000-0000-000000001702','d3000184-0000-0000-0000-000000000184',8),
 ('42000000-0000-0000-0000-000000001703','d3000185-0000-0000-0000-000000000185',1),
 ('42000000-0000-0000-0000-000000001703','d3000186-0000-0000-0000-000000000186',2),
 ('42000000-0000-0000-0000-000000001703','d3000187-0000-0000-0000-000000000187',3),
 ('42000000-0000-0000-0000-000000001703','d3000188-0000-0000-0000-000000000188',4),
 ('42000000-0000-0000-0000-000000001703','d3000189-0000-0000-0000-000000000189',5),
 ('42000000-0000-0000-0000-000000001703','d3000190-0000-0000-0000-000000000190',6),
 ('42000000-0000-0000-0000-000000001703','d3000191-0000-0000-0000-000000000191',7),
 ('42000000-0000-0000-0000-000000001703','d3000192-0000-0000-0000-000000000192',8),
 ('42000000-0000-0000-0000-000000001704','d3000193-0000-0000-0000-000000000193',1),
 ('42000000-0000-0000-0000-000000001704','d3000194-0000-0000-0000-000000000194',2),
 ('42000000-0000-0000-0000-000000001704','d3000195-0000-0000-0000-000000000195',3),
 ('42000000-0000-0000-0000-000000001704','d3000196-0000-0000-0000-000000000196',4),
 ('42000000-0000-0000-0000-000000001704','d3000197-0000-0000-0000-000000000197',5),
 ('42000000-0000-0000-0000-000000001704','d3000198-0000-0000-0000-000000000198',6),
 ('42000000-0000-0000-0000-000000001704','d3000199-0000-0000-0000-000000000199',7),
 ('42000000-0000-0000-0000-000000001704','d3000200-0000-0000-0000-000000000200',8),
 ('42000000-0000-0000-0000-000000001705','d3000201-0000-0000-0000-000000000201',1),
 ('42000000-0000-0000-0000-000000001705','d3000202-0000-0000-0000-000000000202',2),
 ('42000000-0000-0000-0000-000000001705','d3000203-0000-0000-0000-000000000203',3),
 ('42000000-0000-0000-0000-000000001705','d3000204-0000-0000-0000-000000000204',4),
 ('42000000-0000-0000-0000-000000001705','d3000205-0000-0000-0000-000000000205',5),
 ('42000000-0000-0000-0000-000000001705','d3000206-0000-0000-0000-000000000206',6),
 ('42000000-0000-0000-0000-000000001705','d3000207-0000-0000-0000-000000000207',7),
 ('42000000-0000-0000-0000-000000001705','d3000208-0000-0000-0000-000000000208',8),
 ('42000000-0000-0000-0000-000000001705','d3000209-0000-0000-0000-000000000209',9),
 ('42000000-0000-0000-0000-000000001705','d3000210-0000-0000-0000-000000000210',10)
on conflict (lesson_id, item_id) do nothing;
insert into vocabulary (id, course_id, word, translation, frequency_rank, part_of_speech) values
 ('d3b00065-0000-0000-0000-000000000065','20000000-0000-0000-0000-000000000002',$p$dever$p$,$p$deber$p$,840,'v'),
 ('d3b00066-0000-0000-0000-000000000066','20000000-0000-0000-0000-000000000002',$p$ter que$p$,$p$tener que$p$,841,'expr'),
 ('d3b00067-0000-0000-0000-000000000067','20000000-0000-0000-0000-000000000002',$p$precisar de$p$,$p$necesitar$p$,842,'v'),
 ('d3b00068-0000-0000-0000-000000000068','20000000-0000-0000-0000-000000000002',$p$poder$p$,$p$poder$p$,843,'v'),
 ('d3b00069-0000-0000-0000-000000000069','20000000-0000-0000-0000-000000000002',$p$é proibido$p$,$p$está prohibido$p$,844,'expr'),
 ('d3b00070-0000-0000-0000-000000000070','20000000-0000-0000-0000-000000000002',$p$resolver$p$,$p$resolver$p$,845,'v'),
 ('d3b00071-0000-0000-0000-000000000071','20000000-0000-0000-0000-000000000002',$p$o problema$p$,$p$el problema$p$,846,'n'),
 ('d3b00072-0000-0000-0000-000000000072','20000000-0000-0000-0000-000000000002',$p$a solução$p$,$p$la solución$p$,847,'n'),
 ('d3b00073-0000-0000-0000-000000000073','20000000-0000-0000-0000-000000000002',$p$o conselho$p$,$p$el consejo$p$,848,'n'),
 ('d3b00074-0000-0000-0000-000000000074','20000000-0000-0000-0000-000000000002',$p$a regra$p$,$p$la regla$p$,849,'n'),
 ('d3b00075-0000-0000-0000-000000000075','20000000-0000-0000-0000-000000000002',$p$consertar$p$,$p$arreglar$p$,850,'v'),
 ('d3b00076-0000-0000-0000-000000000076','20000000-0000-0000-0000-000000000002',$p$a senha$p$,$p$la contraseña$p$,851,'n'),
 ('d3b00077-0000-0000-0000-000000000077','20000000-0000-0000-0000-000000000002',$p$reclamar$p$,$p$reclamar / quejarse$p$,852,'v'),
 ('d3b00078-0000-0000-0000-000000000078','20000000-0000-0000-0000-000000000002',$p$a garantia$p$,$p$la garantía$p$,853,'n'),
 ('d3b00079-0000-0000-0000-000000000079','20000000-0000-0000-0000-000000000002',$p$se$p$,$p$si (condicional)$p$,854,'conj'),
 ('d3b00080-0000-0000-0000-000000000080','20000000-0000-0000-0000-000000000002',$p$caso contrário$p$,$p$de lo contrario$p$,855,'expr')
on conflict (id) do nothing;

-- ── Unidad 18 (B1·pt): Comparar y contar ─────────────────────────────
insert into units (id, course_id, cefr_level, order_index, title, theme_color, icon) values
 ('32000000-0000-0000-0000-000000000018','20000000-0000-0000-0000-000000000002','B1',18,$p$Comparar y contar$p$,'#6C5CE7','x')
on conflict (course_id, order_index) do update set title=excluded.title, theme_color=excluded.theme_color, icon=excluded.icon;
insert into lessons (id, unit_id, order_index, title, description, type, xp_reward) values
 ('42000000-0000-0000-0000-000000001801','32000000-0000-0000-0000-000000000018',1,$p$Más que, menos que$p$,$p$Más que, menos que$p$,'lesson',15),
 ('42000000-0000-0000-0000-000000001802','32000000-0000-0000-0000-000000000018',2,$p$Tan… como, el mejor$p$,$p$Tan… como, el mejor$p$,'lesson',15),
 ('42000000-0000-0000-0000-000000001803','32000000-0000-0000-0000-000000000018',3,$p$Voz pasiva$p$,$p$Voz pasiva$p$,'lesson',15),
 ('42000000-0000-0000-0000-000000001804','32000000-0000-0000-0000-000000000018',4,$p$Discurso indirecto$p$,$p$Discurso indirecto$p$,'lesson',15),
 ('42000000-0000-0000-0000-000000001805','32000000-0000-0000-0000-000000000018',5,$p$🏁 Checkpoint Unidade 18$p$,$p$Cronometrado · 4 habilidades · 80%.$p$,'checkpoint',40)
on conflict (unit_id, order_index) do update set title=excluded.title, description=excluded.description;
insert into exams (id, course_id, type, cefr_level, unit_id, time_limit_sec, pass_threshold, sections) values
 ('52000000-0000-0000-0000-000000000018','20000000-0000-0000-0000-000000000002','checkpoint','B1','32000000-0000-0000-0000-000000000018',300,0.80,$j${"skills":["reading","listening","writing","speaking"],"item_count":10,"randomize":true}$j$::jsonb)
on conflict (id) do nothing;
insert into content_items (id, course_id, cefr_level, skill, type, prompt, payload, correct_answer, difficulty, tags) values
 ('d3000211-0000-0000-0000-000000000211','20000000-0000-0000-0000-000000000002','B1','reading','multiple_choice',
   $p$Elige la comparación correcta:$p$,
   $j${"options":["Este filme é mais longo do que o outro.","Este filme é mais longo que do o outro.","Este filme mais longo é do que o outro."]}$j$::jsonb, $j${"value":"Este filme é mais longo do que o outro."}$j$::jsonb,
   0.50, ARRAY['unidad18','comparativos_de_superioridad_e_inferioridad','reading']),
 ('d3000212-0000-0000-0000-000000000212','20000000-0000-0000-0000-000000000002','B1','writing','cloze',
   $p$Completa con el comparativo de superioridad:$p$,
   $j${"text":"Este livro é ___ interessante do que o outro."}$j$::jsonb, $j${"value":"mais","accepted":["mais"]}$j$::jsonb,
   0.50, ARRAY['unidad18','comparativos_de_superioridad_e_inferioridad','writing']),
 ('d3000213-0000-0000-0000-000000000213','20000000-0000-0000-0000-000000000002','B1','writing','cloze',
   $p$Completa con el comparativo de inferioridad:$p$,
   $j${"text":"Esta revista é ___ cara do que o jornal."}$j$::jsonb, $j${"value":"menos","accepted":["menos"]}$j$::jsonb,
   0.50, ARRAY['unidad18','comparativos_de_superioridad_e_inferioridad','writing']),
 ('d3000214-0000-0000-0000-000000000214','20000000-0000-0000-0000-000000000002','B1','reading','match',
   $p$Empareja portugués y español:$p$,
   $j${"pairs":[{"en":"mais do que","es":"más que"},{"en":"menos do que","es":"menos que"},{"en":"tão quanto","es":"tan como"}]}$j$::jsonb, $j${"pairs":[["mais do que","más que"],["menos do que","menos que"],["tão quanto","tan como"]]}$j$::jsonb,
   0.50, ARRAY['unidad18','comparativos_de_superioridad_e_inferioridad','reading']),
 ('d3000215-0000-0000-0000-000000000215','20000000-0000-0000-0000-000000000002','B1','writing','translation',
   $p$Traduce al portugués: "Esta canción es más alegre que la otra."$p$,
   $j${"source":"Esta canción es más alegre que la otra."}$j$::jsonb, $j${"value":"Esta música é mais alegre do que a outra.","accepted":["Esta música é mais alegre do que a outra.","Esta música é mais alegre que a outra.","Esta canção é mais alegre do que a outra."]}$j$::jsonb,
   0.50, ARRAY['unidad18','comparativos_de_superioridad_e_inferioridad','writing']),
 ('d3000216-0000-0000-0000-000000000216','20000000-0000-0000-0000-000000000002','B1','listening','listening',
   $p$Escucha y elige lo que oíste.$p$,
   $j${"options":["O filme é menos longo do que o livro.","O filme é mais longo do que o livro.","O livro é menos longo do que o filme."],"say":"O filme é mais longo do que o livro.","audio_url":"https://wiauinufpbkmjlbqlkxo.supabase.co/storage/v1/object/public/audio/items/d3000216-0000-0000-0000-000000000216.mp3"}$j$::jsonb, $j${"value":"O filme é mais longo do que o livro."}$j$::jsonb,
   0.50, ARRAY['unidad18','comparativos_de_superioridad_e_inferioridad','listening']),
 ('d3000217-0000-0000-0000-000000000217','20000000-0000-0000-0000-000000000002','B1','speaking','speaking_read_aloud',
   $p$Lee en voz alta:$p$,
   $j${"text":"Este filme é mais emocionante do que o anterior.","audio_url":"https://wiauinufpbkmjlbqlkxo.supabase.co/storage/v1/object/public/audio/items/d3000217-0000-0000-0000-000000000217.mp3"}$j$::jsonb, $j${"expected":"Este filme é mais emocionante do que o anterior."}$j$::jsonb,
   0.50, ARRAY['unidad18','comparativos_de_superioridad_e_inferioridad','speaking']),
 ('d3000218-0000-0000-0000-000000000218','20000000-0000-0000-0000-000000000002','B1','writing','reorder',
   $p$Ordena: "La noticia es menos importante que la otra."$p$,
   $j${"tiles":["A","notícia","é","menos","importante","do","que","a","outra"]}$j$::jsonb, $j${"value":"A notícia é menos importante do que a outra"}$j$::jsonb,
   0.50, ARRAY['unidad18','comparativos_de_superioridad_e_inferioridad','writing']),
 ('d3000219-0000-0000-0000-000000000219','20000000-0000-0000-0000-000000000002','B1','writing','cloze',
   $p$Completa la comparación de igualdad:$p$,
   $j${"text":"Este cantor é ___ famoso quanto o outro."}$j$::jsonb, $j${"value":"tão","accepted":["tão"]}$j$::jsonb,
   0.50, ARRAY['unidad18','igualdad_y_superlativos_relativos','writing']),
 ('d3000220-0000-0000-0000-000000000220','20000000-0000-0000-0000-000000000002','B1','reading','multiple_choice',
   $p$Elige el superlativo correcto:$p$,
   $j${"options":["É o melhor filme do ano.","É o mais bom filme do ano.","É o filme melhor do ano mais."]}$j$::jsonb, $j${"value":"É o melhor filme do ano."}$j$::jsonb,
   0.50, ARRAY['unidad18','igualdad_y_superlativos_relativos','reading']),
 ('d3000221-0000-0000-0000-000000000221','20000000-0000-0000-0000-000000000002','B1','reading','multiple_choice',
   $p$Elige la frase correcta:$p$,
   $j${"options":["Foi a pior notícia da semana.","Foi a mais má notícia da semana.","Foi a notícia mais pior da semana."]}$j$::jsonb, $j${"value":"Foi a pior notícia da semana."}$j$::jsonb,
   0.50, ARRAY['unidad18','igualdad_y_superlativos_relativos','reading']),
 ('d3000222-0000-0000-0000-000000000222','20000000-0000-0000-0000-000000000002','B1','writing','cloze',
   $p$Completa con el superlativo de tamaño:$p$,
   $j${"text":"É ___ maior cinema da cidade."}$j$::jsonb, $j${"value":"o","accepted":["o"]}$j$::jsonb,
   0.50, ARRAY['unidad18','igualdad_y_superlativos_relativos','writing']),
 ('d3000223-0000-0000-0000-000000000223','20000000-0000-0000-0000-000000000002','B1','reading','match',
   $p$Empareja portugués y español:$p$,
   $j${"pairs":[{"en":"o melhor","es":"el mejor"},{"en":"o pior","es":"el peor"},{"en":"o maior","es":"el mayor"}]}$j$::jsonb, $j${"pairs":[["o melhor","el mejor"],["o pior","el peor"],["o maior","el mayor"]]}$j$::jsonb,
   0.50, ARRAY['unidad18','igualdad_y_superlativos_relativos','reading']),
 ('d3000224-0000-0000-0000-000000000224','20000000-0000-0000-0000-000000000002','B1','writing','word_bank',
   $p$Arma la frase: "Ella es tan famosa como él."$p$,
   $j${"tiles":["Ela","é","tão","famosa","quanto","ele","mais"]}$j$::jsonb, $j${"value":"Ela é tão famosa quanto ele","sequence":["Ela","é","tão","famosa","quanto","ele"]}$j$::jsonb,
   0.50, ARRAY['unidad18','igualdad_y_superlativos_relativos','writing']),
 ('d3000225-0000-0000-0000-000000000225','20000000-0000-0000-0000-000000000002','B1','listening','listening',
   $p$Escucha y elige lo que oíste.$p$,
   $j${"options":["É o melhor livro do autor.","É o pior livro do autor.","É o maior livro do autor."],"say":"É o melhor livro do autor.","audio_url":"https://wiauinufpbkmjlbqlkxo.supabase.co/storage/v1/object/public/audio/items/d3000225-0000-0000-0000-000000000225.mp3"}$j$::jsonb, $j${"value":"É o melhor livro do autor."}$j$::jsonb,
   0.50, ARRAY['unidad18','igualdad_y_superlativos_relativos','listening']),
 ('d3000226-0000-0000-0000-000000000226','20000000-0000-0000-0000-000000000002','B1','speaking','speaking_read_aloud',
   $p$Lee en voz alta:$p$,
   $j${"text":"Esta é a melhor música do álbum.","audio_url":"https://wiauinufpbkmjlbqlkxo.supabase.co/storage/v1/object/public/audio/items/d3000226-0000-0000-0000-000000000226.mp3"}$j$::jsonb, $j${"expected":"Esta é a melhor música do álbum."}$j$::jsonb,
   0.50, ARRAY['unidad18','igualdad_y_superlativos_relativos','speaking']),
 ('d3000227-0000-0000-0000-000000000227','20000000-0000-0000-0000-000000000002','B1','reading','multiple_choice',
   $p$Elige la voz pasiva correcta:$p$,
   $j${"options":["O livro foi escrito por um autor brasileiro.","O livro foi escreveu por um autor brasileiro.","O livro escrito foi por um autor brasileiro."]}$j$::jsonb, $j${"value":"O livro foi escrito por um autor brasileiro."}$j$::jsonb,
   0.50, ARRAY['unidad18','foi_construido_e_vendido','reading']),
 ('d3000228-0000-0000-0000-000000000228','20000000-0000-0000-0000-000000000002','B1','writing','cloze',
   $p$Completa la voz pasiva (pretérito):$p$,
   $j${"text":"O museu ___ construído em 1950."}$j$::jsonb, $j${"value":"foi","accepted":["foi"]}$j$::jsonb,
   0.50, ARRAY['unidad18','foi_construido_e_vendido','writing']),
 ('d3000229-0000-0000-0000-000000000229','20000000-0000-0000-0000-000000000002','B1','writing','cloze',
   $p$Completa la voz pasiva (presente):$p$,
   $j${"text":"Esta revista ___ vendida em todo o país."}$j$::jsonb, $j${"value":"é","accepted":["é"]}$j$::jsonb,
   0.50, ARRAY['unidad18','foi_construido_e_vendido','writing']),
 ('d3000230-0000-0000-0000-000000000230','20000000-0000-0000-0000-000000000002','B1','writing','translation',
   $p$Traduce al portugués: "El libro fue escrito por ella."$p$,
   $j${"source":"El libro fue escrito por ella."}$j$::jsonb, $j${"value":"O livro foi escrito por ela.","accepted":["O livro foi escrito por ela.","O livro foi escrito por ela"]}$j$::jsonb,
   0.50, ARRAY['unidad18','foi_construido_e_vendido','writing']),
 ('d3000231-0000-0000-0000-000000000231','20000000-0000-0000-0000-000000000002','B1','reading','match',
   $p$Empareja portugués y español:$p$,
   $j${"pairs":[{"en":"foi construído","es":"fue construido"},{"en":"é vendido","es":"se vende"},{"en":"foi escrito","es":"fue escrito"}]}$j$::jsonb, $j${"pairs":[["foi construído","fue construido"],["é vendido","se vende"],["foi escrito","fue escrito"]]}$j$::jsonb,
   0.50, ARRAY['unidad18','foi_construido_e_vendido','reading']),
 ('d3000232-0000-0000-0000-000000000232','20000000-0000-0000-0000-000000000002','B1','writing','word_bank',
   $p$Arma la frase: "El periódico es vendido aquí."$p$,
   $j${"tiles":["O","jornal","é","vendido","aqui","foi"]}$j$::jsonb, $j${"value":"O jornal é vendido aqui","sequence":["O","jornal","é","vendido","aqui"]}$j$::jsonb,
   0.50, ARRAY['unidad18','foi_construido_e_vendido','writing']),
 ('d3000233-0000-0000-0000-000000000233','20000000-0000-0000-0000-000000000002','B1','listening','listening',
   $p$Escucha y elige lo que oíste.$p$,
   $j${"options":["O filme foi gravado no Brasil.","O filme é gravado no Brasil.","O filme foi gravando no Brasil."],"say":"O filme foi gravado no Brasil.","audio_url":"https://wiauinufpbkmjlbqlkxo.supabase.co/storage/v1/object/public/audio/items/d3000233-0000-0000-0000-000000000233.mp3"}$j$::jsonb, $j${"value":"O filme foi gravado no Brasil."}$j$::jsonb,
   0.50, ARRAY['unidad18','foi_construido_e_vendido','listening']),
 ('d3000234-0000-0000-0000-000000000234','20000000-0000-0000-0000-000000000002','B1','speaking','speaking_read_aloud',
   $p$Lee en voz alta:$p$,
   $j${"text":"Este estádio foi construído há muitos anos.","audio_url":"https://wiauinufpbkmjlbqlkxo.supabase.co/storage/v1/object/public/audio/items/d3000234-0000-0000-0000-000000000234.mp3"}$j$::jsonb, $j${"expected":"Este estádio foi construído há muitos anos."}$j$::jsonb,
   0.50, ARRAY['unidad18','foi_construido_e_vendido','speaking']),
 ('d3000235-0000-0000-0000-000000000235','20000000-0000-0000-0000-000000000002','B1','reading','multiple_choice',
   $p$Elige el discurso indirecto correcto:$p$,
   $j${"options":["Ele disse que ia ao cinema.","Ele disse que vai ao cinema ontem.","Ele disse ia que ao cinema."]}$j$::jsonb, $j${"value":"Ele disse que ia ao cinema."}$j$::jsonb,
   0.50, ARRAY['unidad18','ele_disse_que_ela_falou_que','reading']),
 ('d3000236-0000-0000-0000-000000000236','20000000-0000-0000-0000-000000000002','B1','writing','cloze',
   $p$Completa el discurso indirecto (que):$p$,
   $j${"text":"Ela falou ___ ia assistir ao filme."}$j$::jsonb, $j${"value":"que","accepted":["que"]}$j$::jsonb,
   0.50, ARRAY['unidad18','ele_disse_que_ela_falou_que','writing']),
 ('d3000237-0000-0000-0000-000000000237','20000000-0000-0000-0000-000000000002','B1','writing','cloze',
   $p$Completa el verbo introductor (decir, pretérito):$p$,
   $j${"text":"O jornalista ___ que a notícia era verdadeira."}$j$::jsonb, $j${"value":"disse","accepted":["disse"]}$j$::jsonb,
   0.50, ARRAY['unidad18','ele_disse_que_ela_falou_que','writing']),
 ('d3000238-0000-0000-0000-000000000238','20000000-0000-0000-0000-000000000002','B1','writing','translation',
   $p$Traduce al portugués: "Él dijo que el libro era muy bueno."$p$,
   $j${"source":"Él dijo que el libro era muy bueno."}$j$::jsonb, $j${"value":"Ele disse que o livro era muito bom.","accepted":["Ele disse que o livro era muito bom.","Ele falou que o livro era muito bom."]}$j$::jsonb,
   0.50, ARRAY['unidad18','ele_disse_que_ela_falou_que','writing']),
 ('d3000239-0000-0000-0000-000000000239','20000000-0000-0000-0000-000000000002','B1','reading','match',
   $p$Empareja portugués y español:$p$,
   $j${"pairs":[{"en":"Ele disse que","es":"Él dijo que"},{"en":"Ela falou que","es":"Ella dijo que"},{"en":"ia assistir","es":"iba a ver"}]}$j$::jsonb, $j${"pairs":[["Ele disse que","Él dijo que"],["Ela falou que","Ella dijo que"],["ia assistir","iba a ver"]]}$j$::jsonb,
   0.50, ARRAY['unidad18','ele_disse_que_ela_falou_que','reading']),
 ('d3000240-0000-0000-0000-000000000240','20000000-0000-0000-0000-000000000002','B1','writing','reorder',
   $p$Ordena: "Ella dijo que iba a leer la revista."$p$,
   $j${"tiles":["Ela","disse","que","ia","ler","a","revista"]}$j$::jsonb, $j${"value":"Ela disse que ia ler a revista"}$j$::jsonb,
   0.50, ARRAY['unidad18','ele_disse_que_ela_falou_que','writing']),
 ('d3000241-0000-0000-0000-000000000241','20000000-0000-0000-0000-000000000002','B1','listening','listening',
   $p$Escucha y elige lo que oíste.$p$,
   $j${"options":["Ele disse que a música era ótima.","Ele disse que a música era péssima.","Ela disse que a música era ótima."],"say":"Ele disse que a música era ótima.","audio_url":"https://wiauinufpbkmjlbqlkxo.supabase.co/storage/v1/object/public/audio/items/d3000241-0000-0000-0000-000000000241.mp3"}$j$::jsonb, $j${"value":"Ele disse que a música era ótima."}$j$::jsonb,
   0.50, ARRAY['unidad18','ele_disse_que_ela_falou_que','listening']),
 ('d3000242-0000-0000-0000-000000000242','20000000-0000-0000-0000-000000000002','B1','speaking','speaking_read_aloud',
   $p$Lee en voz alta:$p$,
   $j${"text":"Ela falou que ia ao show no sábado.","audio_url":"https://wiauinufpbkmjlbqlkxo.supabase.co/storage/v1/object/public/audio/items/d3000242-0000-0000-0000-000000000242.mp3"}$j$::jsonb, $j${"expected":"Ela falou que ia ao show no sábado."}$j$::jsonb,
   0.50, ARRAY['unidad18','ele_disse_que_ela_falou_que','speaking']),
 ('d3000243-0000-0000-0000-000000000243','20000000-0000-0000-0000-000000000002','B1','reading','multiple_choice',
   $p$Elige la frase correcta:$p$,
   $j${"options":["Este jornal é mais antigo do que a revista.","Este jornal é mais antigo que do a revista.","Este jornal mais antigo do que é a revista."]}$j$::jsonb, $j${"value":"Este jornal é mais antigo do que a revista."}$j$::jsonb,
   0.50, ARRAY['cp_unidad18','checkpoint','reading']),
 ('d3000244-0000-0000-0000-000000000244','20000000-0000-0000-0000-000000000002','B1','writing','cloze',
   $p$Completa con la comparación de igualdad:$p$,
   $j${"text":"Este filme é ___ bom quanto o livro."}$j$::jsonb, $j${"value":"tão","accepted":["tão"]}$j$::jsonb,
   0.50, ARRAY['cp_unidad18','checkpoint','writing']),
 ('d3000245-0000-0000-0000-000000000245','20000000-0000-0000-0000-000000000002','B1','reading','multiple_choice',
   $p$Elige la voz pasiva correcta:$p$,
   $j${"options":["A ponte foi construída em dois anos.","A ponte foi construir em dois anos.","A ponte construída foi em dois anos."]}$j$::jsonb, $j${"value":"A ponte foi construída em dois anos."}$j$::jsonb,
   0.50, ARRAY['cp_unidad18','checkpoint','reading']),
 ('d3000246-0000-0000-0000-000000000246','20000000-0000-0000-0000-000000000002','B1','writing','cloze',
   $p$Completa el discurso indirecto tras 'disse':$p$,
   $j${"text":"Ele disse ___ ia comprar o livro."}$j$::jsonb, $j${"value":"que","accepted":["que"]}$j$::jsonb,
   0.50, ARRAY['cp_unidad18','checkpoint','writing']),
 ('d3000247-0000-0000-0000-000000000247','20000000-0000-0000-0000-000000000002','B1','writing','translation',
   $p$Traduce al portugués: "Esta es la peor noticia del día."$p$,
   $j${"source":"Esta es la peor noticia del día."}$j$::jsonb, $j${"value":"Esta é a pior notícia do dia.","accepted":["Esta é a pior notícia do dia.","Essa é a pior notícia do dia."]}$j$::jsonb,
   0.50, ARRAY['cp_unidad18','checkpoint','writing']),
 ('d3000248-0000-0000-0000-000000000248','20000000-0000-0000-0000-000000000002','B1','reading','match',
   $p$Empareja portugués y español:$p$,
   $j${"pairs":[{"en":"o melhor","es":"el mejor"},{"en":"foi escrito por","es":"fue escrito por"},{"en":"disse que","es":"dijo que"}]}$j$::jsonb, $j${"pairs":[["o melhor","el mejor"],["foi escrito por","fue escrito por"],["disse que","dijo que"]]}$j$::jsonb,
   0.50, ARRAY['cp_unidad18','checkpoint','reading']),
 ('d3000249-0000-0000-0000-000000000249','20000000-0000-0000-0000-000000000002','B1','writing','word_bank',
   $p$Arma la frase: "La canción es vendida en todo el mundo."$p$,
   $j${"tiles":["A","música","é","vendida","no","mundo","todo","foi"]}$j$::jsonb, $j${"value":"A música é vendida no mundo todo","sequence":["A","música","é","vendida","no","mundo","todo"]}$j$::jsonb,
   0.50, ARRAY['cp_unidad18','checkpoint','writing']),
 ('d3000250-0000-0000-0000-000000000250','20000000-0000-0000-0000-000000000002','B1','writing','reorder',
   $p$Ordena: "Ella dijo que iba al cine."$p$,
   $j${"tiles":["Ela","disse","que","ia","ao","cinema"]}$j$::jsonb, $j${"value":"Ela disse que ia ao cinema"}$j$::jsonb,
   0.50, ARRAY['cp_unidad18','checkpoint','writing']),
 ('d3000251-0000-0000-0000-000000000251','20000000-0000-0000-0000-000000000002','B1','listening','listening',
   $p$Escucha y elige lo que oíste.$p$,
   $j${"options":["Este é o maior cinema da cidade.","Este é o menor cinema da cidade.","Este é o melhor cinema da cidade."],"say":"Este é o maior cinema da cidade.","audio_url":"https://wiauinufpbkmjlbqlkxo.supabase.co/storage/v1/object/public/audio/items/d3000251-0000-0000-0000-000000000251.mp3"}$j$::jsonb, $j${"value":"Este é o maior cinema da cidade."}$j$::jsonb,
   0.50, ARRAY['cp_unidad18','checkpoint','listening']),
 ('d3000252-0000-0000-0000-000000000252','20000000-0000-0000-0000-000000000002','B1','speaking','speaking_read_aloud',
   $p$Lee en voz alta:$p$,
   $j${"text":"O filme foi premiado e é o melhor do ano.","audio_url":"https://wiauinufpbkmjlbqlkxo.supabase.co/storage/v1/object/public/audio/items/d3000252-0000-0000-0000-000000000252.mp3"}$j$::jsonb, $j${"expected":"O filme foi premiado e é o melhor do ano."}$j$::jsonb,
   0.50, ARRAY['cp_unidad18','checkpoint','speaking'])
on conflict (id) do update set prompt=excluded.prompt, payload=excluded.payload, correct_answer=excluded.correct_answer, difficulty=excluded.difficulty, tags=excluded.tags, updated_at=now();
insert into lesson_items (lesson_id, item_id, order_index) values
 ('42000000-0000-0000-0000-000000001801','d3000211-0000-0000-0000-000000000211',1),
 ('42000000-0000-0000-0000-000000001801','d3000212-0000-0000-0000-000000000212',2),
 ('42000000-0000-0000-0000-000000001801','d3000213-0000-0000-0000-000000000213',3),
 ('42000000-0000-0000-0000-000000001801','d3000214-0000-0000-0000-000000000214',4),
 ('42000000-0000-0000-0000-000000001801','d3000215-0000-0000-0000-000000000215',5),
 ('42000000-0000-0000-0000-000000001801','d3000216-0000-0000-0000-000000000216',6),
 ('42000000-0000-0000-0000-000000001801','d3000217-0000-0000-0000-000000000217',7),
 ('42000000-0000-0000-0000-000000001801','d3000218-0000-0000-0000-000000000218',8),
 ('42000000-0000-0000-0000-000000001802','d3000219-0000-0000-0000-000000000219',1),
 ('42000000-0000-0000-0000-000000001802','d3000220-0000-0000-0000-000000000220',2),
 ('42000000-0000-0000-0000-000000001802','d3000221-0000-0000-0000-000000000221',3),
 ('42000000-0000-0000-0000-000000001802','d3000222-0000-0000-0000-000000000222',4),
 ('42000000-0000-0000-0000-000000001802','d3000223-0000-0000-0000-000000000223',5),
 ('42000000-0000-0000-0000-000000001802','d3000224-0000-0000-0000-000000000224',6),
 ('42000000-0000-0000-0000-000000001802','d3000225-0000-0000-0000-000000000225',7),
 ('42000000-0000-0000-0000-000000001802','d3000226-0000-0000-0000-000000000226',8),
 ('42000000-0000-0000-0000-000000001803','d3000227-0000-0000-0000-000000000227',1),
 ('42000000-0000-0000-0000-000000001803','d3000228-0000-0000-0000-000000000228',2),
 ('42000000-0000-0000-0000-000000001803','d3000229-0000-0000-0000-000000000229',3),
 ('42000000-0000-0000-0000-000000001803','d3000230-0000-0000-0000-000000000230',4),
 ('42000000-0000-0000-0000-000000001803','d3000231-0000-0000-0000-000000000231',5),
 ('42000000-0000-0000-0000-000000001803','d3000232-0000-0000-0000-000000000232',6),
 ('42000000-0000-0000-0000-000000001803','d3000233-0000-0000-0000-000000000233',7),
 ('42000000-0000-0000-0000-000000001803','d3000234-0000-0000-0000-000000000234',8),
 ('42000000-0000-0000-0000-000000001804','d3000235-0000-0000-0000-000000000235',1),
 ('42000000-0000-0000-0000-000000001804','d3000236-0000-0000-0000-000000000236',2),
 ('42000000-0000-0000-0000-000000001804','d3000237-0000-0000-0000-000000000237',3),
 ('42000000-0000-0000-0000-000000001804','d3000238-0000-0000-0000-000000000238',4),
 ('42000000-0000-0000-0000-000000001804','d3000239-0000-0000-0000-000000000239',5),
 ('42000000-0000-0000-0000-000000001804','d3000240-0000-0000-0000-000000000240',6),
 ('42000000-0000-0000-0000-000000001804','d3000241-0000-0000-0000-000000000241',7),
 ('42000000-0000-0000-0000-000000001804','d3000242-0000-0000-0000-000000000242',8),
 ('42000000-0000-0000-0000-000000001805','d3000243-0000-0000-0000-000000000243',1),
 ('42000000-0000-0000-0000-000000001805','d3000244-0000-0000-0000-000000000244',2),
 ('42000000-0000-0000-0000-000000001805','d3000245-0000-0000-0000-000000000245',3),
 ('42000000-0000-0000-0000-000000001805','d3000246-0000-0000-0000-000000000246',4),
 ('42000000-0000-0000-0000-000000001805','d3000247-0000-0000-0000-000000000247',5),
 ('42000000-0000-0000-0000-000000001805','d3000248-0000-0000-0000-000000000248',6),
 ('42000000-0000-0000-0000-000000001805','d3000249-0000-0000-0000-000000000249',7),
 ('42000000-0000-0000-0000-000000001805','d3000250-0000-0000-0000-000000000250',8),
 ('42000000-0000-0000-0000-000000001805','d3000251-0000-0000-0000-000000000251',9),
 ('42000000-0000-0000-0000-000000001805','d3000252-0000-0000-0000-000000000252',10)
on conflict (lesson_id, item_id) do nothing;
insert into vocabulary (id, course_id, word, translation, frequency_rank, part_of_speech) values
 ('d3b00081-0000-0000-0000-000000000081','20000000-0000-0000-0000-000000000002',$p$o filme$p$,$p$la película$p$,860,'n'),
 ('d3b00082-0000-0000-0000-000000000082','20000000-0000-0000-0000-000000000002',$p$a música$p$,$p$la música / la canción$p$,861,'n'),
 ('d3b00083-0000-0000-0000-000000000083','20000000-0000-0000-0000-000000000002',$p$o livro$p$,$p$el libro$p$,862,'n'),
 ('d3b00084-0000-0000-0000-000000000084','20000000-0000-0000-0000-000000000002',$p$a notícia$p$,$p$la noticia$p$,863,'n'),
 ('d3b00085-0000-0000-0000-000000000085','20000000-0000-0000-0000-000000000002',$p$o jornal$p$,$p$el periódico$p$,864,'n'),
 ('d3b00086-0000-0000-0000-000000000086','20000000-0000-0000-0000-000000000002',$p$a revista$p$,$p$la revista$p$,865,'n'),
 ('d3b00087-0000-0000-0000-000000000087','20000000-0000-0000-0000-000000000002',$p$o cantor$p$,$p$el cantante$p$,866,'n'),
 ('d3b00088-0000-0000-0000-000000000088','20000000-0000-0000-0000-000000000002',$p$o autor$p$,$p$el autor$p$,867,'n'),
 ('d3b00089-0000-0000-0000-000000000089','20000000-0000-0000-0000-000000000002',$p$melhor$p$,$p$mejor$p$,868,'adj'),
 ('d3b00090-0000-0000-0000-000000000090','20000000-0000-0000-0000-000000000002',$p$pior$p$,$p$peor$p$,869,'adj'),
 ('d3b00091-0000-0000-0000-000000000091','20000000-0000-0000-0000-000000000002',$p$o maior$p$,$p$el mayor / el más grande$p$,870,'adj'),
 ('d3b00092-0000-0000-0000-000000000092','20000000-0000-0000-0000-000000000002',$p$famoso$p$,$p$famoso$p$,871,'adj'),
 ('d3b00093-0000-0000-0000-000000000093','20000000-0000-0000-0000-000000000002',$p$foi construído$p$,$p$fue construido$p$,872,'v'),
 ('d3b00094-0000-0000-0000-000000000094','20000000-0000-0000-0000-000000000002',$p$é vendido$p$,$p$se vende / es vendido$p$,873,'v'),
 ('d3b00095-0000-0000-0000-000000000095','20000000-0000-0000-0000-000000000002',$p$foi escrito$p$,$p$fue escrito$p$,874,'v'),
 ('d3b00096-0000-0000-0000-000000000096','20000000-0000-0000-0000-000000000002',$p$disse que$p$,$p$dijo que$p$,875,'expr')
on conflict (id) do nothing;

commit;
