-- ============================================================================
-- Jezici · Migración 048 · Siembra del currículo A1 de PORTUGUÉS (es→pt, U1–6)
-- ----------------------------------------------------------------------------
-- Curso es→pt (português do Brasil). Autorado + QA adversarial (workflow
-- pt-a1-author-content) + validado contra el grader. cefr 'A1', order 1..6.
-- Namespace de ids separado (32/42/52/d1) para no colisionar con es→en.
-- Listening A1 por COMPRENSIÓN (frases cortas). content_items idempotente.
-- ============================================================================
begin;

-- ── Unidad 1 (A1·pt): Hola y mucho gusto ───────────────────────────────────────
insert into units (id, course_id, cefr_level, order_index, title, theme_color, icon) values
 ('32000000-0000-0000-0000-000000000001','20000000-0000-0000-0000-000000000002','A1',1,$p$Hola y mucho gusto$p$,'#27AE60','waving_hand')
on conflict (course_id, order_index) do update set title=excluded.title, theme_color=excluded.theme_color, icon=excluded.icon;
insert into lessons (id, unit_id, order_index, title, description, type, xp_reward) values
 ('42000000-0000-0000-0000-000000000101','32000000-0000-0000-0000-000000000001',1,$p$Saludos y despedidas$p$,$p$Saludos y despedidas$p$,'lesson',15),
 ('42000000-0000-0000-0000-000000000102','32000000-0000-0000-0000-000000000001',2,$p$Presentarse: eu sou / meu nome é$p$,$p$Presentarse: eu sou / meu nome é$p$,'lesson',15),
 ('42000000-0000-0000-0000-000000000103','32000000-0000-0000-0000-000000000001',3,$p$Tú y yo: eu, você$p$,$p$Tú y yo: eu, você$p$,'lesson',15),
 ('42000000-0000-0000-0000-000000000104','32000000-0000-0000-0000-000000000001',4,$p$De dónde eres: nacionalidades$p$,$p$De dónde eres: nacionalidades$p$,'lesson',15),
 ('42000000-0000-0000-0000-000000000105','32000000-0000-0000-0000-000000000001',5,$p$🏁 Checkpoint Unidade 1$p$,$p$Practicas saludar y despedirte en portugués de Brasil (olá, bom dia, tchau, até logo), presentarte con "eu sou", "meu nome é" y "eu me chamo", y decir "muito prazer". También usas los pronombres eu/você, el verbo ser para la identidad y dices tu nacionalidad básica (brasileiro/a, espanhol/a, mexicano/a).$p$,'checkpoint',40)
on conflict (unit_id, order_index) do update set title=excluded.title, description=excluded.description;
insert into exams (id, course_id, type, cefr_level, unit_id, time_limit_sec, pass_threshold, sections) values
 ('52000000-0000-0000-0000-000000000001','20000000-0000-0000-0000-000000000002','checkpoint','A1','32000000-0000-0000-0000-000000000001',300,0.80,$j${"skills":["reading","listening","writing","speaking"],"item_count":10,"randomize":true}$j$::jsonb)
on conflict (id) do nothing;
insert into content_items (id, course_id, cefr_level, skill, type, prompt, payload, correct_answer, difficulty, tags) values
 ('d1000001-0000-0000-0000-000000000001','20000000-0000-0000-0000-000000000002','A1','reading','match',
   $p$Empareja cada saludo o despedida con su traducción.$p$,
   $j${"pairs":[{"en":"bom dia","es":"buenos días"},{"en":"tchau","es":"chau/adiós"},{"en":"boa noite","es":"buenas noches"}]}$j$::jsonb, $j${"pairs":[["bom dia","buenos días"],["tchau","chau/adiós"],["boa noite","buenas noches"]]}$j$::jsonb,
   0.18, ARRAY['unidad1','saludar_y_despedirse_en_portugues_de_brasil','reading']),
 ('d1000002-0000-0000-0000-000000000002','20000000-0000-0000-0000-000000000002','A1','reading','multiple_choice',
   $p$Completa el saludo: "___ dia! Tudo bem?"$p$,
   $j${"options":["Bom","Boa","Bem"]}$j$::jsonb, $j${"value":"Bom"}$j$::jsonb,
   0.18, ARRAY['unidad1','saludar_y_despedirse_en_portugues_de_brasil','reading']),
 ('d1000003-0000-0000-0000-000000000003','20000000-0000-0000-0000-000000000002','A1','reading','multiple_choice',
   $p$¿Cómo te despides diciendo "hasta luego"?$p$,
   $j${"options":["Até logo","Bom dia","Muito prazer"]}$j$::jsonb, $j${"value":"Até logo"}$j$::jsonb,
   0.18, ARRAY['unidad1','saludar_y_despedirse_en_portugues_de_brasil','reading']),
 ('d1000004-0000-0000-0000-000000000004','20000000-0000-0000-0000-000000000002','A1','writing','cloze',
   $p$Completa el saludo de la noche: "___ noite!"$p$,
   $j${"text":"___ noite!"}$j$::jsonb, $j${"value":"Boa","accepted":["Boa","boa"]}$j$::jsonb,
   0.18, ARRAY['unidad1','saludar_y_despedirse_en_portugues_de_brasil','writing']),
 ('d1000005-0000-0000-0000-000000000005','20000000-0000-0000-0000-000000000002','A1','writing','translation',
   $p$Traduce: "Hola, ¿todo bien?"$p$,
   $j${"source":"Hola, ¿todo bien?"}$j$::jsonb, $j${"value":"Oi, tudo bem?","accepted":["Oi, tudo bem?","Oi, tudo bem","Olá, tudo bem?","Olá, tudo bem","Oi tudo bem?","Olá tudo bem?"]}$j$::jsonb,
   0.18, ARRAY['unidad1','saludar_y_despedirse_en_portugues_de_brasil','writing']),
 ('d1000006-0000-0000-0000-000000000006','20000000-0000-0000-0000-000000000002','A1','writing','word_bank',
   $p$Arma la despedida: "Adiós, hasta luego".$p$,
   $j${"tiles":["Tchau","até","logo","oi","bom"]}$j$::jsonb, $j${"value":"Tchau até logo","sequence":["Tchau","até","logo"]}$j$::jsonb,
   0.18, ARRAY['unidad1','saludar_y_despedirse_en_portugues_de_brasil','writing']),
 ('d1000007-0000-0000-0000-000000000007','20000000-0000-0000-0000-000000000002','A1','listening','listening',
   $p$Escucha y elige la frase que oíste.$p$,
   $j${"options":["Bom dia, tudo bem?","Boa noite, até logo.","Muito obrigado, tchau."],"say":"Bom dia, tudo bem?","audio_url":"https://wiauinufpbkmjlbqlkxo.supabase.co/storage/v1/object/public/audio/items/d1000007-0000-0000-0000-000000000007.mp3"}$j$::jsonb, $j${"value":"Bom dia, tudo bem?"}$j$::jsonb,
   0.18, ARRAY['unidad1','saludar_y_despedirse_en_portugues_de_brasil','listening']),
 ('d1000008-0000-0000-0000-000000000008','20000000-0000-0000-0000-000000000002','A1','speaking','speaking_read_aloud',
   $p$Lee en voz alta:$p$,
   $j${"text":"Oi! Bom dia! Tudo bem?","audio_url":"https://wiauinufpbkmjlbqlkxo.supabase.co/storage/v1/object/public/audio/items/d1000008-0000-0000-0000-000000000008.mp3"}$j$::jsonb, $j${"expected":"Oi! Bom dia! Tudo bem?"}$j$::jsonb,
   0.18, ARRAY['unidad1','saludar_y_despedirse_en_portugues_de_brasil','speaking']),
 ('d1000009-0000-0000-0000-000000000009','20000000-0000-0000-0000-000000000002','A1','reading','match',
   $p$Empareja cada expresión con su traducción.$p$,
   $j${"pairs":[{"en":"eu sou","es":"yo soy"},{"en":"meu nome é","es":"mi nombre es"},{"en":"muito prazer","es":"mucho gusto"}]}$j$::jsonb, $j${"pairs":[["eu sou","yo soy"],["meu nome é","mi nombre es"],["muito prazer","mucho gusto"]]}$j$::jsonb,
   0.18, ARRAY['unidad1','decir_tu_nombre_y_dar_tu_identidad_con_ser','reading']),
 ('d1000010-0000-0000-0000-000000000010','20000000-0000-0000-0000-000000000002','A1','reading','multiple_choice',
   $p$Completa para presentarte: "Eu ___ Ana."$p$,
   $j${"options":["sou","é","nome"]}$j$::jsonb, $j${"value":"sou"}$j$::jsonb,
   0.18, ARRAY['unidad1','decir_tu_nombre_y_dar_tu_identidad_con_ser','reading']),
 ('d1000011-0000-0000-0000-000000000011','20000000-0000-0000-0000-000000000002','A1','reading','multiple_choice',
   $p$¿Cómo dices "mi nombre es Pedro"?$p$,
   $j${"options":["Meu nome é Pedro","Eu você Pedro","Bom dia Pedro"]}$j$::jsonb, $j${"value":"Meu nome é Pedro"}$j$::jsonb,
   0.18, ARRAY['unidad1','decir_tu_nombre_y_dar_tu_identidad_con_ser','reading']),
 ('d1000012-0000-0000-0000-000000000012','20000000-0000-0000-0000-000000000002','A1','writing','cloze',
   $p$Completa: "Eu me ___ João." (presentarse)$p$,
   $j${"text":"Eu me ___ João."}$j$::jsonb, $j${"value":"chamo","accepted":["chamo","Chamo"]}$j$::jsonb,
   0.18, ARRAY['unidad1','decir_tu_nombre_y_dar_tu_identidad_con_ser','writing']),
 ('d1000013-0000-0000-0000-000000000013','20000000-0000-0000-0000-000000000002','A1','writing','translation',
   $p$Traduce: "Mucho gusto."$p$,
   $j${"source":"Mucho gusto."}$j$::jsonb, $j${"value":"Muito prazer","accepted":["Muito prazer","Muito prazer.","Prazer","Prazer.","Muito prazer!"]}$j$::jsonb,
   0.18, ARRAY['unidad1','decir_tu_nombre_y_dar_tu_identidad_con_ser','writing']),
 ('d1000014-0000-0000-0000-000000000014','20000000-0000-0000-0000-000000000002','A1','writing','word_bank',
   $p$Arma la frase: "Me llamo Maria".$p$,
   $j${"tiles":["Eu","me","chamo","Maria","sou","nome"]}$j$::jsonb, $j${"value":"Eu me chamo Maria","sequence":["Eu","me","chamo","Maria"]}$j$::jsonb,
   0.18, ARRAY['unidad1','decir_tu_nombre_y_dar_tu_identidad_con_ser','writing']),
 ('d1000015-0000-0000-0000-000000000015','20000000-0000-0000-0000-000000000002','A1','listening','listening',
   $p$Escucha y elige la frase que oíste.$p$,
   $j${"options":["Oi, eu me chamo Lucas.","Boa noite, até amanhã.","Meu nome é Carla, prazer."],"say":"Oi, eu me chamo Lucas.","audio_url":"https://wiauinufpbkmjlbqlkxo.supabase.co/storage/v1/object/public/audio/items/d1000015-0000-0000-0000-000000000015.mp3"}$j$::jsonb, $j${"value":"Oi, eu me chamo Lucas."}$j$::jsonb,
   0.18, ARRAY['unidad1','decir_tu_nombre_y_dar_tu_identidad_con_ser','listening']),
 ('d1000016-0000-0000-0000-000000000016','20000000-0000-0000-0000-000000000002','A1','speaking','speaking_read_aloud',
   $p$Lee en voz alta:$p$,
   $j${"text":"Olá! Eu me chamo Maria. Muito prazer!","audio_url":"https://wiauinufpbkmjlbqlkxo.supabase.co/storage/v1/object/public/audio/items/d1000016-0000-0000-0000-000000000016.mp3"}$j$::jsonb, $j${"expected":"Olá! Eu me chamo Maria. Muito prazer!"}$j$::jsonb,
   0.18, ARRAY['unidad1','decir_tu_nombre_y_dar_tu_identidad_con_ser','speaking']),
 ('d1000017-0000-0000-0000-000000000017','20000000-0000-0000-0000-000000000002','A1','reading','match',
   $p$Empareja cada palabra con su traducción.$p$,
   $j${"pairs":[{"en":"eu","es":"yo"},{"en":"você","es":"tú"},{"en":"é","es":"es"}]}$j$::jsonb, $j${"pairs":[["eu","yo"],["você","tú"],["é","es"]]}$j$::jsonb,
   0.18, ARRAY['unidad1','usar_los_pronombres_eu_y_voce_con_el_verbo_ser','reading']),
 ('d1000018-0000-0000-0000-000000000018','20000000-0000-0000-0000-000000000002','A1','reading','multiple_choice',
   $p$Completa: "___ é o Pedro?" (preguntar a la otra persona)$p$,
   $j${"options":["Você","Eu","Nome"]}$j$::jsonb, $j${"value":"Você"}$j$::jsonb,
   0.18, ARRAY['unidad1','usar_los_pronombres_eu_y_voce_con_el_verbo_ser','reading']),
 ('d1000019-0000-0000-0000-000000000019','20000000-0000-0000-0000-000000000002','A1','reading','multiple_choice',
   $p$¿Cómo dices "yo soy brasileño"?$p$,
   $j${"options":["Eu sou brasileiro","Você é brasileiro","Eu me chamo brasileiro"]}$j$::jsonb, $j${"value":"Eu sou brasileiro"}$j$::jsonb,
   0.18, ARRAY['unidad1','usar_los_pronombres_eu_y_voce_con_el_verbo_ser','reading']),
 ('d1000020-0000-0000-0000-000000000020','20000000-0000-0000-0000-000000000002','A1','writing','cloze',
   $p$Completa: "Você ___ a Ana?" (verbo ser)$p$,
   $j${"text":"Você ___ a Ana?"}$j$::jsonb, $j${"value":"é","accepted":["é","e"]}$j$::jsonb,
   0.18, ARRAY['unidad1','usar_los_pronombres_eu_y_voce_con_el_verbo_ser','writing']),
 ('d1000021-0000-0000-0000-000000000021','20000000-0000-0000-0000-000000000002','A1','writing','translation',
   $p$Traduce: "¿Tú eres el profesor?"$p$,
   $j${"source":"¿Tú eres el profesor?"}$j$::jsonb, $j${"value":"Você é o professor?","accepted":["Você é o professor?","Você é o professor","Voce é o professor?","Você e o professor?","Você é professor?"]}$j$::jsonb,
   0.18, ARRAY['unidad1','usar_los_pronombres_eu_y_voce_con_el_verbo_ser','writing']),
 ('d1000022-0000-0000-0000-000000000022','20000000-0000-0000-0000-000000000002','A1','writing','reorder',
   $p$Ordena la pregunta: "¿Cómo te llamas?"$p$,
   $j${"tiles":["se","Como","você","chama"]}$j$::jsonb, $j${"value":"Como você se chama"}$j$::jsonb,
   0.18, ARRAY['unidad1','usar_los_pronombres_eu_y_voce_con_el_verbo_ser','writing']),
 ('d1000023-0000-0000-0000-000000000023','20000000-0000-0000-0000-000000000002','A1','listening','listening',
   $p$Escucha y elige la frase que oíste.$p$,
   $j${"options":["Eu sou a Júlia, e você?","Você é o Bruno, tchau.","Bom dia, meu nome é Rafa."],"say":"Eu sou a Júlia, e você?","audio_url":"https://wiauinufpbkmjlbqlkxo.supabase.co/storage/v1/object/public/audio/items/d1000023-0000-0000-0000-000000000023.mp3"}$j$::jsonb, $j${"value":"Eu sou a Júlia, e você?"}$j$::jsonb,
   0.18, ARRAY['unidad1','usar_los_pronombres_eu_y_voce_con_el_verbo_ser','listening']),
 ('d1000024-0000-0000-0000-000000000024','20000000-0000-0000-0000-000000000002','A1','speaking','speaking_read_aloud',
   $p$Lee en voz alta:$p$,
   $j${"text":"Eu sou o Lucas. E você, como se chama?","audio_url":"https://wiauinufpbkmjlbqlkxo.supabase.co/storage/v1/object/public/audio/items/d1000024-0000-0000-0000-000000000024.mp3"}$j$::jsonb, $j${"expected":"Eu sou o Lucas. E você, como se chama?"}$j$::jsonb,
   0.18, ARRAY['unidad1','usar_los_pronombres_eu_y_voce_con_el_verbo_ser','speaking']),
 ('d1000025-0000-0000-0000-000000000025','20000000-0000-0000-0000-000000000002','A1','reading','match',
   $p$Empareja cada nacionalidad con su traducción.$p$,
   $j${"pairs":[{"en":"brasileiro","es":"brasileño"},{"en":"espanhol","es":"español"},{"en":"mexicano","es":"mexicano"}]}$j$::jsonb, $j${"pairs":[["brasileiro","brasileño"],["espanhol","español"],["mexicano","mexicano"]]}$j$::jsonb,
   0.18, ARRAY['unidad1','decir_tu_nacionalidad_y_preguntar_de_donde_eres','reading']),
 ('d1000026-0000-0000-0000-000000000026','20000000-0000-0000-0000-000000000002','A1','reading','multiple_choice',
   $p$Completa la pregunta: "___ você é?" (de dónde)$p$,
   $j${"options":["De onde","Como","Quem"]}$j$::jsonb, $j${"value":"De onde"}$j$::jsonb,
   0.18, ARRAY['unidad1','decir_tu_nacionalidad_y_preguntar_de_donde_eres','reading']),
 ('d1000027-0000-0000-0000-000000000027','20000000-0000-0000-0000-000000000002','A1','reading','multiple_choice',
   $p$¿Cómo respondes "soy de España"?$p$,
   $j${"options":["Eu sou da Espanha","Eu me chamo Espanha","Você é da Espanha"]}$j$::jsonb, $j${"value":"Eu sou da Espanha"}$j$::jsonb,
   0.18, ARRAY['unidad1','decir_tu_nacionalidad_y_preguntar_de_donde_eres','reading']),
 ('d1000028-0000-0000-0000-000000000028','20000000-0000-0000-0000-000000000002','A1','writing','cloze',
   $p$Completa: "Eu sou ___." (nacionalidad: brasileña, en femenino)$p$,
   $j${"text":"Eu sou ___."}$j$::jsonb, $j${"value":"brasileira","accepted":["brasileira","Brasileira"]}$j$::jsonb,
   0.18, ARRAY['unidad1','decir_tu_nacionalidad_y_preguntar_de_donde_eres','writing']),
 ('d1000029-0000-0000-0000-000000000029','20000000-0000-0000-0000-000000000002','A1','writing','translation',
   $p$Traduce: "¿De dónde eres?"$p$,
   $j${"source":"¿De dónde eres?"}$j$::jsonb, $j${"value":"De onde você é?","accepted":["De onde você é?","De onde você é","De onde voce é?","De onde você e?","De onde voce é"]}$j$::jsonb,
   0.18, ARRAY['unidad1','decir_tu_nacionalidad_y_preguntar_de_donde_eres','writing']),
 ('d1000030-0000-0000-0000-000000000030','20000000-0000-0000-0000-000000000002','A1','writing','word_bank',
   $p$Arma la frase: "Yo soy mexicana".$p$,
   $j${"tiles":["Eu","sou","mexicana","você","brasileira"]}$j$::jsonb, $j${"value":"Eu sou mexicana","sequence":["Eu","sou","mexicana"]}$j$::jsonb,
   0.18, ARRAY['unidad1','decir_tu_nacionalidad_y_preguntar_de_donde_eres','writing']),
 ('d1000031-0000-0000-0000-000000000031','20000000-0000-0000-0000-000000000002','A1','listening','listening',
   $p$Escucha y elige la frase que oíste.$p$,
   $j${"options":["De onde você é?","Como você se chama?","Você é da Espanha?"],"say":"De onde você é?","audio_url":"https://wiauinufpbkmjlbqlkxo.supabase.co/storage/v1/object/public/audio/items/d1000031-0000-0000-0000-000000000031.mp3"}$j$::jsonb, $j${"value":"De onde você é?"}$j$::jsonb,
   0.18, ARRAY['unidad1','decir_tu_nacionalidad_y_preguntar_de_donde_eres','listening']),
 ('d1000032-0000-0000-0000-000000000032','20000000-0000-0000-0000-000000000002','A1','speaking','speaking_read_aloud',
   $p$Lee en voz alta:$p$,
   $j${"text":"Oi! Eu sou brasileiro. E você, de onde é?","audio_url":"https://wiauinufpbkmjlbqlkxo.supabase.co/storage/v1/object/public/audio/items/d1000032-0000-0000-0000-000000000032.mp3"}$j$::jsonb, $j${"expected":"Oi! Eu sou brasileiro. E você, de onde é?"}$j$::jsonb,
   0.18, ARRAY['unidad1','decir_tu_nacionalidad_y_preguntar_de_donde_eres','speaking'])
on conflict (id) do update set prompt=excluded.prompt, payload=excluded.payload, correct_answer=excluded.correct_answer, difficulty=excluded.difficulty, tags=excluded.tags, updated_at=now();
insert into lesson_items (lesson_id, item_id, order_index) values
 ('42000000-0000-0000-0000-000000000101','d1000001-0000-0000-0000-000000000001',1),
 ('42000000-0000-0000-0000-000000000101','d1000002-0000-0000-0000-000000000002',2),
 ('42000000-0000-0000-0000-000000000101','d1000003-0000-0000-0000-000000000003',3),
 ('42000000-0000-0000-0000-000000000101','d1000004-0000-0000-0000-000000000004',4),
 ('42000000-0000-0000-0000-000000000101','d1000005-0000-0000-0000-000000000005',5),
 ('42000000-0000-0000-0000-000000000101','d1000006-0000-0000-0000-000000000006',6),
 ('42000000-0000-0000-0000-000000000101','d1000007-0000-0000-0000-000000000007',7),
 ('42000000-0000-0000-0000-000000000101','d1000008-0000-0000-0000-000000000008',8),
 ('42000000-0000-0000-0000-000000000102','d1000009-0000-0000-0000-000000000009',1),
 ('42000000-0000-0000-0000-000000000102','d1000010-0000-0000-0000-000000000010',2),
 ('42000000-0000-0000-0000-000000000102','d1000011-0000-0000-0000-000000000011',3),
 ('42000000-0000-0000-0000-000000000102','d1000012-0000-0000-0000-000000000012',4),
 ('42000000-0000-0000-0000-000000000102','d1000013-0000-0000-0000-000000000013',5),
 ('42000000-0000-0000-0000-000000000102','d1000014-0000-0000-0000-000000000014',6),
 ('42000000-0000-0000-0000-000000000102','d1000015-0000-0000-0000-000000000015',7),
 ('42000000-0000-0000-0000-000000000102','d1000016-0000-0000-0000-000000000016',8),
 ('42000000-0000-0000-0000-000000000103','d1000017-0000-0000-0000-000000000017',1),
 ('42000000-0000-0000-0000-000000000103','d1000018-0000-0000-0000-000000000018',2),
 ('42000000-0000-0000-0000-000000000103','d1000019-0000-0000-0000-000000000019',3),
 ('42000000-0000-0000-0000-000000000103','d1000020-0000-0000-0000-000000000020',4),
 ('42000000-0000-0000-0000-000000000103','d1000021-0000-0000-0000-000000000021',5),
 ('42000000-0000-0000-0000-000000000103','d1000022-0000-0000-0000-000000000022',6),
 ('42000000-0000-0000-0000-000000000103','d1000023-0000-0000-0000-000000000023',7),
 ('42000000-0000-0000-0000-000000000103','d1000024-0000-0000-0000-000000000024',8),
 ('42000000-0000-0000-0000-000000000104','d1000025-0000-0000-0000-000000000025',1),
 ('42000000-0000-0000-0000-000000000104','d1000026-0000-0000-0000-000000000026',2),
 ('42000000-0000-0000-0000-000000000104','d1000027-0000-0000-0000-000000000027',3),
 ('42000000-0000-0000-0000-000000000104','d1000028-0000-0000-0000-000000000028',4),
 ('42000000-0000-0000-0000-000000000104','d1000029-0000-0000-0000-000000000029',5),
 ('42000000-0000-0000-0000-000000000104','d1000030-0000-0000-0000-000000000030',6),
 ('42000000-0000-0000-0000-000000000104','d1000031-0000-0000-0000-000000000031',7),
 ('42000000-0000-0000-0000-000000000104','d1000032-0000-0000-0000-000000000032',8),
 ('42000000-0000-0000-0000-000000000105','d1000001-0000-0000-0000-000000000001',1),
 ('42000000-0000-0000-0000-000000000105','d1000002-0000-0000-0000-000000000002',2),
 ('42000000-0000-0000-0000-000000000105','d1000003-0000-0000-0000-000000000003',3),
 ('42000000-0000-0000-0000-000000000105','d1000004-0000-0000-0000-000000000004',4),
 ('42000000-0000-0000-0000-000000000105','d1000005-0000-0000-0000-000000000005',5),
 ('42000000-0000-0000-0000-000000000105','d1000006-0000-0000-0000-000000000006',6),
 ('42000000-0000-0000-0000-000000000105','d1000007-0000-0000-0000-000000000007',7),
 ('42000000-0000-0000-0000-000000000105','d1000015-0000-0000-0000-000000000015',8),
 ('42000000-0000-0000-0000-000000000105','d1000008-0000-0000-0000-000000000008',9),
 ('42000000-0000-0000-0000-000000000105','d1000016-0000-0000-0000-000000000016',10)
on conflict (lesson_id, item_id) do nothing;
insert into vocabulary (id, course_id, word, translation, frequency_rank, part_of_speech) values
 ('d1b00001-0000-0000-0000-000000000001','20000000-0000-0000-0000-000000000002',$p$olá$p$,$p$hola$p$,120,'interjeccion'),
 ('d1b00002-0000-0000-0000-000000000002','20000000-0000-0000-0000-000000000002',$p$oi$p$,$p$hola (informal)$p$,121,'interjeccion'),
 ('d1b00003-0000-0000-0000-000000000003','20000000-0000-0000-0000-000000000002',$p$bom dia$p$,$p$buenos días$p$,122,'expresion'),
 ('d1b00004-0000-0000-0000-000000000004','20000000-0000-0000-0000-000000000002',$p$boa noite$p$,$p$buenas noches$p$,123,'expresion'),
 ('d1b00005-0000-0000-0000-000000000005','20000000-0000-0000-0000-000000000002',$p$tchau$p$,$p$chau/adiós$p$,124,'interjeccion'),
 ('d1b00006-0000-0000-0000-000000000006','20000000-0000-0000-0000-000000000002',$p$até logo$p$,$p$hasta luego$p$,125,'expresion'),
 ('d1b00007-0000-0000-0000-000000000007','20000000-0000-0000-0000-000000000002',$p$prazer$p$,$p$gusto (mucho gusto)$p$,126,'sustantivo'),
 ('d1b00008-0000-0000-0000-000000000008','20000000-0000-0000-0000-000000000002',$p$obrigado$p$,$p$gracias$p$,127,'interjeccion'),
 ('d1b00009-0000-0000-0000-000000000009','20000000-0000-0000-0000-000000000002',$p$eu$p$,$p$yo$p$,128,'pronombre'),
 ('d1b00010-0000-0000-0000-000000000010','20000000-0000-0000-0000-000000000002',$p$você$p$,$p$tú/usted$p$,129,'pronombre'),
 ('d1b00011-0000-0000-0000-000000000011','20000000-0000-0000-0000-000000000002',$p$ser$p$,$p$ser$p$,130,'verbo'),
 ('d1b00012-0000-0000-0000-000000000012','20000000-0000-0000-0000-000000000002',$p$sou$p$,$p$soy$p$,131,'verbo'),
 ('d1b00013-0000-0000-0000-000000000013','20000000-0000-0000-0000-000000000002',$p$nome$p$,$p$nombre$p$,132,'sustantivo'),
 ('d1b00014-0000-0000-0000-000000000014','20000000-0000-0000-0000-000000000002',$p$chamo$p$,$p$(me) llamo$p$,133,'verbo'),
 ('d1b00015-0000-0000-0000-000000000015','20000000-0000-0000-0000-000000000002',$p$brasileiro$p$,$p$brasileño$p$,134,'adjetivo'),
 ('d1b00016-0000-0000-0000-000000000016','20000000-0000-0000-0000-000000000002',$p$de onde$p$,$p$de dónde$p$,135,'expresion')
on conflict (id) do nothing;

-- ── Unidad 2 (A1·pt): Mi familia y mis cosas ───────────────────────────────────────
insert into units (id, course_id, cefr_level, order_index, title, theme_color, icon) values
 ('32000000-0000-0000-0000-000000000002','20000000-0000-0000-0000-000000000002','A1',2,$p$Mi familia y mis cosas$p$,'#2980B9','family_restroom')
on conflict (course_id, order_index) do update set title=excluded.title, theme_color=excluded.theme_color, icon=excluded.icon;
insert into lessons (id, unit_id, order_index, title, description, type, xp_reward) values
 ('42000000-0000-0000-0000-000000000201','32000000-0000-0000-0000-000000000002',1,$p$La familia$p$,$p$La familia$p$,'lesson',15),
 ('42000000-0000-0000-0000-000000000202','32000000-0000-0000-0000-000000000002',2,$p$Meu y minha: posesivos$p$,$p$Meu y minha: posesivos$p$,'lesson',15),
 ('42000000-0000-0000-0000-000000000203','32000000-0000-0000-0000-000000000002',3,$p$Él y ella: ele, ela$p$,$p$Él y ella: ele, ela$p$,'lesson',15),
 ('42000000-0000-0000-0000-000000000204','32000000-0000-0000-0000-000000000002',4,$p$Yo tengo: ter$p$,$p$Yo tengo: ter$p$,'lesson',15),
 ('42000000-0000-0000-0000-000000000205','32000000-0000-0000-0000-000000000002',5,$p$🏁 Checkpoint Unidade 2$p$,$p$En esta unidad aprendes a hablar de tu familia (pai, mãe, irmão, filho) y a presentarla con este/esta. Practicas los posesivos meu/minha y seu/sua, los pronombres ele/ela para referirte a otras personas, el plural básico (-s/-es) y el verbo ter (tener) en presente para decir lo que tienes y los miembros de tu familia.$p$,'checkpoint',40)
on conflict (unit_id, order_index) do update set title=excluded.title, description=excluded.description;
insert into exams (id, course_id, type, cefr_level, unit_id, time_limit_sec, pass_threshold, sections) values
 ('52000000-0000-0000-0000-000000000002','20000000-0000-0000-0000-000000000002','checkpoint','A1','32000000-0000-0000-0000-000000000002',300,0.80,$j${"skills":["reading","listening","writing","speaking"],"item_count":10,"randomize":true}$j$::jsonb)
on conflict (id) do nothing;
insert into content_items (id, course_id, cefr_level, skill, type, prompt, payload, correct_answer, difficulty, tags) values
 ('d1000033-0000-0000-0000-000000000033','20000000-0000-0000-0000-000000000002','A1','reading','match',
   $p$Empareja cada palabra con su traducción.$p$,
   $j${"pairs":[{"en":"pai","es":"padre"},{"en":"mãe","es":"madre"},{"en":"irmão","es":"hermano"}]}$j$::jsonb, $j${"pairs":[["pai","padre"],["mãe","madre"],["irmão","hermano"]]}$j$::jsonb,
   0.18, ARRAY['unidad2','vocabulario_basico_de_la_familia_pai_mae_irmao_filho','reading']),
 ('d1000034-0000-0000-0000-000000000034','20000000-0000-0000-0000-000000000002','A1','reading','multiple_choice',
   $p$Elige la traducción de "filha".$p$,
   $j${"options":["hija","hijo","hermana"]}$j$::jsonb, $j${"value":"hija"}$j$::jsonb,
   0.18, ARRAY['unidad2','vocabulario_basico_de_la_familia_pai_mae_irmao_filho','reading']),
 ('d1000035-0000-0000-0000-000000000035','20000000-0000-0000-0000-000000000002','A1','reading','multiple_choice',
   $p$Completa: "Minha ___ é professora." (madre)$p$,
   $j${"options":["mãe","pai","filho"]}$j$::jsonb, $j${"value":"mãe"}$j$::jsonb,
   0.18, ARRAY['unidad2','vocabulario_basico_de_la_familia_pai_mae_irmao_filho','reading']),
 ('d1000036-0000-0000-0000-000000000036','20000000-0000-0000-0000-000000000002','A1','writing','cloze',
   $p$Completa: "Meu ___ trabalha muito." (padre)$p$,
   $j${"text":"Meu ___ trabalha muito."}$j$::jsonb, $j${"value":"pai","accepted":["pai","Pai"]}$j$::jsonb,
   0.18, ARRAY['unidad2','vocabulario_basico_de_la_familia_pai_mae_irmao_filho','writing']),
 ('d1000037-0000-0000-0000-000000000037','20000000-0000-0000-0000-000000000002','A1','writing','translation',
   $p$Traduce: "Esta es mi familia."$p$,
   $j${"source":"Esta es mi familia."}$j$::jsonb, $j${"value":"Esta é a minha família","accepted":["Esta é a minha família","Esta é a minha família.","Esta é minha família","Esta é minha família.","Essa é a minha família","Essa é minha família"]}$j$::jsonb,
   0.18, ARRAY['unidad2','vocabulario_basico_de_la_familia_pai_mae_irmao_filho','writing']),
 ('d1000038-0000-0000-0000-000000000038','20000000-0000-0000-0000-000000000002','A1','writing','word_bank',
   $p$Arma la frase: "Tengo un hermano."$p$,
   $j${"tiles":["Tenho","um","irmão","uma","irmã"]}$j$::jsonb, $j${"value":"Tenho um irmão","sequence":["Tenho","um","irmão"]}$j$::jsonb,
   0.18, ARRAY['unidad2','vocabulario_basico_de_la_familia_pai_mae_irmao_filho','writing']),
 ('d1000039-0000-0000-0000-000000000039','20000000-0000-0000-0000-000000000002','A1','listening','listening',
   $p$Escucha y elige la frase que oíste.$p$,
   $j${"options":["Esta é a minha mãe.","Ela tem dois filhos.","Este é o meu pai."],"say":"Esta é a minha mãe.","audio_url":"https://wiauinufpbkmjlbqlkxo.supabase.co/storage/v1/object/public/audio/items/d1000039-0000-0000-0000-000000000039.mp3"}$j$::jsonb, $j${"value":"Esta é a minha mãe."}$j$::jsonb,
   0.18, ARRAY['unidad2','vocabulario_basico_de_la_familia_pai_mae_irmao_filho','listening']),
 ('d1000040-0000-0000-0000-000000000040','20000000-0000-0000-0000-000000000002','A1','speaking','speaking_read_aloud',
   $p$Lee en voz alta:$p$,
   $j${"text":"Eu tenho um irmão e uma irmã.","audio_url":"https://wiauinufpbkmjlbqlkxo.supabase.co/storage/v1/object/public/audio/items/d1000040-0000-0000-0000-000000000040.mp3"}$j$::jsonb, $j${"expected":"Eu tenho um irmão e uma irmã."}$j$::jsonb,
   0.18, ARRAY['unidad2','vocabulario_basico_de_la_familia_pai_mae_irmao_filho','speaking']),
 ('d1000041-0000-0000-0000-000000000041','20000000-0000-0000-0000-000000000002','A1','reading','match',
   $p$Empareja cada posesivo con su traducción.$p$,
   $j${"pairs":[{"en":"meu","es":"mi (masculino)"},{"en":"minha","es":"mi (femenino)"},{"en":"sua","es":"tu / su (femenino)"}]}$j$::jsonb, $j${"pairs":[["meu","mi (masculino)"],["minha","mi (femenino)"],["sua","tu / su (femenino)"]]}$j$::jsonb,
   0.18, ARRAY['unidad2','posesivos_meu_minha_y_seu_sua_segun_el_genero','reading']),
 ('d1000042-0000-0000-0000-000000000042','20000000-0000-0000-0000-000000000002','A1','reading','multiple_choice',
   $p$Completa: "___ irmã mora aqui." (mi)$p$,
   $j${"options":["Minha","Meu","Seu"]}$j$::jsonb, $j${"value":"Minha"}$j$::jsonb,
   0.18, ARRAY['unidad2','posesivos_meu_minha_y_seu_sua_segun_el_genero','reading']),
 ('d1000043-0000-0000-0000-000000000043','20000000-0000-0000-0000-000000000002','A1','reading','multiple_choice',
   $p$Completa: "Qual é o ___ nome?" (tu/su)$p$,
   $j${"options":["seu","sua","minha"]}$j$::jsonb, $j${"value":"seu"}$j$::jsonb,
   0.18, ARRAY['unidad2','posesivos_meu_minha_y_seu_sua_segun_el_genero','reading']),
 ('d1000044-0000-0000-0000-000000000044','20000000-0000-0000-0000-000000000002','A1','writing','cloze',
   $p$Completa: "___ filho tem cinco anos." (mi, masculino)$p$,
   $j${"text":"___ filho tem cinco anos."}$j$::jsonb, $j${"value":"Meu","accepted":["Meu","meu","O meu","o meu"]}$j$::jsonb,
   0.18, ARRAY['unidad2','posesivos_meu_minha_y_seu_sua_segun_el_genero','writing']),
 ('d1000045-0000-0000-0000-000000000045','20000000-0000-0000-0000-000000000002','A1','writing','translation',
   $p$Traduce: "Tu casa es bonita."$p$,
   $j${"source":"Tu casa es bonita."}$j$::jsonb, $j${"value":"A sua casa é bonita","accepted":["A sua casa é bonita","A sua casa é bonita.","Sua casa é bonita","Sua casa é bonita.","A tua casa é bonita","Tua casa é bonita"]}$j$::jsonb,
   0.18, ARRAY['unidad2','posesivos_meu_minha_y_seu_sua_segun_el_genero','writing']),
 ('d1000046-0000-0000-0000-000000000046','20000000-0000-0000-0000-000000000002','A1','writing','reorder',
   $p$Ordena: "Esta es mi madre."$p$,
   $j${"tiles":["minha","Esta","a","mãe","é"]}$j$::jsonb, $j${"value":"Esta é a minha mãe"}$j$::jsonb,
   0.18, ARRAY['unidad2','posesivos_meu_minha_y_seu_sua_segun_el_genero','writing']),
 ('d1000047-0000-0000-0000-000000000047','20000000-0000-0000-0000-000000000002','A1','listening','listening',
   $p$Escucha y elige la frase que oíste.$p$,
   $j${"options":["Qual é o seu nome?","Onde está a sua casa?","Este é o meu filho."],"say":"Qual é o seu nome?","audio_url":"https://wiauinufpbkmjlbqlkxo.supabase.co/storage/v1/object/public/audio/items/d1000047-0000-0000-0000-000000000047.mp3"}$j$::jsonb, $j${"value":"Qual é o seu nome?"}$j$::jsonb,
   0.18, ARRAY['unidad2','posesivos_meu_minha_y_seu_sua_segun_el_genero','listening']),
 ('d1000048-0000-0000-0000-000000000048','20000000-0000-0000-0000-000000000002','A1','speaking','speaking_read_aloud',
   $p$Lee en voz alta:$p$,
   $j${"text":"O meu pai e a minha mãe moram aqui.","audio_url":"https://wiauinufpbkmjlbqlkxo.supabase.co/storage/v1/object/public/audio/items/d1000048-0000-0000-0000-000000000048.mp3"}$j$::jsonb, $j${"expected":"O meu pai e a minha mãe moram aqui."}$j$::jsonb,
   0.18, ARRAY['unidad2','posesivos_meu_minha_y_seu_sua_segun_el_genero','speaking']),
 ('d1000049-0000-0000-0000-000000000049','20000000-0000-0000-0000-000000000002','A1','reading','match',
   $p$Empareja cada palabra con su traducción.$p$,
   $j${"pairs":[{"en":"ele","es":"él"},{"en":"ela","es":"ella"},{"en":"eles","es":"ellos"}]}$j$::jsonb, $j${"pairs":[["ele","él"],["ela","ella"],["eles","ellos"]]}$j$::jsonb,
   0.18, ARRAY['unidad2','pronombres_ele_ela_para_hablar_de_otras_personas','reading']),
 ('d1000050-0000-0000-0000-000000000050','20000000-0000-0000-0000-000000000002','A1','reading','multiple_choice',
   $p$Completa hablando de tu hermana: "___ é muito legal." (ella)$p$,
   $j${"options":["Ela","Ele","Eu"]}$j$::jsonb, $j${"value":"Ela"}$j$::jsonb,
   0.18, ARRAY['unidad2','pronombres_ele_ela_para_hablar_de_otras_personas','reading']),
 ('d1000051-0000-0000-0000-000000000051','20000000-0000-0000-0000-000000000002','A1','reading','multiple_choice',
   $p$Completa hablando de tu padre: "___ trabalha no banco." (él)$p$,
   $j${"options":["Ele","Ela","Você"]}$j$::jsonb, $j${"value":"Ele"}$j$::jsonb,
   0.18, ARRAY['unidad2','pronombres_ele_ela_para_hablar_de_otras_personas','reading']),
 ('d1000052-0000-0000-0000-000000000052','20000000-0000-0000-0000-000000000002','A1','writing','cloze',
   $p$Completa hablando de tu madre: "___ é médica." (ella)$p$,
   $j${"text":"___ é médica."}$j$::jsonb, $j${"value":"Ela","accepted":["Ela","ela"]}$j$::jsonb,
   0.18, ARRAY['unidad2','pronombres_ele_ela_para_hablar_de_otras_personas','writing']),
 ('d1000053-0000-0000-0000-000000000053','20000000-0000-0000-0000-000000000002','A1','writing','translation',
   $p$Traduce: "Él tiene dos hijos."$p$,
   $j${"source":"Él tiene dos hijos."}$j$::jsonb, $j${"value":"Ele tem dois filhos","accepted":["Ele tem dois filhos","Ele tem dois filhos.","Ele tem 2 filhos","Ele tem 2 filhos."]}$j$::jsonb,
   0.18, ARRAY['unidad2','pronombres_ele_ela_para_hablar_de_otras_personas','writing']),
 ('d1000054-0000-0000-0000-000000000054','20000000-0000-0000-0000-000000000002','A1','writing','word_bank',
   $p$Arma la frase: "Ella es mi hermana."$p$,
   $j${"tiles":["Ela","é","a","minha","irmã","meu"]}$j$::jsonb, $j${"value":"Ela é a minha irmã","sequence":["Ela","é","a","minha","irmã"]}$j$::jsonb,
   0.18, ARRAY['unidad2','pronombres_ele_ela_para_hablar_de_otras_personas','writing']),
 ('d1000055-0000-0000-0000-000000000055','20000000-0000-0000-0000-000000000002','A1','listening','listening',
   $p$Escucha y elige la frase que oíste.$p$,
   $j${"options":["Ele é o meu irmão.","Ela é a minha irmã.","Eles são meus pais."],"say":"Ela é a minha irmã.","audio_url":"https://wiauinufpbkmjlbqlkxo.supabase.co/storage/v1/object/public/audio/items/d1000055-0000-0000-0000-000000000055.mp3"}$j$::jsonb, $j${"value":"Ela é a minha irmã."}$j$::jsonb,
   0.18, ARRAY['unidad2','pronombres_ele_ela_para_hablar_de_otras_personas','listening']),
 ('d1000056-0000-0000-0000-000000000056','20000000-0000-0000-0000-000000000002','A1','speaking','speaking_read_aloud',
   $p$Lee en voz alta:$p$,
   $j${"text":"Ela é a minha mãe e ele é o meu pai.","audio_url":"https://wiauinufpbkmjlbqlkxo.supabase.co/storage/v1/object/public/audio/items/d1000056-0000-0000-0000-000000000056.mp3"}$j$::jsonb, $j${"expected":"Ela é a minha mãe e ele é o meu pai."}$j$::jsonb,
   0.18, ARRAY['unidad2','pronombres_ele_ela_para_hablar_de_otras_personas','speaking']),
 ('d1000057-0000-0000-0000-000000000057','20000000-0000-0000-0000-000000000002','A1','reading','match',
   $p$Empareja cada forma del verbo ter con su traducción.$p$,
   $j${"pairs":[{"en":"tenho","es":"yo tengo"},{"en":"tem","es":"él/ella tiene"},{"en":"temos","es":"nosotros tenemos"}]}$j$::jsonb, $j${"pairs":[["tenho","yo tengo"],["tem","él/ella tiene"],["temos","nosotros tenemos"]]}$j$::jsonb,
   0.18, ARRAY['unidad2','el_verbo_ter_tener_en_presente_tenho_tem_temos','reading']),
 ('d1000058-0000-0000-0000-000000000058','20000000-0000-0000-0000-000000000002','A1','reading','multiple_choice',
   $p$Completa: "Eu ___ uma família grande." (yo tengo)$p$,
   $j${"options":["tenho","tem","temos"]}$j$::jsonb, $j${"value":"tenho"}$j$::jsonb,
   0.18, ARRAY['unidad2','el_verbo_ter_tener_en_presente_tenho_tem_temos','reading']),
 ('d1000059-0000-0000-0000-000000000059','20000000-0000-0000-0000-000000000002','A1','reading','multiple_choice',
   $p$Completa: "Ela ___ dois filhos." (ella tiene)$p$,
   $j${"options":["tem","tenho","têm"]}$j$::jsonb, $j${"value":"tem"}$j$::jsonb,
   0.18, ARRAY['unidad2','el_verbo_ter_tener_en_presente_tenho_tem_temos','reading']),
 ('d1000060-0000-0000-0000-000000000060','20000000-0000-0000-0000-000000000002','A1','writing','cloze',
   $p$Completa: "Nós ___ uma casa pequena." (nosotros tenemos)$p$,
   $j${"text":"Nós ___ uma casa pequena."}$j$::jsonb, $j${"value":"temos","accepted":["temos","Temos"]}$j$::jsonb,
   0.18, ARRAY['unidad2','el_verbo_ter_tener_en_presente_tenho_tem_temos','writing']),
 ('d1000061-0000-0000-0000-000000000061','20000000-0000-0000-0000-000000000002','A1','writing','translation',
   $p$Traduce: "¿Cuántos hermanos tienes?"$p$,
   $j${"source":"¿Cuántos hermanos tienes?"}$j$::jsonb, $j${"value":"Quantos irmãos você tem","accepted":["Quantos irmãos você tem","Quantos irmãos você tem?","Quantos irmãos voce tem","Quantos irmãos voce tem?","Quantos irmãos tem você?","Quantos irmãos tens?"]}$j$::jsonb,
   0.18, ARRAY['unidad2','el_verbo_ter_tener_en_presente_tenho_tem_temos','writing']),
 ('d1000062-0000-0000-0000-000000000062','20000000-0000-0000-0000-000000000002','A1','writing','reorder',
   $p$Ordena: "Yo tengo una hermana."$p$,
   $j${"tiles":["tenho","uma","Eu","irmã"]}$j$::jsonb, $j${"value":"Eu tenho uma irmã"}$j$::jsonb,
   0.18, ARRAY['unidad2','el_verbo_ter_tener_en_presente_tenho_tem_temos','writing']),
 ('d1000063-0000-0000-0000-000000000063','20000000-0000-0000-0000-000000000002','A1','listening','listening',
   $p$Escucha y elige la frase que oíste.$p$,
   $j${"options":["Eu tenho dois irmãos.","Você tem uma irmã?","Nós temos uma casa."],"say":"Eu tenho dois irmãos.","audio_url":"https://wiauinufpbkmjlbqlkxo.supabase.co/storage/v1/object/public/audio/items/d1000063-0000-0000-0000-000000000063.mp3"}$j$::jsonb, $j${"value":"Eu tenho dois irmãos."}$j$::jsonb,
   0.18, ARRAY['unidad2','el_verbo_ter_tener_en_presente_tenho_tem_temos','listening']),
 ('d1000064-0000-0000-0000-000000000064','20000000-0000-0000-0000-000000000002','A1','speaking','speaking_read_aloud',
   $p$Lee en voz alta:$p$,
   $j${"text":"Eu tenho uma família grande: pai, mãe e dois irmãos.","audio_url":"https://wiauinufpbkmjlbqlkxo.supabase.co/storage/v1/object/public/audio/items/d1000064-0000-0000-0000-000000000064.mp3"}$j$::jsonb, $j${"expected":"Eu tenho uma família grande: pai, mãe e dois irmãos."}$j$::jsonb,
   0.18, ARRAY['unidad2','el_verbo_ter_tener_en_presente_tenho_tem_temos','speaking'])
on conflict (id) do update set prompt=excluded.prompt, payload=excluded.payload, correct_answer=excluded.correct_answer, difficulty=excluded.difficulty, tags=excluded.tags, updated_at=now();
insert into lesson_items (lesson_id, item_id, order_index) values
 ('42000000-0000-0000-0000-000000000201','d1000033-0000-0000-0000-000000000033',1),
 ('42000000-0000-0000-0000-000000000201','d1000034-0000-0000-0000-000000000034',2),
 ('42000000-0000-0000-0000-000000000201','d1000035-0000-0000-0000-000000000035',3),
 ('42000000-0000-0000-0000-000000000201','d1000036-0000-0000-0000-000000000036',4),
 ('42000000-0000-0000-0000-000000000201','d1000037-0000-0000-0000-000000000037',5),
 ('42000000-0000-0000-0000-000000000201','d1000038-0000-0000-0000-000000000038',6),
 ('42000000-0000-0000-0000-000000000201','d1000039-0000-0000-0000-000000000039',7),
 ('42000000-0000-0000-0000-000000000201','d1000040-0000-0000-0000-000000000040',8),
 ('42000000-0000-0000-0000-000000000202','d1000041-0000-0000-0000-000000000041',1),
 ('42000000-0000-0000-0000-000000000202','d1000042-0000-0000-0000-000000000042',2),
 ('42000000-0000-0000-0000-000000000202','d1000043-0000-0000-0000-000000000043',3),
 ('42000000-0000-0000-0000-000000000202','d1000044-0000-0000-0000-000000000044',4),
 ('42000000-0000-0000-0000-000000000202','d1000045-0000-0000-0000-000000000045',5),
 ('42000000-0000-0000-0000-000000000202','d1000046-0000-0000-0000-000000000046',6),
 ('42000000-0000-0000-0000-000000000202','d1000047-0000-0000-0000-000000000047',7),
 ('42000000-0000-0000-0000-000000000202','d1000048-0000-0000-0000-000000000048',8),
 ('42000000-0000-0000-0000-000000000203','d1000049-0000-0000-0000-000000000049',1),
 ('42000000-0000-0000-0000-000000000203','d1000050-0000-0000-0000-000000000050',2),
 ('42000000-0000-0000-0000-000000000203','d1000051-0000-0000-0000-000000000051',3),
 ('42000000-0000-0000-0000-000000000203','d1000052-0000-0000-0000-000000000052',4),
 ('42000000-0000-0000-0000-000000000203','d1000053-0000-0000-0000-000000000053',5),
 ('42000000-0000-0000-0000-000000000203','d1000054-0000-0000-0000-000000000054',6),
 ('42000000-0000-0000-0000-000000000203','d1000055-0000-0000-0000-000000000055',7),
 ('42000000-0000-0000-0000-000000000203','d1000056-0000-0000-0000-000000000056',8),
 ('42000000-0000-0000-0000-000000000204','d1000057-0000-0000-0000-000000000057',1),
 ('42000000-0000-0000-0000-000000000204','d1000058-0000-0000-0000-000000000058',2),
 ('42000000-0000-0000-0000-000000000204','d1000059-0000-0000-0000-000000000059',3),
 ('42000000-0000-0000-0000-000000000204','d1000060-0000-0000-0000-000000000060',4),
 ('42000000-0000-0000-0000-000000000204','d1000061-0000-0000-0000-000000000061',5),
 ('42000000-0000-0000-0000-000000000204','d1000062-0000-0000-0000-000000000062',6),
 ('42000000-0000-0000-0000-000000000204','d1000063-0000-0000-0000-000000000063',7),
 ('42000000-0000-0000-0000-000000000204','d1000064-0000-0000-0000-000000000064',8),
 ('42000000-0000-0000-0000-000000000205','d1000033-0000-0000-0000-000000000033',1),
 ('42000000-0000-0000-0000-000000000205','d1000034-0000-0000-0000-000000000034',2),
 ('42000000-0000-0000-0000-000000000205','d1000035-0000-0000-0000-000000000035',3),
 ('42000000-0000-0000-0000-000000000205','d1000036-0000-0000-0000-000000000036',4),
 ('42000000-0000-0000-0000-000000000205','d1000037-0000-0000-0000-000000000037',5),
 ('42000000-0000-0000-0000-000000000205','d1000038-0000-0000-0000-000000000038',6),
 ('42000000-0000-0000-0000-000000000205','d1000039-0000-0000-0000-000000000039',7),
 ('42000000-0000-0000-0000-000000000205','d1000047-0000-0000-0000-000000000047',8),
 ('42000000-0000-0000-0000-000000000205','d1000040-0000-0000-0000-000000000040',9),
 ('42000000-0000-0000-0000-000000000205','d1000048-0000-0000-0000-000000000048',10)
on conflict (lesson_id, item_id) do nothing;
insert into vocabulary (id, course_id, word, translation, frequency_rank, part_of_speech) values
 ('d1b00017-0000-0000-0000-000000000017','20000000-0000-0000-0000-000000000002',$p$família$p$,$p$familia$p$,140,'sustantivo'),
 ('d1b00018-0000-0000-0000-000000000018','20000000-0000-0000-0000-000000000002',$p$pai$p$,$p$padre$p$,141,'sustantivo'),
 ('d1b00019-0000-0000-0000-000000000019','20000000-0000-0000-0000-000000000002',$p$mãe$p$,$p$madre$p$,142,'sustantivo'),
 ('d1b00020-0000-0000-0000-000000000020','20000000-0000-0000-0000-000000000002',$p$irmão$p$,$p$hermano$p$,143,'sustantivo'),
 ('d1b00021-0000-0000-0000-000000000021','20000000-0000-0000-0000-000000000002',$p$irmã$p$,$p$hermana$p$,144,'sustantivo'),
 ('d1b00022-0000-0000-0000-000000000022','20000000-0000-0000-0000-000000000002',$p$filho$p$,$p$hijo$p$,145,'sustantivo'),
 ('d1b00023-0000-0000-0000-000000000023','20000000-0000-0000-0000-000000000002',$p$filha$p$,$p$hija$p$,146,'sustantivo'),
 ('d1b00024-0000-0000-0000-000000000024','20000000-0000-0000-0000-000000000002',$p$meu$p$,$p$mi (masculino)$p$,147,'posesivo'),
 ('d1b00025-0000-0000-0000-000000000025','20000000-0000-0000-0000-000000000002',$p$minha$p$,$p$mi (femenino)$p$,148,'posesivo'),
 ('d1b00026-0000-0000-0000-000000000026','20000000-0000-0000-0000-000000000002',$p$seu$p$,$p$tu / su (masculino)$p$,149,'posesivo'),
 ('d1b00027-0000-0000-0000-000000000027','20000000-0000-0000-0000-000000000002',$p$sua$p$,$p$tu / su (femenino)$p$,150,'posesivo'),
 ('d1b00028-0000-0000-0000-000000000028','20000000-0000-0000-0000-000000000002',$p$ele$p$,$p$él$p$,151,'pronombre'),
 ('d1b00029-0000-0000-0000-000000000029','20000000-0000-0000-0000-000000000002',$p$ela$p$,$p$ella$p$,152,'pronombre'),
 ('d1b00030-0000-0000-0000-000000000030','20000000-0000-0000-0000-000000000002',$p$ter$p$,$p$tener$p$,153,'verbo'),
 ('d1b00031-0000-0000-0000-000000000031','20000000-0000-0000-0000-000000000002',$p$este$p$,$p$este$p$,154,'demostrativo'),
 ('d1b00032-0000-0000-0000-000000000032','20000000-0000-0000-0000-000000000002',$p$esta$p$,$p$esta$p$,155,'demostrativo')
on conflict (id) do nothing;

-- ── Unidad 3 (A1·pt): Mi día a día ───────────────────────────────────────
insert into units (id, course_id, cefr_level, order_index, title, theme_color, icon) values
 ('32000000-0000-0000-0000-000000000003','20000000-0000-0000-0000-000000000002','A1',3,$p$Mi día a día$p$,'#E67E22','schedule')
on conflict (course_id, order_index) do update set title=excluded.title, theme_color=excluded.theme_color, icon=excluded.icon;
insert into lessons (id, unit_id, order_index, title, description, type, xp_reward) values
 ('42000000-0000-0000-0000-000000000301','32000000-0000-0000-0000-000000000003',1,$p$Dónde vivo y trabajo$p$,$p$Dónde vivo y trabajo$p$,'lesson',15),
 ('42000000-0000-0000-0000-000000000302','32000000-0000-0000-0000-000000000003',2,$p$Verbos del día (presente)$p$,$p$Verbos del día (presente)$p$,'lesson',15),
 ('42000000-0000-0000-0000-000000000303','32000000-0000-0000-0000-000000000003',3,$p$Me gusta: gostar de$p$,$p$Me gusta: gostar de$p$,'lesson',15),
 ('42000000-0000-0000-0000-000000000304','32000000-0000-0000-0000-000000000003',4,$p$¿Qué hora es? la rutina$p$,$p$¿Qué hora es? la rutina$p$,'lesson',15),
 ('42000000-0000-0000-0000-000000000305','32000000-0000-0000-0000-000000000003',5,$p$🏁 Checkpoint Unidade 3$p$,$p$En esta unidad practicas hablar de tu vida cotidiana en portugués de Brasil: dónde vives y trabajas, los verbos regulares en presente (-ar, -er, -ir) como morar, trabalhar, comer y abrir, expresar gustos con "gostar de" y decir la hora básica para describir tu rutina. Aprendes frases naturales del día a día con "você" y vocabulario de alta frecuencia.$p$,'checkpoint',40)
on conflict (unit_id, order_index) do update set title=excluded.title, description=excluded.description;
insert into exams (id, course_id, type, cefr_level, unit_id, time_limit_sec, pass_threshold, sections) values
 ('52000000-0000-0000-0000-000000000003','20000000-0000-0000-0000-000000000002','checkpoint','A1','32000000-0000-0000-0000-000000000003',300,0.80,$j${"skills":["reading","listening","writing","speaking"],"item_count":10,"randomize":true}$j$::jsonb)
on conflict (id) do nothing;
insert into content_items (id, course_id, cefr_level, skill, type, prompt, payload, correct_answer, difficulty, tags) values
 ('d1000065-0000-0000-0000-000000000065','20000000-0000-0000-0000-000000000002','A1','reading','match',
   $p$Empareja cada palabra con su traducción.$p$,
   $j${"pairs":[{"en":"morar","es":"vivir/residir"},{"en":"casa","es":"casa"},{"en":"cidade","es":"ciudad"}]}$j$::jsonb, $j${"pairs":[["morar","vivir/residir"],["casa","casa"],["cidade","ciudad"]]}$j$::jsonb,
   0.18, ARRAY['unidad3','presente_de_morar_y_trabalhar_para_decir_donde_vives_y_trabajas','reading']),
 ('d1000066-0000-0000-0000-000000000066','20000000-0000-0000-0000-000000000002','A1','reading','multiple_choice',
   $p$Completa: "Eu ___ em São Paulo." (vivir)$p$,
   $j${"options":["moro","mora","moramos"]}$j$::jsonb, $j${"value":"moro"}$j$::jsonb,
   0.18, ARRAY['unidad3','presente_de_morar_y_trabalhar_para_decir_donde_vives_y_trabajas','reading']),
 ('d1000067-0000-0000-0000-000000000067','20000000-0000-0000-0000-000000000002','A1','reading','multiple_choice',
   $p$Completa: "Você ___ num escritório?" (trabajar)$p$,
   $j${"options":["trabalha","trabalho","trabalham"]}$j$::jsonb, $j${"value":"trabalha"}$j$::jsonb,
   0.18, ARRAY['unidad3','presente_de_morar_y_trabalhar_para_decir_donde_vives_y_trabajas','reading']),
 ('d1000068-0000-0000-0000-000000000068','20000000-0000-0000-0000-000000000002','A1','writing','cloze',
   $p$Completa: "Eu ___ numa loja." (trabajar)$p$,
   $j${"text":"Eu ___ numa loja."}$j$::jsonb, $j${"value":"trabalho","accepted":["trabalho"]}$j$::jsonb,
   0.18, ARRAY['unidad3','presente_de_morar_y_trabalhar_para_decir_donde_vives_y_trabajas','writing']),
 ('d1000069-0000-0000-0000-000000000069','20000000-0000-0000-0000-000000000002','A1','writing','translation',
   $p$Traduce: "Vivo en una casa pequeña."$p$,
   $j${"source":"Vivo en una casa pequeña."}$j$::jsonb, $j${"value":"Moro numa casa pequena","accepted":["Moro numa casa pequena","Moro numa casa pequena.","Moro em uma casa pequena","Moro em uma casa pequena.","Eu moro numa casa pequena","Eu moro numa casa pequena.","Eu moro em uma casa pequena","Eu moro em uma casa pequena."]}$j$::jsonb,
   0.18, ARRAY['unidad3','presente_de_morar_y_trabalhar_para_decir_donde_vives_y_trabajas','writing']),
 ('d1000070-0000-0000-0000-000000000070','20000000-0000-0000-0000-000000000002','A1','writing','word_bank',
   $p$Arma la frase: "Trabajo en una tienda".$p$,
   $j${"tiles":["Trabalho","numa","loja","casa","moro"]}$j$::jsonb, $j${"value":"Trabalho numa loja","sequence":["Trabalho","numa","loja"]}$j$::jsonb,
   0.18, ARRAY['unidad3','presente_de_morar_y_trabalhar_para_decir_donde_vives_y_trabajas','writing']),
 ('d1000071-0000-0000-0000-000000000071','20000000-0000-0000-0000-000000000002','A1','listening','listening',
   $p$Escucha y elige la frase que oíste.$p$,
   $j${"options":["Eu trabalho numa loja em São Paulo.","Eu acordo cedo de manhã.","Eu gosto de café."],"say":"Eu trabalho numa loja em São Paulo.","audio_url":"https://wiauinufpbkmjlbqlkxo.supabase.co/storage/v1/object/public/audio/items/d1000071-0000-0000-0000-000000000071.mp3"}$j$::jsonb, $j${"value":"Eu trabalho numa loja em São Paulo."}$j$::jsonb,
   0.18, ARRAY['unidad3','presente_de_morar_y_trabalhar_para_decir_donde_vives_y_trabajas','listening']),
 ('d1000072-0000-0000-0000-000000000072','20000000-0000-0000-0000-000000000002','A1','speaking','speaking_read_aloud',
   $p$Lee en voz alta:$p$,
   $j${"text":"Eu moro no Rio e trabalho numa loja.","audio_url":"https://wiauinufpbkmjlbqlkxo.supabase.co/storage/v1/object/public/audio/items/d1000072-0000-0000-0000-000000000072.mp3"}$j$::jsonb, $j${"expected":"Eu moro no Rio e trabalho numa loja."}$j$::jsonb,
   0.18, ARRAY['unidad3','presente_de_morar_y_trabalhar_para_decir_donde_vives_y_trabajas','speaking']),
 ('d1000073-0000-0000-0000-000000000073','20000000-0000-0000-0000-000000000002','A1','reading','match',
   $p$Empareja cada verbo con su traducción.$p$,
   $j${"pairs":[{"en":"acordar","es":"despertarse"},{"en":"comer","es":"comer"},{"en":"trabalhar","es":"trabajar"}]}$j$::jsonb, $j${"pairs":[["acordar","despertarse"],["comer","comer"],["trabalhar","trabajar"]]}$j$::jsonb,
   0.18, ARRAY['unidad3','verbos_regulares_ar_er_ir_en_presente_para_la_rutina_diaria','reading']),
 ('d1000074-0000-0000-0000-000000000074','20000000-0000-0000-0000-000000000002','A1','reading','multiple_choice',
   $p$Completa: "Eu ___ pão no café da manhã." (comer)$p$,
   $j${"options":["como","come","comemos"]}$j$::jsonb, $j${"value":"como"}$j$::jsonb,
   0.18, ARRAY['unidad3','verbos_regulares_ar_er_ir_en_presente_para_la_rutina_diaria','reading']),
 ('d1000075-0000-0000-0000-000000000075','20000000-0000-0000-0000-000000000002','A1','reading','multiple_choice',
   $p$Completa: "Você ___ cedo?" (despertarse)$p$,
   $j${"options":["acorda","acordo","acordam"]}$j$::jsonb, $j${"value":"acorda"}$j$::jsonb,
   0.18, ARRAY['unidad3','verbos_regulares_ar_er_ir_en_presente_para_la_rutina_diaria','reading']),
 ('d1000076-0000-0000-0000-000000000076','20000000-0000-0000-0000-000000000002','A1','writing','cloze',
   $p$Completa: "Eu ___ café todo dia." (tomar)$p$,
   $j${"text":"Eu ___ café todo dia."}$j$::jsonb, $j${"value":"tomo","accepted":["tomo","bebo"]}$j$::jsonb,
   0.18, ARRAY['unidad3','verbos_regulares_ar_er_ir_en_presente_para_la_rutina_diaria','writing']),
 ('d1000077-0000-0000-0000-000000000077','20000000-0000-0000-0000-000000000002','A1','writing','translation',
   $p$Traduce: "Como en casa todos los días."$p$,
   $j${"source":"Como en casa todos los días."}$j$::jsonb, $j${"value":"Como em casa todo dia","accepted":["Como em casa todo dia","Como em casa todo dia.","Eu como em casa todo dia","Eu como em casa todo dia.","Como em casa todos os dias","Como em casa todos os dias.","Eu como em casa todos os dias","Eu como em casa todos os dias."]}$j$::jsonb,
   0.18, ARRAY['unidad3','verbos_regulares_ar_er_ir_en_presente_para_la_rutina_diaria','writing']),
 ('d1000078-0000-0000-0000-000000000078','20000000-0000-0000-0000-000000000002','A1','writing','reorder',
   $p$Ordena: "Despierto temprano por la mañana."$p$,
   $j${"tiles":["cedo","Acordo","manhã","de"]}$j$::jsonb, $j${"value":"Acordo cedo de manhã"}$j$::jsonb,
   0.18, ARRAY['unidad3','verbos_regulares_ar_er_ir_en_presente_para_la_rutina_diaria','writing']),
 ('d1000079-0000-0000-0000-000000000079','20000000-0000-0000-0000-000000000002','A1','listening','listening',
   $p$Escucha y elige la frase que oíste.$p$,
   $j${"options":["Eu acordo cedo todo dia.","Eu trabalho no centro.","Eu moro perto daqui."],"say":"Eu acordo cedo todo dia.","audio_url":"https://wiauinufpbkmjlbqlkxo.supabase.co/storage/v1/object/public/audio/items/d1000079-0000-0000-0000-000000000079.mp3"}$j$::jsonb, $j${"value":"Eu acordo cedo todo dia."}$j$::jsonb,
   0.18, ARRAY['unidad3','verbos_regulares_ar_er_ir_en_presente_para_la_rutina_diaria','listening']),
 ('d1000080-0000-0000-0000-000000000080','20000000-0000-0000-0000-000000000002','A1','speaking','speaking_read_aloud',
   $p$Lee en voz alta:$p$,
   $j${"text":"Eu acordo cedo, tomo café e como pão.","audio_url":"https://wiauinufpbkmjlbqlkxo.supabase.co/storage/v1/object/public/audio/items/d1000080-0000-0000-0000-000000000080.mp3"}$j$::jsonb, $j${"expected":"Eu acordo cedo, tomo café e como pão."}$j$::jsonb,
   0.18, ARRAY['unidad3','verbos_regulares_ar_er_ir_en_presente_para_la_rutina_diaria','speaking']),
 ('d1000081-0000-0000-0000-000000000081','20000000-0000-0000-0000-000000000002','A1','reading','match',
   $p$Empareja cada expresión con su traducción.$p$,
   $j${"pairs":[{"en":"gostar de","es":"gustar de"},{"en":"café","es":"café"},{"en":"muito","es":"mucho"}]}$j$::jsonb, $j${"pairs":[["gostar de","gustar de"],["café","café"],["muito","mucho"]]}$j$::jsonb,
   0.18, ARRAY['unidad3','expresar_gustos_con_gostar_de_sustantivo_o_verbo','reading']),
 ('d1000082-0000-0000-0000-000000000082','20000000-0000-0000-0000-000000000002','A1','reading','multiple_choice',
   $p$Completa: "Eu ___ de café." (gustar)$p$,
   $j${"options":["gosto","gosta","gostam"]}$j$::jsonb, $j${"value":"gosto"}$j$::jsonb,
   0.18, ARRAY['unidad3','expresar_gustos_con_gostar_de_sustantivo_o_verbo','reading']),
 ('d1000083-0000-0000-0000-000000000083','20000000-0000-0000-0000-000000000002','A1','reading','multiple_choice',
   $p$Completa: "Eu gosto ___ trabalhar de manhã."$p$,
   $j${"options":["de","com","em"]}$j$::jsonb, $j${"value":"de"}$j$::jsonb,
   0.18, ARRAY['unidad3','expresar_gustos_con_gostar_de_sustantivo_o_verbo','reading']),
 ('d1000084-0000-0000-0000-000000000084','20000000-0000-0000-0000-000000000002','A1','writing','cloze',
   $p$Completa: "Você ___ de café?" (gustar)$p$,
   $j${"text":"Você ___ de café?"}$j$::jsonb, $j${"value":"gosta","accepted":["gosta"]}$j$::jsonb,
   0.18, ARRAY['unidad3','expresar_gustos_con_gostar_de_sustantivo_o_verbo','writing']),
 ('d1000085-0000-0000-0000-000000000085','20000000-0000-0000-0000-000000000002','A1','writing','translation',
   $p$Traduce: "Me gusta mucho el café."$p$,
   $j${"source":"Me gusta mucho el café."}$j$::jsonb, $j${"value":"Eu gosto muito de café","accepted":["Eu gosto muito de café","Eu gosto muito de café.","Gosto muito de café","Gosto muito de café.","Eu gosto muito do café","Eu gosto muito do café.","Gosto muito do café","Gosto muito do café."]}$j$::jsonb,
   0.18, ARRAY['unidad3','expresar_gustos_con_gostar_de_sustantivo_o_verbo','writing']),
 ('d1000086-0000-0000-0000-000000000086','20000000-0000-0000-0000-000000000002','A1','writing','word_bank',
   $p$Arma la frase: "No me gusta despertarme temprano".$p$,
   $j${"tiles":["Não","gosto","de","acordar","cedo","gosta"]}$j$::jsonb, $j${"value":"Não gosto de acordar cedo","sequence":["Não","gosto","de","acordar","cedo"]}$j$::jsonb,
   0.18, ARRAY['unidad3','expresar_gustos_con_gostar_de_sustantivo_o_verbo','writing']),
 ('d1000087-0000-0000-0000-000000000087','20000000-0000-0000-0000-000000000002','A1','listening','listening',
   $p$Escucha y elige la frase que oíste.$p$,
   $j${"options":["Eu gosto muito de café.","Eu como pão de manhã.","Eu trabalho todo dia."],"say":"Eu gosto muito de café.","audio_url":"https://wiauinufpbkmjlbqlkxo.supabase.co/storage/v1/object/public/audio/items/d1000087-0000-0000-0000-000000000087.mp3"}$j$::jsonb, $j${"value":"Eu gosto muito de café."}$j$::jsonb,
   0.18, ARRAY['unidad3','expresar_gustos_con_gostar_de_sustantivo_o_verbo','listening']),
 ('d1000088-0000-0000-0000-000000000088','20000000-0000-0000-0000-000000000002','A1','speaking','speaking_read_aloud',
   $p$Lee en voz alta:$p$,
   $j${"text":"Eu gosto de trabalhar, mas não gosto de acordar cedo.","audio_url":"https://wiauinufpbkmjlbqlkxo.supabase.co/storage/v1/object/public/audio/items/d1000088-0000-0000-0000-000000000088.mp3"}$j$::jsonb, $j${"expected":"Eu gosto de trabalhar, mas não gosto de acordar cedo."}$j$::jsonb,
   0.18, ARRAY['unidad3','expresar_gustos_con_gostar_de_sustantivo_o_verbo','speaking']),
 ('d1000089-0000-0000-0000-000000000089','20000000-0000-0000-0000-000000000002','A1','reading','match',
   $p$Empareja cada palabra con su traducción.$p$,
   $j${"pairs":[{"en":"hora","es":"hora"},{"en":"meio-dia","es":"mediodía"},{"en":"agora","es":"ahora"}]}$j$::jsonb, $j${"pairs":[["hora","hora"],["meio-dia","mediodía"],["agora","ahora"]]}$j$::jsonb,
   0.18, ARRAY['unidad3','decir_la_hora_basica_y_describir_la_rutina_diaria','reading']),
 ('d1000090-0000-0000-0000-000000000090','20000000-0000-0000-0000-000000000002','A1','reading','multiple_choice',
   $p$Completa la pregunta: "Que ___ são?"$p$,
   $j${"options":["horas","hora","dia"]}$j$::jsonb, $j${"value":"horas"}$j$::jsonb,
   0.18, ARRAY['unidad3','decir_la_hora_basica_y_describir_la_rutina_diaria','reading']),
 ('d1000091-0000-0000-0000-000000000091','20000000-0000-0000-0000-000000000002','A1','reading','multiple_choice',
   $p$Responde: "São ___ horas." (las dos)$p$,
   $j${"options":["duas","dois","três"]}$j$::jsonb, $j${"value":"duas"}$j$::jsonb,
   0.18, ARRAY['unidad3','decir_la_hora_basica_y_describir_la_rutina_diaria','reading']),
 ('d1000092-0000-0000-0000-000000000092','20000000-0000-0000-0000-000000000002','A1','writing','cloze',
   $p$Completa: "É ___." (es mediodía)$p$,
   $j${"text":"É ___."}$j$::jsonb, $j${"value":"meio-dia","accepted":["meio-dia","meio dia"]}$j$::jsonb,
   0.18, ARRAY['unidad3','decir_la_hora_basica_y_describir_la_rutina_diaria','writing']),
 ('d1000093-0000-0000-0000-000000000093','20000000-0000-0000-0000-000000000002','A1','writing','translation',
   $p$Traduce: "¿Qué hora es ahora?"$p$,
   $j${"source":"¿Qué hora es ahora?"}$j$::jsonb, $j${"value":"Que horas são agora?","accepted":["Que horas são agora?","Que horas são agora","Quais horas são agora?"]}$j$::jsonb,
   0.18, ARRAY['unidad3','decir_la_hora_basica_y_describir_la_rutina_diaria','writing']),
 ('d1000094-0000-0000-0000-000000000094','20000000-0000-0000-0000-000000000002','A1','writing','reorder',
   $p$Ordena: "Trabajo hasta el mediodía."$p$,
   $j${"tiles":["até","Trabalho","meio-dia","o"]}$j$::jsonb, $j${"value":"Trabalho até o meio-dia"}$j$::jsonb,
   0.18, ARRAY['unidad3','decir_la_hora_basica_y_describir_la_rutina_diaria','writing']),
 ('d1000095-0000-0000-0000-000000000095','20000000-0000-0000-0000-000000000002','A1','listening','listening',
   $p$Escucha y elige la frase que oíste.$p$,
   $j${"options":["Que horas são agora?","Onde você mora?","Você gosta de café?"],"say":"Que horas são agora?","audio_url":"https://wiauinufpbkmjlbqlkxo.supabase.co/storage/v1/object/public/audio/items/d1000095-0000-0000-0000-000000000095.mp3"}$j$::jsonb, $j${"value":"Que horas são agora?"}$j$::jsonb,
   0.18, ARRAY['unidad3','decir_la_hora_basica_y_describir_la_rutina_diaria','listening']),
 ('d1000096-0000-0000-0000-000000000096','20000000-0000-0000-0000-000000000002','A1','speaking','speaking_read_aloud',
   $p$Lee en voz alta:$p$,
   $j${"text":"Eu acordo às sete e trabalho até o meio-dia.","audio_url":"https://wiauinufpbkmjlbqlkxo.supabase.co/storage/v1/object/public/audio/items/d1000096-0000-0000-0000-000000000096.mp3"}$j$::jsonb, $j${"expected":"Eu acordo às sete e trabalho até o meio-dia."}$j$::jsonb,
   0.18, ARRAY['unidad3','decir_la_hora_basica_y_describir_la_rutina_diaria','speaking'])
on conflict (id) do update set prompt=excluded.prompt, payload=excluded.payload, correct_answer=excluded.correct_answer, difficulty=excluded.difficulty, tags=excluded.tags, updated_at=now();
insert into lesson_items (lesson_id, item_id, order_index) values
 ('42000000-0000-0000-0000-000000000301','d1000065-0000-0000-0000-000000000065',1),
 ('42000000-0000-0000-0000-000000000301','d1000066-0000-0000-0000-000000000066',2),
 ('42000000-0000-0000-0000-000000000301','d1000067-0000-0000-0000-000000000067',3),
 ('42000000-0000-0000-0000-000000000301','d1000068-0000-0000-0000-000000000068',4),
 ('42000000-0000-0000-0000-000000000301','d1000069-0000-0000-0000-000000000069',5),
 ('42000000-0000-0000-0000-000000000301','d1000070-0000-0000-0000-000000000070',6),
 ('42000000-0000-0000-0000-000000000301','d1000071-0000-0000-0000-000000000071',7),
 ('42000000-0000-0000-0000-000000000301','d1000072-0000-0000-0000-000000000072',8),
 ('42000000-0000-0000-0000-000000000302','d1000073-0000-0000-0000-000000000073',1),
 ('42000000-0000-0000-0000-000000000302','d1000074-0000-0000-0000-000000000074',2),
 ('42000000-0000-0000-0000-000000000302','d1000075-0000-0000-0000-000000000075',3),
 ('42000000-0000-0000-0000-000000000302','d1000076-0000-0000-0000-000000000076',4),
 ('42000000-0000-0000-0000-000000000302','d1000077-0000-0000-0000-000000000077',5),
 ('42000000-0000-0000-0000-000000000302','d1000078-0000-0000-0000-000000000078',6),
 ('42000000-0000-0000-0000-000000000302','d1000079-0000-0000-0000-000000000079',7),
 ('42000000-0000-0000-0000-000000000302','d1000080-0000-0000-0000-000000000080',8),
 ('42000000-0000-0000-0000-000000000303','d1000081-0000-0000-0000-000000000081',1),
 ('42000000-0000-0000-0000-000000000303','d1000082-0000-0000-0000-000000000082',2),
 ('42000000-0000-0000-0000-000000000303','d1000083-0000-0000-0000-000000000083',3),
 ('42000000-0000-0000-0000-000000000303','d1000084-0000-0000-0000-000000000084',4),
 ('42000000-0000-0000-0000-000000000303','d1000085-0000-0000-0000-000000000085',5),
 ('42000000-0000-0000-0000-000000000303','d1000086-0000-0000-0000-000000000086',6),
 ('42000000-0000-0000-0000-000000000303','d1000087-0000-0000-0000-000000000087',7),
 ('42000000-0000-0000-0000-000000000303','d1000088-0000-0000-0000-000000000088',8),
 ('42000000-0000-0000-0000-000000000304','d1000089-0000-0000-0000-000000000089',1),
 ('42000000-0000-0000-0000-000000000304','d1000090-0000-0000-0000-000000000090',2),
 ('42000000-0000-0000-0000-000000000304','d1000091-0000-0000-0000-000000000091',3),
 ('42000000-0000-0000-0000-000000000304','d1000092-0000-0000-0000-000000000092',4),
 ('42000000-0000-0000-0000-000000000304','d1000093-0000-0000-0000-000000000093',5),
 ('42000000-0000-0000-0000-000000000304','d1000094-0000-0000-0000-000000000094',6),
 ('42000000-0000-0000-0000-000000000304','d1000095-0000-0000-0000-000000000095',7),
 ('42000000-0000-0000-0000-000000000304','d1000096-0000-0000-0000-000000000096',8),
 ('42000000-0000-0000-0000-000000000305','d1000065-0000-0000-0000-000000000065',1),
 ('42000000-0000-0000-0000-000000000305','d1000066-0000-0000-0000-000000000066',2),
 ('42000000-0000-0000-0000-000000000305','d1000067-0000-0000-0000-000000000067',3),
 ('42000000-0000-0000-0000-000000000305','d1000068-0000-0000-0000-000000000068',4),
 ('42000000-0000-0000-0000-000000000305','d1000069-0000-0000-0000-000000000069',5),
 ('42000000-0000-0000-0000-000000000305','d1000070-0000-0000-0000-000000000070',6),
 ('42000000-0000-0000-0000-000000000305','d1000071-0000-0000-0000-000000000071',7),
 ('42000000-0000-0000-0000-000000000305','d1000079-0000-0000-0000-000000000079',8),
 ('42000000-0000-0000-0000-000000000305','d1000072-0000-0000-0000-000000000072',9),
 ('42000000-0000-0000-0000-000000000305','d1000080-0000-0000-0000-000000000080',10)
on conflict (lesson_id, item_id) do nothing;
insert into vocabulary (id, course_id, word, translation, frequency_rank, part_of_speech) values
 ('d1b00033-0000-0000-0000-000000000033','20000000-0000-0000-0000-000000000002',$p$morar$p$,$p$vivir/residir$p$,160,'verbo'),
 ('d1b00034-0000-0000-0000-000000000034','20000000-0000-0000-0000-000000000002',$p$trabalhar$p$,$p$trabajar$p$,161,'verbo'),
 ('d1b00035-0000-0000-0000-000000000035','20000000-0000-0000-0000-000000000002',$p$comer$p$,$p$comer$p$,162,'verbo'),
 ('d1b00036-0000-0000-0000-000000000036','20000000-0000-0000-0000-000000000002',$p$gostar de$p$,$p$gustar de$p$,163,'verbo'),
 ('d1b00037-0000-0000-0000-000000000037','20000000-0000-0000-0000-000000000002',$p$acordar$p$,$p$despertarse$p$,164,'verbo'),
 ('d1b00038-0000-0000-0000-000000000038','20000000-0000-0000-0000-000000000002',$p$tomar$p$,$p$tomar/beber$p$,165,'verbo'),
 ('d1b00039-0000-0000-0000-000000000039','20000000-0000-0000-0000-000000000002',$p$hora$p$,$p$hora$p$,166,'sustantivo'),
 ('d1b00040-0000-0000-0000-000000000040','20000000-0000-0000-0000-000000000002',$p$casa$p$,$p$casa$p$,167,'sustantivo'),
 ('d1b00041-0000-0000-0000-000000000041','20000000-0000-0000-0000-000000000002',$p$trabalho$p$,$p$trabajo$p$,168,'sustantivo'),
 ('d1b00042-0000-0000-0000-000000000042','20000000-0000-0000-0000-000000000002',$p$cidade$p$,$p$ciudad$p$,169,'sustantivo'),
 ('d1b00043-0000-0000-0000-000000000043','20000000-0000-0000-0000-000000000002',$p$manhã$p$,$p$mañana$p$,170,'sustantivo'),
 ('d1b00044-0000-0000-0000-000000000044','20000000-0000-0000-0000-000000000002',$p$café$p$,$p$café$p$,171,'sustantivo'),
 ('d1b00045-0000-0000-0000-000000000045','20000000-0000-0000-0000-000000000002',$p$todo dia$p$,$p$todos los días$p$,172,'adverbio'),
 ('d1b00046-0000-0000-0000-000000000046','20000000-0000-0000-0000-000000000002',$p$meio-dia$p$,$p$mediodía$p$,173,'sustantivo'),
 ('d1b00047-0000-0000-0000-000000000047','20000000-0000-0000-0000-000000000002',$p$agora$p$,$p$ahora$p$,174,'adverbio'),
 ('d1b00048-0000-0000-0000-000000000048','20000000-0000-0000-0000-000000000002',$p$cedo$p$,$p$temprano$p$,175,'adverbio')
on conflict (id) do nothing;

-- ── Unidad 4 (A1·pt): Comer y comprar ───────────────────────────────────────
insert into units (id, course_id, cefr_level, order_index, title, theme_color, icon) values
 ('32000000-0000-0000-0000-000000000004','20000000-0000-0000-0000-000000000002','A1',4,$p$Comer y comprar$p$,'#C0392B','restaurant')
on conflict (course_id, order_index) do update set title=excluded.title, theme_color=excluded.theme_color, icon=excluded.icon;
insert into lessons (id, unit_id, order_index, title, description, type, xp_reward) values
 ('42000000-0000-0000-0000-000000000401','32000000-0000-0000-0000-000000000004',1,$p$Comida y bebida$p$,$p$Comida y bebida$p$,'lesson',15),
 ('42000000-0000-0000-0000-000000000402','32000000-0000-0000-0000-000000000004',2,$p$Yo quiero: querer$p$,$p$Yo quiero: querer$p$,'lesson',15),
 ('42000000-0000-0000-0000-000000000403','32000000-0000-0000-0000-000000000004',3,$p$Números y precios$p$,$p$Números y precios$p$,'lesson',15),
 ('42000000-0000-0000-0000-000000000404','32000000-0000-0000-0000-000000000004',4,$p$En la tienda: quanto custa$p$,$p$En la tienda: quanto custa$p$,'lesson',15),
 ('42000000-0000-0000-0000-000000000405','32000000-0000-0000-0000-000000000004',5,$p$🏁 Checkpoint Unidade 4$p$,$p$En esta unidad practicas el vocabulario de comida y bebida, pides cosas con el verbo querer (eu quero), usas los números y dices los precios. Aprendes a preguntar cuánto cuesta algo (quanto custa) y si la tienda tiene un producto (tem...?), usando um/uma. Todo en situaciones cotidianas de café, restaurante y tienda en Brasil.$p$,'checkpoint',40)
on conflict (unit_id, order_index) do update set title=excluded.title, description=excluded.description;
insert into exams (id, course_id, type, cefr_level, unit_id, time_limit_sec, pass_threshold, sections) values
 ('52000000-0000-0000-0000-000000000004','20000000-0000-0000-0000-000000000002','checkpoint','A1','32000000-0000-0000-0000-000000000004',300,0.80,$j${"skills":["reading","listening","writing","speaking"],"item_count":10,"randomize":true}$j$::jsonb)
on conflict (id) do nothing;
insert into content_items (id, course_id, cefr_level, skill, type, prompt, payload, correct_answer, difficulty, tags) values
 ('d1000097-0000-0000-0000-000000000097','20000000-0000-0000-0000-000000000002','A1','reading','match',
   $p$Empareja cada palabra con su traducción.$p$,
   $j${"pairs":[{"en":"água","es":"agua"},{"en":"pão","es":"pan"},{"en":"café","es":"café"}]}$j$::jsonb, $j${"pairs":[["água","agua"],["pão","pan"],["café","café"]]}$j$::jsonb,
   0.18, ARRAY['unidad4','vocabulario_basico_de_comida_y_bebida_en_brasil','reading']),
 ('d1000098-0000-0000-0000-000000000098','20000000-0000-0000-0000-000000000002','A1','reading','multiple_choice',
   $p$¿Cómo se dice "leche" en portugués?$p$,
   $j${"options":["leite","água","suco"]}$j$::jsonb, $j${"value":"leite"}$j$::jsonb,
   0.18, ARRAY['unidad4','vocabulario_basico_de_comida_y_bebida_en_brasil','reading']),
 ('d1000099-0000-0000-0000-000000000099','20000000-0000-0000-0000-000000000002','A1','reading','multiple_choice',
   $p$¿Qué significa "suco" en español?$p$,
   $j${"options":["jugo","pan","leche"]}$j$::jsonb, $j${"value":"jugo"}$j$::jsonb,
   0.18, ARRAY['unidad4','vocabulario_basico_de_comida_y_bebida_en_brasil','reading']),
 ('d1000100-0000-0000-0000-000000000100','20000000-0000-0000-0000-000000000002','A1','writing','cloze',
   $p$Completa: "Eu como ___ no café da manhã." (pan)$p$,
   $j${"text":"Eu como ___ no café da manhã."}$j$::jsonb, $j${"value":"pão","accepted":["pão","pao"]}$j$::jsonb,
   0.18, ARRAY['unidad4','vocabulario_basico_de_comida_y_bebida_en_brasil','writing']),
 ('d1000101-0000-0000-0000-000000000101','20000000-0000-0000-0000-000000000002','A1','writing','translation',
   $p$Traduce: "agua y café".$p$,
   $j${"source":"agua y café"}$j$::jsonb, $j${"value":"água e café","accepted":["água e café","agua e cafe","água e café.","agua e cafe.","água e cafe","agua e café","Água e café","Água e café.","Agua e cafe","Agua e cafe."]}$j$::jsonb,
   0.18, ARRAY['unidad4','vocabulario_basico_de_comida_y_bebida_en_brasil','writing']),
 ('d1000102-0000-0000-0000-000000000102','20000000-0000-0000-0000-000000000002','A1','writing','word_bank',
   $p$Arma la frase: "Quiero un café".$p$,
   $j${"tiles":["Eu","quero","um","café","uma","água"]}$j$::jsonb, $j${"value":"Eu quero um café","sequence":["Eu","quero","um","café"]}$j$::jsonb,
   0.18, ARRAY['unidad4','vocabulario_basico_de_comida_y_bebida_en_brasil','writing']),
 ('d1000103-0000-0000-0000-000000000103','20000000-0000-0000-0000-000000000002','A1','listening','listening',
   $p$Escucha y elige la frase que oíste.$p$,
   $j${"options":["Um café, por favor.","Uma água, por favor.","Um pão, por favor."],"say":"Um café, por favor.","audio_url":"https://wiauinufpbkmjlbqlkxo.supabase.co/storage/v1/object/public/audio/items/d1000103-0000-0000-0000-000000000103.mp3"}$j$::jsonb, $j${"value":"Um café, por favor."}$j$::jsonb,
   0.18, ARRAY['unidad4','vocabulario_basico_de_comida_y_bebida_en_brasil','listening']),
 ('d1000104-0000-0000-0000-000000000104','20000000-0000-0000-0000-000000000002','A1','speaking','speaking_read_aloud',
   $p$Lee en voz alta:$p$,
   $j${"text":"Eu gosto de pão com café.","audio_url":"https://wiauinufpbkmjlbqlkxo.supabase.co/storage/v1/object/public/audio/items/d1000104-0000-0000-0000-000000000104.mp3"}$j$::jsonb, $j${"expected":"Eu gosto de pão com café."}$j$::jsonb,
   0.18, ARRAY['unidad4','vocabulario_basico_de_comida_y_bebida_en_brasil','speaking']),
 ('d1000105-0000-0000-0000-000000000105','20000000-0000-0000-0000-000000000002','A1','reading','match',
   $p$Empareja cada frase con su traducción.$p$,
   $j${"pairs":[{"en":"eu quero","es":"yo quiero"},{"en":"você quer","es":"tú quieres"},{"en":"por favor","es":"por favor"}]}$j$::jsonb, $j${"pairs":[["eu quero","yo quiero"],["você quer","tú quieres"],["por favor","por favor"]]}$j$::jsonb,
   0.18, ARRAY['unidad4','pedir_cosas_usando_el_verbo_querer_eu_quero','reading']),
 ('d1000106-0000-0000-0000-000000000106','20000000-0000-0000-0000-000000000002','A1','reading','multiple_choice',
   $p$Completa: "Eu ___ um café." (querer)$p$,
   $j${"options":["quero","quer","quere"]}$j$::jsonb, $j${"value":"quero"}$j$::jsonb,
   0.18, ARRAY['unidad4','pedir_cosas_usando_el_verbo_querer_eu_quero','reading']),
 ('d1000107-0000-0000-0000-000000000107','20000000-0000-0000-0000-000000000002','A1','reading','multiple_choice',
   $p$¿Qué significa "O que você quer?"?$p$,
   $j${"options":["¿Qué quieres?","¿Cómo estás?","¿Dónde estás?"]}$j$::jsonb, $j${"value":"¿Qué quieres?"}$j$::jsonb,
   0.18, ARRAY['unidad4','pedir_cosas_usando_el_verbo_querer_eu_quero','reading']),
 ('d1000108-0000-0000-0000-000000000108','20000000-0000-0000-0000-000000000002','A1','writing','cloze',
   $p$Completa: "Eu ___ uma água, por favor." (querer)$p$,
   $j${"text":"Eu ___ uma água, por favor."}$j$::jsonb, $j${"value":"quero","accepted":["quero","Quero"]}$j$::jsonb,
   0.18, ARRAY['unidad4','pedir_cosas_usando_el_verbo_querer_eu_quero','writing']),
 ('d1000109-0000-0000-0000-000000000109','20000000-0000-0000-0000-000000000002','A1','writing','translation',
   $p$Traduce: "Quiero un café, por favor."$p$,
   $j${"source":"Quiero un café, por favor."}$j$::jsonb, $j${"value":"Eu quero um café, por favor","accepted":["Eu quero um café, por favor","Eu quero um café, por favor.","Quero um café, por favor","Quero um café, por favor.","Eu quero um cafe, por favor","Eu quero um cafe por favor","Quero um cafe, por favor","Quero um cafe por favor"]}$j$::jsonb,
   0.18, ARRAY['unidad4','pedir_cosas_usando_el_verbo_querer_eu_quero','writing']),
 ('d1000110-0000-0000-0000-000000000110','20000000-0000-0000-0000-000000000002','A1','writing','reorder',
   $p$Ordena: "Yo quiero una agua".$p$,
   $j${"tiles":["uma","Eu","água","quero"]}$j$::jsonb, $j${"value":"Eu quero uma água"}$j$::jsonb,
   0.18, ARRAY['unidad4','pedir_cosas_usando_el_verbo_querer_eu_quero','writing']),
 ('d1000111-0000-0000-0000-000000000111','20000000-0000-0000-0000-000000000002','A1','listening','listening',
   $p$Escucha y elige la frase que oíste.$p$,
   $j${"options":["Eu quero um pão, por favor.","Eu quero um suco, por favor.","Eu quero um leite, por favor."],"say":"Eu quero um pão, por favor.","audio_url":"https://wiauinufpbkmjlbqlkxo.supabase.co/storage/v1/object/public/audio/items/d1000111-0000-0000-0000-000000000111.mp3"}$j$::jsonb, $j${"value":"Eu quero um pão, por favor."}$j$::jsonb,
   0.18, ARRAY['unidad4','pedir_cosas_usando_el_verbo_querer_eu_quero','listening']),
 ('d1000112-0000-0000-0000-000000000112','20000000-0000-0000-0000-000000000002','A1','speaking','speaking_read_aloud',
   $p$Lee en voz alta:$p$,
   $j${"text":"Eu quero uma água, por favor.","audio_url":"https://wiauinufpbkmjlbqlkxo.supabase.co/storage/v1/object/public/audio/items/d1000112-0000-0000-0000-000000000112.mp3"}$j$::jsonb, $j${"expected":"Eu quero uma água, por favor."}$j$::jsonb,
   0.18, ARRAY['unidad4','pedir_cosas_usando_el_verbo_querer_eu_quero','speaking']),
 ('d1000113-0000-0000-0000-000000000113','20000000-0000-0000-0000-000000000002','A1','reading','match',
   $p$Empareja cada número con su traducción.$p$,
   $j${"pairs":[{"en":"dois","es":"dos"},{"en":"três","es":"tres"},{"en":"dez","es":"diez"}]}$j$::jsonb, $j${"pairs":[["dois","dos"],["três","tres"],["dez","diez"]]}$j$::jsonb,
   0.18, ARRAY['unidad4','los_numeros_y_como_decir_los_precios_en_reales','reading']),
 ('d1000114-0000-0000-0000-000000000114','20000000-0000-0000-0000-000000000002','A1','reading','multiple_choice',
   $p$¿Qué número es "cinco" en portugués?$p$,
   $j${"options":["cinco","quatro","seis"]}$j$::jsonb, $j${"value":"cinco"}$j$::jsonb,
   0.18, ARRAY['unidad4','los_numeros_y_como_decir_los_precios_en_reales','reading']),
 ('d1000115-0000-0000-0000-000000000115','20000000-0000-0000-0000-000000000002','A1','reading','multiple_choice',
   $p$"Custa dez reais" significa:$p$,
   $j${"options":["Cuesta diez reales","Cuesta dos reales","Cuesta doce reales"]}$j$::jsonb, $j${"value":"Cuesta diez reales"}$j$::jsonb,
   0.18, ARRAY['unidad4','los_numeros_y_como_decir_los_precios_en_reales','reading']),
 ('d1000116-0000-0000-0000-000000000116','20000000-0000-0000-0000-000000000002','A1','writing','cloze',
   $p$Completa el número: "um, dois, ___, quatro." (tres)$p$,
   $j${"text":"um, dois, ___, quatro."}$j$::jsonb, $j${"value":"três","accepted":["três","tres","Três","Tres"]}$j$::jsonb,
   0.18, ARRAY['unidad4','los_numeros_y_como_decir_los_precios_en_reales','writing']),
 ('d1000117-0000-0000-0000-000000000117','20000000-0000-0000-0000-000000000002','A1','writing','translation',
   $p$Traduce: "Cuesta cinco reales."$p$,
   $j${"source":"Cuesta cinco reales."}$j$::jsonb, $j${"value":"Custa cinco reais","accepted":["Custa cinco reais","Custa cinco reais.","custa cinco reais","custa cinco reais.","Custa cinco reais ."]}$j$::jsonb,
   0.18, ARRAY['unidad4','los_numeros_y_como_decir_los_precios_en_reales','writing']),
 ('d1000118-0000-0000-0000-000000000118','20000000-0000-0000-0000-000000000002','A1','writing','word_bank',
   $p$Arma la frase: "El café cuesta tres reales".$p$,
   $j${"tiles":["O","café","custa","três","reais","dois"]}$j$::jsonb, $j${"value":"O café custa três reais","sequence":["O","café","custa","três","reais"]}$j$::jsonb,
   0.18, ARRAY['unidad4','los_numeros_y_como_decir_los_precios_en_reales','writing']),
 ('d1000119-0000-0000-0000-000000000119','20000000-0000-0000-0000-000000000002','A1','listening','listening',
   $p$Escucha y elige la frase que oíste.$p$,
   $j${"options":["Custa dez reais.","Custa dois reais.","Custa doze reais."],"say":"Custa dez reais.","audio_url":"https://wiauinufpbkmjlbqlkxo.supabase.co/storage/v1/object/public/audio/items/d1000119-0000-0000-0000-000000000119.mp3"}$j$::jsonb, $j${"value":"Custa dez reais."}$j$::jsonb,
   0.18, ARRAY['unidad4','los_numeros_y_como_decir_los_precios_en_reales','listening']),
 ('d1000120-0000-0000-0000-000000000120','20000000-0000-0000-0000-000000000002','A1','speaking','speaking_read_aloud',
   $p$Lee en voz alta:$p$,
   $j${"text":"O suco custa seis reais.","audio_url":"https://wiauinufpbkmjlbqlkxo.supabase.co/storage/v1/object/public/audio/items/d1000120-0000-0000-0000-000000000120.mp3"}$j$::jsonb, $j${"expected":"O suco custa seis reais."}$j$::jsonb,
   0.18, ARRAY['unidad4','los_numeros_y_como_decir_los_precios_en_reales','speaking']),
 ('d1000121-0000-0000-0000-000000000121','20000000-0000-0000-0000-000000000002','A1','reading','match',
   $p$Empareja cada frase con su traducción.$p$,
   $j${"pairs":[{"en":"quanto custa?","es":"¿cuánto cuesta?"},{"en":"tem pão?","es":"¿hay pan?"},{"en":"a conta, por favor","es":"la cuenta, por favor"}]}$j$::jsonb, $j${"pairs":[["quanto custa?","¿cuánto cuesta?"],["tem pão?","¿hay pan?"],["a conta, por favor","la cuenta, por favor"]]}$j$::jsonb,
   0.18, ARRAY['unidad4','preguntar_precios_y_disponibilidad_en_la_tienda_quanto_custa_tem','reading']),
 ('d1000122-0000-0000-0000-000000000122','20000000-0000-0000-0000-000000000002','A1','reading','multiple_choice',
   $p$Para preguntar el precio dices:$p$,
   $j${"options":["Quanto custa?","Como vai?","Onde fica?"]}$j$::jsonb, $j${"value":"Quanto custa?"}$j$::jsonb,
   0.18, ARRAY['unidad4','preguntar_precios_y_disponibilidad_en_la_tienda_quanto_custa_tem','reading']),
 ('d1000123-0000-0000-0000-000000000123','20000000-0000-0000-0000-000000000002','A1','reading','multiple_choice',
   $p$"Tem água?" significa:$p$,
   $j${"options":["¿Hay agua?","¿Quieres agua?","¿Cuánto cuesta el agua?"]}$j$::jsonb, $j${"value":"¿Hay agua?"}$j$::jsonb,
   0.18, ARRAY['unidad4','preguntar_precios_y_disponibilidad_en_la_tienda_quanto_custa_tem','reading']),
 ('d1000124-0000-0000-0000-000000000124','20000000-0000-0000-0000-000000000002','A1','writing','cloze',
   $p$Completa: "___ custa o café?" (cuánto)$p$,
   $j${"text":"___ custa o café?"}$j$::jsonb, $j${"value":"Quanto","accepted":["Quanto","quanto"]}$j$::jsonb,
   0.18, ARRAY['unidad4','preguntar_precios_y_disponibilidad_en_la_tienda_quanto_custa_tem','writing']),
 ('d1000125-0000-0000-0000-000000000125','20000000-0000-0000-0000-000000000002','A1','writing','translation',
   $p$Traduce: "¿Cuánto cuesta el pan?"$p$,
   $j${"source":"¿Cuánto cuesta el pan?"}$j$::jsonb, $j${"value":"Quanto custa o pão?","accepted":["Quanto custa o pão?","Quanto custa o pão","Quanto custa o pao?","Quanto custa o pao","Quanto custa o pão ?"]}$j$::jsonb,
   0.18, ARRAY['unidad4','preguntar_precios_y_disponibilidad_en_la_tienda_quanto_custa_tem','writing']),
 ('d1000126-0000-0000-0000-000000000126','20000000-0000-0000-0000-000000000002','A1','writing','reorder',
   $p$Ordena: "¿Tienen pan?"$p$,
   $j${"tiles":["pão?","Tem"]}$j$::jsonb, $j${"value":"Tem pão?"}$j$::jsonb,
   0.18, ARRAY['unidad4','preguntar_precios_y_disponibilidad_en_la_tienda_quanto_custa_tem','writing']),
 ('d1000127-0000-0000-0000-000000000127','20000000-0000-0000-0000-000000000002','A1','listening','listening',
   $p$Escucha y elige la frase que oíste.$p$,
   $j${"options":["Quanto custa o suco?","Quanto custa o café?","Quanto custa a água?"],"say":"Quanto custa o suco?","audio_url":"https://wiauinufpbkmjlbqlkxo.supabase.co/storage/v1/object/public/audio/items/d1000127-0000-0000-0000-000000000127.mp3"}$j$::jsonb, $j${"value":"Quanto custa o suco?"}$j$::jsonb,
   0.18, ARRAY['unidad4','preguntar_precios_y_disponibilidad_en_la_tienda_quanto_custa_tem','listening']),
 ('d1000128-0000-0000-0000-000000000128','20000000-0000-0000-0000-000000000002','A1','speaking','speaking_read_aloud',
   $p$Lee en voz alta:$p$,
   $j${"text":"Quanto custa o suco?","audio_url":"https://wiauinufpbkmjlbqlkxo.supabase.co/storage/v1/object/public/audio/items/d1000128-0000-0000-0000-000000000128.mp3"}$j$::jsonb, $j${"expected":"Quanto custa o suco?"}$j$::jsonb,
   0.18, ARRAY['unidad4','preguntar_precios_y_disponibilidad_en_la_tienda_quanto_custa_tem','speaking'])
on conflict (id) do update set prompt=excluded.prompt, payload=excluded.payload, correct_answer=excluded.correct_answer, difficulty=excluded.difficulty, tags=excluded.tags, updated_at=now();
insert into lesson_items (lesson_id, item_id, order_index) values
 ('42000000-0000-0000-0000-000000000401','d1000097-0000-0000-0000-000000000097',1),
 ('42000000-0000-0000-0000-000000000401','d1000098-0000-0000-0000-000000000098',2),
 ('42000000-0000-0000-0000-000000000401','d1000099-0000-0000-0000-000000000099',3),
 ('42000000-0000-0000-0000-000000000401','d1000100-0000-0000-0000-000000000100',4),
 ('42000000-0000-0000-0000-000000000401','d1000101-0000-0000-0000-000000000101',5),
 ('42000000-0000-0000-0000-000000000401','d1000102-0000-0000-0000-000000000102',6),
 ('42000000-0000-0000-0000-000000000401','d1000103-0000-0000-0000-000000000103',7),
 ('42000000-0000-0000-0000-000000000401','d1000104-0000-0000-0000-000000000104',8),
 ('42000000-0000-0000-0000-000000000402','d1000105-0000-0000-0000-000000000105',1),
 ('42000000-0000-0000-0000-000000000402','d1000106-0000-0000-0000-000000000106',2),
 ('42000000-0000-0000-0000-000000000402','d1000107-0000-0000-0000-000000000107',3),
 ('42000000-0000-0000-0000-000000000402','d1000108-0000-0000-0000-000000000108',4),
 ('42000000-0000-0000-0000-000000000402','d1000109-0000-0000-0000-000000000109',5),
 ('42000000-0000-0000-0000-000000000402','d1000110-0000-0000-0000-000000000110',6),
 ('42000000-0000-0000-0000-000000000402','d1000111-0000-0000-0000-000000000111',7),
 ('42000000-0000-0000-0000-000000000402','d1000112-0000-0000-0000-000000000112',8),
 ('42000000-0000-0000-0000-000000000403','d1000113-0000-0000-0000-000000000113',1),
 ('42000000-0000-0000-0000-000000000403','d1000114-0000-0000-0000-000000000114',2),
 ('42000000-0000-0000-0000-000000000403','d1000115-0000-0000-0000-000000000115',3),
 ('42000000-0000-0000-0000-000000000403','d1000116-0000-0000-0000-000000000116',4),
 ('42000000-0000-0000-0000-000000000403','d1000117-0000-0000-0000-000000000117',5),
 ('42000000-0000-0000-0000-000000000403','d1000118-0000-0000-0000-000000000118',6),
 ('42000000-0000-0000-0000-000000000403','d1000119-0000-0000-0000-000000000119',7),
 ('42000000-0000-0000-0000-000000000403','d1000120-0000-0000-0000-000000000120',8),
 ('42000000-0000-0000-0000-000000000404','d1000121-0000-0000-0000-000000000121',1),
 ('42000000-0000-0000-0000-000000000404','d1000122-0000-0000-0000-000000000122',2),
 ('42000000-0000-0000-0000-000000000404','d1000123-0000-0000-0000-000000000123',3),
 ('42000000-0000-0000-0000-000000000404','d1000124-0000-0000-0000-000000000124',4),
 ('42000000-0000-0000-0000-000000000404','d1000125-0000-0000-0000-000000000125',5),
 ('42000000-0000-0000-0000-000000000404','d1000126-0000-0000-0000-000000000126',6),
 ('42000000-0000-0000-0000-000000000404','d1000127-0000-0000-0000-000000000127',7),
 ('42000000-0000-0000-0000-000000000404','d1000128-0000-0000-0000-000000000128',8),
 ('42000000-0000-0000-0000-000000000405','d1000097-0000-0000-0000-000000000097',1),
 ('42000000-0000-0000-0000-000000000405','d1000098-0000-0000-0000-000000000098',2),
 ('42000000-0000-0000-0000-000000000405','d1000099-0000-0000-0000-000000000099',3),
 ('42000000-0000-0000-0000-000000000405','d1000100-0000-0000-0000-000000000100',4),
 ('42000000-0000-0000-0000-000000000405','d1000101-0000-0000-0000-000000000101',5),
 ('42000000-0000-0000-0000-000000000405','d1000102-0000-0000-0000-000000000102',6),
 ('42000000-0000-0000-0000-000000000405','d1000103-0000-0000-0000-000000000103',7),
 ('42000000-0000-0000-0000-000000000405','d1000111-0000-0000-0000-000000000111',8),
 ('42000000-0000-0000-0000-000000000405','d1000104-0000-0000-0000-000000000104',9),
 ('42000000-0000-0000-0000-000000000405','d1000112-0000-0000-0000-000000000112',10)
on conflict (lesson_id, item_id) do nothing;
insert into vocabulary (id, course_id, word, translation, frequency_rank, part_of_speech) values
 ('d1b00049-0000-0000-0000-000000000049','20000000-0000-0000-0000-000000000002',$p$água$p$,$p$agua$p$,180,'sustantivo'),
 ('d1b00050-0000-0000-0000-000000000050','20000000-0000-0000-0000-000000000002',$p$café$p$,$p$café$p$,181,'sustantivo'),
 ('d1b00051-0000-0000-0000-000000000051','20000000-0000-0000-0000-000000000002',$p$pão$p$,$p$pan$p$,182,'sustantivo'),
 ('d1b00052-0000-0000-0000-000000000052','20000000-0000-0000-0000-000000000002',$p$leite$p$,$p$leche$p$,183,'sustantivo'),
 ('d1b00053-0000-0000-0000-000000000053','20000000-0000-0000-0000-000000000002',$p$suco$p$,$p$jugo$p$,184,'sustantivo'),
 ('d1b00054-0000-0000-0000-000000000054','20000000-0000-0000-0000-000000000002',$p$comida$p$,$p$comida$p$,185,'sustantivo'),
 ('d1b00055-0000-0000-0000-000000000055','20000000-0000-0000-0000-000000000002',$p$querer$p$,$p$querer$p$,186,'verbo'),
 ('d1b00056-0000-0000-0000-000000000056','20000000-0000-0000-0000-000000000002',$p$quero$p$,$p$quiero$p$,187,'verbo'),
 ('d1b00057-0000-0000-0000-000000000057','20000000-0000-0000-0000-000000000002',$p$quanto custa$p$,$p$cuánto cuesta$p$,188,'expresion'),
 ('d1b00058-0000-0000-0000-000000000058','20000000-0000-0000-0000-000000000002',$p$tem$p$,$p$hay / tiene$p$,189,'verbo'),
 ('d1b00059-0000-0000-0000-000000000059','20000000-0000-0000-0000-000000000002',$p$um$p$,$p$un$p$,190,'articulo'),
 ('d1b00060-0000-0000-0000-000000000060','20000000-0000-0000-0000-000000000002',$p$uma$p$,$p$una$p$,191,'articulo'),
 ('d1b00061-0000-0000-0000-000000000061','20000000-0000-0000-0000-000000000002',$p$reais$p$,$p$reales (moneda)$p$,192,'sustantivo'),
 ('d1b00062-0000-0000-0000-000000000062','20000000-0000-0000-0000-000000000002',$p$por favor$p$,$p$por favor$p$,193,'expresion'),
 ('d1b00063-0000-0000-0000-000000000063','20000000-0000-0000-0000-000000000002',$p$conta$p$,$p$cuenta$p$,194,'sustantivo')
on conflict (id) do nothing;

-- ── Unidad 5 (A1·pt): ¿Dónde queda? ───────────────────────────────────────
insert into units (id, course_id, cefr_level, order_index, title, theme_color, icon) values
 ('32000000-0000-0000-0000-000000000005','20000000-0000-0000-0000-000000000002','A1',5,$p$¿Dónde queda?$p$,'#8E44AD','place')
on conflict (course_id, order_index) do update set title=excluded.title, theme_color=excluded.theme_color, icon=excluded.icon;
insert into lessons (id, unit_id, order_index, title, description, type, xp_reward) values
 ('42000000-0000-0000-0000-000000000501','32000000-0000-0000-0000-000000000005',1,$p$Lugares de la ciudad$p$,$p$Lugares de la ciudad$p$,'lesson',15),
 ('42000000-0000-0000-0000-000000000502','32000000-0000-0000-0000-000000000005',2,$p$Dónde queda: ficar/estar$p$,$p$Dónde queda: ficar/estar$p$,'lesson',15),
 ('42000000-0000-0000-0000-000000000503','32000000-0000-0000-0000-000000000005',3,$p$Cerca y lejos: preposiciones$p$,$p$Cerca y lejos: preposiciones$p$,'lesson',15),
 ('42000000-0000-0000-0000-000000000504','32000000-0000-0000-0000-000000000005',4,$p$Cómo llego: direcciones$p$,$p$Cómo llego: direcciones$p$,'lesson',15),
 ('42000000-0000-0000-0000-000000000505','32000000-0000-0000-0000-000000000005',5,$p$🏁 Checkpoint Unidade 5$p$,$p$En esta unidad aprendes a hablar de lugares de la ciudad y a ubicarlos con los verbos ficar y estar. Practicas preposiciones de lugar (perto, longe, ao lado) y preguntas con onde. También pides y das direcciones sencillas con à direita y à esquerda.$p$,'checkpoint',40)
on conflict (unit_id, order_index) do update set title=excluded.title, description=excluded.description;
insert into exams (id, course_id, type, cefr_level, unit_id, time_limit_sec, pass_threshold, sections) values
 ('52000000-0000-0000-0000-000000000005','20000000-0000-0000-0000-000000000002','checkpoint','A1','32000000-0000-0000-0000-000000000005',300,0.80,$j${"skills":["reading","listening","writing","speaking"],"item_count":10,"randomize":true}$j$::jsonb)
on conflict (id) do nothing;
insert into content_items (id, course_id, cefr_level, skill, type, prompt, payload, correct_answer, difficulty, tags) values
 ('d1000129-0000-0000-0000-000000000129','20000000-0000-0000-0000-000000000002','A1','reading','match',
   $p$Empareja cada lugar con su traducción.$p$,
   $j${"pairs":[{"en":"mercado","es":"mercado"},{"en":"farmácia","es":"farmacia"},{"en":"banco","es":"banco"}]}$j$::jsonb, $j${"pairs":[["mercado","mercado"],["farmácia","farmacia"],["banco","banco"]]}$j$::jsonb,
   0.18, ARRAY['unidad5','vocabulario_de_lugares_comunes_en_la_ciudad','reading']),
 ('d1000130-0000-0000-0000-000000000130','20000000-0000-0000-0000-000000000002','A1','reading','multiple_choice',
   $p$¿Cómo se dice "hospital" en portugués?$p$,
   $j${"options":["hospital","hotel","escola"]}$j$::jsonb, $j${"value":"hospital"}$j$::jsonb,
   0.18, ARRAY['unidad5','vocabulario_de_lugares_comunes_en_la_ciudad','reading']),
 ('d1000131-0000-0000-0000-000000000131','20000000-0000-0000-0000-000000000002','A1','reading','multiple_choice',
   $p$¿Cómo se dice "plaza" en portugués?$p$,
   $j${"options":["praça","praia","rua"]}$j$::jsonb, $j${"value":"praça"}$j$::jsonb,
   0.18, ARRAY['unidad5','vocabulario_de_lugares_comunes_en_la_ciudad','reading']),
 ('d1000132-0000-0000-0000-000000000132','20000000-0000-0000-0000-000000000002','A1','writing','cloze',
   $p$Completa: "Eu moro perto da ___." (estación)$p$,
   $j${"text":"Eu moro perto da ___."}$j$::jsonb, $j${"value":"estação","accepted":["estação","estacao","Estação","Estacao"]}$j$::jsonb,
   0.18, ARRAY['unidad5','vocabulario_de_lugares_comunes_en_la_ciudad','writing']),
 ('d1000133-0000-0000-0000-000000000133','20000000-0000-0000-0000-000000000002','A1','writing','translation',
   $p$Traduce: "La farmacia."$p$,
   $j${"source":"La farmacia."}$j$::jsonb, $j${"value":"A farmácia","accepted":["A farmácia","A farmácia.","A farmacia","A farmacia.","a farmácia","a farmacia"]}$j$::jsonb,
   0.18, ARRAY['unidad5','vocabulario_de_lugares_comunes_en_la_ciudad','writing']),
 ('d1000134-0000-0000-0000-000000000134','20000000-0000-0000-0000-000000000002','A1','writing','word_bank',
   $p$Arma la frase: "El banco queda aquí."$p$,
   $j${"tiles":["O","banco","é","aqui","fica","praça"]}$j$::jsonb, $j${"value":"O banco fica aqui","sequence":["O","banco","fica","aqui"]}$j$::jsonb,
   0.18, ARRAY['unidad5','vocabulario_de_lugares_comunes_en_la_ciudad','writing']),
 ('d1000135-0000-0000-0000-000000000135','20000000-0000-0000-0000-000000000002','A1','listening','listening',
   $p$Escucha y elige la frase que oíste.$p$,
   $j${"options":["Onde fica o mercado?","Onde fica a farmácia?","Onde fica o banco?"],"say":"Onde fica o mercado?","audio_url":"https://wiauinufpbkmjlbqlkxo.supabase.co/storage/v1/object/public/audio/items/d1000135-0000-0000-0000-000000000135.mp3"}$j$::jsonb, $j${"value":"Onde fica o mercado?"}$j$::jsonb,
   0.18, ARRAY['unidad5','vocabulario_de_lugares_comunes_en_la_ciudad','listening']),
 ('d1000136-0000-0000-0000-000000000136','20000000-0000-0000-0000-000000000002','A1','speaking','speaking_read_aloud',
   $p$Lee en voz alta:$p$,
   $j${"text":"Tem um mercado e uma farmácia na minha rua.","audio_url":"https://wiauinufpbkmjlbqlkxo.supabase.co/storage/v1/object/public/audio/items/d1000136-0000-0000-0000-000000000136.mp3"}$j$::jsonb, $j${"expected":"Tem um mercado e uma farmácia na minha rua."}$j$::jsonb,
   0.18, ARRAY['unidad5','vocabulario_de_lugares_comunes_en_la_ciudad','speaking']),
 ('d1000137-0000-0000-0000-000000000137','20000000-0000-0000-0000-000000000002','A1','reading','match',
   $p$Empareja cada palabra con su traducción.$p$,
   $j${"pairs":[{"en":"onde","es":"dónde"},{"en":"fica","es":"queda"},{"en":"aqui","es":"aquí"}]}$j$::jsonb, $j${"pairs":[["onde","dónde"],["fica","queda"],["aqui","aquí"]]}$j$::jsonb,
   0.18, ARRAY['unidad5','usar_ficar_y_estar_para_ubicar_lugares_y_personas','reading']),
 ('d1000138-0000-0000-0000-000000000138','20000000-0000-0000-0000-000000000002','A1','reading','multiple_choice',
   $p$Completa: "Onde ___ o banco?" (ubicación de un lugar)$p$,
   $j${"options":["fica","vai","tem"]}$j$::jsonb, $j${"value":"fica"}$j$::jsonb,
   0.18, ARRAY['unidad5','usar_ficar_y_estar_para_ubicar_lugares_y_personas','reading']),
 ('d1000139-0000-0000-0000-000000000139','20000000-0000-0000-0000-000000000002','A1','reading','multiple_choice',
   $p$Completa: "Eu ___ no hospital agora." (estar ahora)$p$,
   $j${"options":["estou","sou","fico"]}$j$::jsonb, $j${"value":"estou"}$j$::jsonb,
   0.18, ARRAY['unidad5','usar_ficar_y_estar_para_ubicar_lugares_y_personas','reading']),
 ('d1000140-0000-0000-0000-000000000140','20000000-0000-0000-0000-000000000002','A1','writing','cloze',
   $p$Completa: "O mercado ___ na praça." (queda)$p$,
   $j${"text":"O mercado ___ na praça."}$j$::jsonb, $j${"value":"fica","accepted":["fica","Fica"]}$j$::jsonb,
   0.18, ARRAY['unidad5','usar_ficar_y_estar_para_ubicar_lugares_y_personas','writing']),
 ('d1000141-0000-0000-0000-000000000141','20000000-0000-0000-0000-000000000002','A1','writing','translation',
   $p$Traduce: "¿Dónde queda el hospital?"$p$,
   $j${"source":"¿Dónde queda el hospital?"}$j$::jsonb, $j${"value":"Onde fica o hospital?","accepted":["Onde fica o hospital?","Onde fica o hospital","Onde é o hospital?","Onde é o hospital","onde fica o hospital?","onde fica o hospital"]}$j$::jsonb,
   0.18, ARRAY['unidad5','usar_ficar_y_estar_para_ubicar_lugares_y_personas','writing']),
 ('d1000142-0000-0000-0000-000000000142','20000000-0000-0000-0000-000000000002','A1','writing','reorder',
   $p$Ordena: "¿Dónde queda la estación?"$p$,
   $j${"tiles":["fica","Onde","estação","a"]}$j$::jsonb, $j${"value":"Onde fica a estação"}$j$::jsonb,
   0.18, ARRAY['unidad5','usar_ficar_y_estar_para_ubicar_lugares_y_personas','writing']),
 ('d1000143-0000-0000-0000-000000000143','20000000-0000-0000-0000-000000000002','A1','listening','listening',
   $p$Escucha y elige la frase que oíste.$p$,
   $j${"options":["A farmácia fica aqui perto.","O banco fica na praça.","O mercado fica longe daqui."],"say":"O banco fica na praça.","audio_url":"https://wiauinufpbkmjlbqlkxo.supabase.co/storage/v1/object/public/audio/items/d1000143-0000-0000-0000-000000000143.mp3"}$j$::jsonb, $j${"value":"O banco fica na praça."}$j$::jsonb,
   0.18, ARRAY['unidad5','usar_ficar_y_estar_para_ubicar_lugares_y_personas','listening']),
 ('d1000144-0000-0000-0000-000000000144','20000000-0000-0000-0000-000000000002','A1','speaking','speaking_read_aloud',
   $p$Lee en voz alta:$p$,
   $j${"text":"Onde fica o banco? Ele fica na rua principal.","audio_url":"https://wiauinufpbkmjlbqlkxo.supabase.co/storage/v1/object/public/audio/items/d1000144-0000-0000-0000-000000000144.mp3"}$j$::jsonb, $j${"expected":"Onde fica o banco? Ele fica na rua principal."}$j$::jsonb,
   0.18, ARRAY['unidad5','usar_ficar_y_estar_para_ubicar_lugares_y_personas','speaking']),
 ('d1000145-0000-0000-0000-000000000145','20000000-0000-0000-0000-000000000002','A1','reading','match',
   $p$Empareja cada palabra con su traducción.$p$,
   $j${"pairs":[{"en":"perto","es":"cerca"},{"en":"longe","es":"lejos"},{"en":"ao lado","es":"al lado"}]}$j$::jsonb, $j${"pairs":[["perto","cerca"],["longe","lejos"],["ao lado","al lado"]]}$j$::jsonb,
   0.18, ARRAY['unidad5','preposiciones_de_lugar_perto_longe_ao_lado','reading']),
 ('d1000146-0000-0000-0000-000000000146','20000000-0000-0000-0000-000000000002','A1','reading','multiple_choice',
   $p$Completa: "O hospital fica ___ daqui, dá para ir a pé." (cerca)$p$,
   $j${"options":["perto","longe","reto"]}$j$::jsonb, $j${"value":"perto"}$j$::jsonb,
   0.18, ARRAY['unidad5','preposiciones_de_lugar_perto_longe_ao_lado','reading']),
 ('d1000147-0000-0000-0000-000000000147','20000000-0000-0000-0000-000000000002','A1','reading','multiple_choice',
   $p$Completa: "A farmácia fica ___ do banco." (al lado)$p$,
   $j${"options":["ao lado","perto","longe"]}$j$::jsonb, $j${"value":"ao lado"}$j$::jsonb,
   0.18, ARRAY['unidad5','preposiciones_de_lugar_perto_longe_ao_lado','reading']),
 ('d1000148-0000-0000-0000-000000000148','20000000-0000-0000-0000-000000000002','A1','writing','cloze',
   $p$Completa: "O mercado fica muito ___, é melhor ir de ônibus." (lejos)$p$,
   $j${"text":"O mercado fica muito ___, é melhor ir de ônibus."}$j$::jsonb, $j${"value":"longe","accepted":["longe","Longe"]}$j$::jsonb,
   0.18, ARRAY['unidad5','preposiciones_de_lugar_perto_longe_ao_lado','writing']),
 ('d1000149-0000-0000-0000-000000000149','20000000-0000-0000-0000-000000000002','A1','writing','translation',
   $p$Traduce: "La plaza queda cerca de aquí."$p$,
   $j${"source":"La plaza queda cerca de aquí."}$j$::jsonb, $j${"value":"A praça fica perto daqui","accepted":["A praça fica perto daqui","A praça fica perto daqui.","A praça é perto daqui","A praça fica pertinho daqui","a praça fica perto daqui"]}$j$::jsonb,
   0.18, ARRAY['unidad5','preposiciones_de_lugar_perto_longe_ao_lado','writing']),
 ('d1000150-0000-0000-0000-000000000150','20000000-0000-0000-0000-000000000002','A1','writing','word_bank',
   $p$Arma la frase: "El banco queda al lado del mercado."$p$,
   $j${"tiles":["O","banco","fica","ao","lado","do","mercado","perto"]}$j$::jsonb, $j${"value":"O banco fica ao lado do mercado","sequence":["O","banco","fica","ao","lado","do","mercado"]}$j$::jsonb,
   0.18, ARRAY['unidad5','preposiciones_de_lugar_perto_longe_ao_lado','writing']),
 ('d1000151-0000-0000-0000-000000000151','20000000-0000-0000-0000-000000000002','A1','listening','listening',
   $p$Escucha y elige la frase que oíste.$p$,
   $j${"options":["O hospital fica perto da praça.","O hospital fica longe da praça.","O hospital fica ao lado da praça."],"say":"O hospital fica longe da praça.","audio_url":"https://wiauinufpbkmjlbqlkxo.supabase.co/storage/v1/object/public/audio/items/d1000151-0000-0000-0000-000000000151.mp3"}$j$::jsonb, $j${"value":"O hospital fica longe da praça."}$j$::jsonb,
   0.18, ARRAY['unidad5','preposiciones_de_lugar_perto_longe_ao_lado','listening']),
 ('d1000152-0000-0000-0000-000000000152','20000000-0000-0000-0000-000000000002','A1','speaking','speaking_read_aloud',
   $p$Lee en voz alta:$p$,
   $j${"text":"A farmácia fica ao lado do banco, bem pertinho.","audio_url":"https://wiauinufpbkmjlbqlkxo.supabase.co/storage/v1/object/public/audio/items/d1000152-0000-0000-0000-000000000152.mp3"}$j$::jsonb, $j${"expected":"A farmácia fica ao lado do banco, bem pertinho."}$j$::jsonb,
   0.18, ARRAY['unidad5','preposiciones_de_lugar_perto_longe_ao_lado','speaking']),
 ('d1000153-0000-0000-0000-000000000153','20000000-0000-0000-0000-000000000002','A1','reading','match',
   $p$Empareja cada palabra con su traducción.$p$,
   $j${"pairs":[{"en":"direita","es":"derecha"},{"en":"esquerda","es":"izquierda"},{"en":"reto","es":"recto"}]}$j$::jsonb, $j${"pairs":[["direita","derecha"],["esquerda","izquierda"],["reto","recto"]]}$j$::jsonb,
   0.18, ARRAY['unidad5','pedir_y_dar_direcciones_a_direita_a_esquerda_reto','reading']),
 ('d1000154-0000-0000-0000-000000000154','20000000-0000-0000-0000-000000000002','A1','reading','multiple_choice',
   $p$Completa: "Vire à ___ na próxima rua." (derecha)$p$,
   $j${"options":["direita","esquerda","frente"]}$j$::jsonb, $j${"value":"direita"}$j$::jsonb,
   0.18, ARRAY['unidad5','pedir_y_dar_direcciones_a_direita_a_esquerda_reto','reading']),
 ('d1000155-0000-0000-0000-000000000155','20000000-0000-0000-0000-000000000002','A1','reading','multiple_choice',
   $p$Completa: "Siga ___ até a praça." (recto)$p$,
   $j${"options":["reto","perto","longe"]}$j$::jsonb, $j${"value":"reto"}$j$::jsonb,
   0.18, ARRAY['unidad5','pedir_y_dar_direcciones_a_direita_a_esquerda_reto','reading']),
 ('d1000156-0000-0000-0000-000000000156','20000000-0000-0000-0000-000000000002','A1','writing','cloze',
   $p$Completa: "Vire à ___ e o banco fica ali." (izquierda)$p$,
   $j${"text":"Vire à ___ e o banco fica ali."}$j$::jsonb, $j${"value":"esquerda","accepted":["esquerda","Esquerda"]}$j$::jsonb,
   0.18, ARRAY['unidad5','pedir_y_dar_direcciones_a_direita_a_esquerda_reto','writing']),
 ('d1000157-0000-0000-0000-000000000157','20000000-0000-0000-0000-000000000002','A1','writing','translation',
   $p$Traduce: "¿Cómo llego al mercado?"$p$,
   $j${"source":"¿Cómo llego al mercado?"}$j$::jsonb, $j${"value":"Como eu chego ao mercado?","accepted":["Como eu chego ao mercado?","Como eu chego ao mercado","Como chego ao mercado?","Como chego ao mercado","Como eu chego no mercado?","Como chego no mercado?"]}$j$::jsonb,
   0.18, ARRAY['unidad5','pedir_y_dar_direcciones_a_direita_a_esquerda_reto','writing']),
 ('d1000158-0000-0000-0000-000000000158','20000000-0000-0000-0000-000000000002','A1','writing','reorder',
   $p$Ordena: "Gire a la derecha en la plaza."$p$,
   $j${"tiles":["direita","Vire","praça","à","na"]}$j$::jsonb, $j${"value":"Vire à direita na praça"}$j$::jsonb,
   0.18, ARRAY['unidad5','pedir_y_dar_direcciones_a_direita_a_esquerda_reto','writing']),
 ('d1000159-0000-0000-0000-000000000159','20000000-0000-0000-0000-000000000002','A1','listening','listening',
   $p$Escucha y elige la frase que oíste.$p$,
   $j${"options":["Siga reto e vire à esquerda.","Siga reto e vire à direita.","Vire à esquerda na praça."],"say":"Siga reto e vire à direita.","audio_url":"https://wiauinufpbkmjlbqlkxo.supabase.co/storage/v1/object/public/audio/items/d1000159-0000-0000-0000-000000000159.mp3"}$j$::jsonb, $j${"value":"Siga reto e vire à direita."}$j$::jsonb,
   0.18, ARRAY['unidad5','pedir_y_dar_direcciones_a_direita_a_esquerda_reto','listening']),
 ('d1000160-0000-0000-0000-000000000160','20000000-0000-0000-0000-000000000002','A1','speaking','speaking_read_aloud',
   $p$Lee en voz alta:$p$,
   $j${"text":"Siga reto, vire à esquerda e o hospital fica à direita.","audio_url":"https://wiauinufpbkmjlbqlkxo.supabase.co/storage/v1/object/public/audio/items/d1000160-0000-0000-0000-000000000160.mp3"}$j$::jsonb, $j${"expected":"Siga reto, vire à esquerda e o hospital fica à direita."}$j$::jsonb,
   0.18, ARRAY['unidad5','pedir_y_dar_direcciones_a_direita_a_esquerda_reto','speaking'])
on conflict (id) do update set prompt=excluded.prompt, payload=excluded.payload, correct_answer=excluded.correct_answer, difficulty=excluded.difficulty, tags=excluded.tags, updated_at=now();
insert into lesson_items (lesson_id, item_id, order_index) values
 ('42000000-0000-0000-0000-000000000501','d1000129-0000-0000-0000-000000000129',1),
 ('42000000-0000-0000-0000-000000000501','d1000130-0000-0000-0000-000000000130',2),
 ('42000000-0000-0000-0000-000000000501','d1000131-0000-0000-0000-000000000131',3),
 ('42000000-0000-0000-0000-000000000501','d1000132-0000-0000-0000-000000000132',4),
 ('42000000-0000-0000-0000-000000000501','d1000133-0000-0000-0000-000000000133',5),
 ('42000000-0000-0000-0000-000000000501','d1000134-0000-0000-0000-000000000134',6),
 ('42000000-0000-0000-0000-000000000501','d1000135-0000-0000-0000-000000000135',7),
 ('42000000-0000-0000-0000-000000000501','d1000136-0000-0000-0000-000000000136',8),
 ('42000000-0000-0000-0000-000000000502','d1000137-0000-0000-0000-000000000137',1),
 ('42000000-0000-0000-0000-000000000502','d1000138-0000-0000-0000-000000000138',2),
 ('42000000-0000-0000-0000-000000000502','d1000139-0000-0000-0000-000000000139',3),
 ('42000000-0000-0000-0000-000000000502','d1000140-0000-0000-0000-000000000140',4),
 ('42000000-0000-0000-0000-000000000502','d1000141-0000-0000-0000-000000000141',5),
 ('42000000-0000-0000-0000-000000000502','d1000142-0000-0000-0000-000000000142',6),
 ('42000000-0000-0000-0000-000000000502','d1000143-0000-0000-0000-000000000143',7),
 ('42000000-0000-0000-0000-000000000502','d1000144-0000-0000-0000-000000000144',8),
 ('42000000-0000-0000-0000-000000000503','d1000145-0000-0000-0000-000000000145',1),
 ('42000000-0000-0000-0000-000000000503','d1000146-0000-0000-0000-000000000146',2),
 ('42000000-0000-0000-0000-000000000503','d1000147-0000-0000-0000-000000000147',3),
 ('42000000-0000-0000-0000-000000000503','d1000148-0000-0000-0000-000000000148',4),
 ('42000000-0000-0000-0000-000000000503','d1000149-0000-0000-0000-000000000149',5),
 ('42000000-0000-0000-0000-000000000503','d1000150-0000-0000-0000-000000000150',6),
 ('42000000-0000-0000-0000-000000000503','d1000151-0000-0000-0000-000000000151',7),
 ('42000000-0000-0000-0000-000000000503','d1000152-0000-0000-0000-000000000152',8),
 ('42000000-0000-0000-0000-000000000504','d1000153-0000-0000-0000-000000000153',1),
 ('42000000-0000-0000-0000-000000000504','d1000154-0000-0000-0000-000000000154',2),
 ('42000000-0000-0000-0000-000000000504','d1000155-0000-0000-0000-000000000155',3),
 ('42000000-0000-0000-0000-000000000504','d1000156-0000-0000-0000-000000000156',4),
 ('42000000-0000-0000-0000-000000000504','d1000157-0000-0000-0000-000000000157',5),
 ('42000000-0000-0000-0000-000000000504','d1000158-0000-0000-0000-000000000158',6),
 ('42000000-0000-0000-0000-000000000504','d1000159-0000-0000-0000-000000000159',7),
 ('42000000-0000-0000-0000-000000000504','d1000160-0000-0000-0000-000000000160',8),
 ('42000000-0000-0000-0000-000000000505','d1000129-0000-0000-0000-000000000129',1),
 ('42000000-0000-0000-0000-000000000505','d1000130-0000-0000-0000-000000000130',2),
 ('42000000-0000-0000-0000-000000000505','d1000131-0000-0000-0000-000000000131',3),
 ('42000000-0000-0000-0000-000000000505','d1000132-0000-0000-0000-000000000132',4),
 ('42000000-0000-0000-0000-000000000505','d1000133-0000-0000-0000-000000000133',5),
 ('42000000-0000-0000-0000-000000000505','d1000134-0000-0000-0000-000000000134',6),
 ('42000000-0000-0000-0000-000000000505','d1000135-0000-0000-0000-000000000135',7),
 ('42000000-0000-0000-0000-000000000505','d1000143-0000-0000-0000-000000000143',8),
 ('42000000-0000-0000-0000-000000000505','d1000136-0000-0000-0000-000000000136',9),
 ('42000000-0000-0000-0000-000000000505','d1000144-0000-0000-0000-000000000144',10)
on conflict (lesson_id, item_id) do nothing;
insert into vocabulary (id, course_id, word, translation, frequency_rank, part_of_speech) values
 ('d1b00064-0000-0000-0000-000000000064','20000000-0000-0000-0000-000000000002',$p$onde$p$,$p$dónde$p$,200,'adv'),
 ('d1b00065-0000-0000-0000-000000000065','20000000-0000-0000-0000-000000000002',$p$ficar$p$,$p$quedar/estar (ubicación)$p$,201,'verbo'),
 ('d1b00066-0000-0000-0000-000000000066','20000000-0000-0000-0000-000000000002',$p$perto$p$,$p$cerca$p$,202,'adv'),
 ('d1b00067-0000-0000-0000-000000000067','20000000-0000-0000-0000-000000000002',$p$longe$p$,$p$lejos$p$,203,'adv'),
 ('d1b00068-0000-0000-0000-000000000068','20000000-0000-0000-0000-000000000002',$p$ao lado$p$,$p$al lado$p$,204,'loc'),
 ('d1b00069-0000-0000-0000-000000000069','20000000-0000-0000-0000-000000000002',$p$direita$p$,$p$derecha$p$,205,'sust'),
 ('d1b00070-0000-0000-0000-000000000070','20000000-0000-0000-0000-000000000002',$p$esquerda$p$,$p$izquierda$p$,206,'sust'),
 ('d1b00071-0000-0000-0000-000000000071','20000000-0000-0000-0000-000000000002',$p$rua$p$,$p$calle$p$,207,'sust'),
 ('d1b00072-0000-0000-0000-000000000072','20000000-0000-0000-0000-000000000002',$p$praça$p$,$p$plaza$p$,208,'sust'),
 ('d1b00073-0000-0000-0000-000000000073','20000000-0000-0000-0000-000000000002',$p$banco$p$,$p$banco$p$,209,'sust'),
 ('d1b00074-0000-0000-0000-000000000074','20000000-0000-0000-0000-000000000002',$p$mercado$p$,$p$mercado$p$,210,'sust'),
 ('d1b00075-0000-0000-0000-000000000075','20000000-0000-0000-0000-000000000002',$p$farmácia$p$,$p$farmacia$p$,211,'sust'),
 ('d1b00076-0000-0000-0000-000000000076','20000000-0000-0000-0000-000000000002',$p$hospital$p$,$p$hospital$p$,212,'sust'),
 ('d1b00077-0000-0000-0000-000000000077','20000000-0000-0000-0000-000000000002',$p$estação$p$,$p$estación$p$,213,'sust'),
 ('d1b00078-0000-0000-0000-000000000078','20000000-0000-0000-0000-000000000002',$p$aqui$p$,$p$aquí$p$,214,'adv'),
 ('d1b00079-0000-0000-0000-000000000079','20000000-0000-0000-0000-000000000002',$p$reto$p$,$p$recto/derecho$p$,215,'adv')
on conflict (id) do nothing;

-- ── Unidad 6 (A1·pt): Tiempo libre ───────────────────────────────────────
insert into units (id, course_id, cefr_level, order_index, title, theme_color, icon) values
 ('32000000-0000-0000-0000-000000000006','20000000-0000-0000-0000-000000000002','A1',6,$p$Tiempo libre$p$,'#16A085','sports_esports')
on conflict (course_id, order_index) do update set title=excluded.title, theme_color=excluded.theme_color, icon=excluded.icon;
insert into lessons (id, unit_id, order_index, title, description, type, xp_reward) values
 ('42000000-0000-0000-0000-000000000601','32000000-0000-0000-0000-000000000006',1,$p$Pasatiempos$p$,$p$Pasatiempos$p$,'lesson',15),
 ('42000000-0000-0000-0000-000000000602','32000000-0000-0000-0000-000000000006',2,$p$Describir: adjetivos$p$,$p$Describir: adjetivos$p$,'lesson',15),
 ('42000000-0000-0000-0000-000000000603','32000000-0000-0000-0000-000000000006',3,$p$Puedo: poder$p$,$p$Puedo: poder$p$,'lesson',15),
 ('42000000-0000-0000-0000-000000000604','32000000-0000-0000-0000-000000000006',4,$p$Mis días: la semana$p$,$p$Mis días: la semana$p$,'lesson',15),
 ('42000000-0000-0000-0000-000000000605','32000000-0000-0000-0000-000000000006',5,$p$🏁 Checkpoint Unidade 6$p$,$p$Aprendes a hablar de tus pasatiempos y a describirlos con adjetivos básicos (legal, chato, divertido). Practicas el verbo "poder" (eu posso) y "gostar de" + verbo para decir lo que te gusta hacer. Cierras con los días de la semana y la frecuencia básica (sempre/nunca) para contar tu rutina de tiempo libre.$p$,'checkpoint',40)
on conflict (unit_id, order_index) do update set title=excluded.title, description=excluded.description;
insert into exams (id, course_id, type, cefr_level, unit_id, time_limit_sec, pass_threshold, sections) values
 ('52000000-0000-0000-0000-000000000006','20000000-0000-0000-0000-000000000002','checkpoint','A1','32000000-0000-0000-0000-000000000006',300,0.80,$j${"skills":["reading","listening","writing","speaking"],"item_count":10,"randomize":true}$j$::jsonb)
on conflict (id) do nothing;
insert into content_items (id, course_id, cefr_level, skill, type, prompt, payload, correct_answer, difficulty, tags) values
 ('d1000161-0000-0000-0000-000000000161','20000000-0000-0000-0000-000000000002','A1','reading','match',
   $p$Empareja cada pasatiempo con su traducción.$p$,
   $j${"pairs":[{"en":"jogar","es":"jugar"},{"en":"ler","es":"leer"},{"en":"nadar","es":"nadar"}]}$j$::jsonb, $j${"pairs":[["jogar","jugar"],["ler","leer"],["nadar","nadar"]]}$j$::jsonb,
   0.18, ARRAY['unidad6','vocabulario_de_pasatiempos_y_actividades_de_tiempo_libre','reading']),
 ('d1000162-0000-0000-0000-000000000162','20000000-0000-0000-0000-000000000002','A1','reading','multiple_choice',
   $p$¿Cómo se dice "tiempo libre" en portugués?$p$,
   $j${"options":["tempo livre","fim de semana","dia livre"]}$j$::jsonb, $j${"value":"tempo livre"}$j$::jsonb,
   0.18, ARRAY['unidad6','vocabulario_de_pasatiempos_y_actividades_de_tiempo_libre','reading']),
 ('d1000163-0000-0000-0000-000000000163','20000000-0000-0000-0000-000000000002','A1','reading','multiple_choice',
   $p$Completa: "No meu ___ eu gosto de jogar." (pasatiempo)$p$,
   $j${"options":["hobby","trabalho","almoço"]}$j$::jsonb, $j${"value":"hobby"}$j$::jsonb,
   0.18, ARRAY['unidad6','vocabulario_de_pasatiempos_y_actividades_de_tiempo_libre','reading']),
 ('d1000164-0000-0000-0000-000000000164','20000000-0000-0000-0000-000000000002','A1','writing','cloze',
   $p$Completa con el verbo "leer": "Eu gosto de ___ um livro."$p$,
   $j${"text":"Eu gosto de ___ um livro."}$j$::jsonb, $j${"value":"ler","accepted":["ler","Ler","LER"]}$j$::jsonb,
   0.18, ARRAY['unidad6','vocabulario_de_pasatiempos_y_actividades_de_tiempo_libre','writing']),
 ('d1000165-0000-0000-0000-000000000165','20000000-0000-0000-0000-000000000002','A1','writing','translation',
   $p$Traduce: "Me gusta nadar."$p$,
   $j${"source":"Me gusta nadar."}$j$::jsonb, $j${"value":"Eu gosto de nadar","accepted":["Eu gosto de nadar","Eu gosto de nadar.","Gosto de nadar","Gosto de nadar.","eu gosto de nadar","gosto de nadar"]}$j$::jsonb,
   0.18, ARRAY['unidad6','vocabulario_de_pasatiempos_y_actividades_de_tiempo_libre','writing']),
 ('d1000166-0000-0000-0000-000000000166','20000000-0000-0000-0000-000000000002','A1','writing','word_bank',
   $p$Arma la frase: "Me gusta jugar fútbol".$p$,
   $j${"tiles":["Eu","gosto","de","jogar","futebol","ler","nadar"]}$j$::jsonb, $j${"value":"Eu gosto de jogar futebol","sequence":["Eu","gosto","de","jogar","futebol"]}$j$::jsonb,
   0.18, ARRAY['unidad6','vocabulario_de_pasatiempos_y_actividades_de_tiempo_libre','writing']),
 ('d1000167-0000-0000-0000-000000000167','20000000-0000-0000-0000-000000000002','A1','listening','listening',
   $p$Escucha y elige la frase que oíste.$p$,
   $j${"options":["Eu gosto de ler livros.","Eu gosto de nadar no mar.","Eu gosto de jogar futebol."],"say":"Eu gosto de jogar futebol.","audio_url":"https://wiauinufpbkmjlbqlkxo.supabase.co/storage/v1/object/public/audio/items/d1000167-0000-0000-0000-000000000167.mp3"}$j$::jsonb, $j${"value":"Eu gosto de jogar futebol."}$j$::jsonb,
   0.18, ARRAY['unidad6','vocabulario_de_pasatiempos_y_actividades_de_tiempo_libre','listening']),
 ('d1000168-0000-0000-0000-000000000168','20000000-0000-0000-0000-000000000002','A1','speaking','speaking_read_aloud',
   $p$Lee en voz alta:$p$,
   $j${"text":"No meu tempo livre, eu gosto de ler e nadar.","audio_url":"https://wiauinufpbkmjlbqlkxo.supabase.co/storage/v1/object/public/audio/items/d1000168-0000-0000-0000-000000000168.mp3"}$j$::jsonb, $j${"expected":"No meu tempo livre, eu gosto de ler e nadar."}$j$::jsonb,
   0.18, ARRAY['unidad6','vocabulario_de_pasatiempos_y_actividades_de_tiempo_libre','speaking']),
 ('d1000169-0000-0000-0000-000000000169','20000000-0000-0000-0000-000000000002','A1','reading','match',
   $p$Empareja cada adjetivo con su traducción.$p$,
   $j${"pairs":[{"en":"legal","es":"genial"},{"en":"chato","es":"aburrido"},{"en":"divertido","es":"divertido"}]}$j$::jsonb, $j${"pairs":[["legal","genial"],["chato","aburrido"],["divertido","divertido"]]}$j$::jsonb,
   0.18, ARRAY['unidad6','adjetivos_descriptivos_para_opinar_sobre_actividades','reading']),
 ('d1000170-0000-0000-0000-000000000170','20000000-0000-0000-0000-000000000002','A1','reading','multiple_choice',
   $p$Tu amigo dice que el juego es genial. ¿Qué palabra usa?$p$,
   $j${"options":["legal","chato","triste"]}$j$::jsonb, $j${"value":"legal"}$j$::jsonb,
   0.18, ARRAY['unidad6','adjetivos_descriptivos_para_opinar_sobre_actividades','reading']),
 ('d1000171-0000-0000-0000-000000000171','20000000-0000-0000-0000-000000000002','A1','reading','multiple_choice',
   $p$Completa: "Esse filme é muito ___." (aburrido)$p$,
   $j${"options":["chato","legal","rápido"]}$j$::jsonb, $j${"value":"chato"}$j$::jsonb,
   0.18, ARRAY['unidad6','adjetivos_descriptivos_para_opinar_sobre_actividades','reading']),
 ('d1000172-0000-0000-0000-000000000172','20000000-0000-0000-0000-000000000002','A1','writing','cloze',
   $p$Completa con el adjetivo "divertido": "Jogar futebol é muito ___."$p$,
   $j${"text":"Jogar futebol é muito ___."}$j$::jsonb, $j${"value":"divertido","accepted":["divertido","Divertido","DIVERTIDO"]}$j$::jsonb,
   0.18, ARRAY['unidad6','adjetivos_descriptivos_para_opinar_sobre_actividades','writing']),
 ('d1000173-0000-0000-0000-000000000173','20000000-0000-0000-0000-000000000002','A1','writing','translation',
   $p$Traduce: "Este libro es genial."$p$,
   $j${"source":"Este libro es genial."}$j$::jsonb, $j${"value":"Este livro é legal","accepted":["Este livro é legal","Este livro é legal.","Esse livro é legal","Esse livro é legal.","este livro é legal","esse livro é legal"]}$j$::jsonb,
   0.18, ARRAY['unidad6','adjetivos_descriptivos_para_opinar_sobre_actividades','writing']),
 ('d1000174-0000-0000-0000-000000000174','20000000-0000-0000-0000-000000000002','A1','writing','reorder',
   $p$Ordena: "El filme es muy divertido".$p$,
   $j${"tiles":["é","O","muito","filme","divertido"]}$j$::jsonb, $j${"value":"O filme é muito divertido"}$j$::jsonb,
   0.18, ARRAY['unidad6','adjetivos_descriptivos_para_opinar_sobre_actividades','writing']),
 ('d1000175-0000-0000-0000-000000000175','20000000-0000-0000-0000-000000000002','A1','listening','listening',
   $p$Escucha y elige la frase que oíste.$p$,
   $j${"options":["Esse jogo é muito legal!","Esse filme é muito chato.","Esse livro é divertido."],"say":"Esse jogo é muito legal!","audio_url":"https://wiauinufpbkmjlbqlkxo.supabase.co/storage/v1/object/public/audio/items/d1000175-0000-0000-0000-000000000175.mp3"}$j$::jsonb, $j${"value":"Esse jogo é muito legal!"}$j$::jsonb,
   0.18, ARRAY['unidad6','adjetivos_descriptivos_para_opinar_sobre_actividades','listening']),
 ('d1000176-0000-0000-0000-000000000176','20000000-0000-0000-0000-000000000002','A1','speaking','speaking_read_aloud',
   $p$Lee en voz alta:$p$,
   $j${"text":"Eu acho esse jogo muito legal e divertido.","audio_url":"https://wiauinufpbkmjlbqlkxo.supabase.co/storage/v1/object/public/audio/items/d1000176-0000-0000-0000-000000000176.mp3"}$j$::jsonb, $j${"expected":"Eu acho esse jogo muito legal e divertido."}$j$::jsonb,
   0.18, ARRAY['unidad6','adjetivos_descriptivos_para_opinar_sobre_actividades','speaking']),
 ('d1000177-0000-0000-0000-000000000177','20000000-0000-0000-0000-000000000002','A1','reading','match',
   $p$Empareja cada forma de "poder" con su traducción.$p$,
   $j${"pairs":[{"en":"eu posso","es":"yo puedo"},{"en":"você pode","es":"tú puedes"},{"en":"a gente pode","es":"nosotros podemos"}]}$j$::jsonb, $j${"pairs":[["eu posso","yo puedo"],["você pode","tú puedes"],["a gente pode","nosotros podemos"]]}$j$::jsonb,
   0.18, ARRAY['unidad6','el_verbo_poder_eu_posso_para_hablar_de_posibilidad','reading']),
 ('d1000178-0000-0000-0000-000000000178','20000000-0000-0000-0000-000000000002','A1','reading','multiple_choice',
   $p$Completa: "Eu ___ jogar no sábado." (yo puedo)$p$,
   $j${"options":["posso","pode","podemos"]}$j$::jsonb, $j${"value":"posso"}$j$::jsonb,
   0.18, ARRAY['unidad6','el_verbo_poder_eu_posso_para_hablar_de_posibilidad','reading']),
 ('d1000179-0000-0000-0000-000000000179','20000000-0000-0000-0000-000000000002','A1','reading','multiple_choice',
   $p$¿Cómo le preguntas "¿Puedes nadar?" a un amigo?$p$,
   $j${"options":["Você pode nadar?","Eu posso nadar?","A gente pode nadar?"]}$j$::jsonb, $j${"value":"Você pode nadar?"}$j$::jsonb,
   0.18, ARRAY['unidad6','el_verbo_poder_eu_posso_para_hablar_de_posibilidad','reading']),
 ('d1000180-0000-0000-0000-000000000180','20000000-0000-0000-0000-000000000002','A1','writing','cloze',
   $p$Completa con la forma de "poder" para "eu": "Hoje eu não ___ jogar."$p$,
   $j${"text":"Hoje eu não ___ jogar."}$j$::jsonb, $j${"value":"posso","accepted":["posso","Posso","POSSO"]}$j$::jsonb,
   0.18, ARRAY['unidad6','el_verbo_poder_eu_posso_para_hablar_de_posibilidad','writing']),
 ('d1000181-0000-0000-0000-000000000181','20000000-0000-0000-0000-000000000002','A1','writing','translation',
   $p$Traduce: "Yo puedo leer hoy."$p$,
   $j${"source":"Yo puedo leer hoy."}$j$::jsonb, $j${"value":"Eu posso ler hoje","accepted":["Eu posso ler hoje","Eu posso ler hoje.","Posso ler hoje","Posso ler hoje.","eu posso ler hoje","posso ler hoje"]}$j$::jsonb,
   0.18, ARRAY['unidad6','el_verbo_poder_eu_posso_para_hablar_de_posibilidad','writing']),
 ('d1000182-0000-0000-0000-000000000182','20000000-0000-0000-0000-000000000002','A1','writing','word_bank',
   $p$Arma la frase: "Yo puedo jugar el sábado".$p$,
   $j${"tiles":["Eu","posso","jogar","no","sábado","pode","domingo"]}$j$::jsonb, $j${"value":"Eu posso jogar no sábado","sequence":["Eu","posso","jogar","no","sábado"]}$j$::jsonb,
   0.18, ARRAY['unidad6','el_verbo_poder_eu_posso_para_hablar_de_posibilidad','writing']),
 ('d1000183-0000-0000-0000-000000000183','20000000-0000-0000-0000-000000000002','A1','listening','listening',
   $p$Escucha y elige la frase que oíste.$p$,
   $j${"options":["Eu posso jogar amanhã.","Você pode nadar hoje?","A gente pode ler depois."],"say":"Eu posso jogar amanhã.","audio_url":"https://wiauinufpbkmjlbqlkxo.supabase.co/storage/v1/object/public/audio/items/d1000183-0000-0000-0000-000000000183.mp3"}$j$::jsonb, $j${"value":"Eu posso jogar amanhã."}$j$::jsonb,
   0.18, ARRAY['unidad6','el_verbo_poder_eu_posso_para_hablar_de_posibilidad','listening']),
 ('d1000184-0000-0000-0000-000000000184','20000000-0000-0000-0000-000000000002','A1','speaking','speaking_read_aloud',
   $p$Lee en voz alta:$p$,
   $j${"text":"Eu posso nadar hoje, mas não posso jogar futebol.","audio_url":"https://wiauinufpbkmjlbqlkxo.supabase.co/storage/v1/object/public/audio/items/d1000184-0000-0000-0000-000000000184.mp3"}$j$::jsonb, $j${"expected":"Eu posso nadar hoje, mas não posso jogar futebol."}$j$::jsonb,
   0.18, ARRAY['unidad6','el_verbo_poder_eu_posso_para_hablar_de_posibilidad','speaking']),
 ('d1000185-0000-0000-0000-000000000185','20000000-0000-0000-0000-000000000002','A1','reading','match',
   $p$Empareja cada palabra con su traducción.$p$,
   $j${"pairs":[{"en":"sábado","es":"sábado"},{"en":"domingo","es":"domingo"},{"en":"semana","es":"semana"}]}$j$::jsonb, $j${"pairs":[["sábado","sábado"],["domingo","domingo"],["semana","semana"]]}$j$::jsonb,
   0.18, ARRAY['unidad6','dias_de_la_semana_y_frecuencia_basica_sempre_nunca','reading']),
 ('d1000186-0000-0000-0000-000000000186','20000000-0000-0000-0000-000000000002','A1','reading','multiple_choice',
   $p$¿Cómo se dice "fin de semana" en portugués?$p$,
   $j${"options":["fim de semana","dia da semana","meio da semana"]}$j$::jsonb, $j${"value":"fim de semana"}$j$::jsonb,
   0.18, ARRAY['unidad6','dias_de_la_semana_y_frecuencia_basica_sempre_nunca','reading']),
 ('d1000187-0000-0000-0000-000000000187','20000000-0000-0000-0000-000000000002','A1','reading','multiple_choice',
   $p$Completa: "Eu ___ jogo futebol no domingo." (siempre)$p$,
   $j${"options":["sempre","nunca","hoje"]}$j$::jsonb, $j${"value":"sempre"}$j$::jsonb,
   0.18, ARRAY['unidad6','dias_de_la_semana_y_frecuencia_basica_sempre_nunca','reading']),
 ('d1000188-0000-0000-0000-000000000188','20000000-0000-0000-0000-000000000002','A1','writing','cloze',
   $p$Completa con el adverbio "nunca": "Eu ___ nado no inverno."$p$,
   $j${"text":"Eu ___ nado no inverno."}$j$::jsonb, $j${"value":"nunca","accepted":["nunca","Nunca","NUNCA"]}$j$::jsonb,
   0.18, ARRAY['unidad6','dias_de_la_semana_y_frecuencia_basica_sempre_nunca','writing']),
 ('d1000189-0000-0000-0000-000000000189','20000000-0000-0000-0000-000000000002','A1','writing','translation',
   $p$Traduce: "Yo siempre leo los domingos."$p$,
   $j${"source":"Yo siempre leo los domingos."}$j$::jsonb, $j${"value":"Eu sempre leio aos domingos","accepted":["Eu sempre leio aos domingos","Eu sempre leio aos domingos.","Eu sempre leio nos domingos","Eu sempre leio nos domingos.","Eu sempre leio todos os domingos","Eu sempre leio todos os domingos.","Eu sempre leio no domingo","Eu sempre leio no domingo.","Sempre leio aos domingos","Sempre leio aos domingos.","eu sempre leio aos domingos","eu sempre leio nos domingos","eu sempre leio todos os domingos","sempre leio aos domingos"]}$j$::jsonb,
   0.18, ARRAY['unidad6','dias_de_la_semana_y_frecuencia_basica_sempre_nunca','writing']),
 ('d1000190-0000-0000-0000-000000000190','20000000-0000-0000-0000-000000000002','A1','writing','reorder',
   $p$Ordena: "El sábado yo juego fútbol".$p$,
   $j${"tiles":["jogo","No","eu","sábado","futebol"]}$j$::jsonb, $j${"value":"No sábado eu jogo futebol"}$j$::jsonb,
   0.18, ARRAY['unidad6','dias_de_la_semana_y_frecuencia_basica_sempre_nunca','writing']),
 ('d1000191-0000-0000-0000-000000000191','20000000-0000-0000-0000-000000000002','A1','listening','listening',
   $p$Escucha y elige la frase que oíste.$p$,
   $j${"options":["No fim de semana eu sempre nado.","Aos domingos eu nunca jogo.","Durante a semana eu leio muito."],"say":"No fim de semana eu sempre nado.","audio_url":"https://wiauinufpbkmjlbqlkxo.supabase.co/storage/v1/object/public/audio/items/d1000191-0000-0000-0000-000000000191.mp3"}$j$::jsonb, $j${"value":"No fim de semana eu sempre nado."}$j$::jsonb,
   0.18, ARRAY['unidad6','dias_de_la_semana_y_frecuencia_basica_sempre_nunca','listening']),
 ('d1000192-0000-0000-0000-000000000192','20000000-0000-0000-0000-000000000002','A1','speaking','speaking_read_aloud',
   $p$Lee en voz alta:$p$,
   $j${"text":"No fim de semana eu sempre jogo futebol, mas nunca nado.","audio_url":"https://wiauinufpbkmjlbqlkxo.supabase.co/storage/v1/object/public/audio/items/d1000192-0000-0000-0000-000000000192.mp3"}$j$::jsonb, $j${"expected":"No fim de semana eu sempre jogo futebol, mas nunca nado."}$j$::jsonb,
   0.18, ARRAY['unidad6','dias_de_la_semana_y_frecuencia_basica_sempre_nunca','speaking'])
on conflict (id) do update set prompt=excluded.prompt, payload=excluded.payload, correct_answer=excluded.correct_answer, difficulty=excluded.difficulty, tags=excluded.tags, updated_at=now();
insert into lesson_items (lesson_id, item_id, order_index) values
 ('42000000-0000-0000-0000-000000000601','d1000161-0000-0000-0000-000000000161',1),
 ('42000000-0000-0000-0000-000000000601','d1000162-0000-0000-0000-000000000162',2),
 ('42000000-0000-0000-0000-000000000601','d1000163-0000-0000-0000-000000000163',3),
 ('42000000-0000-0000-0000-000000000601','d1000164-0000-0000-0000-000000000164',4),
 ('42000000-0000-0000-0000-000000000601','d1000165-0000-0000-0000-000000000165',5),
 ('42000000-0000-0000-0000-000000000601','d1000166-0000-0000-0000-000000000166',6),
 ('42000000-0000-0000-0000-000000000601','d1000167-0000-0000-0000-000000000167',7),
 ('42000000-0000-0000-0000-000000000601','d1000168-0000-0000-0000-000000000168',8),
 ('42000000-0000-0000-0000-000000000602','d1000169-0000-0000-0000-000000000169',1),
 ('42000000-0000-0000-0000-000000000602','d1000170-0000-0000-0000-000000000170',2),
 ('42000000-0000-0000-0000-000000000602','d1000171-0000-0000-0000-000000000171',3),
 ('42000000-0000-0000-0000-000000000602','d1000172-0000-0000-0000-000000000172',4),
 ('42000000-0000-0000-0000-000000000602','d1000173-0000-0000-0000-000000000173',5),
 ('42000000-0000-0000-0000-000000000602','d1000174-0000-0000-0000-000000000174',6),
 ('42000000-0000-0000-0000-000000000602','d1000175-0000-0000-0000-000000000175',7),
 ('42000000-0000-0000-0000-000000000602','d1000176-0000-0000-0000-000000000176',8),
 ('42000000-0000-0000-0000-000000000603','d1000177-0000-0000-0000-000000000177',1),
 ('42000000-0000-0000-0000-000000000603','d1000178-0000-0000-0000-000000000178',2),
 ('42000000-0000-0000-0000-000000000603','d1000179-0000-0000-0000-000000000179',3),
 ('42000000-0000-0000-0000-000000000603','d1000180-0000-0000-0000-000000000180',4),
 ('42000000-0000-0000-0000-000000000603','d1000181-0000-0000-0000-000000000181',5),
 ('42000000-0000-0000-0000-000000000603','d1000182-0000-0000-0000-000000000182',6),
 ('42000000-0000-0000-0000-000000000603','d1000183-0000-0000-0000-000000000183',7),
 ('42000000-0000-0000-0000-000000000603','d1000184-0000-0000-0000-000000000184',8),
 ('42000000-0000-0000-0000-000000000604','d1000185-0000-0000-0000-000000000185',1),
 ('42000000-0000-0000-0000-000000000604','d1000186-0000-0000-0000-000000000186',2),
 ('42000000-0000-0000-0000-000000000604','d1000187-0000-0000-0000-000000000187',3),
 ('42000000-0000-0000-0000-000000000604','d1000188-0000-0000-0000-000000000188',4),
 ('42000000-0000-0000-0000-000000000604','d1000189-0000-0000-0000-000000000189',5),
 ('42000000-0000-0000-0000-000000000604','d1000190-0000-0000-0000-000000000190',6),
 ('42000000-0000-0000-0000-000000000604','d1000191-0000-0000-0000-000000000191',7),
 ('42000000-0000-0000-0000-000000000604','d1000192-0000-0000-0000-000000000192',8),
 ('42000000-0000-0000-0000-000000000605','d1000161-0000-0000-0000-000000000161',1),
 ('42000000-0000-0000-0000-000000000605','d1000162-0000-0000-0000-000000000162',2),
 ('42000000-0000-0000-0000-000000000605','d1000163-0000-0000-0000-000000000163',3),
 ('42000000-0000-0000-0000-000000000605','d1000164-0000-0000-0000-000000000164',4),
 ('42000000-0000-0000-0000-000000000605','d1000165-0000-0000-0000-000000000165',5),
 ('42000000-0000-0000-0000-000000000605','d1000166-0000-0000-0000-000000000166',6),
 ('42000000-0000-0000-0000-000000000605','d1000167-0000-0000-0000-000000000167',7),
 ('42000000-0000-0000-0000-000000000605','d1000175-0000-0000-0000-000000000175',8),
 ('42000000-0000-0000-0000-000000000605','d1000168-0000-0000-0000-000000000168',9),
 ('42000000-0000-0000-0000-000000000605','d1000176-0000-0000-0000-000000000176',10)
on conflict (lesson_id, item_id) do nothing;
insert into vocabulary (id, course_id, word, translation, frequency_rank, part_of_speech) values
 ('d1b00080-0000-0000-0000-000000000080','20000000-0000-0000-0000-000000000002',$p$hobby$p$,$p$pasatiempo/hobby$p$,220,'sustantivo'),
 ('d1b00081-0000-0000-0000-000000000081','20000000-0000-0000-0000-000000000002',$p$tempo livre$p$,$p$tiempo libre$p$,221,'sustantivo'),
 ('d1b00082-0000-0000-0000-000000000082','20000000-0000-0000-0000-000000000002',$p$jogar$p$,$p$jugar$p$,222,'verbo'),
 ('d1b00083-0000-0000-0000-000000000083','20000000-0000-0000-0000-000000000002',$p$ler$p$,$p$leer$p$,223,'verbo'),
 ('d1b00084-0000-0000-0000-000000000084','20000000-0000-0000-0000-000000000002',$p$nadar$p$,$p$nadar$p$,224,'verbo'),
 ('d1b00085-0000-0000-0000-000000000085','20000000-0000-0000-0000-000000000002',$p$gostar de$p$,$p$gustar de$p$,225,'verbo'),
 ('d1b00086-0000-0000-0000-000000000086','20000000-0000-0000-0000-000000000002',$p$poder$p$,$p$poder$p$,226,'verbo'),
 ('d1b00087-0000-0000-0000-000000000087','20000000-0000-0000-0000-000000000002',$p$legal$p$,$p$genial/chévere$p$,227,'adjetivo'),
 ('d1b00088-0000-0000-0000-000000000088','20000000-0000-0000-0000-000000000002',$p$chato$p$,$p$aburrido$p$,228,'adjetivo'),
 ('d1b00089-0000-0000-0000-000000000089','20000000-0000-0000-0000-000000000002',$p$divertido$p$,$p$divertido$p$,229,'adjetivo'),
 ('d1b00090-0000-0000-0000-000000000090','20000000-0000-0000-0000-000000000002',$p$sempre$p$,$p$siempre$p$,230,'adverbio'),
 ('d1b00091-0000-0000-0000-000000000091','20000000-0000-0000-0000-000000000002',$p$nunca$p$,$p$nunca$p$,231,'adverbio'),
 ('d1b00092-0000-0000-0000-000000000092','20000000-0000-0000-0000-000000000002',$p$fim de semana$p$,$p$fin de semana$p$,232,'sustantivo'),
 ('d1b00093-0000-0000-0000-000000000093','20000000-0000-0000-0000-000000000002',$p$sábado$p$,$p$sábado$p$,233,'sustantivo'),
 ('d1b00094-0000-0000-0000-000000000094','20000000-0000-0000-0000-000000000002',$p$domingo$p$,$p$domingo$p$,234,'sustantivo'),
 ('d1b00095-0000-0000-0000-000000000095','20000000-0000-0000-0000-000000000002',$p$futebol$p$,$p$fútbol$p$,235,'sustantivo')
on conflict (id) do nothing;

commit;
