-- LÉXICO Fase 1 · ITALIANO — vocabulario NUEVO (LEXICO_PLAN §3/§4).
-- 232 palabras de alta frecuencia (10 temas) autoradas por agentes nativos +
-- doble revisión adversarial + guardas deterministas. Cada palabra: traducción
-- revisada + oración-ejemplo → CLOZE en contexto (con audio TTS, paga F3) +
-- MATCH de reconocimiento. Tag 'vocab_f1' (NO unidadN → checkpoints/exámenes/
-- placement intactos). Lecciones ancladas ANTES del checkpoint (DO-block). Idempotente.

-- 1) vocabulary (palabras nuevas)
insert into vocabulary(id,course_id,word,translation,frequency_rank,part_of_speech) values ('094acdc3-2020-5109-bff9-055a6a5b9cd8', '20000000-0000-0000-0000-000000000004', 'il marciapiede', 'la acera', 210, 'sustantivo') on conflict (id) do nothing;
insert into vocabulary(id,course_id,word,translation,frequency_rank,part_of_speech) values ('63e05b22-f2f2-5e99-8d92-48b1f9daf3ea', '20000000-0000-0000-0000-000000000004', 'l''incrocio', 'el cruce', 211, 'sustantivo') on conflict (id) do nothing;
insert into vocabulary(id,course_id,word,translation,frequency_rank,part_of_speech) values ('5ade99e9-2240-5a57-aa2d-9dd97bdf21fa', '20000000-0000-0000-0000-000000000004', 'il quartiere', 'el barrio', 212, 'sustantivo') on conflict (id) do nothing;
insert into vocabulary(id,course_id,word,translation,frequency_rank,part_of_speech) values ('c9467a27-c31b-5569-9768-672c986fe61a', '20000000-0000-0000-0000-000000000004', 'il municipio', 'el ayuntamiento', 213, 'sustantivo') on conflict (id) do nothing;
insert into vocabulary(id,course_id,word,translation,frequency_rank,part_of_speech) values ('0921eb44-f19e-53ba-bef2-2668c38b0029', '20000000-0000-0000-0000-000000000004', 'l''edicola', 'el quiosco', 214, 'sustantivo') on conflict (id) do nothing;
insert into vocabulary(id,course_id,word,translation,frequency_rank,part_of_speech) values ('9b990334-2225-5a6f-8711-89b5ed94a130', '20000000-0000-0000-0000-000000000004', 'la chiesa', 'la iglesia', 215, 'sustantivo') on conflict (id) do nothing;
insert into vocabulary(id,course_id,word,translation,frequency_rank,part_of_speech) values ('f90490c8-6639-5637-afb7-f0585245f34d', '20000000-0000-0000-0000-000000000004', 'il ponte', 'el puente', 216, 'sustantivo') on conflict (id) do nothing;
insert into vocabulary(id,course_id,word,translation,frequency_rank,part_of_speech) values ('246b60df-37ca-565d-8d05-3988e04afe74', '20000000-0000-0000-0000-000000000004', 'il palazzo', 'el edificio', 217, 'sustantivo') on conflict (id) do nothing;
insert into vocabulary(id,course_id,word,translation,frequency_rank,part_of_speech) values ('3529c9c7-b8eb-5bf9-820f-5096ec79b47d', '20000000-0000-0000-0000-000000000004', 'la via', 'la calle', 218, 'sustantivo') on conflict (id) do nothing;
insert into vocabulary(id,course_id,word,translation,frequency_rank,part_of_speech) values ('62fbc338-0c28-589d-91ad-d825def3f875', '20000000-0000-0000-0000-000000000004', 'la metropolitana', 'el metro', 219, 'sustantivo') on conflict (id) do nothing;
insert into vocabulary(id,course_id,word,translation,frequency_rank,part_of_speech) values ('c95f2a95-f465-533c-9673-2708962c4022', '20000000-0000-0000-0000-000000000004', 'l''angolo', 'la esquina', 220, 'sustantivo') on conflict (id) do nothing;
insert into vocabulary(id,course_id,word,translation,frequency_rank,part_of_speech) values ('a4e23b2a-0698-51e6-9a03-3cf8501d7915', '20000000-0000-0000-0000-000000000004', 'la panchina', 'el banco (de parque)', 221, 'sustantivo') on conflict (id) do nothing;
insert into vocabulary(id,course_id,word,translation,frequency_rank,part_of_speech) values ('faa08509-dcd1-5ff7-ade5-281dcf9f47ee', '20000000-0000-0000-0000-000000000004', 'il vigile', 'el guardia de tráfico', 210, 'sustantivo') on conflict (id) do nothing;
insert into vocabulary(id,course_id,word,translation,frequency_rank,part_of_speech) values ('4b17c7ac-d28d-5f6f-9299-fe6eec2f5870', '20000000-0000-0000-0000-000000000004', 'il pedone', 'el peatón', 211, 'sustantivo') on conflict (id) do nothing;
insert into vocabulary(id,course_id,word,translation,frequency_rank,part_of_speech) values ('545fdb77-48c1-57c1-aab7-fc9300a74e58', '20000000-0000-0000-0000-000000000004', 'la periferia', 'las afueras', 212, 'sustantivo') on conflict (id) do nothing;
insert into vocabulary(id,course_id,word,translation,frequency_rank,part_of_speech) values ('8ac59609-377a-5f64-b639-2dee8ebe7b47', '20000000-0000-0000-0000-000000000004', 'il grattacielo', 'el rascacielos', 213, 'sustantivo') on conflict (id) do nothing;
insert into vocabulary(id,course_id,word,translation,frequency_rank,part_of_speech) values ('c47ec7a4-3e2a-559d-8a9b-4f6b198021cd', '20000000-0000-0000-0000-000000000004', 'la fontana', 'la fuente', 214, 'sustantivo') on conflict (id) do nothing;
insert into vocabulary(id,course_id,word,translation,frequency_rank,part_of_speech) values ('ff5f582d-202d-5a4f-be9b-9ab6834fe17b', '20000000-0000-0000-0000-000000000004', 'il campanile', 'el campanario', 215, 'sustantivo') on conflict (id) do nothing;
insert into vocabulary(id,course_id,word,translation,frequency_rank,part_of_speech) values ('576d0c09-daba-50df-9af2-cc2bce69a372', '20000000-0000-0000-0000-000000000004', 'il vicolo', 'el callejón', 216, 'sustantivo') on conflict (id) do nothing;
insert into vocabulary(id,course_id,word,translation,frequency_rank,part_of_speech) values ('8b177562-b70a-514e-bcab-f58972d94bee', '20000000-0000-0000-0000-000000000004', 'la salita', 'la cuesta', 217, 'sustantivo') on conflict (id) do nothing;
insert into vocabulary(id,course_id,word,translation,frequency_rank,part_of_speech) values ('9732b315-156d-5e2d-a3b2-b56a1ca130d3', '20000000-0000-0000-0000-000000000004', 'lo sportello', 'la ventanilla', 218, 'sustantivo') on conflict (id) do nothing;
insert into vocabulary(id,course_id,word,translation,frequency_rank,part_of_speech) values ('7cae83f2-2999-5453-ac46-2342aaae4648', '20000000-0000-0000-0000-000000000004', 'il cartello', 'el letrero', 219, 'sustantivo') on conflict (id) do nothing;
insert into vocabulary(id,course_id,word,translation,frequency_rank,part_of_speech) values ('9a69f4d1-282d-5c9e-8ba0-25af3bacaf6b', '20000000-0000-0000-0000-000000000004', 'attraversare', 'cruzar', 220, 'verbo') on conflict (id) do nothing;
insert into vocabulary(id,course_id,word,translation,frequency_rank,part_of_speech) values ('0e69ad4c-58e1-59a1-a606-e736b89185f9', '20000000-0000-0000-0000-000000000004', 'il capolinea', 'la terminal (final de línea)', 221, 'sustantivo') on conflict (id) do nothing;
insert into vocabulary(id,course_id,word,translation,frequency_rank,part_of_speech) values ('1f4b86c1-d976-5f13-aabf-5328aa017136', '20000000-0000-0000-0000-000000000004', 'il cassetto', 'el cajón', 240, 'sustantivo') on conflict (id) do nothing;
insert into vocabulary(id,course_id,word,translation,frequency_rank,part_of_speech) values ('ea637820-daa2-5d60-a841-db313cf0560c', '20000000-0000-0000-0000-000000000004', 'la coperta', 'la manta', 241, 'sustantivo') on conflict (id) do nothing;
insert into vocabulary(id,course_id,word,translation,frequency_rank,part_of_speech) values ('aff273a8-53db-5b7d-9943-41aa553c3b8b', '20000000-0000-0000-0000-000000000004', 'il lenzuolo', 'la sábana', 242, 'sustantivo') on conflict (id) do nothing;
insert into vocabulary(id,course_id,word,translation,frequency_rank,part_of_speech) values ('d885aff6-4a3d-52cd-9260-81c5fc806a88', '20000000-0000-0000-0000-000000000004', 'lo scaffale', 'el estante', 243, 'sustantivo') on conflict (id) do nothing;
insert into vocabulary(id,course_id,word,translation,frequency_rank,part_of_speech) values ('51ebc282-c504-5523-b423-cb9643b77f46', '20000000-0000-0000-0000-000000000004', 'il rubinetto', 'el grifo', 244, 'sustantivo') on conflict (id) do nothing;
insert into vocabulary(id,course_id,word,translation,frequency_rank,part_of_speech) values ('19d38801-a4ae-5603-b0f2-086ebc37f965', '20000000-0000-0000-0000-000000000004', 'il pavimento', 'el suelo', 245, 'sustantivo') on conflict (id) do nothing;
insert into vocabulary(id,course_id,word,translation,frequency_rank,part_of_speech) values ('771ed209-97a3-56d7-91c9-30e9f5eb7c06', '20000000-0000-0000-0000-000000000004', 'il soffitto', 'el techo', 246, 'sustantivo') on conflict (id) do nothing;
insert into vocabulary(id,course_id,word,translation,frequency_rank,part_of_speech) values ('c105ddfe-c5f9-5464-ad86-3454094b860e', '20000000-0000-0000-0000-000000000004', 'il muro', 'la pared', 247, 'sustantivo') on conflict (id) do nothing;
insert into vocabulary(id,course_id,word,translation,frequency_rank,part_of_speech) values ('119230a2-3e0e-5118-bc82-4c35d581dd86', '20000000-0000-0000-0000-000000000004', 'la scopa', 'la escoba', 248, 'sustantivo') on conflict (id) do nothing;
insert into vocabulary(id,course_id,word,translation,frequency_rank,part_of_speech) values ('98cd8de3-c2fc-51fa-8f45-a05153c737c6', '20000000-0000-0000-0000-000000000004', 'la spazzatura', 'la basura', 249, 'sustantivo') on conflict (id) do nothing;
insert into vocabulary(id,course_id,word,translation,frequency_rank,part_of_speech) values ('1f120808-1c37-5165-bbe4-b50900f97d5c', '20000000-0000-0000-0000-000000000004', 'la stanza', 'la habitación', 250, 'sustantivo') on conflict (id) do nothing;
insert into vocabulary(id,course_id,word,translation,frequency_rank,part_of_speech) values ('b64b9018-8659-52f3-9c46-6206dd99d0f1', '20000000-0000-0000-0000-000000000004', 'la tenda', 'la cortina', 251, 'sustantivo') on conflict (id) do nothing;
insert into vocabulary(id,course_id,word,translation,frequency_rank,part_of_speech) values ('b1c6b89d-e0f2-5b5e-a9fb-e23a15c13472', '20000000-0000-0000-0000-000000000004', 'il cuscino', 'la almohada', 240, 'sustantivo') on conflict (id) do nothing;
insert into vocabulary(id,course_id,word,translation,frequency_rank,part_of_speech) values ('d2a82a87-9946-52ee-af34-5db80320b27a', '20000000-0000-0000-0000-000000000004', 'il tappeto', 'la alfombra', 241, 'sustantivo') on conflict (id) do nothing;
insert into vocabulary(id,course_id,word,translation,frequency_rank,part_of_speech) values ('afb63119-39e8-5f8f-8c78-c35c077645be', '20000000-0000-0000-0000-000000000004', 'lo specchio', 'el espejo', 242, 'sustantivo') on conflict (id) do nothing;
insert into vocabulary(id,course_id,word,translation,frequency_rank,part_of_speech) values ('b8e48f0c-d30c-520f-a8cb-4d12cb8b4e5e', '20000000-0000-0000-0000-000000000004', 'il lavandino', 'el lavabo', 243, 'sustantivo') on conflict (id) do nothing;
insert into vocabulary(id,course_id,word,translation,frequency_rank,part_of_speech) values ('e0e5c6d1-28f9-521c-a9bb-5c28f677d55f', '20000000-0000-0000-0000-000000000004', 'la lavatrice', 'la lavadora', 244, 'sustantivo') on conflict (id) do nothing;
insert into vocabulary(id,course_id,word,translation,frequency_rank,part_of_speech) values ('163f7d29-f9b5-53b2-b60d-376bdf457f86', '20000000-0000-0000-0000-000000000004', 'la scala', 'la escalera', 245, 'sustantivo') on conflict (id) do nothing;
insert into vocabulary(id,course_id,word,translation,frequency_rank,part_of_speech) values ('1bc7f09e-e632-51a0-a9fd-72e1213a1cb4', '20000000-0000-0000-0000-000000000004', 'il piano', 'la planta (piso)', 246, 'sustantivo') on conflict (id) do nothing;
insert into vocabulary(id,course_id,word,translation,frequency_rank,part_of_speech) values ('0653ca93-0429-51f5-ae3e-cdcf822f1dd4', '20000000-0000-0000-0000-000000000004', 'il comodino', 'la mesita de noche', 247, 'sustantivo') on conflict (id) do nothing;
insert into vocabulary(id,course_id,word,translation,frequency_rank,part_of_speech) values ('f0f5bcdb-5a13-5b07-ad5a-c0b8deb79658', '20000000-0000-0000-0000-000000000004', 'il secchio', 'el cubo', 248, 'sustantivo') on conflict (id) do nothing;
insert into vocabulary(id,course_id,word,translation,frequency_rank,part_of_speech) values ('5268f8ba-f4c2-50b4-ba8a-48b8d67240f1', '20000000-0000-0000-0000-000000000004', 'lo straccio', 'el trapo', 249, 'sustantivo') on conflict (id) do nothing;
insert into vocabulary(id,course_id,word,translation,frequency_rank,part_of_speech) values ('10216173-29b9-5082-b9d4-44fbf01f5bb2', '20000000-0000-0000-0000-000000000004', 'stirare', 'planchar', 250, 'verbo') on conflict (id) do nothing;
insert into vocabulary(id,course_id,word,translation,frequency_rank,part_of_speech) values ('99720e61-d961-5d0f-82e4-3c2bdcd97f95', '20000000-0000-0000-0000-000000000004', 'il burro', 'la mantequilla', 270, 'sustantivo') on conflict (id) do nothing;
insert into vocabulary(id,course_id,word,translation,frequency_rank,part_of_speech) values ('e20ebdf0-5529-50ac-9d70-64a7f058ba65', '20000000-0000-0000-0000-000000000004', 'il brodo', 'el caldo', 271, 'sustantivo') on conflict (id) do nothing;
insert into vocabulary(id,course_id,word,translation,frequency_rank,part_of_speech) values ('2c5fc06d-01be-524c-ba17-30b65814f73a', '20000000-0000-0000-0000-000000000004', 'l''aceto', 'el vinagre', 272, 'sustantivo') on conflict (id) do nothing;
insert into vocabulary(id,course_id,word,translation,frequency_rank,part_of_speech) values ('99e58b14-95a7-5a02-96e4-670d827631e8', '20000000-0000-0000-0000-000000000004', 'la panna', 'la nata (crema)', 273, 'sustantivo') on conflict (id) do nothing;
insert into vocabulary(id,course_id,word,translation,frequency_rank,part_of_speech) values ('22af86dc-ac59-5781-bc6d-397b07600bde', '20000000-0000-0000-0000-000000000004', 'il prosciutto', 'el jamón', 274, 'sustantivo') on conflict (id) do nothing;
insert into vocabulary(id,course_id,word,translation,frequency_rank,part_of_speech) values ('c3073ae5-6b3a-5641-879a-2127d4f6a16d', '20000000-0000-0000-0000-000000000004', 'il bicchiere', 'el vaso', 275, 'sustantivo') on conflict (id) do nothing;
insert into vocabulary(id,course_id,word,translation,frequency_rank,part_of_speech) values ('c84115ff-135c-5890-b26e-93a2b02a6486', '20000000-0000-0000-0000-000000000004', 'il pranzo', 'el almuerzo', 276, 'sustantivo') on conflict (id) do nothing;
insert into vocabulary(id,course_id,word,translation,frequency_rank,part_of_speech) values ('6c7a6ab5-db5e-5a76-aba9-5ff17d9dce44', '20000000-0000-0000-0000-000000000004', 'lo zucchero', 'el azúcar', 277, 'sustantivo') on conflict (id) do nothing;
insert into vocabulary(id,course_id,word,translation,frequency_rank,part_of_speech) values ('d49c5948-ac01-544a-9181-2a001fbe4971', '20000000-0000-0000-0000-000000000004', 'il formaggio', 'el queso', 278, 'sustantivo') on conflict (id) do nothing;
insert into vocabulary(id,course_id,word,translation,frequency_rank,part_of_speech) values ('ce49669c-f2f4-57bc-b883-cd2845c1a266', '20000000-0000-0000-0000-000000000004', 'la colazione', 'el desayuno', 270, 'sustantivo') on conflict (id) do nothing;
insert into vocabulary(id,course_id,word,translation,frequency_rank,part_of_speech) values ('8e72d160-3f42-58ca-8942-4933f7c967a0', '20000000-0000-0000-0000-000000000004', 'la forchetta', 'el tenedor', 271, 'sustantivo') on conflict (id) do nothing;
insert into vocabulary(id,course_id,word,translation,frequency_rank,part_of_speech) values ('e4b0b604-0ae9-53ee-84ca-ea17288b4813', '20000000-0000-0000-0000-000000000004', 'il coltello', 'el cuchillo', 272, 'sustantivo') on conflict (id) do nothing;
insert into vocabulary(id,course_id,word,translation,frequency_rank,part_of_speech) values ('27b5f31b-dddb-5aa3-8da8-480367113c15', '20000000-0000-0000-0000-000000000004', 'il cucchiaio', 'la cuchara', 273, 'sustantivo') on conflict (id) do nothing;
insert into vocabulary(id,course_id,word,translation,frequency_rank,part_of_speech) values ('e918fd8f-3f0f-5211-8db1-b18f42e9c1a0', '20000000-0000-0000-0000-000000000004', 'il tovagliolo', 'la servilleta', 274, 'sustantivo') on conflict (id) do nothing;
insert into vocabulary(id,course_id,word,translation,frequency_rank,part_of_speech) values ('16c8f686-3bae-5cf0-9225-8a4c0fe53697', '20000000-0000-0000-0000-000000000004', 'la padella', 'la sartén', 275, 'sustantivo') on conflict (id) do nothing;
insert into vocabulary(id,course_id,word,translation,frequency_rank,part_of_speech) values ('9a0d393e-9756-57ee-8a8d-ba7bb6f04bde', '20000000-0000-0000-0000-000000000004', 'la pentola', 'la olla', 276, 'sustantivo') on conflict (id) do nothing;
insert into vocabulary(id,course_id,word,translation,frequency_rank,part_of_speech) values ('a81e5859-b31e-549d-bdc6-add2b93b01fc', '20000000-0000-0000-0000-000000000004', 'assaggiare', 'probar (degustar)', 277, 'verbo') on conflict (id) do nothing;
insert into vocabulary(id,course_id,word,translation,frequency_rank,part_of_speech) values ('385c293b-0372-5b6c-bef7-514157b3788a', '20000000-0000-0000-0000-000000000004', 'la bevanda', 'la bebida', 278, 'sustantivo') on conflict (id) do nothing;
insert into vocabulary(id,course_id,word,translation,frequency_rank,part_of_speech) values ('3862131a-240e-5337-8a33-5a4fa0c46309', '20000000-0000-0000-0000-000000000004', 'la fame', 'el hambre', 270, 'sustantivo') on conflict (id) do nothing;
insert into vocabulary(id,course_id,word,translation,frequency_rank,part_of_speech) values ('f7b978da-182a-58a9-89ff-bba8f35c532e', '20000000-0000-0000-0000-000000000004', 'il riso', 'el arroz', 271, 'sustantivo') on conflict (id) do nothing;
insert into vocabulary(id,course_id,word,translation,frequency_rank,part_of_speech) values ('15d88a32-7e1c-5fdb-ab54-3a9b816d2bc9', '20000000-0000-0000-0000-000000000004', 'la cipolla', 'la cebolla', 272, 'sustantivo') on conflict (id) do nothing;
insert into vocabulary(id,course_id,word,translation,frequency_rank,part_of_speech) values ('d823216e-1a5c-5e67-abd8-2a86c252860c', '20000000-0000-0000-0000-000000000004', 'l''aglio', 'el ajo', 273, 'sustantivo') on conflict (id) do nothing;
insert into vocabulary(id,course_id,word,translation,frequency_rank,part_of_speech) values ('e43fa27b-a2ba-5bf2-8c4f-214283422f31', '20000000-0000-0000-0000-000000000004', 'la fragola', 'la fresa', 274, 'sustantivo') on conflict (id) do nothing;
insert into vocabulary(id,course_id,word,translation,frequency_rank,part_of_speech) values ('806f51f8-e0d0-54d1-ae1b-1ad62ee1a9da', '20000000-0000-0000-0000-000000000004', 'il maiale', 'el cerdo', 275, 'sustantivo') on conflict (id) do nothing;
insert into vocabulary(id,course_id,word,translation,frequency_rank,part_of_speech) values ('64a6a8a4-a07c-5dc9-b3b4-fb74c9c28667', '20000000-0000-0000-0000-000000000004', 'saporito', 'sabroso', 276, 'adjetivo') on conflict (id) do nothing;
insert into vocabulary(id,course_id,word,translation,frequency_rank,part_of_speech) values ('7afd5497-edc3-5238-8128-5868584d851f', '20000000-0000-0000-0000-000000000004', 'la macchina', 'el coche', 300, 'sustantivo') on conflict (id) do nothing;
insert into vocabulary(id,course_id,word,translation,frequency_rank,part_of_speech) values ('6e8453ff-97e5-5cb6-850b-7d51ba85dcae', '20000000-0000-0000-0000-000000000004', 'guidare', 'conducir', 301, 'verbo') on conflict (id) do nothing;
insert into vocabulary(id,course_id,word,translation,frequency_rank,part_of_speech) values ('6ca743c8-f5b1-5be0-a5c1-71a292f3d100', '20000000-0000-0000-0000-000000000004', 'noleggiare', 'alquilar', 302, 'verbo') on conflict (id) do nothing;
insert into vocabulary(id,course_id,word,translation,frequency_rank,part_of_speech) values ('dfff4801-31a4-5b13-a326-c1cda931f8e2', '20000000-0000-0000-0000-000000000004', 'il ritardo', 'el retraso', 303, 'sustantivo') on conflict (id) do nothing;
insert into vocabulary(id,course_id,word,translation,frequency_rank,part_of_speech) values ('6db8c15e-16fb-56b4-9fda-1ee57aa6d61f', '20000000-0000-0000-0000-000000000004', 'la tappa', 'la etapa', 304, 'sustantivo') on conflict (id) do nothing;
insert into vocabulary(id,course_id,word,translation,frequency_rank,part_of_speech) values ('e99d9188-325e-50c4-a741-72e65f3c49dd', '20000000-0000-0000-0000-000000000004', 'l''andata', 'la ida', 305, 'sustantivo') on conflict (id) do nothing;
insert into vocabulary(id,course_id,word,translation,frequency_rank,part_of_speech) values ('23dd68bf-b61d-50fd-a75d-9ffbfb4461e9', '20000000-0000-0000-0000-000000000004', 'il binario', 'la vía/el andén', 306, 'sustantivo') on conflict (id) do nothing;
insert into vocabulary(id,course_id,word,translation,frequency_rank,part_of_speech) values ('22cf6df4-6b16-57ed-80b3-013183879cca', '20000000-0000-0000-0000-000000000004', 'la coincidenza', 'el enlace/la conexión (de transporte)', 307, 'sustantivo') on conflict (id) do nothing;
insert into vocabulary(id,course_id,word,translation,frequency_rank,part_of_speech) values ('2728c509-dbaf-529c-90c6-40d69333de75', '20000000-0000-0000-0000-000000000004', 'la fermata', 'la parada', 308, 'sustantivo') on conflict (id) do nothing;
insert into vocabulary(id,course_id,word,translation,frequency_rank,part_of_speech) values ('a0b97c68-ab06-5254-add1-a5db1f5b762f', '20000000-0000-0000-0000-000000000004', 'il volo', 'el vuelo', 300, 'sustantivo') on conflict (id) do nothing;
insert into vocabulary(id,course_id,word,translation,frequency_rank,part_of_speech) values ('146a68ed-f3b8-5577-9db5-5db5b8bc9462', '20000000-0000-0000-0000-000000000004', 'la partenza', 'la salida', 301, 'sustantivo') on conflict (id) do nothing;
insert into vocabulary(id,course_id,word,translation,frequency_rank,part_of_speech) values ('5d775bec-e0ae-59a5-b679-81c8765a6b0b', '20000000-0000-0000-0000-000000000004', 'il bagaglio', 'el equipaje', 302, 'sustantivo') on conflict (id) do nothing;
insert into vocabulary(id,course_id,word,translation,frequency_rank,part_of_speech) values ('4125dc29-99ae-50af-9937-4e67146529ec', '20000000-0000-0000-0000-000000000004', 'lo zaino', 'la mochila', 303, 'sustantivo') on conflict (id) do nothing;
insert into vocabulary(id,course_id,word,translation,frequency_rank,part_of_speech) values ('56374b1c-48fb-5fc2-97f8-5e3a6e828d1f', '20000000-0000-0000-0000-000000000004', 'la patente', 'el carné de conducir', 304, 'sustantivo') on conflict (id) do nothing;
insert into vocabulary(id,course_id,word,translation,frequency_rank,part_of_speech) values ('74590607-e2f6-5b0e-a70a-55840e08db64', '20000000-0000-0000-0000-000000000004', 'il pedaggio', 'el peaje', 305, 'sustantivo') on conflict (id) do nothing;
insert into vocabulary(id,course_id,word,translation,frequency_rank,part_of_speech) values ('35aa2a41-209e-5211-bcef-69a6e976d4a3', '20000000-0000-0000-0000-000000000004', 'la benzina', 'la gasolina', 306, 'sustantivo') on conflict (id) do nothing;
insert into vocabulary(id,course_id,word,translation,frequency_rank,part_of_speech) values ('a8fe60a1-e42e-5d45-b54d-8e260f4bec42', '20000000-0000-0000-0000-000000000004', 'parcheggiare', 'aparcar/estacionar', 307, 'verbo') on conflict (id) do nothing;
insert into vocabulary(id,course_id,word,translation,frequency_rank,part_of_speech) values ('2f4ab900-1fa5-58cc-83ba-8cc0a5c73a82', '20000000-0000-0000-0000-000000000004', 'la gomma', 'el neumático', 308, 'sustantivo') on conflict (id) do nothing;
insert into vocabulary(id,course_id,word,translation,frequency_rank,part_of_speech) values ('e6973583-b839-5303-8bbe-9428e61b2eba', '20000000-0000-0000-0000-000000000004', 'la meta', 'el destino (de un viaje)', 300, 'sustantivo') on conflict (id) do nothing;
insert into vocabulary(id,course_id,word,translation,frequency_rank,part_of_speech) values ('4629cffc-91b0-5bf5-af53-3fa952d9cba5', '20000000-0000-0000-0000-000000000004', 'la dogana', 'la aduana', 301, 'sustantivo') on conflict (id) do nothing;
insert into vocabulary(id,course_id,word,translation,frequency_rank,part_of_speech) values ('93eba096-e2cf-5eba-bf9c-be4ebc969440', '20000000-0000-0000-0000-000000000004', 'il confine', 'la frontera', 302, 'sustantivo') on conflict (id) do nothing;
insert into vocabulary(id,course_id,word,translation,frequency_rank,part_of_speech) values ('a42fd572-7458-5410-9314-f6f649b33ebd', '20000000-0000-0000-0000-000000000004', 'la camera', 'la habitación', 303, 'sustantivo') on conflict (id) do nothing;
insert into vocabulary(id,course_id,word,translation,frequency_rank,part_of_speech) values ('4839b816-9b7a-57aa-9d6a-0b10633d9781', '20000000-0000-0000-0000-000000000004', 'la chiave', 'la llave', 304, 'sustantivo') on conflict (id) do nothing;
insert into vocabulary(id,course_id,word,translation,frequency_rank,part_of_speech) values ('03aeb1ba-0487-5441-9a47-03f5f792ad5f', '20000000-0000-0000-0000-000000000004', 'il finestrino', 'la ventanilla', 305, 'sustantivo') on conflict (id) do nothing;
insert into vocabulary(id,course_id,word,translation,frequency_rank,part_of_speech) values ('3adc0894-7f5e-52fc-afba-5b445e7e378c', '20000000-0000-0000-0000-000000000004', 'lo scalo', 'la escala (de vuelo)', 306, 'sustantivo') on conflict (id) do nothing;
insert into vocabulary(id,course_id,word,translation,frequency_rank,part_of_speech) values ('2648b482-94bf-5920-ae70-7f4d38d0a219', '20000000-0000-0000-0000-000000000004', 'l''ingorgo', 'el atasco', 307, 'sustantivo') on conflict (id) do nothing;
insert into vocabulary(id,course_id,word,translation,frequency_rank,part_of_speech) values ('d406cc0b-78fd-5729-b9a4-51f39b162d16', '20000000-0000-0000-0000-000000000004', 'i saldi', 'las rebajas', 330, 'sustantivo') on conflict (id) do nothing;
insert into vocabulary(id,course_id,word,translation,frequency_rank,part_of_speech) values ('31f21749-87c3-5d51-bad9-b3e897f5dbb2', '20000000-0000-0000-0000-000000000004', 'lo sconto', 'el descuento', 331, 'sustantivo') on conflict (id) do nothing;
insert into vocabulary(id,course_id,word,translation,frequency_rank,part_of_speech) values ('9474639a-b430-5409-bc82-f51acc15ab4d', '20000000-0000-0000-0000-000000000004', 'la taglia', 'la talla', 332, 'sustantivo') on conflict (id) do nothing;
insert into vocabulary(id,course_id,word,translation,frequency_rank,part_of_speech) values ('bf7bb068-b476-5727-be9f-9258469e7d08', '20000000-0000-0000-0000-000000000004', 'provare', 'probarse', 333, 'verbo') on conflict (id) do nothing;
insert into vocabulary(id,course_id,word,translation,frequency_rank,part_of_speech) values ('a4575dd4-0ef3-523b-9b3c-ec3b6cd7ea91', '20000000-0000-0000-0000-000000000004', 'lo scontrino', 'el recibo/ticket', 334, 'sustantivo') on conflict (id) do nothing;
insert into vocabulary(id,course_id,word,translation,frequency_rank,part_of_speech) values ('cea1d561-b15e-5dea-afb9-659b4d2be841', '20000000-0000-0000-0000-000000000004', 'i contanti', 'el efectivo', 335, 'sustantivo') on conflict (id) do nothing;
insert into vocabulary(id,course_id,word,translation,frequency_rank,part_of_speech) values ('0d94a48e-9b15-57e1-b7c0-50f2430fb067', '20000000-0000-0000-0000-000000000004', 'il resto', 'el cambio/vuelto', 336, 'sustantivo') on conflict (id) do nothing;
insert into vocabulary(id,course_id,word,translation,frequency_rank,part_of_speech) values ('8315b9c6-570b-5e72-aef7-56b37d191ea8', '20000000-0000-0000-0000-000000000004', 'il commesso', 'el dependiente', 337, 'sustantivo') on conflict (id) do nothing;
insert into vocabulary(id,course_id,word,translation,frequency_rank,part_of_speech) values ('515ccda1-d3c3-516e-8271-3a6382429d69', '20000000-0000-0000-0000-000000000004', 'la spesa', 'la compra', 338, 'sustantivo') on conflict (id) do nothing;
insert into vocabulary(id,course_id,word,translation,frequency_rank,part_of_speech) values ('adc8503b-7d72-57ff-a3ba-4fee7cce87cf', '20000000-0000-0000-0000-000000000004', 'il carrello', 'el carrito', 330, 'sustantivo') on conflict (id) do nothing;
insert into vocabulary(id,course_id,word,translation,frequency_rank,part_of_speech) values ('508f2c8d-5489-5596-9e86-b617c2a5cdae', '20000000-0000-0000-0000-000000000004', 'la cassa', 'la caja', 331, 'sustantivo') on conflict (id) do nothing;
insert into vocabulary(id,course_id,word,translation,frequency_rank,part_of_speech) values ('41abc944-a61b-5e09-a086-a6d47acbc709', '20000000-0000-0000-0000-000000000004', 'la vetrina', 'el escaparate/la vitrina', 332, 'sustantivo') on conflict (id) do nothing;
insert into vocabulary(id,course_id,word,translation,frequency_rank,part_of_speech) values ('f2fe4db9-47b6-5d0e-b517-dbb034b8ae0b', '20000000-0000-0000-0000-000000000004', 'la borsa', 'el bolso', 333, 'sustantivo') on conflict (id) do nothing;
insert into vocabulary(id,course_id,word,translation,frequency_rank,part_of_speech) values ('f62bbf03-7f74-559a-aae7-330288abaf2f', '20000000-0000-0000-0000-000000000004', 'il portafoglio', 'la cartera/billetera', 334, 'sustantivo') on conflict (id) do nothing;
insert into vocabulary(id,course_id,word,translation,frequency_rank,part_of_speech) values ('31fce835-8b5e-50b3-b0c5-a595cfee2f11', '20000000-0000-0000-0000-000000000004', 'il camerino', 'el probador', 335, 'sustantivo') on conflict (id) do nothing;
insert into vocabulary(id,course_id,word,translation,frequency_rank,part_of_speech) values ('3712225a-adba-58af-ab3e-500eb64928a2', '20000000-0000-0000-0000-000000000004', 'spendere', 'gastar', 336, 'verbo') on conflict (id) do nothing;
insert into vocabulary(id,course_id,word,translation,frequency_rank,part_of_speech) values ('14a1ed71-3421-5501-af2e-788dea394a2d', '20000000-0000-0000-0000-000000000004', 'la fila', 'la cola/fila', 337, 'sustantivo') on conflict (id) do nothing;
insert into vocabulary(id,course_id,word,translation,frequency_rank,part_of_speech) values ('59cab959-b355-50dc-a45b-b1dd4032df06', '20000000-0000-0000-0000-000000000004', 'incartare', 'envolver', 338, 'verbo') on conflict (id) do nothing;
insert into vocabulary(id,course_id,word,translation,frequency_rank,part_of_speech) values ('ccc9550b-98ca-523f-9f7c-da35b6587d87', '20000000-0000-0000-0000-000000000004', 'la merce', 'la mercancía', 330, 'sustantivo') on conflict (id) do nothing;
insert into vocabulary(id,course_id,word,translation,frequency_rank,part_of_speech) values ('e1008cc5-ca27-580b-b195-8118edd47be8', '20000000-0000-0000-0000-000000000004', 'il reparto', 'la sección/el departamento', 331, 'sustantivo') on conflict (id) do nothing;
insert into vocabulary(id,course_id,word,translation,frequency_rank,part_of_speech) values ('56a7f05d-70eb-53e1-8159-c0eec8be1d8d', '20000000-0000-0000-0000-000000000004', 'economico', 'barato', 332, 'adjetivo') on conflict (id) do nothing;
insert into vocabulary(id,course_id,word,translation,frequency_rank,part_of_speech) values ('fb84ac37-f022-5f1f-b805-8f0a405c3c53', '20000000-0000-0000-0000-000000000004', 'l''affare', 'la ganga', 333, 'sustantivo') on conflict (id) do nothing;
insert into vocabulary(id,course_id,word,translation,frequency_rank,part_of_speech) values ('54754116-3234-50b1-bacc-7c05cd27e917', '20000000-0000-0000-0000-000000000004', 'le scarpe', 'los zapatos', 334, 'sustantivo') on conflict (id) do nothing;
insert into vocabulary(id,course_id,word,translation,frequency_rank,part_of_speech) values ('f5a5fc08-bb21-56d5-b071-38ce20ef6f30', '20000000-0000-0000-0000-000000000004', 'la maglietta', 'la camiseta', 335, 'sustantivo') on conflict (id) do nothing;
insert into vocabulary(id,course_id,word,translation,frequency_rank,part_of_speech) values ('48c3ccbb-2c77-56a2-bfe1-2cb6df29f53a', '20000000-0000-0000-0000-000000000004', 'la sciarpa', 'la bufanda', 336, 'sustantivo') on conflict (id) do nothing;
insert into vocabulary(id,course_id,word,translation,frequency_rank,part_of_speech) values ('2a911b4d-b919-58ef-a77e-a3e1b554464b', '20000000-0000-0000-0000-000000000004', 'prima', 'antes', 360, 'adverbio') on conflict (id) do nothing;
insert into vocabulary(id,course_id,word,translation,frequency_rank,part_of_speech) values ('f7fe3e30-5b72-55f8-991c-26ac00bfad96', '20000000-0000-0000-0000-000000000004', 'dopo', 'después', 361, 'adverbio') on conflict (id) do nothing;
insert into vocabulary(id,course_id,word,translation,frequency_rank,part_of_speech) values ('9e2071d9-f6d0-5a08-a125-ee72fc02824e', '20000000-0000-0000-0000-000000000004', 'adesso', 'ahora', 362, 'adverbio') on conflict (id) do nothing;
insert into vocabulary(id,course_id,word,translation,frequency_rank,part_of_speech) values ('bfd24fbd-6a8c-55af-825c-8bb7ae1f75e1', '20000000-0000-0000-0000-000000000004', 'oggi', 'hoy', 363, 'adverbio') on conflict (id) do nothing;
insert into vocabulary(id,course_id,word,translation,frequency_rank,part_of_speech) values ('4670975f-022e-50e1-a78f-500010f7e7c4', '20000000-0000-0000-0000-000000000004', 'stamattina', 'esta mañana', 364, 'adverbio') on conflict (id) do nothing;
insert into vocabulary(id,course_id,word,translation,frequency_rank,part_of_speech) values ('eee6dfd3-8866-5e1b-b490-9333da7bdb41', '20000000-0000-0000-0000-000000000004', 'stasera', 'esta noche', 365, 'adverbio') on conflict (id) do nothing;
insert into vocabulary(id,course_id,word,translation,frequency_rank,part_of_speech) values ('51138a4a-7252-5cbb-b93c-9f405518dce4', '20000000-0000-0000-0000-000000000004', 'il pomeriggio', 'la tarde', 366, 'sustantivo') on conflict (id) do nothing;
insert into vocabulary(id,course_id,word,translation,frequency_rank,part_of_speech) values ('979409e0-3d1f-5e59-be27-fa6b822fe7dd', '20000000-0000-0000-0000-000000000004', 'la sera', 'la tarde-noche', 367, 'sustantivo') on conflict (id) do nothing;
insert into vocabulary(id,course_id,word,translation,frequency_rank,part_of_speech) values ('65acbd66-2824-5e3c-96e2-83b3a4a6da7c', '20000000-0000-0000-0000-000000000004', 'la notte', 'la noche', 368, 'sustantivo') on conflict (id) do nothing;
insert into vocabulary(id,course_id,word,translation,frequency_rank,part_of_speech) values ('1eaa99f8-67d7-591f-9299-197def5613e9', '20000000-0000-0000-0000-000000000004', 'la fretta', 'la prisa', 369, 'sustantivo') on conflict (id) do nothing;
insert into vocabulary(id,course_id,word,translation,frequency_rank,part_of_speech) values ('b1e8c17b-373a-54d0-8843-55bd25e63429', '20000000-0000-0000-0000-000000000004', 'il secolo', 'el siglo', 370, 'sustantivo') on conflict (id) do nothing;
insert into vocabulary(id,course_id,word,translation,frequency_rank,part_of_speech) values ('780817a7-bfbe-50cb-ac19-937bc9d81614', '20000000-0000-0000-0000-000000000004', 'spesso', 'a menudo', 371, 'adverbio') on conflict (id) do nothing;
insert into vocabulary(id,course_id,word,translation,frequency_rank,part_of_speech) values ('1d593d35-5a5f-50b7-80e3-93a292d9a1ac', '20000000-0000-0000-0000-000000000004', 'mai', 'nunca', 360, 'adverbio') on conflict (id) do nothing;
insert into vocabulary(id,course_id,word,translation,frequency_rank,part_of_speech) values ('1100f2b6-e00d-5ae6-ae73-67ea3ce53ce1', '20000000-0000-0000-0000-000000000004', 'ancora', 'todavía', 361, 'adverbio') on conflict (id) do nothing;
insert into vocabulary(id,course_id,word,translation,frequency_rank,part_of_speech) values ('4d058bf5-9aca-5dbe-86f9-ae00cfcc25a1', '20000000-0000-0000-0000-000000000004', 'appena', 'recién', 362, 'adverbio') on conflict (id) do nothing;
insert into vocabulary(id,course_id,word,translation,frequency_rank,part_of_speech) values ('add9ab15-274c-5e92-8b04-2bb96b6646c1', '20000000-0000-0000-0000-000000000004', 'ormai', 'ya (a estas alturas)', 363, 'adverbio') on conflict (id) do nothing;
insert into vocabulary(id,course_id,word,translation,frequency_rank,part_of_speech) values ('c020903b-b858-576f-a8fc-4e93ab15502f', '20000000-0000-0000-0000-000000000004', 'l''alba', 'el amanecer', 364, 'sustantivo') on conflict (id) do nothing;
insert into vocabulary(id,course_id,word,translation,frequency_rank,part_of_speech) values ('71405a59-1e43-5ac2-b1cb-a0e029d26f14', '20000000-0000-0000-0000-000000000004', 'il tramonto', 'el atardecer', 365, 'sustantivo') on conflict (id) do nothing;
insert into vocabulary(id,course_id,word,translation,frequency_rank,part_of_speech) values ('df880464-79dd-5528-9c06-a0d276e11625', '20000000-0000-0000-0000-000000000004', 'la fine', 'el final', 366, 'sustantivo') on conflict (id) do nothing;
insert into vocabulary(id,course_id,word,translation,frequency_rank,part_of_speech) values ('84bc5d9d-9328-579d-81e0-413f9f096bce', '20000000-0000-0000-0000-000000000004', 'di solito', 'normalmente', 367, 'frase') on conflict (id) do nothing;
insert into vocabulary(id,course_id,word,translation,frequency_rank,part_of_speech) values ('910ca2ec-4911-5ca6-9c00-06b8ed345ec1', '20000000-0000-0000-0000-000000000004', 'a volte', 'a veces', 368, 'frase') on conflict (id) do nothing;
insert into vocabulary(id,course_id,word,translation,frequency_rank,part_of_speech) values ('8f809180-b4c9-571e-ad76-412d29298580', '20000000-0000-0000-0000-000000000004', 'tra poco', 'dentro de poco', 369, 'frase') on conflict (id) do nothing;
insert into vocabulary(id,course_id,word,translation,frequency_rank,part_of_speech) values ('f5c37564-1b5d-55f3-b075-8fecc5cd7ee5', '20000000-0000-0000-0000-000000000004', 'il compleanno', 'el cumpleaños', 370, 'sustantivo') on conflict (id) do nothing;
insert into vocabulary(id,course_id,word,translation,frequency_rank,part_of_speech) values ('0d18cf7e-e892-5fc3-b1e7-1a63f8fbe72a', '20000000-0000-0000-0000-000000000004', 'il raffreddore', 'el resfriado', 390, 'sustantivo') on conflict (id) do nothing;
insert into vocabulary(id,course_id,word,translation,frequency_rank,part_of_speech) values ('c4037b9e-014f-55d9-9737-aae412a89c8c', '20000000-0000-0000-0000-000000000004', 'guarire', 'curarse/sanar', 391, 'verbo') on conflict (id) do nothing;
insert into vocabulary(id,course_id,word,translation,frequency_rank,part_of_speech) values ('2bd6675b-27fb-56e2-a3c8-725feb96cf60', '20000000-0000-0000-0000-000000000004', 'la ricetta', 'la receta (médica)', 392, 'sustantivo') on conflict (id) do nothing;
insert into vocabulary(id,course_id,word,translation,frequency_rank,part_of_speech) values ('bf1fb679-e891-5c8f-b3d8-f95fb3236408', '20000000-0000-0000-0000-000000000004', 'il fegato', 'el hígado', 393, 'sustantivo') on conflict (id) do nothing;
insert into vocabulary(id,course_id,word,translation,frequency_rank,part_of_speech) values ('234c2424-8467-5b32-91f8-f4d8790b349e', '20000000-0000-0000-0000-000000000004', 'la tosse', 'la tos', 394, 'sustantivo') on conflict (id) do nothing;
insert into vocabulary(id,course_id,word,translation,frequency_rank,part_of_speech) values ('43f95b34-fc8e-507a-85e2-c0ffc2e22d95', '20000000-0000-0000-0000-000000000004', 'il cerotto', 'la tirita/curita', 395, 'sustantivo') on conflict (id) do nothing;
insert into vocabulary(id,course_id,word,translation,frequency_rank,part_of_speech) values ('8c4b0b7d-0ec6-541b-9f3f-d573fef32dbd', '20000000-0000-0000-0000-000000000004', 'la ferita', 'la herida', 396, 'sustantivo') on conflict (id) do nothing;
insert into vocabulary(id,course_id,word,translation,frequency_rank,part_of_speech) values ('6afff907-03b0-55e2-a318-601c956eb396', '20000000-0000-0000-0000-000000000004', 'la guancia', 'la mejilla', 397, 'sustantivo') on conflict (id) do nothing;
insert into vocabulary(id,course_id,word,translation,frequency_rank,part_of_speech) values ('93ef761a-3efa-5b96-b920-a8e3dac13cab', '20000000-0000-0000-0000-000000000004', 'il ginocchio', 'la rodilla', 398, 'sustantivo') on conflict (id) do nothing;
insert into vocabulary(id,course_id,word,translation,frequency_rank,part_of_speech) values ('3f71e793-daa0-5ec5-b710-68182c45ba43', '20000000-0000-0000-0000-000000000004', 'la caviglia', 'el tobillo', 399, 'sustantivo') on conflict (id) do nothing;
insert into vocabulary(id,course_id,word,translation,frequency_rank,part_of_speech) values ('2d6b9bf9-d5d4-5a82-a1aa-efb7def14025', '20000000-0000-0000-0000-000000000004', 'il collo', 'el cuello', 400, 'sustantivo') on conflict (id) do nothing;
insert into vocabulary(id,course_id,word,translation,frequency_rank,part_of_speech) values ('dec2f6b5-8afb-5c0c-8d69-445013352fbb', '20000000-0000-0000-0000-000000000004', 'la spalla', 'el hombro', 401, 'sustantivo') on conflict (id) do nothing;
insert into vocabulary(id,course_id,word,translation,frequency_rank,part_of_speech) values ('e0b61037-d11d-5f7e-8570-055ec93e0d2c', '20000000-0000-0000-0000-000000000004', 'il naso', 'la nariz', 390, 'sustantivo') on conflict (id) do nothing;
insert into vocabulary(id,course_id,word,translation,frequency_rank,part_of_speech) values ('c8177d2e-6aa4-56e3-bbc5-fb212e023e6c', '20000000-0000-0000-0000-000000000004', 'l''orecchio', 'la oreja/el oído', 391, 'sustantivo') on conflict (id) do nothing;
insert into vocabulary(id,course_id,word,translation,frequency_rank,part_of_speech) values ('2ccc6bec-4094-5528-8f65-46138810be64', '20000000-0000-0000-0000-000000000004', 'la pelle', 'la piel', 392, 'sustantivo') on conflict (id) do nothing;
insert into vocabulary(id,course_id,word,translation,frequency_rank,part_of_speech) values ('7cce948f-43eb-501e-87b8-f0bb5797987e', '20000000-0000-0000-0000-000000000004', 'il cuore', 'el corazón', 393, 'sustantivo') on conflict (id) do nothing;
insert into vocabulary(id,course_id,word,translation,frequency_rank,part_of_speech) values ('091f10f8-1af9-59df-9b5e-c0793e982d78', '20000000-0000-0000-0000-000000000004', 'la pillola', 'la pastilla/píldora', 394, 'sustantivo') on conflict (id) do nothing;
insert into vocabulary(id,course_id,word,translation,frequency_rank,part_of_speech) values ('1ef49ea9-ca3b-5167-9931-1407dcef4508', '20000000-0000-0000-0000-000000000004', 'starnutire', 'estornudar', 395, 'verbo') on conflict (id) do nothing;
insert into vocabulary(id,course_id,word,translation,frequency_rank,part_of_speech) values ('32bf5bf9-731b-5a8d-8ea4-82525dda661d', '20000000-0000-0000-0000-000000000004', 'ammalarsi', 'enfermarse', 396, 'verbo') on conflict (id) do nothing;
insert into vocabulary(id,course_id,word,translation,frequency_rank,part_of_speech) values ('234815f4-5923-57ef-915c-1489edd7198a', '20000000-0000-0000-0000-000000000004', 'il dito', 'el dedo', 397, 'sustantivo') on conflict (id) do nothing;
insert into vocabulary(id,course_id,word,translation,frequency_rank,part_of_speech) values ('598e4b44-2187-5394-9aea-3842fa243494', '20000000-0000-0000-0000-000000000004', 'il polmone', 'el pulmón', 398, 'sustantivo') on conflict (id) do nothing;
insert into vocabulary(id,course_id,word,translation,frequency_rank,part_of_speech) values ('8a321e73-ce2c-5ab5-bc9d-4f50aac0307f', '20000000-0000-0000-0000-000000000004', 'gonfio', 'hinchado', 399, 'adjetivo') on conflict (id) do nothing;
insert into vocabulary(id,course_id,word,translation,frequency_rank,part_of_speech) values ('fffd125e-7711-5e88-8ce0-2ad388648876', '20000000-0000-0000-0000-000000000004', 'l''infermiere', 'el enfermero', 400, 'sustantivo') on conflict (id) do nothing;
insert into vocabulary(id,course_id,word,translation,frequency_rank,part_of_speech) values ('d74935a7-11fd-58cc-8e7d-be64d0f78d3c', '20000000-0000-0000-0000-000000000004', 'la puntura', 'la inyección/el pinchazo', 401, 'sustantivo') on conflict (id) do nothing;
insert into vocabulary(id,course_id,word,translation,frequency_rank,part_of_speech) values ('1129f28f-0dba-5781-a27f-039a1bb65547', '20000000-0000-0000-0000-000000000004', 'il negozio', 'la tienda', 420, 'sustantivo') on conflict (id) do nothing;
insert into vocabulary(id,course_id,word,translation,frequency_rank,part_of_speech) values ('5d9cf570-06c8-58d7-8612-bae1ef0b502a', '20000000-0000-0000-0000-000000000004', 'la ditta', 'la empresa', 421, 'sustantivo') on conflict (id) do nothing;
insert into vocabulary(id,course_id,word,translation,frequency_rank,part_of_speech) values ('70679999-3da1-55f9-8280-bc9bd523f19a', '20000000-0000-0000-0000-000000000004', 'l''azienda', 'la empresa', 422, 'sustantivo') on conflict (id) do nothing;
insert into vocabulary(id,course_id,word,translation,frequency_rank,part_of_speech) values ('0779b322-e93d-517f-bcb0-0efb1e4f21fc', '20000000-0000-0000-0000-000000000004', 'il capo', 'el jefe', 423, 'sustantivo') on conflict (id) do nothing;
insert into vocabulary(id,course_id,word,translation,frequency_rank,part_of_speech) values ('26596a35-474f-547c-80dd-5bb49d90f578', '20000000-0000-0000-0000-000000000004', 'lo stipendio', 'el sueldo', 424, 'sustantivo') on conflict (id) do nothing;
insert into vocabulary(id,course_id,word,translation,frequency_rank,part_of_speech) values ('98154ff8-55d2-518e-85e2-4c55a7832864', '20000000-0000-0000-0000-000000000004', 'licenziare', 'despedir', 425, 'verbo') on conflict (id) do nothing;
insert into vocabulary(id,course_id,word,translation,frequency_rank,part_of_speech) values ('4226f5b0-c984-59c2-a5ae-33f34b040283', '20000000-0000-0000-0000-000000000004', 'assumere', 'contratar', 426, 'verbo') on conflict (id) do nothing;
insert into vocabulary(id,course_id,word,translation,frequency_rank,part_of_speech) values ('a0fe9d67-2d85-553d-9adb-68635cd26417', '20000000-0000-0000-0000-000000000004', 'l''impiego', 'el empleo', 427, 'sustantivo') on conflict (id) do nothing;
insert into vocabulary(id,course_id,word,translation,frequency_rank,part_of_speech) values ('a60a11e7-b0a2-5a00-b7cb-58f5afd9ac08', '20000000-0000-0000-0000-000000000004', 'disoccupato', 'desempleado', 428, 'adjetivo') on conflict (id) do nothing;
insert into vocabulary(id,course_id,word,translation,frequency_rank,part_of_speech) values ('0bbf1e0c-cc9c-50f3-85f3-5659e3a04d37', '20000000-0000-0000-0000-000000000004', 'guadagnare', 'ganar (dinero)', 420, 'verbo') on conflict (id) do nothing;
insert into vocabulary(id,course_id,word,translation,frequency_rank,part_of_speech) values ('86c2b315-dc61-5287-a4cc-d24dbb57033f', '20000000-0000-0000-0000-000000000004', 'l''ufficio', 'la oficina', 421, 'sustantivo') on conflict (id) do nothing;
insert into vocabulary(id,course_id,word,translation,frequency_rank,part_of_speech) values ('05a70120-351c-5e7e-8e8f-c83b4f9d87e1', '20000000-0000-0000-0000-000000000004', 'il colloquio', 'la entrevista (de trabajo)', 422, 'sustantivo') on conflict (id) do nothing;
insert into vocabulary(id,course_id,word,translation,frequency_rank,part_of_speech) values ('7596b604-3861-52d4-9a21-5707eb505d5e', '20000000-0000-0000-0000-000000000004', 'la scrivania', 'el escritorio', 423, 'sustantivo') on conflict (id) do nothing;
insert into vocabulary(id,course_id,word,translation,frequency_rank,part_of_speech) values ('eedee97c-35b1-517a-bfaf-7eff0ba50171', '20000000-0000-0000-0000-000000000004', 'lo sciopero', 'la huelga', 424, 'sustantivo') on conflict (id) do nothing;
insert into vocabulary(id,course_id,word,translation,frequency_rank,part_of_speech) values ('966d0956-8aca-504f-9d8b-4bf6dcb44f77', '20000000-0000-0000-0000-000000000004', 'la busta paga', 'la nómina', 425, 'sustantivo') on conflict (id) do nothing;
insert into vocabulary(id,course_id,word,translation,frequency_rank,part_of_speech) values ('cf5d6ee9-973c-5031-a1c5-46adeb27e428', '20000000-0000-0000-0000-000000000004', 'il tirocinio', 'las prácticas / la pasantía', 426, 'sustantivo') on conflict (id) do nothing;
insert into vocabulary(id,course_id,word,translation,frequency_rank,part_of_speech) values ('bfa277e2-7e51-5537-b39f-d13f933e6a5b', '20000000-0000-0000-0000-000000000004', 'la mansione', 'la tarea / función laboral', 427, 'sustantivo') on conflict (id) do nothing;
insert into vocabulary(id,course_id,word,translation,frequency_rank,part_of_speech) values ('d592063e-164d-53eb-9e41-d6041b68a987', '20000000-0000-0000-0000-000000000004', 'la scadenza', 'el plazo / el vencimiento', 428, 'sustantivo') on conflict (id) do nothing;
insert into vocabulary(id,course_id,word,translation,frequency_rank,part_of_speech) values ('ecf6cd4d-9e57-50c3-b3f5-0ca13f6fa95c', '20000000-0000-0000-0000-000000000004', 'il mestiere', 'el oficio', 420, 'sustantivo') on conflict (id) do nothing;
insert into vocabulary(id,course_id,word,translation,frequency_rank,part_of_speech) values ('8479adaf-1eb8-550d-8e02-96910c5c70bc', '20000000-0000-0000-0000-000000000004', 'l''operaio', 'el obrero', 421, 'sustantivo') on conflict (id) do nothing;
insert into vocabulary(id,course_id,word,translation,frequency_rank,part_of_speech) values ('828fc217-3317-5ee9-abd6-5c09bb0c58f3', '20000000-0000-0000-0000-000000000004', 'il magazzino', 'el almacén', 422, 'sustantivo') on conflict (id) do nothing;
insert into vocabulary(id,course_id,word,translation,frequency_rank,part_of_speech) values ('c3a01963-5dc3-5000-9a8d-7b0640e4c260', '20000000-0000-0000-0000-000000000004', 'gli straordinari', 'las horas extra', 423, 'sustantivo') on conflict (id) do nothing;
insert into vocabulary(id,course_id,word,translation,frequency_rank,part_of_speech) values ('5b90c52b-9528-5dc2-ab01-d8da8acdc1da', '20000000-0000-0000-0000-000000000004', 'le ferie', 'las vacaciones (laborales)', 424, 'sustantivo') on conflict (id) do nothing;
insert into vocabulary(id,course_id,word,translation,frequency_rank,part_of_speech) values ('70b70bec-0a0d-5058-8f18-7ebbe1488890', '20000000-0000-0000-0000-000000000004', 'il dipendente', 'el empleado', 425, 'sustantivo') on conflict (id) do nothing;
insert into vocabulary(id,course_id,word,translation,frequency_rank,part_of_speech) values ('f6f08ded-90b4-53af-b2fd-1eb8867643d9', '20000000-0000-0000-0000-000000000004', 'l''assunzione', 'la contratación', 426, 'sustantivo') on conflict (id) do nothing;
insert into vocabulary(id,course_id,word,translation,frequency_rank,part_of_speech) values ('66d8d5f7-9ba9-5241-a11c-1f7c413cde1a', '20000000-0000-0000-0000-000000000004', 'la trasferta', 'el viaje de trabajo', 427, 'sustantivo') on conflict (id) do nothing;
insert into vocabulary(id,course_id,word,translation,frequency_rank,part_of_speech) values ('f568d07a-2498-5801-8089-fb127b4bc5b0', '20000000-0000-0000-0000-000000000004', 'l''albero', 'el árbol', 450, 'sustantivo') on conflict (id) do nothing;
insert into vocabulary(id,course_id,word,translation,frequency_rank,part_of_speech) values ('75682e2b-fa82-57aa-a199-451b8fc8a066', '20000000-0000-0000-0000-000000000004', 'la foglia', 'la hoja', 451, 'sustantivo') on conflict (id) do nothing;
insert into vocabulary(id,course_id,word,translation,frequency_rank,part_of_speech) values ('4871f8cf-bf91-5408-9fdc-f82aa49ee14f', '20000000-0000-0000-0000-000000000004', 'il prato', 'el prado / el césped', 452, 'sustantivo') on conflict (id) do nothing;
insert into vocabulary(id,course_id,word,translation,frequency_rank,part_of_speech) values ('4dc0f626-31b3-53e4-9b9f-fb3552bfb30f', '20000000-0000-0000-0000-000000000004', 'il bosco', 'el bosque', 453, 'sustantivo') on conflict (id) do nothing;
insert into vocabulary(id,course_id,word,translation,frequency_rank,part_of_speech) values ('5cd7956b-7c3e-5133-875b-c5ce1f9e6020', '20000000-0000-0000-0000-000000000004', 'la spiaggia', 'la playa', 454, 'sustantivo') on conflict (id) do nothing;
insert into vocabulary(id,course_id,word,translation,frequency_rank,part_of_speech) values ('afd5b82f-a1d5-5fed-863c-0270dc5f4ad9', '20000000-0000-0000-0000-000000000004', 'il fiume', 'el río', 455, 'sustantivo') on conflict (id) do nothing;
insert into vocabulary(id,course_id,word,translation,frequency_rank,part_of_speech) values ('37703aa4-79b3-5577-8b37-7ca8853e041a', '20000000-0000-0000-0000-000000000004', 'la pioggia', 'la lluvia', 456, 'sustantivo') on conflict (id) do nothing;
insert into vocabulary(id,course_id,word,translation,frequency_rank,part_of_speech) values ('a7c5029e-bc50-5c8b-87aa-708bf838bee5', '20000000-0000-0000-0000-000000000004', 'l''uccello', 'el pájaro', 457, 'sustantivo') on conflict (id) do nothing;
insert into vocabulary(id,course_id,word,translation,frequency_rank,part_of_speech) values ('edc02511-5937-5d86-badb-32de04c60b55', '20000000-0000-0000-0000-000000000004', 'l''ape', 'la abeja', 458, 'sustantivo') on conflict (id) do nothing;
insert into vocabulary(id,course_id,word,translation,frequency_rank,part_of_speech) values ('1c88452b-9a01-5c2d-82ad-d1245825da53', '20000000-0000-0000-0000-000000000004', 'la farfalla', 'la mariposa', 459, 'sustantivo') on conflict (id) do nothing;
insert into vocabulary(id,course_id,word,translation,frequency_rank,part_of_speech) values ('ef402b59-2e54-5338-8181-a4779d15d077', '20000000-0000-0000-0000-000000000004', 'la sabbia', 'la arena', 460, 'sustantivo') on conflict (id) do nothing;
insert into vocabulary(id,course_id,word,translation,frequency_rank,part_of_speech) values ('af2f1b30-9907-5778-8cb0-d19dffb5a8dd', '20000000-0000-0000-0000-000000000004', 'la nuvola', 'la nube', 450, 'sustantivo') on conflict (id) do nothing;
insert into vocabulary(id,course_id,word,translation,frequency_rank,part_of_speech) values ('7bdc676b-3343-52aa-aa9a-71940726552e', '20000000-0000-0000-0000-000000000004', 'il lupo', 'el lobo', 451, 'sustantivo') on conflict (id) do nothing;
insert into vocabulary(id,course_id,word,translation,frequency_rank,part_of_speech) values ('d8444928-0cb3-55d3-9494-ca3e0d535eb2', '20000000-0000-0000-0000-000000000004', 'il pesce', 'el pez', 452, 'sustantivo') on conflict (id) do nothing;
insert into vocabulary(id,course_id,word,translation,frequency_rank,part_of_speech) values ('552a16bc-614a-5396-8db3-80e555aab334', '20000000-0000-0000-0000-000000000004', 'il ghiaccio', 'el hielo', 453, 'sustantivo') on conflict (id) do nothing;
insert into vocabulary(id,course_id,word,translation,frequency_rank,part_of_speech) values ('ab53d6ce-1774-5f9e-afac-d16604d28355', '20000000-0000-0000-0000-000000000004', 'il tuono', 'el trueno', 454, 'sustantivo') on conflict (id) do nothing;
insert into vocabulary(id,course_id,word,translation,frequency_rank,part_of_speech) values ('b552fa22-8d9e-5928-92ba-765de69709b6', '20000000-0000-0000-0000-000000000004', 'il lampo', 'el relámpago', 455, 'sustantivo') on conflict (id) do nothing;
insert into vocabulary(id,course_id,word,translation,frequency_rank,part_of_speech) values ('d8497ebf-8b03-5aec-b7df-ac3d954fe010', '20000000-0000-0000-0000-000000000004', 'la nebbia', 'la niebla', 456, 'sustantivo') on conflict (id) do nothing;
insert into vocabulary(id,course_id,word,translation,frequency_rank,part_of_speech) values ('d2f26a56-31bd-5e10-ab00-74ee1cdf82eb', '20000000-0000-0000-0000-000000000004', 'l''erba', 'la hierba', 457, 'sustantivo') on conflict (id) do nothing;
insert into vocabulary(id,course_id,word,translation,frequency_rank,part_of_speech) values ('fd7309cd-4553-5b03-b196-5311f154c226', '20000000-0000-0000-0000-000000000004', 'il fango', 'el barro / el lodo', 458, 'sustantivo') on conflict (id) do nothing;
insert into vocabulary(id,course_id,word,translation,frequency_rank,part_of_speech) values ('b6217829-dc4e-5007-867e-913a6d773e45', '20000000-0000-0000-0000-000000000004', 'la volpe', 'el zorro', 459, 'sustantivo') on conflict (id) do nothing;
insert into vocabulary(id,course_id,word,translation,frequency_rank,part_of_speech) values ('4f06e7f1-944e-5f81-82a5-b3a29bd55e51', '20000000-0000-0000-0000-000000000004', 'arrabbiato', 'enfadado', 480, 'adjetivo') on conflict (id) do nothing;
insert into vocabulary(id,course_id,word,translation,frequency_rank,part_of_speech) values ('023b4067-f733-512c-ab74-213565189aef', '20000000-0000-0000-0000-000000000004', 'arrabbiarsi', 'enfadarse', 481, 'verbo') on conflict (id) do nothing;
insert into vocabulary(id,course_id,word,translation,frequency_rank,part_of_speech) values ('37090a04-131b-52ae-b44a-01a8f021c679', '20000000-0000-0000-0000-000000000004', 'la rabbia', 'la ira', 482, 'sustantivo') on conflict (id) do nothing;
insert into vocabulary(id,course_id,word,translation,frequency_rank,part_of_speech) values ('957ea892-47f1-52b0-932c-0024e22b196e', '20000000-0000-0000-0000-000000000004', 'imbarazzato', 'avergonzado', 483, 'adjetivo') on conflict (id) do nothing;
insert into vocabulary(id,course_id,word,translation,frequency_rank,part_of_speech) values ('e7c48b00-6ec8-5df5-9d27-8744965020d7', '20000000-0000-0000-0000-000000000004', 'la vergogna', 'la vergüenza', 484, 'sustantivo') on conflict (id) do nothing;
insert into vocabulary(id,course_id,word,translation,frequency_rank,part_of_speech) values ('35321c3f-fded-5d6b-b13c-eaf2644c277d', '20000000-0000-0000-0000-000000000004', 'vergognarsi', 'avergonzarse', 485, 'verbo') on conflict (id) do nothing;
insert into vocabulary(id,course_id,word,translation,frequency_rank,part_of_speech) values ('17b4b885-f1dd-502a-9b8f-55cf6c8a2783', '20000000-0000-0000-0000-000000000004', 'deluso', 'decepcionado', 486, 'adjetivo') on conflict (id) do nothing;
insert into vocabulary(id,course_id,word,translation,frequency_rank,part_of_speech) values ('26dce084-9c56-5c0c-8360-6e3916b65079', '20000000-0000-0000-0000-000000000004', 'la delusione', 'la decepción', 487, 'sustantivo') on conflict (id) do nothing;
insert into vocabulary(id,course_id,word,translation,frequency_rank,part_of_speech) values ('d4626fa0-979b-5832-b88e-187fa18b3ce0', '20000000-0000-0000-0000-000000000004', 'deludere', 'decepcionar', 488, 'verbo') on conflict (id) do nothing;
insert into vocabulary(id,course_id,word,translation,frequency_rank,part_of_speech) values ('8346bf5b-58eb-5f5b-852f-3ce7559d58ab', '20000000-0000-0000-0000-000000000004', 'spaventato', 'asustado', 480, 'adjetivo') on conflict (id) do nothing;
insert into vocabulary(id,course_id,word,translation,frequency_rank,part_of_speech) values ('0437e80a-b1e8-5f46-b44f-98d29c74d4a1', '20000000-0000-0000-0000-000000000004', 'lo spavento', 'el susto', 481, 'sustantivo') on conflict (id) do nothing;
insert into vocabulary(id,course_id,word,translation,frequency_rank,part_of_speech) values ('c5367250-504e-534d-bd19-05f87d26f2f3', '20000000-0000-0000-0000-000000000004', 'spaventare', 'asustar', 482, 'verbo') on conflict (id) do nothing;
insert into vocabulary(id,course_id,word,translation,frequency_rank,part_of_speech) values ('08395ec0-d422-5f20-9a8f-83b2fef936bf', '20000000-0000-0000-0000-000000000004', 'la gelosia', 'los celos', 483, 'sustantivo') on conflict (id) do nothing;
insert into vocabulary(id,course_id,word,translation,frequency_rank,part_of_speech) values ('7a36d538-74d3-58f2-9395-680bcf5029e2', '20000000-0000-0000-0000-000000000004', 'annoiato', 'aburrido', 484, 'adjetivo') on conflict (id) do nothing;
insert into vocabulary(id,course_id,word,translation,frequency_rank,part_of_speech) values ('c21fc8b4-6045-5dad-a397-e6736c082c0c', '20000000-0000-0000-0000-000000000004', 'la noia', 'el aburrimiento', 485, 'sustantivo') on conflict (id) do nothing;
insert into vocabulary(id,course_id,word,translation,frequency_rank,part_of_speech) values ('fa01cef3-0361-582e-9215-fe7040b87b6e', '20000000-0000-0000-0000-000000000004', 'orgoglioso', 'orgulloso', 486, 'adjetivo') on conflict (id) do nothing;
insert into vocabulary(id,course_id,word,translation,frequency_rank,part_of_speech) values ('daf51777-e8d8-56d0-b645-be16e9056ce2', '20000000-0000-0000-0000-000000000004', 'coraggioso', 'valiente', 487, 'adjetivo') on conflict (id) do nothing;
insert into vocabulary(id,course_id,word,translation,frequency_rank,part_of_speech) values ('58ee5c02-d9ea-549d-b6fb-5d6b97724b6d', '20000000-0000-0000-0000-000000000004', 'la paura', 'el miedo', 488, 'sustantivo') on conflict (id) do nothing;
insert into vocabulary(id,course_id,word,translation,frequency_rank,part_of_speech) values ('652ae9f8-e62a-5c72-9067-8eff2d2e40f5', '20000000-0000-0000-0000-000000000004', 'la gioia', 'la alegría', 480, 'sustantivo') on conflict (id) do nothing;
insert into vocabulary(id,course_id,word,translation,frequency_rank,part_of_speech) values ('7fe76b84-642b-5aba-92f3-b9a768e93cc2', '20000000-0000-0000-0000-000000000004', 'stufo', 'harto', 481, 'adjetivo') on conflict (id) do nothing;
insert into vocabulary(id,course_id,word,translation,frequency_rank,part_of_speech) values ('fb69a287-a85e-5c06-8000-6b07674087ff', '20000000-0000-0000-0000-000000000004', 'commosso', 'conmovido', 482, 'adjetivo') on conflict (id) do nothing;
insert into vocabulary(id,course_id,word,translation,frequency_rank,part_of_speech) values ('38fe0458-826a-55e1-9064-00b453c173f2', '20000000-0000-0000-0000-000000000004', 'sollevato', 'aliviado', 483, 'adjetivo') on conflict (id) do nothing;
insert into vocabulary(id,course_id,word,translation,frequency_rank,part_of_speech) values ('6b1ca864-9519-5ac3-8328-604198d23db0', '20000000-0000-0000-0000-000000000004', 'stupito', 'asombrado', 484, 'adjetivo') on conflict (id) do nothing;
insert into vocabulary(id,course_id,word,translation,frequency_rank,part_of_speech) values ('8efa36c3-a0bf-5ab1-b92e-5c9c40fa7a32', '20000000-0000-0000-0000-000000000004', 'pentito', 'arrepentido', 485, 'adjetivo') on conflict (id) do nothing;
insert into vocabulary(id,course_id,word,translation,frequency_rank,part_of_speech) values ('d027f461-44ce-5b45-b643-15af6ac2a0b3', '20000000-0000-0000-0000-000000000004', 'il fastidio', 'la molestia', 486, 'sustantivo') on conflict (id) do nothing;

-- 2) content_items (cloze con audio + match)
insert into content_items(id,course_id,cefr_level,skill,type,prompt,payload,correct_answer,difficulty,tags) values ('277e1c91-99ec-504d-b213-dcd2cc1d956f', '20000000-0000-0000-0000-000000000004', 'A2', 'writing', 'cloze', 'Completa la frase con la palabra que falta.', '{"text": "I pedoni camminano sul marciapiede, non in mezzo alla strada.", "audio_url": "https://wiauinufpbkmjlbqlkxo.supabase.co/storage/v1/object/public/audio/items/277e1c91-99ec-504d-b213-dcd2cc1d956f.mp3"}'::jsonb, '{"value": "marciapiede", "accepted": ["marciapiede"]}'::jsonb, 0.35, array['vocab_f1','writing']) on conflict (id) do nothing;
insert into content_items(id,course_id,cefr_level,skill,type,prompt,payload,correct_answer,difficulty,tags) values ('9a773e66-6b07-59f0-981a-ddb570091837', '20000000-0000-0000-0000-000000000004', 'A2', 'writing', 'cloze', 'Completa la frase con la palabra que falta.', '{"text": "Al prossimo incrocio devi girare a destra.", "audio_url": "https://wiauinufpbkmjlbqlkxo.supabase.co/storage/v1/object/public/audio/items/9a773e66-6b07-59f0-981a-ddb570091837.mp3"}'::jsonb, '{"value": "incrocio", "accepted": ["incrocio"]}'::jsonb, 0.35, array['vocab_f1','writing']) on conflict (id) do nothing;
insert into content_items(id,course_id,cefr_level,skill,type,prompt,payload,correct_answer,difficulty,tags) values ('de7d1982-02a5-5828-b008-0d7b7195ec64', '20000000-0000-0000-0000-000000000004', 'A2', 'writing', 'cloze', 'Completa la frase con la palabra que falta.', '{"text": "Abito in un quartiere tranquillo vicino al fiume.", "audio_url": "https://wiauinufpbkmjlbqlkxo.supabase.co/storage/v1/object/public/audio/items/de7d1982-02a5-5828-b008-0d7b7195ec64.mp3"}'::jsonb, '{"value": "quartiere", "accepted": ["quartiere"]}'::jsonb, 0.35, array['vocab_f1','writing']) on conflict (id) do nothing;
insert into content_items(id,course_id,cefr_level,skill,type,prompt,payload,correct_answer,difficulty,tags) values ('29358416-09f2-5d56-b449-7b2b9c3b003c', '20000000-0000-0000-0000-000000000004', 'A2', 'writing', 'cloze', 'Completa la frase con la palabra que falta.', '{"text": "Per il documento devi andare al municipio in centro.", "audio_url": "https://wiauinufpbkmjlbqlkxo.supabase.co/storage/v1/object/public/audio/items/29358416-09f2-5d56-b449-7b2b9c3b003c.mp3"}'::jsonb, '{"value": "municipio", "accepted": ["municipio"]}'::jsonb, 0.35, array['vocab_f1','writing']) on conflict (id) do nothing;
insert into content_items(id,course_id,cefr_level,skill,type,prompt,payload,correct_answer,difficulty,tags) values ('684eeb47-5b07-5a7d-8152-3ce2bf33ddfa', '20000000-0000-0000-0000-000000000004', 'A2', 'writing', 'cloze', 'Completa la frase con la palabra que falta.', '{"text": "Compro il giornale all''edicola ogni mattina.", "audio_url": "https://wiauinufpbkmjlbqlkxo.supabase.co/storage/v1/object/public/audio/items/684eeb47-5b07-5a7d-8152-3ce2bf33ddfa.mp3"}'::jsonb, '{"value": "edicola", "accepted": ["edicola"]}'::jsonb, 0.35, array['vocab_f1','writing']) on conflict (id) do nothing;
insert into content_items(id,course_id,cefr_level,skill,type,prompt,payload,correct_answer,difficulty,tags) values ('9e5267a9-297e-57cf-85cc-ea68884c43dc', '20000000-0000-0000-0000-000000000004', 'A2', 'writing', 'cloze', 'Completa la frase con la palabra que falta.', '{"text": "La chiesa antica si trova nella piazza principale.", "audio_url": "https://wiauinufpbkmjlbqlkxo.supabase.co/storage/v1/object/public/audio/items/9e5267a9-297e-57cf-85cc-ea68884c43dc.mp3"}'::jsonb, '{"value": "chiesa", "accepted": ["chiesa"]}'::jsonb, 0.35, array['vocab_f1','writing']) on conflict (id) do nothing;
insert into content_items(id,course_id,cefr_level,skill,type,prompt,payload,correct_answer,difficulty,tags) values ('527fba61-8a7e-51cb-b0d4-4f4f1263a486', '20000000-0000-0000-0000-000000000004', 'A2', 'writing', 'cloze', 'Completa la frase con la palabra que falta.', '{"text": "Attraversiamo il ponte per arrivare all''altra parte della città.", "audio_url": "https://wiauinufpbkmjlbqlkxo.supabase.co/storage/v1/object/public/audio/items/527fba61-8a7e-51cb-b0d4-4f4f1263a486.mp3"}'::jsonb, '{"value": "il ponte", "accepted": ["il ponte"]}'::jsonb, 0.35, array['vocab_f1','writing']) on conflict (id) do nothing;
insert into content_items(id,course_id,cefr_level,skill,type,prompt,payload,correct_answer,difficulty,tags) values ('091056c5-d0d4-5111-99d1-2b73e689e371', '20000000-0000-0000-0000-000000000004', 'A2', 'writing', 'cloze', 'Completa la frase con la palabra que falta.', '{"text": "Vivo in un palazzo di cinque piani.", "audio_url": "https://wiauinufpbkmjlbqlkxo.supabase.co/storage/v1/object/public/audio/items/091056c5-d0d4-5111-99d1-2b73e689e371.mp3"}'::jsonb, '{"value": "palazzo", "accepted": ["palazzo"]}'::jsonb, 0.35, array['vocab_f1','writing']) on conflict (id) do nothing;
insert into content_items(id,course_id,cefr_level,skill,type,prompt,payload,correct_answer,difficulty,tags) values ('8d8e0acf-d926-574a-b123-0f3cdf5171a1', '20000000-0000-0000-0000-000000000004', 'A2', 'writing', 'cloze', 'Completa la frase con la palabra que falta.', '{"text": "Il ristorante è in una via stretta del centro.", "audio_url": "https://wiauinufpbkmjlbqlkxo.supabase.co/storage/v1/object/public/audio/items/8d8e0acf-d926-574a-b123-0f3cdf5171a1.mp3"}'::jsonb, '{"value": "via", "accepted": ["via"]}'::jsonb, 0.35, array['vocab_f1','writing']) on conflict (id) do nothing;
insert into content_items(id,course_id,cefr_level,skill,type,prompt,payload,correct_answer,difficulty,tags) values ('b91c8c7f-b987-5b37-ac9e-a65ea3dda613', '20000000-0000-0000-0000-000000000004', 'A2', 'writing', 'cloze', 'Completa la frase con la palabra que falta.', '{"text": "Prendo la metropolitana per andare al lavoro.", "audio_url": "https://wiauinufpbkmjlbqlkxo.supabase.co/storage/v1/object/public/audio/items/b91c8c7f-b987-5b37-ac9e-a65ea3dda613.mp3"}'::jsonb, '{"value": "la metropolitana", "accepted": ["la metropolitana"]}'::jsonb, 0.35, array['vocab_f1','writing']) on conflict (id) do nothing;
insert into content_items(id,course_id,cefr_level,skill,type,prompt,payload,correct_answer,difficulty,tags) values ('443be1da-8717-57bf-9b44-41997eda40ed', '20000000-0000-0000-0000-000000000004', 'A2', 'writing', 'cloze', 'Completa la frase con la palabra que falta.', '{"text": "Il bar è proprio all''angolo della strada.", "audio_url": "https://wiauinufpbkmjlbqlkxo.supabase.co/storage/v1/object/public/audio/items/443be1da-8717-57bf-9b44-41997eda40ed.mp3"}'::jsonb, '{"value": "angolo", "accepted": ["angolo"]}'::jsonb, 0.35, array['vocab_f1','writing']) on conflict (id) do nothing;
insert into content_items(id,course_id,cefr_level,skill,type,prompt,payload,correct_answer,difficulty,tags) values ('162c1310-8294-5064-a110-5187155ce8cc', '20000000-0000-0000-0000-000000000004', 'A2', 'writing', 'cloze', 'Completa la frase con la palabra que falta.', '{"text": "Ci sediamo su una panchina del parco a riposare.", "audio_url": "https://wiauinufpbkmjlbqlkxo.supabase.co/storage/v1/object/public/audio/items/162c1310-8294-5064-a110-5187155ce8cc.mp3"}'::jsonb, '{"value": "panchina", "accepted": ["panchina"]}'::jsonb, 0.35, array['vocab_f1','writing']) on conflict (id) do nothing;
insert into content_items(id,course_id,cefr_level,skill,type,prompt,payload,correct_answer,difficulty,tags) values ('52ace919-49eb-5f42-aa34-94e8fcbf2706', '20000000-0000-0000-0000-000000000004', 'A2', 'reading', 'match', 'Empareja cada palabra con su traducción.', '{"pairs": [{"en": "il marciapiede", "es": "la acera"}, {"en": "l''incrocio", "es": "el cruce"}, {"en": "il quartiere", "es": "el barrio"}, {"en": "il municipio", "es": "el ayuntamiento"}, {"en": "l''edicola", "es": "el quiosco"}]}'::jsonb, '{"pairs": [["il marciapiede", "la acera"], ["l''incrocio", "el cruce"], ["il quartiere", "el barrio"], ["il municipio", "el ayuntamiento"], ["l''edicola", "el quiosco"]]}'::jsonb, 0.15, array['vocab_f1','reading']) on conflict (id) do nothing;
insert into content_items(id,course_id,cefr_level,skill,type,prompt,payload,correct_answer,difficulty,tags) values ('bd7fb111-f0af-562f-889a-03976702c1db', '20000000-0000-0000-0000-000000000004', 'A2', 'reading', 'match', 'Empareja cada palabra con su traducción.', '{"pairs": [{"en": "la chiesa", "es": "la iglesia"}, {"en": "il ponte", "es": "el puente"}, {"en": "il palazzo", "es": "el edificio"}, {"en": "la via", "es": "la calle"}, {"en": "la metropolitana", "es": "el metro"}]}'::jsonb, '{"pairs": [["la chiesa", "la iglesia"], ["il ponte", "el puente"], ["il palazzo", "el edificio"], ["la via", "la calle"], ["la metropolitana", "el metro"]]}'::jsonb, 0.15, array['vocab_f1','reading']) on conflict (id) do nothing;
insert into content_items(id,course_id,cefr_level,skill,type,prompt,payload,correct_answer,difficulty,tags) values ('605115e4-45b8-5a66-9a14-1fc491dfc1ee', '20000000-0000-0000-0000-000000000004', 'A2', 'reading', 'match', 'Empareja cada palabra con su traducción.', '{"pairs": [{"en": "l''angolo", "es": "la esquina"}, {"en": "la panchina", "es": "el banco (de parque)"}]}'::jsonb, '{"pairs": [["l''angolo", "la esquina"], ["la panchina", "el banco (de parque)"]]}'::jsonb, 0.15, array['vocab_f1','reading']) on conflict (id) do nothing;
insert into content_items(id,course_id,cefr_level,skill,type,prompt,payload,correct_answer,difficulty,tags) values ('0e1f0ba6-5d91-5433-bd99-f1db50f7db28', '20000000-0000-0000-0000-000000000004', 'A2', 'writing', 'cloze', 'Completa la frase con la palabra que falta.', '{"text": "Il vigile dirige il traffico all''incrocio.", "audio_url": "https://wiauinufpbkmjlbqlkxo.supabase.co/storage/v1/object/public/audio/items/0e1f0ba6-5d91-5433-bd99-f1db50f7db28.mp3"}'::jsonb, '{"value": "vigile", "accepted": ["vigile"]}'::jsonb, 0.35, array['vocab_f1','writing']) on conflict (id) do nothing;
insert into content_items(id,course_id,cefr_level,skill,type,prompt,payload,correct_answer,difficulty,tags) values ('5f0c1c1d-faf1-5d56-805d-d1a1781a0a58', '20000000-0000-0000-0000-000000000004', 'A2', 'writing', 'cloze', 'Completa la frase con la palabra que falta.', '{"text": "Il pedone aspetta che il semaforo diventi verde.", "audio_url": "https://wiauinufpbkmjlbqlkxo.supabase.co/storage/v1/object/public/audio/items/5f0c1c1d-faf1-5d56-805d-d1a1781a0a58.mp3"}'::jsonb, '{"value": "pedone", "accepted": ["pedone"]}'::jsonb, 0.35, array['vocab_f1','writing']) on conflict (id) do nothing;
insert into content_items(id,course_id,cefr_level,skill,type,prompt,payload,correct_answer,difficulty,tags) values ('79ff80f5-8528-589d-9481-7ee7b3b7bae4', '20000000-0000-0000-0000-000000000004', 'A2', 'writing', 'cloze', 'Completa la frase con la palabra que falta.', '{"text": "La mia casa è in periferia, lontano dal centro.", "audio_url": "https://wiauinufpbkmjlbqlkxo.supabase.co/storage/v1/object/public/audio/items/79ff80f5-8528-589d-9481-7ee7b3b7bae4.mp3"}'::jsonb, '{"value": "periferia", "accepted": ["periferia"]}'::jsonb, 0.35, array['vocab_f1','writing']) on conflict (id) do nothing;
insert into content_items(id,course_id,cefr_level,skill,type,prompt,payload,correct_answer,difficulty,tags) values ('a5fde9cf-1ff4-5972-9da6-b5397a167a16', '20000000-0000-0000-0000-000000000004', 'A2', 'writing', 'cloze', 'Completa la frase con la palabra que falta.', '{"text": "Dal grattacielo si vede tutta la città.", "audio_url": "https://wiauinufpbkmjlbqlkxo.supabase.co/storage/v1/object/public/audio/items/a5fde9cf-1ff4-5972-9da6-b5397a167a16.mp3"}'::jsonb, '{"value": "grattacielo", "accepted": ["grattacielo"]}'::jsonb, 0.35, array['vocab_f1','writing']) on conflict (id) do nothing;
insert into content_items(id,course_id,cefr_level,skill,type,prompt,payload,correct_answer,difficulty,tags) values ('c76384de-1fd7-5d72-aa8d-67088aba7aa8', '20000000-0000-0000-0000-000000000004', 'A2', 'writing', 'cloze', 'Completa la frase con la palabra que falta.', '{"text": "I bambini giocano vicino alla fontana in piazza.", "audio_url": "https://wiauinufpbkmjlbqlkxo.supabase.co/storage/v1/object/public/audio/items/c76384de-1fd7-5d72-aa8d-67088aba7aa8.mp3"}'::jsonb, '{"value": "fontana", "accepted": ["fontana"]}'::jsonb, 0.35, array['vocab_f1','writing']) on conflict (id) do nothing;
insert into content_items(id,course_id,cefr_level,skill,type,prompt,payload,correct_answer,difficulty,tags) values ('acaa5b92-7f4c-51fa-b2de-8741482768ce', '20000000-0000-0000-0000-000000000004', 'A2', 'writing', 'cloze', 'Completa la frase con la palabra que falta.', '{"text": "Il campanile della chiesa è il più alto della città.", "audio_url": "https://wiauinufpbkmjlbqlkxo.supabase.co/storage/v1/object/public/audio/items/acaa5b92-7f4c-51fa-b2de-8741482768ce.mp3"}'::jsonb, '{"value": "campanile", "accepted": ["campanile"]}'::jsonb, 0.35, array['vocab_f1','writing']) on conflict (id) do nothing;
insert into content_items(id,course_id,cefr_level,skill,type,prompt,payload,correct_answer,difficulty,tags) values ('a8a4605e-6173-510b-b239-26c6938158ba', '20000000-0000-0000-0000-000000000004', 'A2', 'writing', 'cloze', 'Completa la frase con la palabra que falta.', '{"text": "C''è una piccola trattoria in quel vicolo buio.", "audio_url": "https://wiauinufpbkmjlbqlkxo.supabase.co/storage/v1/object/public/audio/items/a8a4605e-6173-510b-b239-26c6938158ba.mp3"}'::jsonb, '{"value": "vicolo", "accepted": ["vicolo"]}'::jsonb, 0.35, array['vocab_f1','writing']) on conflict (id) do nothing;
insert into content_items(id,course_id,cefr_level,skill,type,prompt,payload,correct_answer,difficulty,tags) values ('506255be-5cdf-5c23-bd14-a157900cd0c2', '20000000-0000-0000-0000-000000000004', 'A2', 'writing', 'cloze', 'Completa la frase con la palabra que falta.', '{"text": "Per arrivare al castello c''è una salita ripida.", "audio_url": "https://wiauinufpbkmjlbqlkxo.supabase.co/storage/v1/object/public/audio/items/506255be-5cdf-5c23-bd14-a157900cd0c2.mp3"}'::jsonb, '{"value": "salita", "accepted": ["salita"]}'::jsonb, 0.35, array['vocab_f1','writing']) on conflict (id) do nothing;
insert into content_items(id,course_id,cefr_level,skill,type,prompt,payload,correct_answer,difficulty,tags) values ('454ff725-e5a6-5bf2-b26f-c42fc6ff9d1b', '20000000-0000-0000-0000-000000000004', 'A2', 'writing', 'cloze', 'Completa la frase con la palabra que falta.', '{"text": "Devi ritirare il biglietto allo sportello numero tre.", "audio_url": "https://wiauinufpbkmjlbqlkxo.supabase.co/storage/v1/object/public/audio/items/454ff725-e5a6-5bf2-b26f-c42fc6ff9d1b.mp3"}'::jsonb, '{"value": "sportello", "accepted": ["sportello"]}'::jsonb, 0.35, array['vocab_f1','writing']) on conflict (id) do nothing;
insert into content_items(id,course_id,cefr_level,skill,type,prompt,payload,correct_answer,difficulty,tags) values ('0e13e4ba-5029-5221-b0af-9e39cdacdedc', '20000000-0000-0000-0000-000000000004', 'A2', 'writing', 'cloze', 'Completa la frase con la palabra que falta.', '{"text": "Il cartello indica la direzione per la stazione.", "audio_url": "https://wiauinufpbkmjlbqlkxo.supabase.co/storage/v1/object/public/audio/items/0e13e4ba-5029-5221-b0af-9e39cdacdedc.mp3"}'::jsonb, '{"value": "cartello", "accepted": ["cartello"]}'::jsonb, 0.35, array['vocab_f1','writing']) on conflict (id) do nothing;
insert into content_items(id,course_id,cefr_level,skill,type,prompt,payload,correct_answer,difficulty,tags) values ('d507fa0a-0604-5193-a339-cf8e3f191179', '20000000-0000-0000-0000-000000000004', 'A2', 'writing', 'cloze', 'Completa la frase con la palabra que falta.', '{"text": "Bisogna attraversare la strada sulle strisce pedonali.", "audio_url": "https://wiauinufpbkmjlbqlkxo.supabase.co/storage/v1/object/public/audio/items/d507fa0a-0604-5193-a339-cf8e3f191179.mp3"}'::jsonb, '{"value": "attraversare", "accepted": ["attraversare"]}'::jsonb, 0.35, array['vocab_f1','writing']) on conflict (id) do nothing;
insert into content_items(id,course_id,cefr_level,skill,type,prompt,payload,correct_answer,difficulty,tags) values ('a066d603-4a05-5665-8c1f-b4a9eaee2ebb', '20000000-0000-0000-0000-000000000004', 'A2', 'writing', 'cloze', 'Completa la frase con la palabra que falta.', '{"text": "Il tram arriva al capolinea e poi torna indietro.", "audio_url": "https://wiauinufpbkmjlbqlkxo.supabase.co/storage/v1/object/public/audio/items/a066d603-4a05-5665-8c1f-b4a9eaee2ebb.mp3"}'::jsonb, '{"value": "capolinea", "accepted": ["capolinea"]}'::jsonb, 0.35, array['vocab_f1','writing']) on conflict (id) do nothing;
insert into content_items(id,course_id,cefr_level,skill,type,prompt,payload,correct_answer,difficulty,tags) values ('76d40427-1a54-5408-86b9-dd20a418ebf6', '20000000-0000-0000-0000-000000000004', 'A2', 'reading', 'match', 'Empareja cada palabra con su traducción.', '{"pairs": [{"en": "il vigile", "es": "el guardia de tráfico"}, {"en": "il pedone", "es": "el peatón"}, {"en": "la periferia", "es": "las afueras"}, {"en": "il grattacielo", "es": "el rascacielos"}, {"en": "la fontana", "es": "la fuente"}]}'::jsonb, '{"pairs": [["il vigile", "el guardia de tráfico"], ["il pedone", "el peatón"], ["la periferia", "las afueras"], ["il grattacielo", "el rascacielos"], ["la fontana", "la fuente"]]}'::jsonb, 0.15, array['vocab_f1','reading']) on conflict (id) do nothing;
insert into content_items(id,course_id,cefr_level,skill,type,prompt,payload,correct_answer,difficulty,tags) values ('298ca1b8-7092-54bd-bdf6-cdf2ca968fe6', '20000000-0000-0000-0000-000000000004', 'A2', 'reading', 'match', 'Empareja cada palabra con su traducción.', '{"pairs": [{"en": "il campanile", "es": "el campanario"}, {"en": "il vicolo", "es": "el callejón"}, {"en": "la salita", "es": "la cuesta"}, {"en": "lo sportello", "es": "la ventanilla"}, {"en": "il cartello", "es": "el letrero"}]}'::jsonb, '{"pairs": [["il campanile", "el campanario"], ["il vicolo", "el callejón"], ["la salita", "la cuesta"], ["lo sportello", "la ventanilla"], ["il cartello", "el letrero"]]}'::jsonb, 0.15, array['vocab_f1','reading']) on conflict (id) do nothing;
insert into content_items(id,course_id,cefr_level,skill,type,prompt,payload,correct_answer,difficulty,tags) values ('bc4b6a05-b4b3-5447-a406-69ec555a6ca2', '20000000-0000-0000-0000-000000000004', 'A2', 'reading', 'match', 'Empareja cada palabra con su traducción.', '{"pairs": [{"en": "attraversare", "es": "cruzar"}, {"en": "il capolinea", "es": "la terminal (final de línea)"}]}'::jsonb, '{"pairs": [["attraversare", "cruzar"], ["il capolinea", "la terminal (final de línea)"]]}'::jsonb, 0.15, array['vocab_f1','reading']) on conflict (id) do nothing;
insert into content_items(id,course_id,cefr_level,skill,type,prompt,payload,correct_answer,difficulty,tags) values ('fd48cf21-6ba5-5046-a4cc-a53f3ab9abcd', '20000000-0000-0000-0000-000000000004', 'A2', 'writing', 'cloze', 'Completa la frase con la palabra que falta.', '{"text": "Le forchette sono nel cassetto della cucina.", "audio_url": "https://wiauinufpbkmjlbqlkxo.supabase.co/storage/v1/object/public/audio/items/fd48cf21-6ba5-5046-a4cc-a53f3ab9abcd.mp3"}'::jsonb, '{"value": "cassetto", "accepted": ["cassetto"]}'::jsonb, 0.35, array['vocab_f1','writing']) on conflict (id) do nothing;
insert into content_items(id,course_id,cefr_level,skill,type,prompt,payload,correct_answer,difficulty,tags) values ('f0f1c6c6-69da-5ee7-90c4-3f006ebf2c5f', '20000000-0000-0000-0000-000000000004', 'A2', 'writing', 'cloze', 'Completa la frase con la palabra que falta.', '{"text": "D''inverno metto una coperta pesante sul letto.", "audio_url": "https://wiauinufpbkmjlbqlkxo.supabase.co/storage/v1/object/public/audio/items/f0f1c6c6-69da-5ee7-90c4-3f006ebf2c5f.mp3"}'::jsonb, '{"value": "coperta", "accepted": ["coperta"]}'::jsonb, 0.35, array['vocab_f1','writing']) on conflict (id) do nothing;
insert into content_items(id,course_id,cefr_level,skill,type,prompt,payload,correct_answer,difficulty,tags) values ('4ad97e2d-2416-596d-9f22-cca750369e1d', '20000000-0000-0000-0000-000000000004', 'A2', 'writing', 'cloze', 'Completa la frase con la palabra que falta.', '{"text": "Ho cambiato il lenzuolo perché era sporco.", "audio_url": "https://wiauinufpbkmjlbqlkxo.supabase.co/storage/v1/object/public/audio/items/4ad97e2d-2416-596d-9f22-cca750369e1d.mp3"}'::jsonb, '{"value": "il lenzuolo", "accepted": ["il lenzuolo"]}'::jsonb, 0.35, array['vocab_f1','writing']) on conflict (id) do nothing;
insert into content_items(id,course_id,cefr_level,skill,type,prompt,payload,correct_answer,difficulty,tags) values ('8843de1e-1788-5720-9c35-3a7b5587f6b4', '20000000-0000-0000-0000-000000000004', 'A2', 'writing', 'cloze', 'Completa la frase con la palabra que falta.', '{"text": "I libri sono sullo scaffale in salotto.", "audio_url": "https://wiauinufpbkmjlbqlkxo.supabase.co/storage/v1/object/public/audio/items/8843de1e-1788-5720-9c35-3a7b5587f6b4.mp3"}'::jsonb, '{"value": "scaffale", "accepted": ["scaffale"]}'::jsonb, 0.35, array['vocab_f1','writing']) on conflict (id) do nothing;
insert into content_items(id,course_id,cefr_level,skill,type,prompt,payload,correct_answer,difficulty,tags) values ('08cc444a-1cfe-5b1b-9604-c9f04e2d0495', '20000000-0000-0000-0000-000000000004', 'A2', 'writing', 'cloze', 'Completa la frase con la palabra que falta.', '{"text": "Chiudi bene il rubinetto, l''acqua gocciola.", "audio_url": "https://wiauinufpbkmjlbqlkxo.supabase.co/storage/v1/object/public/audio/items/08cc444a-1cfe-5b1b-9604-c9f04e2d0495.mp3"}'::jsonb, '{"value": "il rubinetto", "accepted": ["il rubinetto"]}'::jsonb, 0.35, array['vocab_f1','writing']) on conflict (id) do nothing;
insert into content_items(id,course_id,cefr_level,skill,type,prompt,payload,correct_answer,difficulty,tags) values ('0be94566-da27-5896-bb7b-cc8a768939de', '20000000-0000-0000-0000-000000000004', 'A2', 'writing', 'cloze', 'Completa la frase con la palabra que falta.', '{"text": "Ho lavato il pavimento della cucina stamattina.", "audio_url": "https://wiauinufpbkmjlbqlkxo.supabase.co/storage/v1/object/public/audio/items/0be94566-da27-5896-bb7b-cc8a768939de.mp3"}'::jsonb, '{"value": "il pavimento", "accepted": ["il pavimento"]}'::jsonb, 0.35, array['vocab_f1','writing']) on conflict (id) do nothing;
insert into content_items(id,course_id,cefr_level,skill,type,prompt,payload,correct_answer,difficulty,tags) values ('44aa7927-ba37-540a-86c3-82bd966e29a4', '20000000-0000-0000-0000-000000000004', 'A2', 'writing', 'cloze', 'Completa la frase con la palabra que falta.', '{"text": "La lampada è appesa al soffitto del salotto.", "audio_url": "https://wiauinufpbkmjlbqlkxo.supabase.co/storage/v1/object/public/audio/items/44aa7927-ba37-540a-86c3-82bd966e29a4.mp3"}'::jsonb, '{"value": "soffitto", "accepted": ["soffitto"]}'::jsonb, 0.35, array['vocab_f1','writing']) on conflict (id) do nothing;
insert into content_items(id,course_id,cefr_level,skill,type,prompt,payload,correct_answer,difficulty,tags) values ('46aa624a-bb02-50f4-8495-4dbb36bebabb', '20000000-0000-0000-0000-000000000004', 'A2', 'writing', 'cloze', 'Completa la frase con la palabra que falta.', '{"text": "Abbiamo appeso un quadro al muro.", "audio_url": "https://wiauinufpbkmjlbqlkxo.supabase.co/storage/v1/object/public/audio/items/46aa624a-bb02-50f4-8495-4dbb36bebabb.mp3"}'::jsonb, '{"value": "muro", "accepted": ["muro"]}'::jsonb, 0.35, array['vocab_f1','writing']) on conflict (id) do nothing;
insert into content_items(id,course_id,cefr_level,skill,type,prompt,payload,correct_answer,difficulty,tags) values ('07914103-8e0c-5a36-88b8-3c0426a962ab', '20000000-0000-0000-0000-000000000004', 'A2', 'writing', 'cloze', 'Completa la frase con la palabra que falta.', '{"text": "Prendi la scopa e pulisci il pavimento.", "audio_url": "https://wiauinufpbkmjlbqlkxo.supabase.co/storage/v1/object/public/audio/items/07914103-8e0c-5a36-88b8-3c0426a962ab.mp3"}'::jsonb, '{"value": "la scopa", "accepted": ["la scopa"]}'::jsonb, 0.35, array['vocab_f1','writing']) on conflict (id) do nothing;
insert into content_items(id,course_id,cefr_level,skill,type,prompt,payload,correct_answer,difficulty,tags) values ('1cda1ac2-a7c8-5cb2-958d-77a0f9a96078', '20000000-0000-0000-0000-000000000004', 'A2', 'writing', 'cloze', 'Completa la frase con la palabra que falta.', '{"text": "Stasera devo portare fuori la spazzatura.", "audio_url": "https://wiauinufpbkmjlbqlkxo.supabase.co/storage/v1/object/public/audio/items/1cda1ac2-a7c8-5cb2-958d-77a0f9a96078.mp3"}'::jsonb, '{"value": "la spazzatura", "accepted": ["la spazzatura"]}'::jsonb, 0.35, array['vocab_f1','writing']) on conflict (id) do nothing;
insert into content_items(id,course_id,cefr_level,skill,type,prompt,payload,correct_answer,difficulty,tags) values ('14a09ef4-26dc-59cd-b549-9c2d4e0fefd4', '20000000-0000-0000-0000-000000000004', 'A2', 'writing', 'cloze', 'Completa la frase con la palabra que falta.', '{"text": "La mia stanza è al primo piano.", "audio_url": "https://wiauinufpbkmjlbqlkxo.supabase.co/storage/v1/object/public/audio/items/14a09ef4-26dc-59cd-b549-9c2d4e0fefd4.mp3"}'::jsonb, '{"value": "stanza", "accepted": ["stanza"]}'::jsonb, 0.35, array['vocab_f1','writing']) on conflict (id) do nothing;
insert into content_items(id,course_id,cefr_level,skill,type,prompt,payload,correct_answer,difficulty,tags) values ('52284186-726e-5be5-9ef4-2964be031e33', '20000000-0000-0000-0000-000000000004', 'A2', 'writing', 'cloze', 'Completa la frase con la palabra que falta.', '{"text": "Apri la tenda per far entrare il sole.", "audio_url": "https://wiauinufpbkmjlbqlkxo.supabase.co/storage/v1/object/public/audio/items/52284186-726e-5be5-9ef4-2964be031e33.mp3"}'::jsonb, '{"value": "la tenda", "accepted": ["la tenda"]}'::jsonb, 0.35, array['vocab_f1','writing']) on conflict (id) do nothing;
insert into content_items(id,course_id,cefr_level,skill,type,prompt,payload,correct_answer,difficulty,tags) values ('eaf820ee-83ba-5674-b7da-d33ab9be5259', '20000000-0000-0000-0000-000000000004', 'A2', 'reading', 'match', 'Empareja cada palabra con su traducción.', '{"pairs": [{"en": "il cassetto", "es": "el cajón"}, {"en": "la coperta", "es": "la manta"}, {"en": "il lenzuolo", "es": "la sábana"}, {"en": "lo scaffale", "es": "el estante"}, {"en": "il rubinetto", "es": "el grifo"}]}'::jsonb, '{"pairs": [["il cassetto", "el cajón"], ["la coperta", "la manta"], ["il lenzuolo", "la sábana"], ["lo scaffale", "el estante"], ["il rubinetto", "el grifo"]]}'::jsonb, 0.15, array['vocab_f1','reading']) on conflict (id) do nothing;
insert into content_items(id,course_id,cefr_level,skill,type,prompt,payload,correct_answer,difficulty,tags) values ('504d8312-5349-58b7-b48f-de95a0826bcb', '20000000-0000-0000-0000-000000000004', 'A2', 'reading', 'match', 'Empareja cada palabra con su traducción.', '{"pairs": [{"en": "il pavimento", "es": "el suelo"}, {"en": "il soffitto", "es": "el techo"}, {"en": "il muro", "es": "la pared"}, {"en": "la scopa", "es": "la escoba"}, {"en": "la spazzatura", "es": "la basura"}]}'::jsonb, '{"pairs": [["il pavimento", "el suelo"], ["il soffitto", "el techo"], ["il muro", "la pared"], ["la scopa", "la escoba"], ["la spazzatura", "la basura"]]}'::jsonb, 0.15, array['vocab_f1','reading']) on conflict (id) do nothing;
insert into content_items(id,course_id,cefr_level,skill,type,prompt,payload,correct_answer,difficulty,tags) values ('b5adf77a-1b99-57f4-83ba-534c55823e1e', '20000000-0000-0000-0000-000000000004', 'A2', 'reading', 'match', 'Empareja cada palabra con su traducción.', '{"pairs": [{"en": "la stanza", "es": "la habitación"}, {"en": "la tenda", "es": "la cortina"}]}'::jsonb, '{"pairs": [["la stanza", "la habitación"], ["la tenda", "la cortina"]]}'::jsonb, 0.15, array['vocab_f1','reading']) on conflict (id) do nothing;
insert into content_items(id,course_id,cefr_level,skill,type,prompt,payload,correct_answer,difficulty,tags) values ('428f47e5-4d94-5704-a168-8a7fe086de5b', '20000000-0000-0000-0000-000000000004', 'A2', 'writing', 'cloze', 'Completa la frase con la palabra que falta.', '{"text": "C''è un tappeto morbido davanti al divano.", "audio_url": "https://wiauinufpbkmjlbqlkxo.supabase.co/storage/v1/object/public/audio/items/428f47e5-4d94-5704-a168-8a7fe086de5b.mp3"}'::jsonb, '{"value": "tappeto", "accepted": ["tappeto"]}'::jsonb, 0.35, array['vocab_f1','writing']) on conflict (id) do nothing;
insert into content_items(id,course_id,cefr_level,skill,type,prompt,payload,correct_answer,difficulty,tags) values ('0f4df703-8636-5e10-afc1-5ecdce67829b', '20000000-0000-0000-0000-000000000004', 'A2', 'writing', 'cloze', 'Completa la frase con la palabra que falta.', '{"text": "Mi guardo allo specchio prima di uscire.", "audio_url": "https://wiauinufpbkmjlbqlkxo.supabase.co/storage/v1/object/public/audio/items/0f4df703-8636-5e10-afc1-5ecdce67829b.mp3"}'::jsonb, '{"value": "specchio", "accepted": ["specchio"]}'::jsonb, 0.35, array['vocab_f1','writing']) on conflict (id) do nothing;
insert into content_items(id,course_id,cefr_level,skill,type,prompt,payload,correct_answer,difficulty,tags) values ('52f80476-0fc0-5d64-a319-b7eccbfbe3a8', '20000000-0000-0000-0000-000000000004', 'A2', 'writing', 'cloze', 'Completa la frase con la palabra que falta.', '{"text": "I piatti sporchi sono nel lavandino.", "audio_url": "https://wiauinufpbkmjlbqlkxo.supabase.co/storage/v1/object/public/audio/items/52f80476-0fc0-5d64-a319-b7eccbfbe3a8.mp3"}'::jsonb, '{"value": "lavandino", "accepted": ["lavandino"]}'::jsonb, 0.35, array['vocab_f1','writing']) on conflict (id) do nothing;
insert into content_items(id,course_id,cefr_level,skill,type,prompt,payload,correct_answer,difficulty,tags) values ('c5e3dec6-ee77-52d4-8865-f845b14aa1ca', '20000000-0000-0000-0000-000000000004', 'A2', 'writing', 'cloze', 'Completa la frase con la palabra que falta.', '{"text": "Metto i panni sporchi nella lavatrice.", "audio_url": "https://wiauinufpbkmjlbqlkxo.supabase.co/storage/v1/object/public/audio/items/c5e3dec6-ee77-52d4-8865-f845b14aa1ca.mp3"}'::jsonb, '{"value": "lavatrice", "accepted": ["lavatrice"]}'::jsonb, 0.35, array['vocab_f1','writing']) on conflict (id) do nothing;
insert into content_items(id,course_id,cefr_level,skill,type,prompt,payload,correct_answer,difficulty,tags) values ('c93e7f3c-f432-5ba5-a1b0-3db703473007', '20000000-0000-0000-0000-000000000004', 'A2', 'writing', 'cloze', 'Completa la frase con la palabra que falta.', '{"text": "Salgo la scala per arrivare in camera.", "audio_url": "https://wiauinufpbkmjlbqlkxo.supabase.co/storage/v1/object/public/audio/items/c93e7f3c-f432-5ba5-a1b0-3db703473007.mp3"}'::jsonb, '{"value": "la scala", "accepted": ["la scala"]}'::jsonb, 0.35, array['vocab_f1','writing']) on conflict (id) do nothing;
insert into content_items(id,course_id,cefr_level,skill,type,prompt,payload,correct_answer,difficulty,tags) values ('c086869b-b17d-5d53-aa6c-56df49a59fbc', '20000000-0000-0000-0000-000000000004', 'A2', 'writing', 'cloze', 'Completa la frase con la palabra que falta.', '{"text": "Il mio appartamento è al terzo piano.", "audio_url": "https://wiauinufpbkmjlbqlkxo.supabase.co/storage/v1/object/public/audio/items/c086869b-b17d-5d53-aa6c-56df49a59fbc.mp3"}'::jsonb, '{"value": "piano", "accepted": ["piano"]}'::jsonb, 0.35, array['vocab_f1','writing']) on conflict (id) do nothing;
insert into content_items(id,course_id,cefr_level,skill,type,prompt,payload,correct_answer,difficulty,tags) values ('c5ed49e1-c40f-590d-ab80-8b15bd454844', '20000000-0000-0000-0000-000000000004', 'A2', 'writing', 'cloze', 'Completa la frase con la palabra que falta.', '{"text": "La sveglia è sul comodino accanto al letto.", "audio_url": "https://wiauinufpbkmjlbqlkxo.supabase.co/storage/v1/object/public/audio/items/c5ed49e1-c40f-590d-ab80-8b15bd454844.mp3"}'::jsonb, '{"value": "comodino", "accepted": ["comodino"]}'::jsonb, 0.35, array['vocab_f1','writing']) on conflict (id) do nothing;
insert into content_items(id,course_id,cefr_level,skill,type,prompt,payload,correct_answer,difficulty,tags) values ('63b5b38a-38c1-59b2-aca6-919d6aa90105', '20000000-0000-0000-0000-000000000004', 'A2', 'writing', 'cloze', 'Completa la frase con la palabra que falta.', '{"text": "Riempio il secchio d''acqua per lavare il pavimento.", "audio_url": "https://wiauinufpbkmjlbqlkxo.supabase.co/storage/v1/object/public/audio/items/63b5b38a-38c1-59b2-aca6-919d6aa90105.mp3"}'::jsonb, '{"value": "il secchio", "accepted": ["il secchio"]}'::jsonb, 0.35, array['vocab_f1','writing']) on conflict (id) do nothing;
insert into content_items(id,course_id,cefr_level,skill,type,prompt,payload,correct_answer,difficulty,tags) values ('6a98880a-0b48-5537-b8b9-39c7185a31cb', '20000000-0000-0000-0000-000000000004', 'A2', 'writing', 'cloze', 'Completa la frase con la palabra que falta.', '{"text": "Pulisco il tavolo con uno straccio umido.", "audio_url": "https://wiauinufpbkmjlbqlkxo.supabase.co/storage/v1/object/public/audio/items/6a98880a-0b48-5537-b8b9-39c7185a31cb.mp3"}'::jsonb, '{"value": "straccio", "accepted": ["straccio"]}'::jsonb, 0.35, array['vocab_f1','writing']) on conflict (id) do nothing;
insert into content_items(id,course_id,cefr_level,skill,type,prompt,payload,correct_answer,difficulty,tags) values ('d67361c8-90fc-54de-9120-81b88235d1f9', '20000000-0000-0000-0000-000000000004', 'A2', 'writing', 'cloze', 'Completa la frase con la palabra que falta.', '{"text": "Devo stirare le camicie prima di lunedì.", "audio_url": "https://wiauinufpbkmjlbqlkxo.supabase.co/storage/v1/object/public/audio/items/d67361c8-90fc-54de-9120-81b88235d1f9.mp3"}'::jsonb, '{"value": "stirare", "accepted": ["stirare"]}'::jsonb, 0.35, array['vocab_f1','writing']) on conflict (id) do nothing;
insert into content_items(id,course_id,cefr_level,skill,type,prompt,payload,correct_answer,difficulty,tags) values ('ec192217-f3ae-5755-befb-fcdd40666902', '20000000-0000-0000-0000-000000000004', 'A2', 'reading', 'match', 'Empareja cada palabra con su traducción.', '{"pairs": [{"en": "il cuscino", "es": "la almohada"}, {"en": "il tappeto", "es": "la alfombra"}, {"en": "lo specchio", "es": "el espejo"}, {"en": "il lavandino", "es": "el lavabo"}, {"en": "la lavatrice", "es": "la lavadora"}]}'::jsonb, '{"pairs": [["il cuscino", "la almohada"], ["il tappeto", "la alfombra"], ["lo specchio", "el espejo"], ["il lavandino", "el lavabo"], ["la lavatrice", "la lavadora"]]}'::jsonb, 0.15, array['vocab_f1','reading']) on conflict (id) do nothing;
insert into content_items(id,course_id,cefr_level,skill,type,prompt,payload,correct_answer,difficulty,tags) values ('bd69a9c8-2228-5fc6-8dca-cad66c624b26', '20000000-0000-0000-0000-000000000004', 'A2', 'reading', 'match', 'Empareja cada palabra con su traducción.', '{"pairs": [{"en": "la scala", "es": "la escalera"}, {"en": "il piano", "es": "la planta (piso)"}, {"en": "il comodino", "es": "la mesita de noche"}, {"en": "il secchio", "es": "el cubo"}, {"en": "lo straccio", "es": "el trapo"}]}'::jsonb, '{"pairs": [["la scala", "la escalera"], ["il piano", "la planta (piso)"], ["il comodino", "la mesita de noche"], ["il secchio", "el cubo"], ["lo straccio", "el trapo"]]}'::jsonb, 0.15, array['vocab_f1','reading']) on conflict (id) do nothing;
insert into content_items(id,course_id,cefr_level,skill,type,prompt,payload,correct_answer,difficulty,tags) values ('fb03a5e0-765b-5a36-95f9-f8a72b037562', '20000000-0000-0000-0000-000000000004', 'A2', 'writing', 'cloze', 'Completa la frase con la palabra que falta.', '{"text": "Metto il burro sul pane caldo.", "audio_url": "https://wiauinufpbkmjlbqlkxo.supabase.co/storage/v1/object/public/audio/items/fb03a5e0-765b-5a36-95f9-f8a72b037562.mp3"}'::jsonb, '{"value": "il burro", "accepted": ["il burro"]}'::jsonb, 0.35, array['vocab_f1','writing']) on conflict (id) do nothing;
insert into content_items(id,course_id,cefr_level,skill,type,prompt,payload,correct_answer,difficulty,tags) values ('07bc6930-61a0-5d08-9f3d-6bbf3d873588', '20000000-0000-0000-0000-000000000004', 'A2', 'writing', 'cloze', 'Completa la frase con la palabra que falta.', '{"text": "D''inverno mi piace un brodo di pollo caldo.", "audio_url": "https://wiauinufpbkmjlbqlkxo.supabase.co/storage/v1/object/public/audio/items/07bc6930-61a0-5d08-9f3d-6bbf3d873588.mp3"}'::jsonb, '{"value": "brodo", "accepted": ["brodo"]}'::jsonb, 0.35, array['vocab_f1','writing']) on conflict (id) do nothing;
insert into content_items(id,course_id,cefr_level,skill,type,prompt,payload,correct_answer,difficulty,tags) values ('add0e757-8d3f-5764-b2d1-443fb28fe17f', '20000000-0000-0000-0000-000000000004', 'A2', 'writing', 'cloze', 'Completa la frase con la palabra que falta.', '{"text": "Condisco l''insalata con olio e aceto.", "audio_url": "https://wiauinufpbkmjlbqlkxo.supabase.co/storage/v1/object/public/audio/items/add0e757-8d3f-5764-b2d1-443fb28fe17f.mp3"}'::jsonb, '{"value": "aceto", "accepted": ["aceto"]}'::jsonb, 0.35, array['vocab_f1','writing']) on conflict (id) do nothing;
insert into content_items(id,course_id,cefr_level,skill,type,prompt,payload,correct_answer,difficulty,tags) values ('269b307b-ad59-549c-ada1-f5bdb6ee1f9d', '20000000-0000-0000-0000-000000000004', 'A2', 'writing', 'cloze', 'Completa la frase con la palabra que falta.', '{"text": "Vorrei un caffè con la panna.", "audio_url": "https://wiauinufpbkmjlbqlkxo.supabase.co/storage/v1/object/public/audio/items/269b307b-ad59-549c-ada1-f5bdb6ee1f9d.mp3"}'::jsonb, '{"value": "la panna", "accepted": ["la panna"]}'::jsonb, 0.35, array['vocab_f1','writing']) on conflict (id) do nothing;
insert into content_items(id,course_id,cefr_level,skill,type,prompt,payload,correct_answer,difficulty,tags) values ('5b13d54c-7b5f-5249-95bb-72e664713243', '20000000-0000-0000-0000-000000000004', 'A2', 'writing', 'cloze', 'Completa la frase con la palabra que falta.', '{"text": "Il panino con il prosciutto è buonissimo.", "audio_url": "https://wiauinufpbkmjlbqlkxo.supabase.co/storage/v1/object/public/audio/items/5b13d54c-7b5f-5249-95bb-72e664713243.mp3"}'::jsonb, '{"value": "il prosciutto", "accepted": ["il prosciutto"]}'::jsonb, 0.35, array['vocab_f1','writing']) on conflict (id) do nothing;
insert into content_items(id,course_id,cefr_level,skill,type,prompt,payload,correct_answer,difficulty,tags) values ('45832d4a-1ec8-549a-822f-2875f43d0e83', '20000000-0000-0000-0000-000000000004', 'A2', 'writing', 'cloze', 'Completa la frase con la palabra que falta.', '{"text": "Mi dai un bicchiere d''acqua, per favore?", "audio_url": "https://wiauinufpbkmjlbqlkxo.supabase.co/storage/v1/object/public/audio/items/45832d4a-1ec8-549a-822f-2875f43d0e83.mp3"}'::jsonb, '{"value": "bicchiere", "accepted": ["bicchiere"]}'::jsonb, 0.35, array['vocab_f1','writing']) on conflict (id) do nothing;
insert into content_items(id,course_id,cefr_level,skill,type,prompt,payload,correct_answer,difficulty,tags) values ('55b301c8-e74a-5c55-8cfc-a84f99958283', '20000000-0000-0000-0000-000000000004', 'A2', 'writing', 'cloze', 'Completa la frase con la palabra que falta.', '{"text": "A che ora è il pranzo oggi?", "audio_url": "https://wiauinufpbkmjlbqlkxo.supabase.co/storage/v1/object/public/audio/items/55b301c8-e74a-5c55-8cfc-a84f99958283.mp3"}'::jsonb, '{"value": "il pranzo", "accepted": ["il pranzo"]}'::jsonb, 0.35, array['vocab_f1','writing']) on conflict (id) do nothing;
insert into content_items(id,course_id,cefr_level,skill,type,prompt,payload,correct_answer,difficulty,tags) values ('2b8b214f-ae83-568a-a0af-b6a0189116e7', '20000000-0000-0000-0000-000000000004', 'A2', 'writing', 'cloze', 'Completa la frase con la palabra que falta.', '{"text": "Prendo il caffè senza zucchero.", "audio_url": "https://wiauinufpbkmjlbqlkxo.supabase.co/storage/v1/object/public/audio/items/2b8b214f-ae83-568a-a0af-b6a0189116e7.mp3"}'::jsonb, '{"value": "zucchero", "accepted": ["zucchero"]}'::jsonb, 0.35, array['vocab_f1','writing']) on conflict (id) do nothing;
insert into content_items(id,course_id,cefr_level,skill,type,prompt,payload,correct_answer,difficulty,tags) values ('aad3a541-c2b0-54e9-9d6f-2bd38fb79e73', '20000000-0000-0000-0000-000000000004', 'A2', 'writing', 'cloze', 'Completa la frase con la palabra que falta.', '{"text": "Sulla pasta metto un po'' di formaggio.", "audio_url": "https://wiauinufpbkmjlbqlkxo.supabase.co/storage/v1/object/public/audio/items/aad3a541-c2b0-54e9-9d6f-2bd38fb79e73.mp3"}'::jsonb, '{"value": "formaggio", "accepted": ["formaggio"]}'::jsonb, 0.35, array['vocab_f1','writing']) on conflict (id) do nothing;
insert into content_items(id,course_id,cefr_level,skill,type,prompt,payload,correct_answer,difficulty,tags) values ('d2bf7913-4fa4-5566-bd1b-9067041fe436', '20000000-0000-0000-0000-000000000004', 'A2', 'reading', 'match', 'Empareja cada palabra con su traducción.', '{"pairs": [{"en": "il burro", "es": "la mantequilla"}, {"en": "il brodo", "es": "el caldo"}, {"en": "l''aceto", "es": "el vinagre"}, {"en": "la panna", "es": "la nata (crema)"}, {"en": "il prosciutto", "es": "el jamón"}]}'::jsonb, '{"pairs": [["il burro", "la mantequilla"], ["il brodo", "el caldo"], ["l''aceto", "el vinagre"], ["la panna", "la nata (crema)"], ["il prosciutto", "el jamón"]]}'::jsonb, 0.15, array['vocab_f1','reading']) on conflict (id) do nothing;
insert into content_items(id,course_id,cefr_level,skill,type,prompt,payload,correct_answer,difficulty,tags) values ('1f6f4bd2-8a4d-560f-85d4-15f3ee7336cf', '20000000-0000-0000-0000-000000000004', 'A2', 'reading', 'match', 'Empareja cada palabra con su traducción.', '{"pairs": [{"en": "il bicchiere", "es": "el vaso"}, {"en": "il pranzo", "es": "el almuerzo"}, {"en": "lo zucchero", "es": "el azúcar"}, {"en": "il formaggio", "es": "el queso"}]}'::jsonb, '{"pairs": [["il bicchiere", "el vaso"], ["il pranzo", "el almuerzo"], ["lo zucchero", "el azúcar"], ["il formaggio", "el queso"]]}'::jsonb, 0.15, array['vocab_f1','reading']) on conflict (id) do nothing;
insert into content_items(id,course_id,cefr_level,skill,type,prompt,payload,correct_answer,difficulty,tags) values ('9b09cd02-8a19-5f2b-9f0b-13907deb39e5', '20000000-0000-0000-0000-000000000004', 'A2', 'writing', 'cloze', 'Completa la frase con la palabra que falta.', '{"text": "Faccio colazione con latte e biscotti.", "audio_url": "https://wiauinufpbkmjlbqlkxo.supabase.co/storage/v1/object/public/audio/items/9b09cd02-8a19-5f2b-9f0b-13907deb39e5.mp3"}'::jsonb, '{"value": "colazione", "accepted": ["colazione"]}'::jsonb, 0.35, array['vocab_f1','writing']) on conflict (id) do nothing;
insert into content_items(id,course_id,cefr_level,skill,type,prompt,payload,correct_answer,difficulty,tags) values ('db8369ef-61a6-5403-8406-e44318fef2d5', '20000000-0000-0000-0000-000000000004', 'A2', 'writing', 'cloze', 'Completa la frase con la palabra que falta.', '{"text": "Mangio la pasta con la forchetta.", "audio_url": "https://wiauinufpbkmjlbqlkxo.supabase.co/storage/v1/object/public/audio/items/db8369ef-61a6-5403-8406-e44318fef2d5.mp3"}'::jsonb, '{"value": "la forchetta", "accepted": ["la forchetta"]}'::jsonb, 0.35, array['vocab_f1','writing']) on conflict (id) do nothing;
insert into content_items(id,course_id,cefr_level,skill,type,prompt,payload,correct_answer,difficulty,tags) values ('8c456269-48d7-51a5-9645-503aebf83291', '20000000-0000-0000-0000-000000000004', 'A2', 'writing', 'cloze', 'Completa la frase con la palabra que falta.', '{"text": "Taglio il pane con il coltello.", "audio_url": "https://wiauinufpbkmjlbqlkxo.supabase.co/storage/v1/object/public/audio/items/8c456269-48d7-51a5-9645-503aebf83291.mp3"}'::jsonb, '{"value": "il coltello", "accepted": ["il coltello"]}'::jsonb, 0.35, array['vocab_f1','writing']) on conflict (id) do nothing;
insert into content_items(id,course_id,cefr_level,skill,type,prompt,payload,correct_answer,difficulty,tags) values ('857c89fb-a78c-5278-b9b3-f43fc7de008f', '20000000-0000-0000-0000-000000000004', 'A2', 'writing', 'cloze', 'Completa la frase con la palabra que falta.', '{"text": "Per la zuppa serve un cucchiaio.", "audio_url": "https://wiauinufpbkmjlbqlkxo.supabase.co/storage/v1/object/public/audio/items/857c89fb-a78c-5278-b9b3-f43fc7de008f.mp3"}'::jsonb, '{"value": "cucchiaio", "accepted": ["cucchiaio"]}'::jsonb, 0.35, array['vocab_f1','writing']) on conflict (id) do nothing;
insert into content_items(id,course_id,cefr_level,skill,type,prompt,payload,correct_answer,difficulty,tags) values ('aa19c26f-e7c2-52e1-a3e5-d0efed59eb7b', '20000000-0000-0000-0000-000000000004', 'A2', 'writing', 'cloze', 'Completa la frase con la palabra que falta.', '{"text": "Mi pulisco la bocca con il tovagliolo.", "audio_url": "https://wiauinufpbkmjlbqlkxo.supabase.co/storage/v1/object/public/audio/items/aa19c26f-e7c2-52e1-a3e5-d0efed59eb7b.mp3"}'::jsonb, '{"value": "il tovagliolo", "accepted": ["il tovagliolo"]}'::jsonb, 0.35, array['vocab_f1','writing']) on conflict (id) do nothing;
insert into content_items(id,course_id,cefr_level,skill,type,prompt,payload,correct_answer,difficulty,tags) values ('4b1649ae-6c95-5d5a-b746-b046ddb6e7a7', '20000000-0000-0000-0000-000000000004', 'A2', 'writing', 'cloze', 'Completa la frase con la palabra que falta.', '{"text": "Cucino le uova nella padella.", "audio_url": "https://wiauinufpbkmjlbqlkxo.supabase.co/storage/v1/object/public/audio/items/4b1649ae-6c95-5d5a-b746-b046ddb6e7a7.mp3"}'::jsonb, '{"value": "padella", "accepted": ["padella"]}'::jsonb, 0.35, array['vocab_f1','writing']) on conflict (id) do nothing;
insert into content_items(id,course_id,cefr_level,skill,type,prompt,payload,correct_answer,difficulty,tags) values ('d1b33ee9-7b9f-5c3d-9f39-3fda7c2ab044', '20000000-0000-0000-0000-000000000004', 'A2', 'writing', 'cloze', 'Completa la frase con la palabra que falta.', '{"text": "L''acqua bolle nella pentola.", "audio_url": "https://wiauinufpbkmjlbqlkxo.supabase.co/storage/v1/object/public/audio/items/d1b33ee9-7b9f-5c3d-9f39-3fda7c2ab044.mp3"}'::jsonb, '{"value": "pentola", "accepted": ["pentola"]}'::jsonb, 0.35, array['vocab_f1','writing']) on conflict (id) do nothing;
insert into content_items(id,course_id,cefr_level,skill,type,prompt,payload,correct_answer,difficulty,tags) values ('a49aa0a9-946c-5427-8dfe-26a26c9f73c6', '20000000-0000-0000-0000-000000000004', 'A2', 'writing', 'cloze', 'Completa la frase con la palabra que falta.', '{"text": "Vuoi assaggiare questo dolce?", "audio_url": "https://wiauinufpbkmjlbqlkxo.supabase.co/storage/v1/object/public/audio/items/a49aa0a9-946c-5427-8dfe-26a26c9f73c6.mp3"}'::jsonb, '{"value": "assaggiare", "accepted": ["assaggiare"]}'::jsonb, 0.35, array['vocab_f1','writing']) on conflict (id) do nothing;
insert into content_items(id,course_id,cefr_level,skill,type,prompt,payload,correct_answer,difficulty,tags) values ('1427c890-a57d-53da-891d-e5e2fb235148', '20000000-0000-0000-0000-000000000004', 'A2', 'writing', 'cloze', 'Completa la frase con la palabra que falta.', '{"text": "Quale bevanda preferisci con la cena?", "audio_url": "https://wiauinufpbkmjlbqlkxo.supabase.co/storage/v1/object/public/audio/items/1427c890-a57d-53da-891d-e5e2fb235148.mp3"}'::jsonb, '{"value": "bevanda", "accepted": ["bevanda"]}'::jsonb, 0.35, array['vocab_f1','writing']) on conflict (id) do nothing;
insert into content_items(id,course_id,cefr_level,skill,type,prompt,payload,correct_answer,difficulty,tags) values ('39d4e006-7e1d-5d51-aa48-192696f6bc04', '20000000-0000-0000-0000-000000000004', 'A2', 'reading', 'match', 'Empareja cada palabra con su traducción.', '{"pairs": [{"en": "la colazione", "es": "el desayuno"}, {"en": "la forchetta", "es": "el tenedor"}, {"en": "il coltello", "es": "el cuchillo"}, {"en": "il cucchiaio", "es": "la cuchara"}, {"en": "il tovagliolo", "es": "la servilleta"}]}'::jsonb, '{"pairs": [["la colazione", "el desayuno"], ["la forchetta", "el tenedor"], ["il coltello", "el cuchillo"], ["il cucchiaio", "la cuchara"], ["il tovagliolo", "la servilleta"]]}'::jsonb, 0.15, array['vocab_f1','reading']) on conflict (id) do nothing;
insert into content_items(id,course_id,cefr_level,skill,type,prompt,payload,correct_answer,difficulty,tags) values ('a857c044-a7c9-5155-9427-437604606c3b', '20000000-0000-0000-0000-000000000004', 'A2', 'reading', 'match', 'Empareja cada palabra con su traducción.', '{"pairs": [{"en": "la padella", "es": "la sartén"}, {"en": "la pentola", "es": "la olla"}, {"en": "assaggiare", "es": "probar (degustar)"}, {"en": "la bevanda", "es": "la bebida"}]}'::jsonb, '{"pairs": [["la padella", "la sartén"], ["la pentola", "la olla"], ["assaggiare", "probar (degustar)"], ["la bevanda", "la bebida"]]}'::jsonb, 0.15, array['vocab_f1','reading']) on conflict (id) do nothing;
insert into content_items(id,course_id,cefr_level,skill,type,prompt,payload,correct_answer,difficulty,tags) values ('ef98a077-3a97-5cbf-a31a-e03e51bbcebb', '20000000-0000-0000-0000-000000000004', 'A2', 'writing', 'cloze', 'Completa la frase con la palabra que falta.', '{"text": "Ho molta fame, mangiamo qualcosa.", "audio_url": "https://wiauinufpbkmjlbqlkxo.supabase.co/storage/v1/object/public/audio/items/ef98a077-3a97-5cbf-a31a-e03e51bbcebb.mp3"}'::jsonb, '{"value": "fame", "accepted": ["fame"]}'::jsonb, 0.35, array['vocab_f1','writing']) on conflict (id) do nothing;
insert into content_items(id,course_id,cefr_level,skill,type,prompt,payload,correct_answer,difficulty,tags) values ('8b2c49fd-7bcb-5a21-b159-d7e907c3fcd9', '20000000-0000-0000-0000-000000000004', 'A2', 'writing', 'cloze', 'Completa la frase con la palabra que falta.', '{"text": "Stasera cucino il riso con le verdure.", "audio_url": "https://wiauinufpbkmjlbqlkxo.supabase.co/storage/v1/object/public/audio/items/8b2c49fd-7bcb-5a21-b159-d7e907c3fcd9.mp3"}'::jsonb, '{"value": "il riso", "accepted": ["il riso"]}'::jsonb, 0.35, array['vocab_f1','writing']) on conflict (id) do nothing;
insert into content_items(id,course_id,cefr_level,skill,type,prompt,payload,correct_answer,difficulty,tags) values ('04fc68f5-e2fd-5d5b-8335-eef9e4815418', '20000000-0000-0000-0000-000000000004', 'A2', 'writing', 'cloze', 'Completa la frase con la palabra que falta.', '{"text": "Aggiungo una cipolla al sugo.", "audio_url": "https://wiauinufpbkmjlbqlkxo.supabase.co/storage/v1/object/public/audio/items/04fc68f5-e2fd-5d5b-8335-eef9e4815418.mp3"}'::jsonb, '{"value": "cipolla", "accepted": ["cipolla"]}'::jsonb, 0.35, array['vocab_f1','writing']) on conflict (id) do nothing;
insert into content_items(id,course_id,cefr_level,skill,type,prompt,payload,correct_answer,difficulty,tags) values ('5190972e-912a-56aa-8c19-e9dc7f0f285a', '20000000-0000-0000-0000-000000000004', 'A2', 'writing', 'cloze', 'Completa la frase con la palabra que falta.', '{"text": "Metto sempre l''aglio fresco nella pasta.", "audio_url": "https://wiauinufpbkmjlbqlkxo.supabase.co/storage/v1/object/public/audio/items/5190972e-912a-56aa-8c19-e9dc7f0f285a.mp3"}'::jsonb, '{"value": "l''aglio", "accepted": ["l''aglio"]}'::jsonb, 0.35, array['vocab_f1','writing']) on conflict (id) do nothing;
insert into content_items(id,course_id,cefr_level,skill,type,prompt,payload,correct_answer,difficulty,tags) values ('8d4f9401-3f5e-5bec-acab-58aea093303e', '20000000-0000-0000-0000-000000000004', 'A2', 'writing', 'cloze', 'Completa la frase con la palabra que falta.', '{"text": "In primavera mangio la fragola con la panna.", "audio_url": "https://wiauinufpbkmjlbqlkxo.supabase.co/storage/v1/object/public/audio/items/8d4f9401-3f5e-5bec-acab-58aea093303e.mp3"}'::jsonb, '{"value": "la fragola", "accepted": ["la fragola"]}'::jsonb, 0.35, array['vocab_f1','writing']) on conflict (id) do nothing;
insert into content_items(id,course_id,cefr_level,skill,type,prompt,payload,correct_answer,difficulty,tags) values ('0f032e7a-cb91-510f-931f-c7c525133632', '20000000-0000-0000-0000-000000000004', 'A2', 'writing', 'cloze', 'Completa la frase con la palabra que falta.', '{"text": "La carne di maiale è saporita.", "audio_url": "https://wiauinufpbkmjlbqlkxo.supabase.co/storage/v1/object/public/audio/items/0f032e7a-cb91-510f-931f-c7c525133632.mp3"}'::jsonb, '{"value": "maiale", "accepted": ["maiale"]}'::jsonb, 0.35, array['vocab_f1','writing']) on conflict (id) do nothing;
insert into content_items(id,course_id,cefr_level,skill,type,prompt,payload,correct_answer,difficulty,tags) values ('f1569bc0-7f73-5e49-8035-76b77887a782', '20000000-0000-0000-0000-000000000004', 'A2', 'writing', 'cloze', 'Completa la frase con la palabra que falta.', '{"text": "Questo piatto è molto saporito.", "audio_url": "https://wiauinufpbkmjlbqlkxo.supabase.co/storage/v1/object/public/audio/items/f1569bc0-7f73-5e49-8035-76b77887a782.mp3"}'::jsonb, '{"value": "saporito", "accepted": ["saporito"]}'::jsonb, 0.35, array['vocab_f1','writing']) on conflict (id) do nothing;
insert into content_items(id,course_id,cefr_level,skill,type,prompt,payload,correct_answer,difficulty,tags) values ('57252aa6-261e-5865-b9b4-d39791ccbf22', '20000000-0000-0000-0000-000000000004', 'A2', 'reading', 'match', 'Empareja cada palabra con su traducción.', '{"pairs": [{"en": "la fame", "es": "el hambre"}, {"en": "il riso", "es": "el arroz"}, {"en": "la cipolla", "es": "la cebolla"}, {"en": "l''aglio", "es": "el ajo"}, {"en": "la fragola", "es": "la fresa"}]}'::jsonb, '{"pairs": [["la fame", "el hambre"], ["il riso", "el arroz"], ["la cipolla", "la cebolla"], ["l''aglio", "el ajo"], ["la fragola", "la fresa"]]}'::jsonb, 0.15, array['vocab_f1','reading']) on conflict (id) do nothing;
insert into content_items(id,course_id,cefr_level,skill,type,prompt,payload,correct_answer,difficulty,tags) values ('21bc464b-c638-5b20-89f7-e891f616dd0a', '20000000-0000-0000-0000-000000000004', 'A2', 'reading', 'match', 'Empareja cada palabra con su traducción.', '{"pairs": [{"en": "il maiale", "es": "el cerdo"}, {"en": "saporito", "es": "sabroso"}]}'::jsonb, '{"pairs": [["il maiale", "el cerdo"], ["saporito", "sabroso"]]}'::jsonb, 0.15, array['vocab_f1','reading']) on conflict (id) do nothing;
insert into content_items(id,course_id,cefr_level,skill,type,prompt,payload,correct_answer,difficulty,tags) values ('6c563edc-34cc-5258-b631-f6da43fe63ed', '20000000-0000-0000-0000-000000000004', 'A2', 'writing', 'cloze', 'Completa la frase con la palabra que falta.', '{"text": "Ho noleggiato la macchina per girare la Toscana.", "audio_url": "https://wiauinufpbkmjlbqlkxo.supabase.co/storage/v1/object/public/audio/items/6c563edc-34cc-5258-b631-f6da43fe63ed.mp3"}'::jsonb, '{"value": "la macchina", "accepted": ["la macchina"]}'::jsonb, 0.35, array['vocab_f1','writing']) on conflict (id) do nothing;
insert into content_items(id,course_id,cefr_level,skill,type,prompt,payload,correct_answer,difficulty,tags) values ('afb9257b-5e4f-5527-9aa3-448c133c598a', '20000000-0000-0000-0000-000000000004', 'A2', 'writing', 'cloze', 'Completa la frase con la palabra que falta.', '{"text": "Non mi piace guidare di notte in autostrada.", "audio_url": "https://wiauinufpbkmjlbqlkxo.supabase.co/storage/v1/object/public/audio/items/afb9257b-5e4f-5527-9aa3-448c133c598a.mp3"}'::jsonb, '{"value": "guidare", "accepted": ["guidare"]}'::jsonb, 0.35, array['vocab_f1','writing']) on conflict (id) do nothing;
insert into content_items(id,course_id,cefr_level,skill,type,prompt,payload,correct_answer,difficulty,tags) values ('894333a5-48cc-5a04-a7ce-b4eb4e4743ef', '20000000-0000-0000-0000-000000000004', 'A2', 'writing', 'cloze', 'Completa la frase con la palabra que falta.', '{"text": "Vorrei noleggiare una bici per il fine settimana.", "audio_url": "https://wiauinufpbkmjlbqlkxo.supabase.co/storage/v1/object/public/audio/items/894333a5-48cc-5a04-a7ce-b4eb4e4743ef.mp3"}'::jsonb, '{"value": "noleggiare", "accepted": ["noleggiare"]}'::jsonb, 0.35, array['vocab_f1','writing']) on conflict (id) do nothing;
insert into content_items(id,course_id,cefr_level,skill,type,prompt,payload,correct_answer,difficulty,tags) values ('5da53ccb-b4a1-5636-99df-6e3ace38f5fe', '20000000-0000-0000-0000-000000000004', 'A2', 'writing', 'cloze', 'Completa la frase con la palabra que falta.', '{"text": "Il ritardo del volo ci ha fatto perdere la coincidenza.", "audio_url": "https://wiauinufpbkmjlbqlkxo.supabase.co/storage/v1/object/public/audio/items/5da53ccb-b4a1-5636-99df-6e3ace38f5fe.mp3"}'::jsonb, '{"value": "ritardo", "accepted": ["ritardo"]}'::jsonb, 0.35, array['vocab_f1','writing']) on conflict (id) do nothing;
insert into content_items(id,course_id,cefr_level,skill,type,prompt,payload,correct_answer,difficulty,tags) values ('8355a3b2-a012-5e64-a20d-7b65bcef1ddb', '20000000-0000-0000-0000-000000000004', 'A2', 'writing', 'cloze', 'Completa la frase con la palabra que falta.', '{"text": "La tappa più bella del viaggio è stata Venezia.", "audio_url": "https://wiauinufpbkmjlbqlkxo.supabase.co/storage/v1/object/public/audio/items/8355a3b2-a012-5e64-a20d-7b65bcef1ddb.mp3"}'::jsonb, '{"value": "tappa", "accepted": ["tappa"]}'::jsonb, 0.35, array['vocab_f1','writing']) on conflict (id) do nothing;
insert into content_items(id,course_id,cefr_level,skill,type,prompt,payload,correct_answer,difficulty,tags) values ('d24df698-a775-517e-83c1-3080f335ed39', '20000000-0000-0000-0000-000000000004', 'A2', 'writing', 'cloze', 'Completa la frase con la palabra que falta.', '{"text": "L''andata è stata lunga, ma il ritorno veloce.", "audio_url": "https://wiauinufpbkmjlbqlkxo.supabase.co/storage/v1/object/public/audio/items/d24df698-a775-517e-83c1-3080f335ed39.mp3"}'::jsonb, '{"value": "andata", "accepted": ["andata"]}'::jsonb, 0.35, array['vocab_f1','writing']) on conflict (id) do nothing;
insert into content_items(id,course_id,cefr_level,skill,type,prompt,payload,correct_answer,difficulty,tags) values ('7e2f308e-3e50-548b-bc6d-0b9f20a13284', '20000000-0000-0000-0000-000000000004', 'A2', 'writing', 'cloze', 'Completa la frase con la palabra que falta.', '{"text": "Il treno per Roma parte dal binario tre.", "audio_url": "https://wiauinufpbkmjlbqlkxo.supabase.co/storage/v1/object/public/audio/items/7e2f308e-3e50-548b-bc6d-0b9f20a13284.mp3"}'::jsonb, '{"value": "binario", "accepted": ["binario"]}'::jsonb, 0.35, array['vocab_f1','writing']) on conflict (id) do nothing;
insert into content_items(id,course_id,cefr_level,skill,type,prompt,payload,correct_answer,difficulty,tags) values ('f8e3eb24-0bb4-5563-b01f-428d40a00fa4', '20000000-0000-0000-0000-000000000004', 'A2', 'writing', 'cloze', 'Completa la frase con la palabra que falta.', '{"text": "Se il treno ritarda, perdo la coincidenza per Milano.", "audio_url": "https://wiauinufpbkmjlbqlkxo.supabase.co/storage/v1/object/public/audio/items/f8e3eb24-0bb4-5563-b01f-428d40a00fa4.mp3"}'::jsonb, '{"value": "la coincidenza", "accepted": ["la coincidenza"]}'::jsonb, 0.35, array['vocab_f1','writing']) on conflict (id) do nothing;
insert into content_items(id,course_id,cefr_level,skill,type,prompt,payload,correct_answer,difficulty,tags) values ('860cd1d6-4a70-5329-b2f6-6fa8c41a93a7', '20000000-0000-0000-0000-000000000004', 'A2', 'writing', 'cloze', 'Completa la frase con la palabra que falta.', '{"text": "La fermata dell''autobus è vicino all''albergo.", "audio_url": "https://wiauinufpbkmjlbqlkxo.supabase.co/storage/v1/object/public/audio/items/860cd1d6-4a70-5329-b2f6-6fa8c41a93a7.mp3"}'::jsonb, '{"value": "fermata", "accepted": ["fermata"]}'::jsonb, 0.35, array['vocab_f1','writing']) on conflict (id) do nothing;
insert into content_items(id,course_id,cefr_level,skill,type,prompt,payload,correct_answer,difficulty,tags) values ('4bda9a13-31aa-5692-822e-a7682c126603', '20000000-0000-0000-0000-000000000004', 'A2', 'reading', 'match', 'Empareja cada palabra con su traducción.', '{"pairs": [{"en": "la macchina", "es": "el coche"}, {"en": "guidare", "es": "conducir"}, {"en": "noleggiare", "es": "alquilar"}, {"en": "il ritardo", "es": "el retraso"}, {"en": "la tappa", "es": "la etapa"}]}'::jsonb, '{"pairs": [["la macchina", "el coche"], ["guidare", "conducir"], ["noleggiare", "alquilar"], ["il ritardo", "el retraso"], ["la tappa", "la etapa"]]}'::jsonb, 0.15, array['vocab_f1','reading']) on conflict (id) do nothing;
insert into content_items(id,course_id,cefr_level,skill,type,prompt,payload,correct_answer,difficulty,tags) values ('c703055c-8ee1-598d-85c0-41568534bddc', '20000000-0000-0000-0000-000000000004', 'A2', 'reading', 'match', 'Empareja cada palabra con su traducción.', '{"pairs": [{"en": "l''andata", "es": "la ida"}, {"en": "il binario", "es": "la vía/el andén"}, {"en": "la coincidenza", "es": "el enlace/la conexión (de transporte)"}, {"en": "la fermata", "es": "la parada"}]}'::jsonb, '{"pairs": [["l''andata", "la ida"], ["il binario", "la vía/el andén"], ["la coincidenza", "el enlace/la conexión (de transporte)"], ["la fermata", "la parada"]]}'::jsonb, 0.15, array['vocab_f1','reading']) on conflict (id) do nothing;
insert into content_items(id,course_id,cefr_level,skill,type,prompt,payload,correct_answer,difficulty,tags) values ('f59e50a8-85f4-5066-836f-353d6cb7391e', '20000000-0000-0000-0000-000000000004', 'A2', 'writing', 'cloze', 'Completa la frase con la palabra que falta.', '{"text": "Il volo per Madrid è stato cancellato.", "audio_url": "https://wiauinufpbkmjlbqlkxo.supabase.co/storage/v1/object/public/audio/items/f59e50a8-85f4-5066-836f-353d6cb7391e.mp3"}'::jsonb, '{"value": "volo", "accepted": ["volo"]}'::jsonb, 0.35, array['vocab_f1','writing']) on conflict (id) do nothing;
insert into content_items(id,course_id,cefr_level,skill,type,prompt,payload,correct_answer,difficulty,tags) values ('5e00a6d9-8237-5dc8-8c43-13a338807f66', '20000000-0000-0000-0000-000000000004', 'A2', 'writing', 'cloze', 'Completa la frase con la palabra que falta.', '{"text": "La partenza è prevista alle otto del mattino.", "audio_url": "https://wiauinufpbkmjlbqlkxo.supabase.co/storage/v1/object/public/audio/items/5e00a6d9-8237-5dc8-8c43-13a338807f66.mp3"}'::jsonb, '{"value": "partenza", "accepted": ["partenza"]}'::jsonb, 0.35, array['vocab_f1','writing']) on conflict (id) do nothing;
insert into content_items(id,course_id,cefr_level,skill,type,prompt,payload,correct_answer,difficulty,tags) values ('1d3cc309-44bd-54a0-a8d5-11e9b23bab2c', '20000000-0000-0000-0000-000000000004', 'A2', 'writing', 'cloze', 'Completa la frase con la palabra que falta.', '{"text": "Ho perso il bagaglio all''aeroporto.", "audio_url": "https://wiauinufpbkmjlbqlkxo.supabase.co/storage/v1/object/public/audio/items/1d3cc309-44bd-54a0-a8d5-11e9b23bab2c.mp3"}'::jsonb, '{"value": "il bagaglio", "accepted": ["il bagaglio"]}'::jsonb, 0.35, array['vocab_f1','writing']) on conflict (id) do nothing;
insert into content_items(id,course_id,cefr_level,skill,type,prompt,payload,correct_answer,difficulty,tags) values ('cf217580-32ff-5b5a-ad72-bffd14c2bc3a', '20000000-0000-0000-0000-000000000004', 'A2', 'writing', 'cloze', 'Completa la frase con la palabra que falta.', '{"text": "Porto solo lo zaino come bagaglio a mano.", "audio_url": "https://wiauinufpbkmjlbqlkxo.supabase.co/storage/v1/object/public/audio/items/cf217580-32ff-5b5a-ad72-bffd14c2bc3a.mp3"}'::jsonb, '{"value": "lo zaino", "accepted": ["lo zaino"]}'::jsonb, 0.35, array['vocab_f1','writing']) on conflict (id) do nothing;
insert into content_items(id,course_id,cefr_level,skill,type,prompt,payload,correct_answer,difficulty,tags) values ('1c9af6fe-aff1-575f-8e36-6a7adeedd6c6', '20000000-0000-0000-0000-000000000004', 'A2', 'writing', 'cloze', 'Completa la frase con la palabra que falta.', '{"text": "Per noleggiare l''auto serve la patente.", "audio_url": "https://wiauinufpbkmjlbqlkxo.supabase.co/storage/v1/object/public/audio/items/1c9af6fe-aff1-575f-8e36-6a7adeedd6c6.mp3"}'::jsonb, '{"value": "la patente", "accepted": ["la patente"]}'::jsonb, 0.35, array['vocab_f1','writing']) on conflict (id) do nothing;
insert into content_items(id,course_id,cefr_level,skill,type,prompt,payload,correct_answer,difficulty,tags) values ('340809c3-ffd9-5b45-af90-c7e43132b4f7', '20000000-0000-0000-0000-000000000004', 'A2', 'writing', 'cloze', 'Completa la frase con la palabra que falta.', '{"text": "In autostrada bisogna pagare il pedaggio.", "audio_url": "https://wiauinufpbkmjlbqlkxo.supabase.co/storage/v1/object/public/audio/items/340809c3-ffd9-5b45-af90-c7e43132b4f7.mp3"}'::jsonb, '{"value": "il pedaggio", "accepted": ["il pedaggio"]}'::jsonb, 0.35, array['vocab_f1','writing']) on conflict (id) do nothing;
insert into content_items(id,course_id,cefr_level,skill,type,prompt,payload,correct_answer,difficulty,tags) values ('3bad2b71-20e6-52ae-81ca-719b74bbf276', '20000000-0000-0000-0000-000000000004', 'A2', 'writing', 'cloze', 'Completa la frase con la palabra que falta.', '{"text": "La benzina costa molto in autostrada.", "audio_url": "https://wiauinufpbkmjlbqlkxo.supabase.co/storage/v1/object/public/audio/items/3bad2b71-20e6-52ae-81ca-719b74bbf276.mp3"}'::jsonb, '{"value": "benzina", "accepted": ["benzina"]}'::jsonb, 0.35, array['vocab_f1','writing']) on conflict (id) do nothing;
insert into content_items(id,course_id,cefr_level,skill,type,prompt,payload,correct_answer,difficulty,tags) values ('af957a6c-3a37-55d5-9225-86567d64c04f', '20000000-0000-0000-0000-000000000004', 'A2', 'writing', 'cloze', 'Completa la frase con la palabra que falta.', '{"text": "È difficile parcheggiare in centro città.", "audio_url": "https://wiauinufpbkmjlbqlkxo.supabase.co/storage/v1/object/public/audio/items/af957a6c-3a37-55d5-9225-86567d64c04f.mp3"}'::jsonb, '{"value": "parcheggiare", "accepted": ["parcheggiare"]}'::jsonb, 0.35, array['vocab_f1','writing']) on conflict (id) do nothing;
insert into content_items(id,course_id,cefr_level,skill,type,prompt,payload,correct_answer,difficulty,tags) values ('1eaa768f-a7f8-529a-b5c3-f55589fb5aa0', '20000000-0000-0000-0000-000000000004', 'A2', 'writing', 'cloze', 'Completa la frase con la palabra que falta.', '{"text": "Abbiamo bucato una gomma sull''autostrada.", "audio_url": "https://wiauinufpbkmjlbqlkxo.supabase.co/storage/v1/object/public/audio/items/1eaa768f-a7f8-529a-b5c3-f55589fb5aa0.mp3"}'::jsonb, '{"value": "gomma", "accepted": ["gomma"]}'::jsonb, 0.35, array['vocab_f1','writing']) on conflict (id) do nothing;
insert into content_items(id,course_id,cefr_level,skill,type,prompt,payload,correct_answer,difficulty,tags) values ('1c7668c3-8dda-5934-86dc-440f2704b555', '20000000-0000-0000-0000-000000000004', 'A2', 'reading', 'match', 'Empareja cada palabra con su traducción.', '{"pairs": [{"en": "il volo", "es": "el vuelo"}, {"en": "la partenza", "es": "la salida"}, {"en": "il bagaglio", "es": "el equipaje"}, {"en": "lo zaino", "es": "la mochila"}, {"en": "la patente", "es": "el carné de conducir"}]}'::jsonb, '{"pairs": [["il volo", "el vuelo"], ["la partenza", "la salida"], ["il bagaglio", "el equipaje"], ["lo zaino", "la mochila"], ["la patente", "el carné de conducir"]]}'::jsonb, 0.15, array['vocab_f1','reading']) on conflict (id) do nothing;
insert into content_items(id,course_id,cefr_level,skill,type,prompt,payload,correct_answer,difficulty,tags) values ('efcf9cb6-7340-5c8a-830b-4161b5249ea2', '20000000-0000-0000-0000-000000000004', 'A2', 'reading', 'match', 'Empareja cada palabra con su traducción.', '{"pairs": [{"en": "il pedaggio", "es": "el peaje"}, {"en": "la benzina", "es": "la gasolina"}, {"en": "parcheggiare", "es": "aparcar/estacionar"}, {"en": "la gomma", "es": "el neumático"}]}'::jsonb, '{"pairs": [["il pedaggio", "el peaje"], ["la benzina", "la gasolina"], ["parcheggiare", "aparcar/estacionar"], ["la gomma", "el neumático"]]}'::jsonb, 0.15, array['vocab_f1','reading']) on conflict (id) do nothing;
insert into content_items(id,course_id,cefr_level,skill,type,prompt,payload,correct_answer,difficulty,tags) values ('6222ba6f-561a-59e2-ba58-4b8f5f522dca', '20000000-0000-0000-0000-000000000004', 'A2', 'writing', 'cloze', 'Completa la frase con la palabra que falta.', '{"text": "La meta del nostro viaggio è la Sicilia.", "audio_url": "https://wiauinufpbkmjlbqlkxo.supabase.co/storage/v1/object/public/audio/items/6222ba6f-561a-59e2-ba58-4b8f5f522dca.mp3"}'::jsonb, '{"value": "meta", "accepted": ["meta"]}'::jsonb, 0.35, array['vocab_f1','writing']) on conflict (id) do nothing;
insert into content_items(id,course_id,cefr_level,skill,type,prompt,payload,correct_answer,difficulty,tags) values ('03f45db1-a166-5a68-9645-1536275d48b6', '20000000-0000-0000-0000-000000000004', 'A2', 'writing', 'cloze', 'Completa la frase con la palabra que falta.', '{"text": "Alla dogana hanno controllato le nostre valigie.", "audio_url": "https://wiauinufpbkmjlbqlkxo.supabase.co/storage/v1/object/public/audio/items/03f45db1-a166-5a68-9645-1536275d48b6.mp3"}'::jsonb, '{"value": "dogana", "accepted": ["dogana"]}'::jsonb, 0.35, array['vocab_f1','writing']) on conflict (id) do nothing;
insert into content_items(id,course_id,cefr_level,skill,type,prompt,payload,correct_answer,difficulty,tags) values ('41397d62-2c0c-505c-b7bb-cd3a8c745a61', '20000000-0000-0000-0000-000000000004', 'A2', 'writing', 'cloze', 'Completa la frase con la palabra que falta.', '{"text": "Abbiamo attraversato il confine tra Italia e Francia.", "audio_url": "https://wiauinufpbkmjlbqlkxo.supabase.co/storage/v1/object/public/audio/items/41397d62-2c0c-505c-b7bb-cd3a8c745a61.mp3"}'::jsonb, '{"value": "il confine", "accepted": ["il confine"]}'::jsonb, 0.35, array['vocab_f1','writing']) on conflict (id) do nothing;
insert into content_items(id,course_id,cefr_level,skill,type,prompt,payload,correct_answer,difficulty,tags) values ('4365c9b1-09cd-5010-8c14-fd75f45c2666', '20000000-0000-0000-0000-000000000004', 'A2', 'writing', 'cloze', 'Completa la frase con la palabra que falta.', '{"text": "Ho prenotato una camera con vista sul mare.", "audio_url": "https://wiauinufpbkmjlbqlkxo.supabase.co/storage/v1/object/public/audio/items/4365c9b1-09cd-5010-8c14-fd75f45c2666.mp3"}'::jsonb, '{"value": "camera", "accepted": ["camera"]}'::jsonb, 0.35, array['vocab_f1','writing']) on conflict (id) do nothing;
insert into content_items(id,course_id,cefr_level,skill,type,prompt,payload,correct_answer,difficulty,tags) values ('867f7649-0b9a-5703-99e7-fddcecb979b3', '20000000-0000-0000-0000-000000000004', 'A2', 'writing', 'cloze', 'Completa la frase con la palabra que falta.', '{"text": "Ho lasciato la chiave della stanza alla reception.", "audio_url": "https://wiauinufpbkmjlbqlkxo.supabase.co/storage/v1/object/public/audio/items/867f7649-0b9a-5703-99e7-fddcecb979b3.mp3"}'::jsonb, '{"value": "la chiave", "accepted": ["la chiave"]}'::jsonb, 0.35, array['vocab_f1','writing']) on conflict (id) do nothing;
insert into content_items(id,course_id,cefr_level,skill,type,prompt,payload,correct_answer,difficulty,tags) values ('9c77bd0c-0d8c-57f7-9b07-ab97ce6ea9f3', '20000000-0000-0000-0000-000000000004', 'A2', 'writing', 'cloze', 'Completa la frase con la palabra que falta.', '{"text": "In treno preferisco un posto vicino al finestrino.", "audio_url": "https://wiauinufpbkmjlbqlkxo.supabase.co/storage/v1/object/public/audio/items/9c77bd0c-0d8c-57f7-9b07-ab97ce6ea9f3.mp3"}'::jsonb, '{"value": "finestrino", "accepted": ["finestrino"]}'::jsonb, 0.35, array['vocab_f1','writing']) on conflict (id) do nothing;
insert into content_items(id,course_id,cefr_level,skill,type,prompt,payload,correct_answer,difficulty,tags) values ('b529d5b1-3155-5dc6-b9bf-6588f4f94ca4', '20000000-0000-0000-0000-000000000004', 'A2', 'writing', 'cloze', 'Completa la frase con la palabra que falta.', '{"text": "Lo scalo a Parigi dura due ore.", "audio_url": "https://wiauinufpbkmjlbqlkxo.supabase.co/storage/v1/object/public/audio/items/b529d5b1-3155-5dc6-b9bf-6588f4f94ca4.mp3"}'::jsonb, '{"value": "scalo", "accepted": ["scalo"]}'::jsonb, 0.35, array['vocab_f1','writing']) on conflict (id) do nothing;
insert into content_items(id,course_id,cefr_level,skill,type,prompt,payload,correct_answer,difficulty,tags) values ('a00a846b-f1ca-5361-b377-a61b588efd75', '20000000-0000-0000-0000-000000000004', 'A2', 'writing', 'cloze', 'Completa la frase con la palabra que falta.', '{"text": "Siamo rimasti bloccati in un ingorgo per un''ora.", "audio_url": "https://wiauinufpbkmjlbqlkxo.supabase.co/storage/v1/object/public/audio/items/a00a846b-f1ca-5361-b377-a61b588efd75.mp3"}'::jsonb, '{"value": "ingorgo", "accepted": ["ingorgo"]}'::jsonb, 0.35, array['vocab_f1','writing']) on conflict (id) do nothing;
insert into content_items(id,course_id,cefr_level,skill,type,prompt,payload,correct_answer,difficulty,tags) values ('73cd4414-4c1b-5d94-9c4f-d849f739de07', '20000000-0000-0000-0000-000000000004', 'A2', 'reading', 'match', 'Empareja cada palabra con su traducción.', '{"pairs": [{"en": "la meta", "es": "el destino (de un viaje)"}, {"en": "la dogana", "es": "la aduana"}, {"en": "il confine", "es": "la frontera"}, {"en": "la camera", "es": "la habitación"}, {"en": "la chiave", "es": "la llave"}]}'::jsonb, '{"pairs": [["la meta", "el destino (de un viaje)"], ["la dogana", "la aduana"], ["il confine", "la frontera"], ["la camera", "la habitación"], ["la chiave", "la llave"]]}'::jsonb, 0.15, array['vocab_f1','reading']) on conflict (id) do nothing;
insert into content_items(id,course_id,cefr_level,skill,type,prompt,payload,correct_answer,difficulty,tags) values ('7a9efedd-f572-5794-97f3-ed0aa81a02f0', '20000000-0000-0000-0000-000000000004', 'A2', 'reading', 'match', 'Empareja cada palabra con su traducción.', '{"pairs": [{"en": "il finestrino", "es": "la ventanilla"}, {"en": "lo scalo", "es": "la escala (de vuelo)"}, {"en": "l''ingorgo", "es": "el atasco"}]}'::jsonb, '{"pairs": [["il finestrino", "la ventanilla"], ["lo scalo", "la escala (de vuelo)"], ["l''ingorgo", "el atasco"]]}'::jsonb, 0.15, array['vocab_f1','reading']) on conflict (id) do nothing;
insert into content_items(id,course_id,cefr_level,skill,type,prompt,payload,correct_answer,difficulty,tags) values ('0c03b58e-85fa-5921-bce1-cad4f7e983e5', '20000000-0000-0000-0000-000000000004', 'A2', 'writing', 'cloze', 'Completa la frase con la palabra que falta.', '{"text": "A gennaio iniziano i saldi invernali.", "audio_url": "https://wiauinufpbkmjlbqlkxo.supabase.co/storage/v1/object/public/audio/items/0c03b58e-85fa-5921-bce1-cad4f7e983e5.mp3"}'::jsonb, '{"value": "i saldi", "accepted": ["i saldi"]}'::jsonb, 0.35, array['vocab_f1','writing']) on conflict (id) do nothing;
insert into content_items(id,course_id,cefr_level,skill,type,prompt,payload,correct_answer,difficulty,tags) values ('953cdabf-681c-5a82-812f-71e361bce46d', '20000000-0000-0000-0000-000000000004', 'A2', 'writing', 'cloze', 'Completa la frase con la palabra que falta.', '{"text": "Ho avuto uno sconto del venti per cento.", "audio_url": "https://wiauinufpbkmjlbqlkxo.supabase.co/storage/v1/object/public/audio/items/953cdabf-681c-5a82-812f-71e361bce46d.mp3"}'::jsonb, '{"value": "sconto", "accepted": ["sconto"]}'::jsonb, 0.35, array['vocab_f1','writing']) on conflict (id) do nothing;
insert into content_items(id,course_id,cefr_level,skill,type,prompt,payload,correct_answer,difficulty,tags) values ('05b1d36b-5994-5ee9-b4b5-5f718c50f817', '20000000-0000-0000-0000-000000000004', 'A2', 'writing', 'cloze', 'Completa la frase con la palabra que falta.', '{"text": "Che taglia porti, la media o la large?", "audio_url": "https://wiauinufpbkmjlbqlkxo.supabase.co/storage/v1/object/public/audio/items/05b1d36b-5994-5ee9-b4b5-5f718c50f817.mp3"}'::jsonb, '{"value": "taglia", "accepted": ["taglia"]}'::jsonb, 0.35, array['vocab_f1','writing']) on conflict (id) do nothing;
insert into content_items(id,course_id,cefr_level,skill,type,prompt,payload,correct_answer,difficulty,tags) values ('f9a325a3-f0a2-549e-9554-29f94bf2aa3f', '20000000-0000-0000-0000-000000000004', 'A2', 'writing', 'cloze', 'Completa la frase con la palabra que falta.', '{"text": "Posso provare questi pantaloni?", "audio_url": "https://wiauinufpbkmjlbqlkxo.supabase.co/storage/v1/object/public/audio/items/f9a325a3-f0a2-549e-9554-29f94bf2aa3f.mp3"}'::jsonb, '{"value": "provare", "accepted": ["provare"]}'::jsonb, 0.35, array['vocab_f1','writing']) on conflict (id) do nothing;
insert into content_items(id,course_id,cefr_level,skill,type,prompt,payload,correct_answer,difficulty,tags) values ('705e8776-4142-5c4b-9a7b-25ee57fc717d', '20000000-0000-0000-0000-000000000004', 'A2', 'writing', 'cloze', 'Completa la frase con la palabra que falta.', '{"text": "Conserva lo scontrino se vuoi cambiare il maglione.", "audio_url": "https://wiauinufpbkmjlbqlkxo.supabase.co/storage/v1/object/public/audio/items/705e8776-4142-5c4b-9a7b-25ee57fc717d.mp3"}'::jsonb, '{"value": "lo scontrino", "accepted": ["lo scontrino"]}'::jsonb, 0.35, array['vocab_f1','writing']) on conflict (id) do nothing;
insert into content_items(id,course_id,cefr_level,skill,type,prompt,payload,correct_answer,difficulty,tags) values ('53afff59-4916-5f56-bbed-c6c7dcc94968', '20000000-0000-0000-0000-000000000004', 'A2', 'writing', 'cloze', 'Completa la frase con la palabra que falta.', '{"text": "Preferisce pagare in contanti o con la carta?", "audio_url": "https://wiauinufpbkmjlbqlkxo.supabase.co/storage/v1/object/public/audio/items/53afff59-4916-5f56-bbed-c6c7dcc94968.mp3"}'::jsonb, '{"value": "contanti", "accepted": ["contanti"]}'::jsonb, 0.35, array['vocab_f1','writing']) on conflict (id) do nothing;
insert into content_items(id,course_id,cefr_level,skill,type,prompt,payload,correct_answer,difficulty,tags) values ('97e779e1-c653-5de5-8c37-9361ee8ccebe', '20000000-0000-0000-0000-000000000004', 'A2', 'writing', 'cloze', 'Completa la frase con la palabra que falta.', '{"text": "Ecco il resto, sono cinque euro.", "audio_url": "https://wiauinufpbkmjlbqlkxo.supabase.co/storage/v1/object/public/audio/items/97e779e1-c653-5de5-8c37-9361ee8ccebe.mp3"}'::jsonb, '{"value": "il resto", "accepted": ["il resto"]}'::jsonb, 0.35, array['vocab_f1','writing']) on conflict (id) do nothing;
insert into content_items(id,course_id,cefr_level,skill,type,prompt,payload,correct_answer,difficulty,tags) values ('7cadad65-0e04-5e40-a8a5-3371b1972d38', '20000000-0000-0000-0000-000000000004', 'A2', 'writing', 'cloze', 'Completa la frase con la palabra que falta.', '{"text": "Il commesso mi ha aiutato a scegliere la giacca.", "audio_url": "https://wiauinufpbkmjlbqlkxo.supabase.co/storage/v1/object/public/audio/items/7cadad65-0e04-5e40-a8a5-3371b1972d38.mp3"}'::jsonb, '{"value": "commesso", "accepted": ["commesso"]}'::jsonb, 0.35, array['vocab_f1','writing']) on conflict (id) do nothing;
insert into content_items(id,course_id,cefr_level,skill,type,prompt,payload,correct_answer,difficulty,tags) values ('5c6c3418-c5f6-556b-b9d8-7d28f94da302', '20000000-0000-0000-0000-000000000004', 'A2', 'writing', 'cloze', 'Completa la frase con la palabra que falta.', '{"text": "Il sabato faccio la spesa al supermercato.", "audio_url": "https://wiauinufpbkmjlbqlkxo.supabase.co/storage/v1/object/public/audio/items/5c6c3418-c5f6-556b-b9d8-7d28f94da302.mp3"}'::jsonb, '{"value": "la spesa", "accepted": ["la spesa"]}'::jsonb, 0.35, array['vocab_f1','writing']) on conflict (id) do nothing;
insert into content_items(id,course_id,cefr_level,skill,type,prompt,payload,correct_answer,difficulty,tags) values ('f113da0f-5718-5163-87e8-ec3e0428e536', '20000000-0000-0000-0000-000000000004', 'A2', 'reading', 'match', 'Empareja cada palabra con su traducción.', '{"pairs": [{"en": "i saldi", "es": "las rebajas"}, {"en": "lo sconto", "es": "el descuento"}, {"en": "la taglia", "es": "la talla"}, {"en": "provare", "es": "probarse"}, {"en": "lo scontrino", "es": "el recibo/ticket"}]}'::jsonb, '{"pairs": [["i saldi", "las rebajas"], ["lo sconto", "el descuento"], ["la taglia", "la talla"], ["provare", "probarse"], ["lo scontrino", "el recibo/ticket"]]}'::jsonb, 0.15, array['vocab_f1','reading']) on conflict (id) do nothing;
insert into content_items(id,course_id,cefr_level,skill,type,prompt,payload,correct_answer,difficulty,tags) values ('66d1f910-5785-5662-9a6e-7fd5439e90bf', '20000000-0000-0000-0000-000000000004', 'A2', 'reading', 'match', 'Empareja cada palabra con su traducción.', '{"pairs": [{"en": "i contanti", "es": "el efectivo"}, {"en": "il resto", "es": "el cambio/vuelto"}, {"en": "il commesso", "es": "el dependiente"}, {"en": "la spesa", "es": "la compra"}]}'::jsonb, '{"pairs": [["i contanti", "el efectivo"], ["il resto", "el cambio/vuelto"], ["il commesso", "el dependiente"], ["la spesa", "la compra"]]}'::jsonb, 0.15, array['vocab_f1','reading']) on conflict (id) do nothing;
insert into content_items(id,course_id,cefr_level,skill,type,prompt,payload,correct_answer,difficulty,tags) values ('5991aaa7-64a1-5376-b8c5-8b2ed2d670c7', '20000000-0000-0000-0000-000000000004', 'A2', 'writing', 'cloze', 'Completa la frase con la palabra que falta.', '{"text": "Ho riempito il carrello di frutta e verdura.", "audio_url": "https://wiauinufpbkmjlbqlkxo.supabase.co/storage/v1/object/public/audio/items/5991aaa7-64a1-5376-b8c5-8b2ed2d670c7.mp3"}'::jsonb, '{"value": "il carrello", "accepted": ["il carrello"]}'::jsonb, 0.35, array['vocab_f1','writing']) on conflict (id) do nothing;
insert into content_items(id,course_id,cefr_level,skill,type,prompt,payload,correct_answer,difficulty,tags) values ('39bf01b9-4bd7-5e0a-b111-0775957b26d3', '20000000-0000-0000-0000-000000000004', 'A2', 'writing', 'cloze', 'Completa la frase con la palabra que falta.', '{"text": "Paghiamo alla cassa numero tre.", "audio_url": "https://wiauinufpbkmjlbqlkxo.supabase.co/storage/v1/object/public/audio/items/39bf01b9-4bd7-5e0a-b111-0775957b26d3.mp3"}'::jsonb, '{"value": "cassa", "accepted": ["cassa"]}'::jsonb, 0.35, array['vocab_f1','writing']) on conflict (id) do nothing;
insert into content_items(id,course_id,cefr_level,skill,type,prompt,payload,correct_answer,difficulty,tags) values ('66dc9a19-c1a4-5bd7-a368-41a4fe1a58c9', '20000000-0000-0000-0000-000000000004', 'A2', 'writing', 'cloze', 'Completa la frase con la palabra que falta.', '{"text": "Ho visto un bel vestito in vetrina.", "audio_url": "https://wiauinufpbkmjlbqlkxo.supabase.co/storage/v1/object/public/audio/items/66dc9a19-c1a4-5bd7-a368-41a4fe1a58c9.mp3"}'::jsonb, '{"value": "vetrina", "accepted": ["vetrina"]}'::jsonb, 0.35, array['vocab_f1','writing']) on conflict (id) do nothing;
insert into content_items(id,course_id,cefr_level,skill,type,prompt,payload,correct_answer,difficulty,tags) values ('ebf822b2-fa76-54d2-8a86-da0b7a292bdf', '20000000-0000-0000-0000-000000000004', 'A2', 'writing', 'cloze', 'Completa la frase con la palabra que falta.', '{"text": "Questa borsa di pelle costa troppo.", "audio_url": "https://wiauinufpbkmjlbqlkxo.supabase.co/storage/v1/object/public/audio/items/ebf822b2-fa76-54d2-8a86-da0b7a292bdf.mp3"}'::jsonb, '{"value": "borsa", "accepted": ["borsa"]}'::jsonb, 0.35, array['vocab_f1','writing']) on conflict (id) do nothing;
insert into content_items(id,course_id,cefr_level,skill,type,prompt,payload,correct_answer,difficulty,tags) values ('df54e337-bf33-591e-8bb4-cc49aeb46253', '20000000-0000-0000-0000-000000000004', 'A2', 'writing', 'cloze', 'Completa la frase con la palabra que falta.', '{"text": "Ho lasciato il portafoglio a casa.", "audio_url": "https://wiauinufpbkmjlbqlkxo.supabase.co/storage/v1/object/public/audio/items/df54e337-bf33-591e-8bb4-cc49aeb46253.mp3"}'::jsonb, '{"value": "il portafoglio", "accepted": ["il portafoglio"]}'::jsonb, 0.35, array['vocab_f1','writing']) on conflict (id) do nothing;
insert into content_items(id,course_id,cefr_level,skill,type,prompt,payload,correct_answer,difficulty,tags) values ('e3417676-7368-5bb1-ae20-85627e08be00', '20000000-0000-0000-0000-000000000004', 'A2', 'writing', 'cloze', 'Completa la frase con la palabra que falta.', '{"text": "Il camerino per provare i vestiti è in fondo.", "audio_url": "https://wiauinufpbkmjlbqlkxo.supabase.co/storage/v1/object/public/audio/items/e3417676-7368-5bb1-ae20-85627e08be00.mp3"}'::jsonb, '{"value": "camerino", "accepted": ["camerino"]}'::jsonb, 0.35, array['vocab_f1','writing']) on conflict (id) do nothing;
insert into content_items(id,course_id,cefr_level,skill,type,prompt,payload,correct_answer,difficulty,tags) values ('9c376f84-c12d-5e4b-bcf7-97d1c679504e', '20000000-0000-0000-0000-000000000004', 'A2', 'writing', 'cloze', 'Completa la frase con la palabra que falta.', '{"text": "Non voglio spendere troppo per le scarpe.", "audio_url": "https://wiauinufpbkmjlbqlkxo.supabase.co/storage/v1/object/public/audio/items/9c376f84-c12d-5e4b-bcf7-97d1c679504e.mp3"}'::jsonb, '{"value": "spendere", "accepted": ["spendere"]}'::jsonb, 0.35, array['vocab_f1','writing']) on conflict (id) do nothing;
insert into content_items(id,course_id,cefr_level,skill,type,prompt,payload,correct_answer,difficulty,tags) values ('25719a5c-bdac-5f88-a354-7ec02dd9b916', '20000000-0000-0000-0000-000000000004', 'A2', 'writing', 'cloze', 'Completa la frase con la palabra que falta.', '{"text": "C''è una lunga fila davanti alla cassa.", "audio_url": "https://wiauinufpbkmjlbqlkxo.supabase.co/storage/v1/object/public/audio/items/25719a5c-bdac-5f88-a354-7ec02dd9b916.mp3"}'::jsonb, '{"value": "fila", "accepted": ["fila"]}'::jsonb, 0.35, array['vocab_f1','writing']) on conflict (id) do nothing;
insert into content_items(id,course_id,cefr_level,skill,type,prompt,payload,correct_answer,difficulty,tags) values ('fa77c005-2d2e-53c0-9fc3-5c03b4b5eda8', '20000000-0000-0000-0000-000000000004', 'A2', 'writing', 'cloze', 'Completa la frase con la palabra que falta.', '{"text": "Può incartare questo regalo, per favore?", "audio_url": "https://wiauinufpbkmjlbqlkxo.supabase.co/storage/v1/object/public/audio/items/fa77c005-2d2e-53c0-9fc3-5c03b4b5eda8.mp3"}'::jsonb, '{"value": "incartare", "accepted": ["incartare"]}'::jsonb, 0.35, array['vocab_f1','writing']) on conflict (id) do nothing;
insert into content_items(id,course_id,cefr_level,skill,type,prompt,payload,correct_answer,difficulty,tags) values ('6a9d7c53-d698-54fb-bd10-d14dfd8176c5', '20000000-0000-0000-0000-000000000004', 'A2', 'reading', 'match', 'Empareja cada palabra con su traducción.', '{"pairs": [{"en": "il carrello", "es": "el carrito"}, {"en": "la cassa", "es": "la caja"}, {"en": "la vetrina", "es": "el escaparate/la vitrina"}, {"en": "la borsa", "es": "el bolso"}, {"en": "il portafoglio", "es": "la cartera/billetera"}]}'::jsonb, '{"pairs": [["il carrello", "el carrito"], ["la cassa", "la caja"], ["la vetrina", "el escaparate/la vitrina"], ["la borsa", "el bolso"], ["il portafoglio", "la cartera/billetera"]]}'::jsonb, 0.15, array['vocab_f1','reading']) on conflict (id) do nothing;
insert into content_items(id,course_id,cefr_level,skill,type,prompt,payload,correct_answer,difficulty,tags) values ('98311e5b-f7fb-5a77-ae8b-b77421402065', '20000000-0000-0000-0000-000000000004', 'A2', 'reading', 'match', 'Empareja cada palabra con su traducción.', '{"pairs": [{"en": "il camerino", "es": "el probador"}, {"en": "spendere", "es": "gastar"}, {"en": "la fila", "es": "la cola/fila"}, {"en": "incartare", "es": "envolver"}]}'::jsonb, '{"pairs": [["il camerino", "el probador"], ["spendere", "gastar"], ["la fila", "la cola/fila"], ["incartare", "envolver"]]}'::jsonb, 0.15, array['vocab_f1','reading']) on conflict (id) do nothing;
insert into content_items(id,course_id,cefr_level,skill,type,prompt,payload,correct_answer,difficulty,tags) values ('bbfaf7a7-2c88-575d-8692-77fb461edfa3', '20000000-0000-0000-0000-000000000004', 'A2', 'writing', 'cloze', 'Completa la frase con la palabra que falta.', '{"text": "La merce in offerta è vicino all''entrata.", "audio_url": "https://wiauinufpbkmjlbqlkxo.supabase.co/storage/v1/object/public/audio/items/bbfaf7a7-2c88-575d-8692-77fb461edfa3.mp3"}'::jsonb, '{"value": "merce", "accepted": ["merce"]}'::jsonb, 0.35, array['vocab_f1','writing']) on conflict (id) do nothing;
insert into content_items(id,course_id,cefr_level,skill,type,prompt,payload,correct_answer,difficulty,tags) values ('bd77fdcd-b7e3-5ad8-a5a1-a8320875a8b3', '20000000-0000-0000-0000-000000000004', 'A2', 'writing', 'cloze', 'Completa la frase con la palabra que falta.', '{"text": "Le magliette sono nel reparto uomo.", "audio_url": "https://wiauinufpbkmjlbqlkxo.supabase.co/storage/v1/object/public/audio/items/bd77fdcd-b7e3-5ad8-a5a1-a8320875a8b3.mp3"}'::jsonb, '{"value": "reparto", "accepted": ["reparto"]}'::jsonb, 0.35, array['vocab_f1','writing']) on conflict (id) do nothing;
insert into content_items(id,course_id,cefr_level,skill,type,prompt,payload,correct_answer,difficulty,tags) values ('eaa25ac7-3b28-5e6f-86e2-110486c7d6d5', '20000000-0000-0000-0000-000000000004', 'A2', 'writing', 'cloze', 'Completa la frase con la palabra que falta.', '{"text": "Questo negozio è molto economico.", "audio_url": "https://wiauinufpbkmjlbqlkxo.supabase.co/storage/v1/object/public/audio/items/eaa25ac7-3b28-5e6f-86e2-110486c7d6d5.mp3"}'::jsonb, '{"value": "economico", "accepted": ["economico"]}'::jsonb, 0.35, array['vocab_f1','writing']) on conflict (id) do nothing;
insert into content_items(id,course_id,cefr_level,skill,type,prompt,payload,correct_answer,difficulty,tags) values ('930210c8-fb4d-5bab-80ef-70f6f39da2b3', '20000000-0000-0000-0000-000000000004', 'A2', 'writing', 'cloze', 'Completa la frase con la palabra que falta.', '{"text": "A quel prezzo è proprio un affare!", "audio_url": "https://wiauinufpbkmjlbqlkxo.supabase.co/storage/v1/object/public/audio/items/930210c8-fb4d-5bab-80ef-70f6f39da2b3.mp3"}'::jsonb, '{"value": "affare", "accepted": ["affare"]}'::jsonb, 0.35, array['vocab_f1','writing']) on conflict (id) do nothing;
insert into content_items(id,course_id,cefr_level,skill,type,prompt,payload,correct_answer,difficulty,tags) values ('cbb27ca6-1d2c-50f8-9987-c0ac1db64402', '20000000-0000-0000-0000-000000000004', 'A2', 'writing', 'cloze', 'Completa la frase con la palabra que falta.', '{"text": "Ho comprato un paio di scarpe nuove.", "audio_url": "https://wiauinufpbkmjlbqlkxo.supabase.co/storage/v1/object/public/audio/items/cbb27ca6-1d2c-50f8-9987-c0ac1db64402.mp3"}'::jsonb, '{"value": "scarpe", "accepted": ["scarpe"]}'::jsonb, 0.35, array['vocab_f1','writing']) on conflict (id) do nothing;
insert into content_items(id,course_id,cefr_level,skill,type,prompt,payload,correct_answer,difficulty,tags) values ('30729a91-0b7a-54c2-81e8-ca75978b7dd8', '20000000-0000-0000-0000-000000000004', 'A2', 'writing', 'cloze', 'Completa la frase con la palabra que falta.', '{"text": "In estate indosso sempre una maglietta leggera.", "audio_url": "https://wiauinufpbkmjlbqlkxo.supabase.co/storage/v1/object/public/audio/items/30729a91-0b7a-54c2-81e8-ca75978b7dd8.mp3"}'::jsonb, '{"value": "maglietta", "accepted": ["maglietta"]}'::jsonb, 0.35, array['vocab_f1','writing']) on conflict (id) do nothing;
insert into content_items(id,course_id,cefr_level,skill,type,prompt,payload,correct_answer,difficulty,tags) values ('33f16ed7-0476-5619-8823-f8856caf5531', '20000000-0000-0000-0000-000000000004', 'A2', 'writing', 'cloze', 'Completa la frase con la palabra que falta.', '{"text": "Mi serve una sciarpa calda per l''inverno.", "audio_url": "https://wiauinufpbkmjlbqlkxo.supabase.co/storage/v1/object/public/audio/items/33f16ed7-0476-5619-8823-f8856caf5531.mp3"}'::jsonb, '{"value": "sciarpa", "accepted": ["sciarpa"]}'::jsonb, 0.35, array['vocab_f1','writing']) on conflict (id) do nothing;
insert into content_items(id,course_id,cefr_level,skill,type,prompt,payload,correct_answer,difficulty,tags) values ('f19a3eaa-aae9-5515-b2c9-6cd48781b6ee', '20000000-0000-0000-0000-000000000004', 'A2', 'reading', 'match', 'Empareja cada palabra con su traducción.', '{"pairs": [{"en": "la merce", "es": "la mercancía"}, {"en": "il reparto", "es": "la sección/el departamento"}, {"en": "economico", "es": "barato"}, {"en": "l''affare", "es": "la ganga"}, {"en": "le scarpe", "es": "los zapatos"}]}'::jsonb, '{"pairs": [["la merce", "la mercancía"], ["il reparto", "la sección/el departamento"], ["economico", "barato"], ["l''affare", "la ganga"], ["le scarpe", "los zapatos"]]}'::jsonb, 0.15, array['vocab_f1','reading']) on conflict (id) do nothing;
insert into content_items(id,course_id,cefr_level,skill,type,prompt,payload,correct_answer,difficulty,tags) values ('234ae35e-08ff-573e-804b-4efd8b43bc7b', '20000000-0000-0000-0000-000000000004', 'A2', 'reading', 'match', 'Empareja cada palabra con su traducción.', '{"pairs": [{"en": "la maglietta", "es": "la camiseta"}, {"en": "la sciarpa", "es": "la bufanda"}]}'::jsonb, '{"pairs": [["la maglietta", "la camiseta"], ["la sciarpa", "la bufanda"]]}'::jsonb, 0.15, array['vocab_f1','reading']) on conflict (id) do nothing;
insert into content_items(id,course_id,cefr_level,skill,type,prompt,payload,correct_answer,difficulty,tags) values ('3048f4a3-bfb9-5161-9e77-5c52a431d838', '20000000-0000-0000-0000-000000000004', 'A2', 'writing', 'cloze', 'Completa la frase con la palabra que falta.', '{"text": "Devo finire il lavoro prima di cena.", "audio_url": "https://wiauinufpbkmjlbqlkxo.supabase.co/storage/v1/object/public/audio/items/3048f4a3-bfb9-5161-9e77-5c52a431d838.mp3"}'::jsonb, '{"value": "prima", "accepted": ["prima"]}'::jsonb, 0.35, array['vocab_f1','writing']) on conflict (id) do nothing;
insert into content_items(id,course_id,cefr_level,skill,type,prompt,payload,correct_answer,difficulty,tags) values ('30c5df7c-f69b-5a70-9a19-1bd7096a37b7', '20000000-0000-0000-0000-000000000004', 'A2', 'writing', 'cloze', 'Completa la frase con la palabra que falta.', '{"text": "Ci vediamo dopo pranzo.", "audio_url": "https://wiauinufpbkmjlbqlkxo.supabase.co/storage/v1/object/public/audio/items/30c5df7c-f69b-5a70-9a19-1bd7096a37b7.mp3"}'::jsonb, '{"value": "dopo", "accepted": ["dopo"]}'::jsonb, 0.35, array['vocab_f1','writing']) on conflict (id) do nothing;
insert into content_items(id,course_id,cefr_level,skill,type,prompt,payload,correct_answer,difficulty,tags) values ('2ff750e9-9c97-5844-a816-03c2bfdeda41', '20000000-0000-0000-0000-000000000004', 'A2', 'writing', 'cloze', 'Completa la frase con la palabra que falta.', '{"text": "Non posso venire adesso, sono occupato.", "audio_url": "https://wiauinufpbkmjlbqlkxo.supabase.co/storage/v1/object/public/audio/items/2ff750e9-9c97-5844-a816-03c2bfdeda41.mp3"}'::jsonb, '{"value": "adesso", "accepted": ["adesso"]}'::jsonb, 0.35, array['vocab_f1','writing']) on conflict (id) do nothing;
insert into content_items(id,course_id,cefr_level,skill,type,prompt,payload,correct_answer,difficulty,tags) values ('0c80f13e-894c-500d-8df2-bb366c941b98', '20000000-0000-0000-0000-000000000004', 'A2', 'writing', 'cloze', 'Completa la frase con la palabra que falta.', '{"text": "Che cosa fai oggi pomeriggio?", "audio_url": "https://wiauinufpbkmjlbqlkxo.supabase.co/storage/v1/object/public/audio/items/0c80f13e-894c-500d-8df2-bb366c941b98.mp3"}'::jsonb, '{"value": "oggi", "accepted": ["oggi"]}'::jsonb, 0.35, array['vocab_f1','writing']) on conflict (id) do nothing;
insert into content_items(id,course_id,cefr_level,skill,type,prompt,payload,correct_answer,difficulty,tags) values ('9679e032-3072-5d68-a580-f2a96c860b05', '20000000-0000-0000-0000-000000000004', 'A2', 'writing', 'cloze', 'Completa la frase con la palabra que falta.', '{"text": "Ho fatto colazione presto stamattina.", "audio_url": "https://wiauinufpbkmjlbqlkxo.supabase.co/storage/v1/object/public/audio/items/9679e032-3072-5d68-a580-f2a96c860b05.mp3"}'::jsonb, '{"value": "stamattina", "accepted": ["stamattina"]}'::jsonb, 0.35, array['vocab_f1','writing']) on conflict (id) do nothing;
insert into content_items(id,course_id,cefr_level,skill,type,prompt,payload,correct_answer,difficulty,tags) values ('f85f9ce5-19f1-5f9b-8226-cef402302b4e', '20000000-0000-0000-0000-000000000004', 'A2', 'writing', 'cloze', 'Completa la frase con la palabra que falta.', '{"text": "Cosa facciamo stasera dopo cena?", "audio_url": "https://wiauinufpbkmjlbqlkxo.supabase.co/storage/v1/object/public/audio/items/f85f9ce5-19f1-5f9b-8226-cef402302b4e.mp3"}'::jsonb, '{"value": "stasera", "accepted": ["stasera"]}'::jsonb, 0.35, array['vocab_f1','writing']) on conflict (id) do nothing;
insert into content_items(id,course_id,cefr_level,skill,type,prompt,payload,correct_answer,difficulty,tags) values ('bdd43383-ac37-5e80-815e-21512e0f40d9', '20000000-0000-0000-0000-000000000004', 'A2', 'writing', 'cloze', 'Completa la frase con la palabra que falta.', '{"text": "Nel pomeriggio faccio sempre una passeggiata.", "audio_url": "https://wiauinufpbkmjlbqlkxo.supabase.co/storage/v1/object/public/audio/items/bdd43383-ac37-5e80-815e-21512e0f40d9.mp3"}'::jsonb, '{"value": "pomeriggio", "accepted": ["pomeriggio"]}'::jsonb, 0.35, array['vocab_f1','writing']) on conflict (id) do nothing;
insert into content_items(id,course_id,cefr_level,skill,type,prompt,payload,correct_answer,difficulty,tags) values ('ac8d4d50-43cb-5eaf-8523-77f2b9aac51c', '20000000-0000-0000-0000-000000000004', 'A2', 'writing', 'cloze', 'Completa la frase con la palabra que falta.', '{"text": "Di sera preferisco leggere un libro.", "audio_url": "https://wiauinufpbkmjlbqlkxo.supabase.co/storage/v1/object/public/audio/items/ac8d4d50-43cb-5eaf-8523-77f2b9aac51c.mp3"}'::jsonb, '{"value": "sera", "accepted": ["sera"]}'::jsonb, 0.35, array['vocab_f1','writing']) on conflict (id) do nothing;
insert into content_items(id,course_id,cefr_level,skill,type,prompt,payload,correct_answer,difficulty,tags) values ('cd9e1ac6-8fde-574f-aef9-8891dfafc7af', '20000000-0000-0000-0000-000000000004', 'A2', 'writing', 'cloze', 'Completa la frase con la palabra que falta.', '{"text": "La notte dormo circa otto ore.", "audio_url": "https://wiauinufpbkmjlbqlkxo.supabase.co/storage/v1/object/public/audio/items/cd9e1ac6-8fde-574f-aef9-8891dfafc7af.mp3"}'::jsonb, '{"value": "notte", "accepted": ["notte"]}'::jsonb, 0.35, array['vocab_f1','writing']) on conflict (id) do nothing;
insert into content_items(id,course_id,cefr_level,skill,type,prompt,payload,correct_answer,difficulty,tags) values ('450a66d9-fb81-53c9-9c57-142c492ba0f8', '20000000-0000-0000-0000-000000000004', 'A2', 'writing', 'cloze', 'Completa la frase con la palabra que falta.', '{"text": "Ho molta fretta, sono in ritardo.", "audio_url": "https://wiauinufpbkmjlbqlkxo.supabase.co/storage/v1/object/public/audio/items/450a66d9-fb81-53c9-9c57-142c492ba0f8.mp3"}'::jsonb, '{"value": "fretta", "accepted": ["fretta"]}'::jsonb, 0.35, array['vocab_f1','writing']) on conflict (id) do nothing;
insert into content_items(id,course_id,cefr_level,skill,type,prompt,payload,correct_answer,difficulty,tags) values ('a0f247fd-8285-509f-bffc-6a37007fc9ba', '20000000-0000-0000-0000-000000000004', 'A2', 'writing', 'cloze', 'Completa la frase con la palabra que falta.', '{"text": "Viviamo nel ventunesimo secolo.", "audio_url": "https://wiauinufpbkmjlbqlkxo.supabase.co/storage/v1/object/public/audio/items/a0f247fd-8285-509f-bffc-6a37007fc9ba.mp3"}'::jsonb, '{"value": "secolo", "accepted": ["secolo"]}'::jsonb, 0.35, array['vocab_f1','writing']) on conflict (id) do nothing;
insert into content_items(id,course_id,cefr_level,skill,type,prompt,payload,correct_answer,difficulty,tags) values ('8d8c8f6b-5645-51f8-b0a8-6504b31e6f97', '20000000-0000-0000-0000-000000000004', 'A2', 'writing', 'cloze', 'Completa la frase con la palabra que falta.', '{"text": "D''estate vado spesso al mare.", "audio_url": "https://wiauinufpbkmjlbqlkxo.supabase.co/storage/v1/object/public/audio/items/8d8c8f6b-5645-51f8-b0a8-6504b31e6f97.mp3"}'::jsonb, '{"value": "spesso", "accepted": ["spesso"]}'::jsonb, 0.35, array['vocab_f1','writing']) on conflict (id) do nothing;
insert into content_items(id,course_id,cefr_level,skill,type,prompt,payload,correct_answer,difficulty,tags) values ('3cc291e5-fb0d-5d33-91db-f10125554e36', '20000000-0000-0000-0000-000000000004', 'A2', 'reading', 'match', 'Empareja cada palabra con su traducción.', '{"pairs": [{"en": "prima", "es": "antes"}, {"en": "dopo", "es": "después"}, {"en": "adesso", "es": "ahora"}, {"en": "oggi", "es": "hoy"}, {"en": "stamattina", "es": "esta mañana"}]}'::jsonb, '{"pairs": [["prima", "antes"], ["dopo", "después"], ["adesso", "ahora"], ["oggi", "hoy"], ["stamattina", "esta mañana"]]}'::jsonb, 0.15, array['vocab_f1','reading']) on conflict (id) do nothing;
insert into content_items(id,course_id,cefr_level,skill,type,prompt,payload,correct_answer,difficulty,tags) values ('9d4cae61-2543-5d44-851e-34d37e895531', '20000000-0000-0000-0000-000000000004', 'A2', 'reading', 'match', 'Empareja cada palabra con su traducción.', '{"pairs": [{"en": "stasera", "es": "esta noche"}, {"en": "il pomeriggio", "es": "la tarde"}, {"en": "la sera", "es": "la tarde-noche"}, {"en": "la notte", "es": "la noche"}, {"en": "la fretta", "es": "la prisa"}]}'::jsonb, '{"pairs": [["stasera", "esta noche"], ["il pomeriggio", "la tarde"], ["la sera", "la tarde-noche"], ["la notte", "la noche"], ["la fretta", "la prisa"]]}'::jsonb, 0.15, array['vocab_f1','reading']) on conflict (id) do nothing;
insert into content_items(id,course_id,cefr_level,skill,type,prompt,payload,correct_answer,difficulty,tags) values ('ff2ae65a-fd66-51fa-a83d-f088ef84071a', '20000000-0000-0000-0000-000000000004', 'A2', 'reading', 'match', 'Empareja cada palabra con su traducción.', '{"pairs": [{"en": "il secolo", "es": "el siglo"}, {"en": "spesso", "es": "a menudo"}]}'::jsonb, '{"pairs": [["il secolo", "el siglo"], ["spesso", "a menudo"]]}'::jsonb, 0.15, array['vocab_f1','reading']) on conflict (id) do nothing;
insert into content_items(id,course_id,cefr_level,skill,type,prompt,payload,correct_answer,difficulty,tags) values ('18445c05-fb26-5f92-ba76-d6df6cdc68fc', '20000000-0000-0000-0000-000000000004', 'A2', 'writing', 'cloze', 'Completa la frase con la palabra que falta.', '{"text": "Non sono mai stato in Giappone.", "audio_url": "https://wiauinufpbkmjlbqlkxo.supabase.co/storage/v1/object/public/audio/items/18445c05-fb26-5f92-ba76-d6df6cdc68fc.mp3"}'::jsonb, '{"value": "mai", "accepted": ["mai"]}'::jsonb, 0.35, array['vocab_f1','writing']) on conflict (id) do nothing;
insert into content_items(id,course_id,cefr_level,skill,type,prompt,payload,correct_answer,difficulty,tags) values ('f7eb0de1-e9be-5c47-a4ad-4ba4dd674cd8', '20000000-0000-0000-0000-000000000004', 'A2', 'writing', 'cloze', 'Completa la frase con la palabra que falta.', '{"text": "Non ho ancora finito i compiti.", "audio_url": "https://wiauinufpbkmjlbqlkxo.supabase.co/storage/v1/object/public/audio/items/f7eb0de1-e9be-5c47-a4ad-4ba4dd674cd8.mp3"}'::jsonb, '{"value": "ancora", "accepted": ["ancora"]}'::jsonb, 0.35, array['vocab_f1','writing']) on conflict (id) do nothing;
insert into content_items(id,course_id,cefr_level,skill,type,prompt,payload,correct_answer,difficulty,tags) values ('feaf7769-8e62-5cf2-a1b5-f63bcd79db63', '20000000-0000-0000-0000-000000000004', 'A2', 'writing', 'cloze', 'Completa la frase con la palabra que falta.', '{"text": "Sono appena arrivato a casa.", "audio_url": "https://wiauinufpbkmjlbqlkxo.supabase.co/storage/v1/object/public/audio/items/feaf7769-8e62-5cf2-a1b5-f63bcd79db63.mp3"}'::jsonb, '{"value": "appena", "accepted": ["appena"]}'::jsonb, 0.35, array['vocab_f1','writing']) on conflict (id) do nothing;
insert into content_items(id,course_id,cefr_level,skill,type,prompt,payload,correct_answer,difficulty,tags) values ('b4978012-f4d2-57c6-b888-8642cac04140', '20000000-0000-0000-0000-000000000004', 'A2', 'writing', 'cloze', 'Completa la frase con la palabra que falta.', '{"text": "È ormai troppo tardi per chiamarlo.", "audio_url": "https://wiauinufpbkmjlbqlkxo.supabase.co/storage/v1/object/public/audio/items/b4978012-f4d2-57c6-b888-8642cac04140.mp3"}'::jsonb, '{"value": "ormai", "accepted": ["ormai"]}'::jsonb, 0.35, array['vocab_f1','writing']) on conflict (id) do nothing;
insert into content_items(id,course_id,cefr_level,skill,type,prompt,payload,correct_answer,difficulty,tags) values ('be917690-d8cf-5a47-a168-40767e87d6eb', '20000000-0000-0000-0000-000000000004', 'A2', 'writing', 'cloze', 'Completa la frase con la palabra que falta.', '{"text": "All''alba il cielo diventa rosa.", "audio_url": "https://wiauinufpbkmjlbqlkxo.supabase.co/storage/v1/object/public/audio/items/be917690-d8cf-5a47-a168-40767e87d6eb.mp3"}'::jsonb, '{"value": "alba", "accepted": ["alba"]}'::jsonb, 0.35, array['vocab_f1','writing']) on conflict (id) do nothing;
insert into content_items(id,course_id,cefr_level,skill,type,prompt,payload,correct_answer,difficulty,tags) values ('65223e87-e76f-53fa-96ee-ea7225950149', '20000000-0000-0000-0000-000000000004', 'A2', 'writing', 'cloze', 'Completa la frase con la palabra que falta.', '{"text": "Guardiamo il tramonto dalla spiaggia.", "audio_url": "https://wiauinufpbkmjlbqlkxo.supabase.co/storage/v1/object/public/audio/items/65223e87-e76f-53fa-96ee-ea7225950149.mp3"}'::jsonb, '{"value": "il tramonto", "accepted": ["il tramonto"]}'::jsonb, 0.35, array['vocab_f1','writing']) on conflict (id) do nothing;
insert into content_items(id,course_id,cefr_level,skill,type,prompt,payload,correct_answer,difficulty,tags) values ('0c2372d4-50e3-5085-8159-926212c2063b', '20000000-0000-0000-0000-000000000004', 'A2', 'writing', 'cloze', 'Completa la frase con la palabra que falta.', '{"text": "Alla fine del film ho pianto.", "audio_url": "https://wiauinufpbkmjlbqlkxo.supabase.co/storage/v1/object/public/audio/items/0c2372d4-50e3-5085-8159-926212c2063b.mp3"}'::jsonb, '{"value": "fine", "accepted": ["fine"]}'::jsonb, 0.35, array['vocab_f1','writing']) on conflict (id) do nothing;
insert into content_items(id,course_id,cefr_level,skill,type,prompt,payload,correct_answer,difficulty,tags) values ('6fcd92b5-7cbf-5506-8135-c6bd1c57c881', '20000000-0000-0000-0000-000000000004', 'A2', 'writing', 'cloze', 'Completa la frase con la palabra que falta.', '{"text": "La mattina di solito bevo un caffè.", "audio_url": "https://wiauinufpbkmjlbqlkxo.supabase.co/storage/v1/object/public/audio/items/6fcd92b5-7cbf-5506-8135-c6bd1c57c881.mp3"}'::jsonb, '{"value": "di solito", "accepted": ["di solito"]}'::jsonb, 0.35, array['vocab_f1','writing']) on conflict (id) do nothing;
insert into content_items(id,course_id,cefr_level,skill,type,prompt,payload,correct_answer,difficulty,tags) values ('9586a922-b20c-5127-b4de-b646a2aeb96b', '20000000-0000-0000-0000-000000000004', 'A2', 'writing', 'cloze', 'Completa la frase con la palabra que falta.', '{"text": "Il treno parte tra poco.", "audio_url": "https://wiauinufpbkmjlbqlkxo.supabase.co/storage/v1/object/public/audio/items/9586a922-b20c-5127-b4de-b646a2aeb96b.mp3"}'::jsonb, '{"value": "tra poco", "accepted": ["tra poco"]}'::jsonb, 0.35, array['vocab_f1','writing']) on conflict (id) do nothing;
insert into content_items(id,course_id,cefr_level,skill,type,prompt,payload,correct_answer,difficulty,tags) values ('214e8731-b714-5764-bde6-97a704c7593a', '20000000-0000-0000-0000-000000000004', 'A2', 'writing', 'cloze', 'Completa la frase con la palabra que falta.', '{"text": "Il mio compleanno è a marzo.", "audio_url": "https://wiauinufpbkmjlbqlkxo.supabase.co/storage/v1/object/public/audio/items/214e8731-b714-5764-bde6-97a704c7593a.mp3"}'::jsonb, '{"value": "compleanno", "accepted": ["compleanno"]}'::jsonb, 0.35, array['vocab_f1','writing']) on conflict (id) do nothing;
insert into content_items(id,course_id,cefr_level,skill,type,prompt,payload,correct_answer,difficulty,tags) values ('1dd51f81-c687-5a39-865e-2ed4f97e28da', '20000000-0000-0000-0000-000000000004', 'A2', 'reading', 'match', 'Empareja cada palabra con su traducción.', '{"pairs": [{"en": "mai", "es": "nunca"}, {"en": "ancora", "es": "todavía"}, {"en": "appena", "es": "recién"}, {"en": "ormai", "es": "ya (a estas alturas)"}, {"en": "l''alba", "es": "el amanecer"}]}'::jsonb, '{"pairs": [["mai", "nunca"], ["ancora", "todavía"], ["appena", "recién"], ["ormai", "ya (a estas alturas)"], ["l''alba", "el amanecer"]]}'::jsonb, 0.15, array['vocab_f1','reading']) on conflict (id) do nothing;
insert into content_items(id,course_id,cefr_level,skill,type,prompt,payload,correct_answer,difficulty,tags) values ('e44f53c2-f281-5015-ab4d-b4f1ad5473d4', '20000000-0000-0000-0000-000000000004', 'A2', 'reading', 'match', 'Empareja cada palabra con su traducción.', '{"pairs": [{"en": "il tramonto", "es": "el atardecer"}, {"en": "la fine", "es": "el final"}, {"en": "di solito", "es": "normalmente"}, {"en": "a volte", "es": "a veces"}, {"en": "tra poco", "es": "dentro de poco"}]}'::jsonb, '{"pairs": [["il tramonto", "el atardecer"], ["la fine", "el final"], ["di solito", "normalmente"], ["a volte", "a veces"], ["tra poco", "dentro de poco"]]}'::jsonb, 0.15, array['vocab_f1','reading']) on conflict (id) do nothing;
insert into content_items(id,course_id,cefr_level,skill,type,prompt,payload,correct_answer,difficulty,tags) values ('d000c06f-21bd-5fbd-8e8a-351d64d61a9f', '20000000-0000-0000-0000-000000000004', 'B1', 'writing', 'cloze', 'Completa la frase con la palabra que falta.', '{"text": "Ho preso il raffreddore e ora starnutisco tutto il giorno.", "audio_url": "https://wiauinufpbkmjlbqlkxo.supabase.co/storage/v1/object/public/audio/items/d000c06f-21bd-5fbd-8e8a-351d64d61a9f.mp3"}'::jsonb, '{"value": "il raffreddore", "accepted": ["il raffreddore"]}'::jsonb, 0.35, array['vocab_f1','writing']) on conflict (id) do nothing;
insert into content_items(id,course_id,cefr_level,skill,type,prompt,payload,correct_answer,difficulty,tags) values ('e25565bf-ca8a-538f-8783-4c8095799327', '20000000-0000-0000-0000-000000000004', 'B1', 'writing', 'cloze', 'Completa la frase con la palabra que falta.', '{"text": "Con un po'' di riposo puoi guarire in pochi giorni.", "audio_url": "https://wiauinufpbkmjlbqlkxo.supabase.co/storage/v1/object/public/audio/items/e25565bf-ca8a-538f-8783-4c8095799327.mp3"}'::jsonb, '{"value": "guarire", "accepted": ["guarire"]}'::jsonb, 0.35, array['vocab_f1','writing']) on conflict (id) do nothing;
insert into content_items(id,course_id,cefr_level,skill,type,prompt,payload,correct_answer,difficulty,tags) values ('a88a8f88-7ad3-5579-8e54-ae780a50d7d7', '20000000-0000-0000-0000-000000000004', 'B1', 'writing', 'cloze', 'Completa la frase con la palabra que falta.', '{"text": "Il medico mi ha dato la ricetta per l''antibiotico.", "audio_url": "https://wiauinufpbkmjlbqlkxo.supabase.co/storage/v1/object/public/audio/items/a88a8f88-7ad3-5579-8e54-ae780a50d7d7.mp3"}'::jsonb, '{"value": "la ricetta", "accepted": ["la ricetta"]}'::jsonb, 0.35, array['vocab_f1','writing']) on conflict (id) do nothing;
insert into content_items(id,course_id,cefr_level,skill,type,prompt,payload,correct_answer,difficulty,tags) values ('074b3968-3f02-5acb-a9cf-50e65fb852f3', '20000000-0000-0000-0000-000000000004', 'B1', 'writing', 'cloze', 'Completa la frase con la palabra que falta.', '{"text": "Se bevi troppo alcol, il fegato ne soffre.", "audio_url": "https://wiauinufpbkmjlbqlkxo.supabase.co/storage/v1/object/public/audio/items/074b3968-3f02-5acb-a9cf-50e65fb852f3.mp3"}'::jsonb, '{"value": "il fegato", "accepted": ["il fegato"]}'::jsonb, 0.35, array['vocab_f1','writing']) on conflict (id) do nothing;
insert into content_items(id,course_id,cefr_level,skill,type,prompt,payload,correct_answer,difficulty,tags) values ('7788e9f0-945c-5241-b42d-58baf5c666a7', '20000000-0000-0000-0000-000000000004', 'B1', 'writing', 'cloze', 'Completa la frase con la palabra que falta.', '{"text": "Ho la tosse da una settimana e non passa.", "audio_url": "https://wiauinufpbkmjlbqlkxo.supabase.co/storage/v1/object/public/audio/items/7788e9f0-945c-5241-b42d-58baf5c666a7.mp3"}'::jsonb, '{"value": "la tosse", "accepted": ["la tosse"]}'::jsonb, 0.35, array['vocab_f1','writing']) on conflict (id) do nothing;
insert into content_items(id,course_id,cefr_level,skill,type,prompt,payload,correct_answer,difficulty,tags) values ('c248871c-13e2-5249-bce2-b59576f10f61', '20000000-0000-0000-0000-000000000004', 'B1', 'writing', 'cloze', 'Completa la frase con la palabra que falta.', '{"text": "Mi sono tagliato un dito e ho messo il cerotto.", "audio_url": "https://wiauinufpbkmjlbqlkxo.supabase.co/storage/v1/object/public/audio/items/c248871c-13e2-5249-bce2-b59576f10f61.mp3"}'::jsonb, '{"value": "il cerotto", "accepted": ["il cerotto"]}'::jsonb, 0.35, array['vocab_f1','writing']) on conflict (id) do nothing;
insert into content_items(id,course_id,cefr_level,skill,type,prompt,payload,correct_answer,difficulty,tags) values ('975955a8-7f55-50e1-a115-47c512303807', '20000000-0000-0000-0000-000000000004', 'B1', 'writing', 'cloze', 'Completa la frase con la palabra que falta.', '{"text": "L''infermiere ha pulito la ferita con cura.", "audio_url": "https://wiauinufpbkmjlbqlkxo.supabase.co/storage/v1/object/public/audio/items/975955a8-7f55-50e1-a115-47c512303807.mp3"}'::jsonb, '{"value": "la ferita", "accepted": ["la ferita"]}'::jsonb, 0.35, array['vocab_f1','writing']) on conflict (id) do nothing;
insert into content_items(id,course_id,cefr_level,skill,type,prompt,payload,correct_answer,difficulty,tags) values ('97cce0c2-3578-5204-947e-c51a1629660c', '20000000-0000-0000-0000-000000000004', 'B1', 'writing', 'cloze', 'Completa la frase con la palabra que falta.', '{"text": "Ha la guancia gonfia per il mal di denti.", "audio_url": "https://wiauinufpbkmjlbqlkxo.supabase.co/storage/v1/object/public/audio/items/97cce0c2-3578-5204-947e-c51a1629660c.mp3"}'::jsonb, '{"value": "la guancia", "accepted": ["la guancia"]}'::jsonb, 0.35, array['vocab_f1','writing']) on conflict (id) do nothing;
insert into content_items(id,course_id,cefr_level,skill,type,prompt,payload,correct_answer,difficulty,tags) values ('9eacf5aa-e5fb-511c-8e95-4f42ee8ec148', '20000000-0000-0000-0000-000000000004', 'B1', 'writing', 'cloze', 'Completa la frase con la palabra que falta.', '{"text": "Sono caduto e mi fa male il ginocchio destro.", "audio_url": "https://wiauinufpbkmjlbqlkxo.supabase.co/storage/v1/object/public/audio/items/9eacf5aa-e5fb-511c-8e95-4f42ee8ec148.mp3"}'::jsonb, '{"value": "il ginocchio", "accepted": ["il ginocchio"]}'::jsonb, 0.35, array['vocab_f1','writing']) on conflict (id) do nothing;
insert into content_items(id,course_id,cefr_level,skill,type,prompt,payload,correct_answer,difficulty,tags) values ('95ce9765-2f82-5237-b31c-946b8a997fb5', '20000000-0000-0000-0000-000000000004', 'B1', 'writing', 'cloze', 'Completa la frase con la palabra que falta.', '{"text": "Correndo mi sono storto la caviglia.", "audio_url": "https://wiauinufpbkmjlbqlkxo.supabase.co/storage/v1/object/public/audio/items/95ce9765-2f82-5237-b31c-946b8a997fb5.mp3"}'::jsonb, '{"value": "la caviglia", "accepted": ["la caviglia"]}'::jsonb, 0.35, array['vocab_f1','writing']) on conflict (id) do nothing;
insert into content_items(id,course_id,cefr_level,skill,type,prompt,payload,correct_answer,difficulty,tags) values ('67fe8aa3-4981-5e31-94b8-f66dc8ed90df', '20000000-0000-0000-0000-000000000004', 'B1', 'writing', 'cloze', 'Completa la frase con la palabra que falta.', '{"text": "Dopo aver dormito male, ho il collo rigido.", "audio_url": "https://wiauinufpbkmjlbqlkxo.supabase.co/storage/v1/object/public/audio/items/67fe8aa3-4981-5e31-94b8-f66dc8ed90df.mp3"}'::jsonb, '{"value": "il collo", "accepted": ["il collo"]}'::jsonb, 0.35, array['vocab_f1','writing']) on conflict (id) do nothing;
insert into content_items(id,course_id,cefr_level,skill,type,prompt,payload,correct_answer,difficulty,tags) values ('b6d3654d-b19f-5278-98a1-5efbff326082', '20000000-0000-0000-0000-000000000004', 'B1', 'writing', 'cloze', 'Completa la frase con la palabra que falta.', '{"text": "Porto lo zaino e mi fa male la spalla sinistra.", "audio_url": "https://wiauinufpbkmjlbqlkxo.supabase.co/storage/v1/object/public/audio/items/b6d3654d-b19f-5278-98a1-5efbff326082.mp3"}'::jsonb, '{"value": "la spalla", "accepted": ["la spalla"]}'::jsonb, 0.35, array['vocab_f1','writing']) on conflict (id) do nothing;
insert into content_items(id,course_id,cefr_level,skill,type,prompt,payload,correct_answer,difficulty,tags) values ('6c0f4f26-c23b-54fa-83e5-e831967aa2a7', '20000000-0000-0000-0000-000000000004', 'B1', 'reading', 'match', 'Empareja cada palabra con su traducción.', '{"pairs": [{"en": "il raffreddore", "es": "el resfriado"}, {"en": "guarire", "es": "curarse/sanar"}, {"en": "la ricetta", "es": "la receta (médica)"}, {"en": "il fegato", "es": "el hígado"}, {"en": "la tosse", "es": "la tos"}]}'::jsonb, '{"pairs": [["il raffreddore", "el resfriado"], ["guarire", "curarse/sanar"], ["la ricetta", "la receta (médica)"], ["il fegato", "el hígado"], ["la tosse", "la tos"]]}'::jsonb, 0.15, array['vocab_f1','reading']) on conflict (id) do nothing;
insert into content_items(id,course_id,cefr_level,skill,type,prompt,payload,correct_answer,difficulty,tags) values ('a6fb256f-8382-5e51-b584-eb5802c78364', '20000000-0000-0000-0000-000000000004', 'B1', 'reading', 'match', 'Empareja cada palabra con su traducción.', '{"pairs": [{"en": "il cerotto", "es": "la tirita/curita"}, {"en": "la ferita", "es": "la herida"}, {"en": "la guancia", "es": "la mejilla"}, {"en": "il ginocchio", "es": "la rodilla"}, {"en": "la caviglia", "es": "el tobillo"}]}'::jsonb, '{"pairs": [["il cerotto", "la tirita/curita"], ["la ferita", "la herida"], ["la guancia", "la mejilla"], ["il ginocchio", "la rodilla"], ["la caviglia", "el tobillo"]]}'::jsonb, 0.15, array['vocab_f1','reading']) on conflict (id) do nothing;
insert into content_items(id,course_id,cefr_level,skill,type,prompt,payload,correct_answer,difficulty,tags) values ('7613f7e6-0f26-5eed-b603-374751af8030', '20000000-0000-0000-0000-000000000004', 'B1', 'reading', 'match', 'Empareja cada palabra con su traducción.', '{"pairs": [{"en": "il collo", "es": "el cuello"}, {"en": "la spalla", "es": "el hombro"}]}'::jsonb, '{"pairs": [["il collo", "el cuello"], ["la spalla", "el hombro"]]}'::jsonb, 0.15, array['vocab_f1','reading']) on conflict (id) do nothing;
insert into content_items(id,course_id,cefr_level,skill,type,prompt,payload,correct_answer,difficulty,tags) values ('0c31c0aa-b3e2-5f42-9ccc-3ca1cd2bd790', '20000000-0000-0000-0000-000000000004', 'B1', 'writing', 'cloze', 'Completa la frase con la palabra que falta.', '{"text": "Con il raffreddore il naso cola sempre.", "audio_url": "https://wiauinufpbkmjlbqlkxo.supabase.co/storage/v1/object/public/audio/items/0c31c0aa-b3e2-5f42-9ccc-3ca1cd2bd790.mp3"}'::jsonb, '{"value": "il naso", "accepted": ["il naso"]}'::jsonb, 0.35, array['vocab_f1','writing']) on conflict (id) do nothing;
insert into content_items(id,course_id,cefr_level,skill,type,prompt,payload,correct_answer,difficulty,tags) values ('14fd8dd7-d627-5af8-8171-116604bf76c2', '20000000-0000-0000-0000-000000000004', 'B1', 'writing', 'cloze', 'Completa la frase con la palabra que falta.', '{"text": "Mi fa male l''orecchio quando sento rumori forti.", "audio_url": "https://wiauinufpbkmjlbqlkxo.supabase.co/storage/v1/object/public/audio/items/14fd8dd7-d627-5af8-8171-116604bf76c2.mp3"}'::jsonb, '{"value": "l''orecchio", "accepted": ["l''orecchio"]}'::jsonb, 0.35, array['vocab_f1','writing']) on conflict (id) do nothing;
insert into content_items(id,course_id,cefr_level,skill,type,prompt,payload,correct_answer,difficulty,tags) values ('90aa6a62-c181-5011-a9ba-941267dc2dc2', '20000000-0000-0000-0000-000000000004', 'B1', 'writing', 'cloze', 'Completa la frase con la palabra que falta.', '{"text": "In estate uso la crema per proteggere la pelle.", "audio_url": "https://wiauinufpbkmjlbqlkxo.supabase.co/storage/v1/object/public/audio/items/90aa6a62-c181-5011-a9ba-941267dc2dc2.mp3"}'::jsonb, '{"value": "la pelle", "accepted": ["la pelle"]}'::jsonb, 0.35, array['vocab_f1','writing']) on conflict (id) do nothing;
insert into content_items(id,course_id,cefr_level,skill,type,prompt,payload,correct_answer,difficulty,tags) values ('715129b3-cd67-54d5-bd40-f502bfa80b2e', '20000000-0000-0000-0000-000000000004', 'B1', 'writing', 'cloze', 'Completa la frase con la palabra que falta.', '{"text": "Dopo la corsa il cuore batte veloce.", "audio_url": "https://wiauinufpbkmjlbqlkxo.supabase.co/storage/v1/object/public/audio/items/715129b3-cd67-54d5-bd40-f502bfa80b2e.mp3"}'::jsonb, '{"value": "il cuore", "accepted": ["il cuore"]}'::jsonb, 0.35, array['vocab_f1','writing']) on conflict (id) do nothing;
insert into content_items(id,course_id,cefr_level,skill,type,prompt,payload,correct_answer,difficulty,tags) values ('dd3b2b70-932f-5d83-ac7d-652e5b04b5ac', '20000000-0000-0000-0000-000000000004', 'B1', 'writing', 'cloze', 'Completa la frase con la palabra que falta.', '{"text": "Prendo la pillola per il mal di testa dopo cena.", "audio_url": "https://wiauinufpbkmjlbqlkxo.supabase.co/storage/v1/object/public/audio/items/dd3b2b70-932f-5d83-ac7d-652e5b04b5ac.mp3"}'::jsonb, '{"value": "la pillola", "accepted": ["la pillola"]}'::jsonb, 0.35, array['vocab_f1','writing']) on conflict (id) do nothing;
insert into content_items(id,course_id,cefr_level,skill,type,prompt,payload,correct_answer,difficulty,tags) values ('4da33fba-78ea-5f90-abf5-2050fc52e3eb', '20000000-0000-0000-0000-000000000004', 'B1', 'writing', 'cloze', 'Completa la frase con la palabra que falta.', '{"text": "La polvere mi fa starnutire di continuo.", "audio_url": "https://wiauinufpbkmjlbqlkxo.supabase.co/storage/v1/object/public/audio/items/4da33fba-78ea-5f90-abf5-2050fc52e3eb.mp3"}'::jsonb, '{"value": "starnutire", "accepted": ["starnutire"]}'::jsonb, 0.35, array['vocab_f1','writing']) on conflict (id) do nothing;
insert into content_items(id,course_id,cefr_level,skill,type,prompt,payload,correct_answer,difficulty,tags) values ('232ae30d-c66f-5604-aeb4-5b6c1f4f89bb', '20000000-0000-0000-0000-000000000004', 'B1', 'writing', 'cloze', 'Completa la frase con la palabra que falta.', '{"text": "Con questo freddo è facile ammalarsi.", "audio_url": "https://wiauinufpbkmjlbqlkxo.supabase.co/storage/v1/object/public/audio/items/232ae30d-c66f-5604-aeb4-5b6c1f4f89bb.mp3"}'::jsonb, '{"value": "ammalarsi", "accepted": ["ammalarsi"]}'::jsonb, 0.35, array['vocab_f1','writing']) on conflict (id) do nothing;
insert into content_items(id,course_id,cefr_level,skill,type,prompt,payload,correct_answer,difficulty,tags) values ('ff8c914d-af86-5db3-85ca-b0c40406b169', '20000000-0000-0000-0000-000000000004', 'B1', 'writing', 'cloze', 'Completa la frase con la palabra que falta.', '{"text": "Mi sono bruciato il dito toccando la pentola.", "audio_url": "https://wiauinufpbkmjlbqlkxo.supabase.co/storage/v1/object/public/audio/items/ff8c914d-af86-5db3-85ca-b0c40406b169.mp3"}'::jsonb, '{"value": "il dito", "accepted": ["il dito"]}'::jsonb, 0.35, array['vocab_f1','writing']) on conflict (id) do nothing;
insert into content_items(id,course_id,cefr_level,skill,type,prompt,payload,correct_answer,difficulty,tags) values ('a36f218f-2040-591d-9e8a-d3f696d9296d', '20000000-0000-0000-0000-000000000004', 'B1', 'writing', 'cloze', 'Completa la frase con la palabra que falta.', '{"text": "Il fumo fa molto male al polmone.", "audio_url": "https://wiauinufpbkmjlbqlkxo.supabase.co/storage/v1/object/public/audio/items/a36f218f-2040-591d-9e8a-d3f696d9296d.mp3"}'::jsonb, '{"value": "polmone", "accepted": ["polmone"]}'::jsonb, 0.35, array['vocab_f1','writing']) on conflict (id) do nothing;
insert into content_items(id,course_id,cefr_level,skill,type,prompt,payload,correct_answer,difficulty,tags) values ('d1be3888-efb7-568c-88cf-f00d4803dfc5', '20000000-0000-0000-0000-000000000004', 'B1', 'writing', 'cloze', 'Completa la frase con la palabra que falta.', '{"text": "Dopo la distorsione il piede è tutto gonfio.", "audio_url": "https://wiauinufpbkmjlbqlkxo.supabase.co/storage/v1/object/public/audio/items/d1be3888-efb7-568c-88cf-f00d4803dfc5.mp3"}'::jsonb, '{"value": "gonfio", "accepted": ["gonfio"]}'::jsonb, 0.35, array['vocab_f1','writing']) on conflict (id) do nothing;
insert into content_items(id,course_id,cefr_level,skill,type,prompt,payload,correct_answer,difficulty,tags) values ('6d6c0c19-d96e-5fa4-acc0-c1a3770a7492', '20000000-0000-0000-0000-000000000004', 'B1', 'writing', 'cloze', 'Completa la frase con la palabra que falta.', '{"text": "L''infermiere mi ha fatto la puntura sul braccio.", "audio_url": "https://wiauinufpbkmjlbqlkxo.supabase.co/storage/v1/object/public/audio/items/6d6c0c19-d96e-5fa4-acc0-c1a3770a7492.mp3"}'::jsonb, '{"value": "infermiere", "accepted": ["infermiere"]}'::jsonb, 0.35, array['vocab_f1','writing']) on conflict (id) do nothing;
insert into content_items(id,course_id,cefr_level,skill,type,prompt,payload,correct_answer,difficulty,tags) values ('791f80f5-0a6b-52a1-a60f-52365eea1861', '20000000-0000-0000-0000-000000000004', 'B1', 'writing', 'cloze', 'Completa la frase con la palabra que falta.', '{"text": "Ho paura della puntura, ma non fa male.", "audio_url": "https://wiauinufpbkmjlbqlkxo.supabase.co/storage/v1/object/public/audio/items/791f80f5-0a6b-52a1-a60f-52365eea1861.mp3"}'::jsonb, '{"value": "puntura", "accepted": ["puntura"]}'::jsonb, 0.35, array['vocab_f1','writing']) on conflict (id) do nothing;
insert into content_items(id,course_id,cefr_level,skill,type,prompt,payload,correct_answer,difficulty,tags) values ('3ea1dd04-c096-5286-989c-c3e8ba18dbc7', '20000000-0000-0000-0000-000000000004', 'B1', 'reading', 'match', 'Empareja cada palabra con su traducción.', '{"pairs": [{"en": "il naso", "es": "la nariz"}, {"en": "l''orecchio", "es": "la oreja/el oído"}, {"en": "la pelle", "es": "la piel"}, {"en": "il cuore", "es": "el corazón"}, {"en": "la pillola", "es": "la pastilla/píldora"}]}'::jsonb, '{"pairs": [["il naso", "la nariz"], ["l''orecchio", "la oreja/el oído"], ["la pelle", "la piel"], ["il cuore", "el corazón"], ["la pillola", "la pastilla/píldora"]]}'::jsonb, 0.15, array['vocab_f1','reading']) on conflict (id) do nothing;
insert into content_items(id,course_id,cefr_level,skill,type,prompt,payload,correct_answer,difficulty,tags) values ('fe45c8c8-2715-5443-9afa-c3a85edd359e', '20000000-0000-0000-0000-000000000004', 'B1', 'reading', 'match', 'Empareja cada palabra con su traducción.', '{"pairs": [{"en": "starnutire", "es": "estornudar"}, {"en": "ammalarsi", "es": "enfermarse"}, {"en": "il dito", "es": "el dedo"}, {"en": "il polmone", "es": "el pulmón"}, {"en": "gonfio", "es": "hinchado"}]}'::jsonb, '{"pairs": [["starnutire", "estornudar"], ["ammalarsi", "enfermarse"], ["il dito", "el dedo"], ["il polmone", "el pulmón"], ["gonfio", "hinchado"]]}'::jsonb, 0.15, array['vocab_f1','reading']) on conflict (id) do nothing;
insert into content_items(id,course_id,cefr_level,skill,type,prompt,payload,correct_answer,difficulty,tags) values ('cfd5e5ba-58c2-5fad-8593-9bdc5cab1eb0', '20000000-0000-0000-0000-000000000004', 'B1', 'reading', 'match', 'Empareja cada palabra con su traducción.', '{"pairs": [{"en": "l''infermiere", "es": "el enfermero"}, {"en": "la puntura", "es": "la inyección/el pinchazo"}]}'::jsonb, '{"pairs": [["l''infermiere", "el enfermero"], ["la puntura", "la inyección/el pinchazo"]]}'::jsonb, 0.15, array['vocab_f1','reading']) on conflict (id) do nothing;
insert into content_items(id,course_id,cefr_level,skill,type,prompt,payload,correct_answer,difficulty,tags) values ('28461184-53a8-5cdd-8062-8d0528b28197', '20000000-0000-0000-0000-000000000004', 'B1', 'writing', 'cloze', 'Completa la frase con la palabra que falta.', '{"text": "Il negozio di scarpe apre alle nove.", "audio_url": "https://wiauinufpbkmjlbqlkxo.supabase.co/storage/v1/object/public/audio/items/28461184-53a8-5cdd-8062-8d0528b28197.mp3"}'::jsonb, '{"value": "negozio", "accepted": ["negozio"]}'::jsonb, 0.35, array['vocab_f1','writing']) on conflict (id) do nothing;
insert into content_items(id,course_id,cefr_level,skill,type,prompt,payload,correct_answer,difficulty,tags) values ('800455fc-05f8-5297-a7b5-34f9734dcfb9', '20000000-0000-0000-0000-000000000004', 'B1', 'writing', 'cloze', 'Completa la frase con la palabra que falta.', '{"text": "Lavoro in una ditta di trasporti da tre anni.", "audio_url": "https://wiauinufpbkmjlbqlkxo.supabase.co/storage/v1/object/public/audio/items/800455fc-05f8-5297-a7b5-34f9734dcfb9.mp3"}'::jsonb, '{"value": "ditta", "accepted": ["ditta"]}'::jsonb, 0.35, array['vocab_f1','writing']) on conflict (id) do nothing;
insert into content_items(id,course_id,cefr_level,skill,type,prompt,payload,correct_answer,difficulty,tags) values ('e6259cb4-02d9-5b64-a6c0-efd810afcf10', '20000000-0000-0000-0000-000000000004', 'B1', 'writing', 'cloze', 'Completa la frase con la palabra que falta.', '{"text": "L''azienda ha assunto venti nuovi dipendenti.", "audio_url": "https://wiauinufpbkmjlbqlkxo.supabase.co/storage/v1/object/public/audio/items/e6259cb4-02d9-5b64-a6c0-efd810afcf10.mp3"}'::jsonb, '{"value": "azienda", "accepted": ["azienda"]}'::jsonb, 0.35, array['vocab_f1','writing']) on conflict (id) do nothing;
insert into content_items(id,course_id,cefr_level,skill,type,prompt,payload,correct_answer,difficulty,tags) values ('5689d935-2721-525e-9695-f6d6404d7b4e', '20000000-0000-0000-0000-000000000004', 'B1', 'writing', 'cloze', 'Completa la frase con la palabra que falta.', '{"text": "Il capo mi ha chiesto di finire il progetto entro venerdì.", "audio_url": "https://wiauinufpbkmjlbqlkxo.supabase.co/storage/v1/object/public/audio/items/5689d935-2721-525e-9695-f6d6404d7b4e.mp3"}'::jsonb, '{"value": "capo", "accepted": ["capo"]}'::jsonb, 0.35, array['vocab_f1','writing']) on conflict (id) do nothing;
insert into content_items(id,course_id,cefr_level,skill,type,prompt,payload,correct_answer,difficulty,tags) values ('694ca229-5332-5f7f-ae2d-e39e3a71dbf3', '20000000-0000-0000-0000-000000000004', 'B1', 'writing', 'cloze', 'Completa la frase con la palabra que falta.', '{"text": "Ricevo lo stipendio alla fine del mese.", "audio_url": "https://wiauinufpbkmjlbqlkxo.supabase.co/storage/v1/object/public/audio/items/694ca229-5332-5f7f-ae2d-e39e3a71dbf3.mp3"}'::jsonb, '{"value": "lo stipendio", "accepted": ["lo stipendio"]}'::jsonb, 0.35, array['vocab_f1','writing']) on conflict (id) do nothing;
insert into content_items(id,course_id,cefr_level,skill,type,prompt,payload,correct_answer,difficulty,tags) values ('0e586af6-83f8-5971-a761-82d9900e8f44', '20000000-0000-0000-0000-000000000004', 'B1', 'writing', 'cloze', 'Completa la frase con la palabra que falta.', '{"text": "Hanno deciso di licenziare due operai della fabbrica.", "audio_url": "https://wiauinufpbkmjlbqlkxo.supabase.co/storage/v1/object/public/audio/items/0e586af6-83f8-5971-a761-82d9900e8f44.mp3"}'::jsonb, '{"value": "licenziare", "accepted": ["licenziare"]}'::jsonb, 0.35, array['vocab_f1','writing']) on conflict (id) do nothing;
insert into content_items(id,course_id,cefr_level,skill,type,prompt,payload,correct_answer,difficulty,tags) values ('9a0777ac-af5e-58b9-b94d-acd85b75a787', '20000000-0000-0000-0000-000000000004', 'B1', 'writing', 'cloze', 'Completa la frase con la palabra que falta.', '{"text": "La società vuole assumere un nuovo contabile.", "audio_url": "https://wiauinufpbkmjlbqlkxo.supabase.co/storage/v1/object/public/audio/items/9a0777ac-af5e-58b9-b94d-acd85b75a787.mp3"}'::jsonb, '{"value": "assumere", "accepted": ["assumere"]}'::jsonb, 0.35, array['vocab_f1','writing']) on conflict (id) do nothing;
insert into content_items(id,course_id,cefr_level,skill,type,prompt,payload,correct_answer,difficulty,tags) values ('8b4b32a6-ab57-5e43-b776-0d893df13c9a', '20000000-0000-0000-0000-000000000004', 'B1', 'writing', 'cloze', 'Completa la frase con la palabra que falta.', '{"text": "Finalmente ho trovato un impiego a tempo pieno.", "audio_url": "https://wiauinufpbkmjlbqlkxo.supabase.co/storage/v1/object/public/audio/items/8b4b32a6-ab57-5e43-b776-0d893df13c9a.mp3"}'::jsonb, '{"value": "impiego", "accepted": ["impiego"]}'::jsonb, 0.35, array['vocab_f1','writing']) on conflict (id) do nothing;
insert into content_items(id,course_id,cefr_level,skill,type,prompt,payload,correct_answer,difficulty,tags) values ('b01598da-2f76-5ba4-995c-f97fbac45c34', '20000000-0000-0000-0000-000000000004', 'B1', 'writing', 'cloze', 'Completa la frase con la palabra que falta.', '{"text": "Mio cugino è disoccupato da sei mesi.", "audio_url": "https://wiauinufpbkmjlbqlkxo.supabase.co/storage/v1/object/public/audio/items/b01598da-2f76-5ba4-995c-f97fbac45c34.mp3"}'::jsonb, '{"value": "disoccupato", "accepted": ["disoccupato"]}'::jsonb, 0.35, array['vocab_f1','writing']) on conflict (id) do nothing;
insert into content_items(id,course_id,cefr_level,skill,type,prompt,payload,correct_answer,difficulty,tags) values ('eff90554-282f-5003-8975-f66ae9cccaf2', '20000000-0000-0000-0000-000000000004', 'B1', 'reading', 'match', 'Empareja cada palabra con su traducción.', '{"pairs": [{"en": "il negozio", "es": "la tienda"}, {"en": "la ditta", "es": "la empresa"}]}'::jsonb, '{"pairs": [["il negozio", "la tienda"], ["la ditta", "la empresa"]]}'::jsonb, 0.15, array['vocab_f1','reading']) on conflict (id) do nothing;
insert into content_items(id,course_id,cefr_level,skill,type,prompt,payload,correct_answer,difficulty,tags) values ('bebcb06b-a286-558b-bfda-8752fb46181c', '20000000-0000-0000-0000-000000000004', 'B1', 'reading', 'match', 'Empareja cada palabra con su traducción.', '{"pairs": [{"en": "l''azienda", "es": "la empresa"}, {"en": "il capo", "es": "el jefe"}, {"en": "lo stipendio", "es": "el sueldo"}, {"en": "licenziare", "es": "despedir"}, {"en": "assumere", "es": "contratar"}]}'::jsonb, '{"pairs": [["l''azienda", "la empresa"], ["il capo", "el jefe"], ["lo stipendio", "el sueldo"], ["licenziare", "despedir"], ["assumere", "contratar"]]}'::jsonb, 0.15, array['vocab_f1','reading']) on conflict (id) do nothing;
insert into content_items(id,course_id,cefr_level,skill,type,prompt,payload,correct_answer,difficulty,tags) values ('f2fde5cf-7ac5-5d4e-9bc7-e1aa189ffc2c', '20000000-0000-0000-0000-000000000004', 'B1', 'reading', 'match', 'Empareja cada palabra con su traducción.', '{"pairs": [{"en": "l''impiego", "es": "el empleo"}, {"en": "disoccupato", "es": "desempleado"}]}'::jsonb, '{"pairs": [["l''impiego", "el empleo"], ["disoccupato", "desempleado"]]}'::jsonb, 0.15, array['vocab_f1','reading']) on conflict (id) do nothing;
insert into content_items(id,course_id,cefr_level,skill,type,prompt,payload,correct_answer,difficulty,tags) values ('2ad0c271-d64a-52d7-b431-597b7ddeaba8', '20000000-0000-0000-0000-000000000004', 'B1', 'writing', 'cloze', 'Completa la frase con la palabra que falta.', '{"text": "In quel lavoro si può guadagnare bene.", "audio_url": "https://wiauinufpbkmjlbqlkxo.supabase.co/storage/v1/object/public/audio/items/2ad0c271-d64a-52d7-b431-597b7ddeaba8.mp3"}'::jsonb, '{"value": "guadagnare", "accepted": ["guadagnare"]}'::jsonb, 0.35, array['vocab_f1','writing']) on conflict (id) do nothing;
insert into content_items(id,course_id,cefr_level,skill,type,prompt,payload,correct_answer,difficulty,tags) values ('5066b391-d2e2-5f29-9302-e7a091c0b994', '20000000-0000-0000-0000-000000000004', 'B1', 'writing', 'cloze', 'Completa la frase con la palabra que falta.', '{"text": "Il mio ufficio è al terzo piano.", "audio_url": "https://wiauinufpbkmjlbqlkxo.supabase.co/storage/v1/object/public/audio/items/5066b391-d2e2-5f29-9302-e7a091c0b994.mp3"}'::jsonb, '{"value": "ufficio", "accepted": ["ufficio"]}'::jsonb, 0.35, array['vocab_f1','writing']) on conflict (id) do nothing;
insert into content_items(id,course_id,cefr_level,skill,type,prompt,payload,correct_answer,difficulty,tags) values ('3a531802-fa11-5a79-b83d-738eacc40649', '20000000-0000-0000-0000-000000000004', 'B1', 'writing', 'cloze', 'Completa la frase con la palabra que falta.', '{"text": "Domani ho un colloquio di lavoro importante.", "audio_url": "https://wiauinufpbkmjlbqlkxo.supabase.co/storage/v1/object/public/audio/items/3a531802-fa11-5a79-b83d-738eacc40649.mp3"}'::jsonb, '{"value": "colloquio", "accepted": ["colloquio"]}'::jsonb, 0.35, array['vocab_f1','writing']) on conflict (id) do nothing;
insert into content_items(id,course_id,cefr_level,skill,type,prompt,payload,correct_answer,difficulty,tags) values ('86fe381c-f727-53cc-950f-657b5451bb91', '20000000-0000-0000-0000-000000000004', 'B1', 'writing', 'cloze', 'Completa la frase con la palabra que falta.', '{"text": "Ho lasciato i documenti sulla scrivania.", "audio_url": "https://wiauinufpbkmjlbqlkxo.supabase.co/storage/v1/object/public/audio/items/86fe381c-f727-53cc-950f-657b5451bb91.mp3"}'::jsonb, '{"value": "scrivania", "accepted": ["scrivania"]}'::jsonb, 0.35, array['vocab_f1','writing']) on conflict (id) do nothing;
insert into content_items(id,course_id,cefr_level,skill,type,prompt,payload,correct_answer,difficulty,tags) values ('cf94b357-421a-5489-8bee-3f170ee05f56', '20000000-0000-0000-0000-000000000004', 'B1', 'writing', 'cloze', 'Completa la frase con la palabra que falta.', '{"text": "Oggi c''è lo sciopero dei treni e non posso andare al lavoro.", "audio_url": "https://wiauinufpbkmjlbqlkxo.supabase.co/storage/v1/object/public/audio/items/cf94b357-421a-5489-8bee-3f170ee05f56.mp3"}'::jsonb, '{"value": "lo sciopero", "accepted": ["lo sciopero"]}'::jsonb, 0.35, array['vocab_f1','writing']) on conflict (id) do nothing;
insert into content_items(id,course_id,cefr_level,skill,type,prompt,payload,correct_answer,difficulty,tags) values ('656de209-bd17-5368-ae4f-bb5bdd84eb09', '20000000-0000-0000-0000-000000000004', 'B1', 'writing', 'cloze', 'Completa la frase con la palabra que falta.', '{"text": "Ho controllato la busta paga di questo mese.", "audio_url": "https://wiauinufpbkmjlbqlkxo.supabase.co/storage/v1/object/public/audio/items/656de209-bd17-5368-ae4f-bb5bdd84eb09.mp3"}'::jsonb, '{"value": "la busta paga", "accepted": ["la busta paga"]}'::jsonb, 0.35, array['vocab_f1','writing']) on conflict (id) do nothing;
insert into content_items(id,course_id,cefr_level,skill,type,prompt,payload,correct_answer,difficulty,tags) values ('5f98b3fc-89f7-5921-a967-771cf44f583c', '20000000-0000-0000-0000-000000000004', 'B1', 'writing', 'cloze', 'Completa la frase con la palabra que falta.', '{"text": "Dopo l''università ho fatto un tirocinio in banca.", "audio_url": "https://wiauinufpbkmjlbqlkxo.supabase.co/storage/v1/object/public/audio/items/5f98b3fc-89f7-5921-a967-771cf44f583c.mp3"}'::jsonb, '{"value": "tirocinio", "accepted": ["tirocinio"]}'::jsonb, 0.35, array['vocab_f1','writing']) on conflict (id) do nothing;
insert into content_items(id,course_id,cefr_level,skill,type,prompt,payload,correct_answer,difficulty,tags) values ('794c65b3-cd39-5a80-b9f0-2d1560d16bf1', '20000000-0000-0000-0000-000000000004', 'B1', 'writing', 'cloze', 'Completa la frase con la palabra que falta.', '{"text": "La sua mansione principale è rispondere ai clienti.", "audio_url": "https://wiauinufpbkmjlbqlkxo.supabase.co/storage/v1/object/public/audio/items/794c65b3-cd39-5a80-b9f0-2d1560d16bf1.mp3"}'::jsonb, '{"value": "mansione", "accepted": ["mansione"]}'::jsonb, 0.35, array['vocab_f1','writing']) on conflict (id) do nothing;
insert into content_items(id,course_id,cefr_level,skill,type,prompt,payload,correct_answer,difficulty,tags) values ('de7c8011-13ae-5186-90af-e62bc1f3dffc', '20000000-0000-0000-0000-000000000004', 'B1', 'writing', 'cloze', 'Completa la frase con la palabra que falta.', '{"text": "La scadenza per consegnare il rapporto è lunedì.", "audio_url": "https://wiauinufpbkmjlbqlkxo.supabase.co/storage/v1/object/public/audio/items/de7c8011-13ae-5186-90af-e62bc1f3dffc.mp3"}'::jsonb, '{"value": "scadenza", "accepted": ["scadenza"]}'::jsonb, 0.35, array['vocab_f1','writing']) on conflict (id) do nothing;
insert into content_items(id,course_id,cefr_level,skill,type,prompt,payload,correct_answer,difficulty,tags) values ('74bda4c8-126f-5163-a4b4-4a5486df29b1', '20000000-0000-0000-0000-000000000004', 'B1', 'reading', 'match', 'Empareja cada palabra con su traducción.', '{"pairs": [{"en": "guadagnare", "es": "ganar (dinero)"}, {"en": "l''ufficio", "es": "la oficina"}, {"en": "il colloquio", "es": "la entrevista (de trabajo)"}, {"en": "la scrivania", "es": "el escritorio"}, {"en": "lo sciopero", "es": "la huelga"}]}'::jsonb, '{"pairs": [["guadagnare", "ganar (dinero)"], ["l''ufficio", "la oficina"], ["il colloquio", "la entrevista (de trabajo)"], ["la scrivania", "el escritorio"], ["lo sciopero", "la huelga"]]}'::jsonb, 0.15, array['vocab_f1','reading']) on conflict (id) do nothing;
insert into content_items(id,course_id,cefr_level,skill,type,prompt,payload,correct_answer,difficulty,tags) values ('837fdb8b-033a-514a-a426-a8862a6871a7', '20000000-0000-0000-0000-000000000004', 'B1', 'reading', 'match', 'Empareja cada palabra con su traducción.', '{"pairs": [{"en": "la busta paga", "es": "la nómina"}, {"en": "il tirocinio", "es": "las prácticas / la pasantía"}, {"en": "la mansione", "es": "la tarea / función laboral"}, {"en": "la scadenza", "es": "el plazo / el vencimiento"}]}'::jsonb, '{"pairs": [["la busta paga", "la nómina"], ["il tirocinio", "las prácticas / la pasantía"], ["la mansione", "la tarea / función laboral"], ["la scadenza", "el plazo / el vencimiento"]]}'::jsonb, 0.15, array['vocab_f1','reading']) on conflict (id) do nothing;
insert into content_items(id,course_id,cefr_level,skill,type,prompt,payload,correct_answer,difficulty,tags) values ('052ee252-fd62-5957-a3e0-c31fd6edb2ea', '20000000-0000-0000-0000-000000000004', 'B1', 'writing', 'cloze', 'Completa la frase con la palabra que falta.', '{"text": "Fare il falegname è un mestiere antico.", "audio_url": "https://wiauinufpbkmjlbqlkxo.supabase.co/storage/v1/object/public/audio/items/052ee252-fd62-5957-a3e0-c31fd6edb2ea.mp3"}'::jsonb, '{"value": "mestiere", "accepted": ["mestiere"]}'::jsonb, 0.35, array['vocab_f1','writing']) on conflict (id) do nothing;
insert into content_items(id,course_id,cefr_level,skill,type,prompt,payload,correct_answer,difficulty,tags) values ('5beb2bd5-73bc-5c38-a036-df4464ccb8a0', '20000000-0000-0000-0000-000000000004', 'B1', 'writing', 'cloze', 'Completa la frase con la palabra que falta.', '{"text": "L''operaio comincia il turno alle sei del mattino.", "audio_url": "https://wiauinufpbkmjlbqlkxo.supabase.co/storage/v1/object/public/audio/items/5beb2bd5-73bc-5c38-a036-df4464ccb8a0.mp3"}'::jsonb, '{"value": "operaio", "accepted": ["operaio"]}'::jsonb, 0.35, array['vocab_f1','writing']) on conflict (id) do nothing;
insert into content_items(id,course_id,cefr_level,skill,type,prompt,payload,correct_answer,difficulty,tags) values ('a4f2d208-14f1-5b1f-a018-4aa6c07f7261', '20000000-0000-0000-0000-000000000004', 'B1', 'writing', 'cloze', 'Completa la frase con la palabra que falta.', '{"text": "I prodotti sono ancora nel magazzino.", "audio_url": "https://wiauinufpbkmjlbqlkxo.supabase.co/storage/v1/object/public/audio/items/a4f2d208-14f1-5b1f-a018-4aa6c07f7261.mp3"}'::jsonb, '{"value": "magazzino", "accepted": ["magazzino"]}'::jsonb, 0.35, array['vocab_f1','writing']) on conflict (id) do nothing;
insert into content_items(id,course_id,cefr_level,skill,type,prompt,payload,correct_answer,difficulty,tags) values ('c0dc1831-ac0e-5877-9e8a-1d9064713b75', '20000000-0000-0000-0000-000000000004', 'B1', 'writing', 'cloze', 'Completa la frase con la palabra que falta.', '{"text": "Questa settimana ho fatto molti straordinari.", "audio_url": "https://wiauinufpbkmjlbqlkxo.supabase.co/storage/v1/object/public/audio/items/c0dc1831-ac0e-5877-9e8a-1d9064713b75.mp3"}'::jsonb, '{"value": "straordinari", "accepted": ["straordinari"]}'::jsonb, 0.35, array['vocab_f1','writing']) on conflict (id) do nothing;
insert into content_items(id,course_id,cefr_level,skill,type,prompt,payload,correct_answer,difficulty,tags) values ('0d5c4637-e9b8-57f8-8080-239fc42f0372', '20000000-0000-0000-0000-000000000004', 'B1', 'writing', 'cloze', 'Completa la frase con la palabra que falta.', '{"text": "Ad agosto vado in ferie per due settimane.", "audio_url": "https://wiauinufpbkmjlbqlkxo.supabase.co/storage/v1/object/public/audio/items/0d5c4637-e9b8-57f8-8080-239fc42f0372.mp3"}'::jsonb, '{"value": "ferie", "accepted": ["ferie"]}'::jsonb, 0.35, array['vocab_f1','writing']) on conflict (id) do nothing;
insert into content_items(id,course_id,cefr_level,skill,type,prompt,payload,correct_answer,difficulty,tags) values ('e5f36470-b8fc-5914-8a53-026cee8a355e', '20000000-0000-0000-0000-000000000004', 'B1', 'writing', 'cloze', 'Completa la frase con la palabra que falta.', '{"text": "Ogni dipendente ha diritto a una pausa.", "audio_url": "https://wiauinufpbkmjlbqlkxo.supabase.co/storage/v1/object/public/audio/items/e5f36470-b8fc-5914-8a53-026cee8a355e.mp3"}'::jsonb, '{"value": "dipendente", "accepted": ["dipendente"]}'::jsonb, 0.35, array['vocab_f1','writing']) on conflict (id) do nothing;
insert into content_items(id,course_id,cefr_level,skill,type,prompt,payload,correct_answer,difficulty,tags) values ('9a606a6a-26e6-538e-a701-3577d49bfe25', '20000000-0000-0000-0000-000000000004', 'B1', 'writing', 'cloze', 'Completa la frase con la palabra que falta.', '{"text": "L''assunzione del nuovo direttore è stata una buona notizia.", "audio_url": "https://wiauinufpbkmjlbqlkxo.supabase.co/storage/v1/object/public/audio/items/9a606a6a-26e6-538e-a701-3577d49bfe25.mp3"}'::jsonb, '{"value": "assunzione", "accepted": ["assunzione"]}'::jsonb, 0.35, array['vocab_f1','writing']) on conflict (id) do nothing;
insert into content_items(id,course_id,cefr_level,skill,type,prompt,payload,correct_answer,difficulty,tags) values ('1b949dee-d429-5ab3-9fcd-f9b087fc5e9f', '20000000-0000-0000-0000-000000000004', 'B1', 'writing', 'cloze', 'Completa la frase con la palabra que falta.', '{"text": "La prossima settimana sono in trasferta a Milano.", "audio_url": "https://wiauinufpbkmjlbqlkxo.supabase.co/storage/v1/object/public/audio/items/1b949dee-d429-5ab3-9fcd-f9b087fc5e9f.mp3"}'::jsonb, '{"value": "trasferta", "accepted": ["trasferta"]}'::jsonb, 0.35, array['vocab_f1','writing']) on conflict (id) do nothing;
insert into content_items(id,course_id,cefr_level,skill,type,prompt,payload,correct_answer,difficulty,tags) values ('6ec7fbf1-0f7c-5114-b5c2-13d420d2d062', '20000000-0000-0000-0000-000000000004', 'B1', 'reading', 'match', 'Empareja cada palabra con su traducción.', '{"pairs": [{"en": "il mestiere", "es": "el oficio"}, {"en": "l''operaio", "es": "el obrero"}, {"en": "il magazzino", "es": "el almacén"}, {"en": "gli straordinari", "es": "las horas extra"}, {"en": "le ferie", "es": "las vacaciones (laborales)"}]}'::jsonb, '{"pairs": [["il mestiere", "el oficio"], ["l''operaio", "el obrero"], ["il magazzino", "el almacén"], ["gli straordinari", "las horas extra"], ["le ferie", "las vacaciones (laborales)"]]}'::jsonb, 0.15, array['vocab_f1','reading']) on conflict (id) do nothing;
insert into content_items(id,course_id,cefr_level,skill,type,prompt,payload,correct_answer,difficulty,tags) values ('de0ef6d5-2ade-567e-a9b8-08b1474cd75e', '20000000-0000-0000-0000-000000000004', 'B1', 'reading', 'match', 'Empareja cada palabra con su traducción.', '{"pairs": [{"en": "il dipendente", "es": "el empleado"}, {"en": "l''assunzione", "es": "la contratación"}, {"en": "la trasferta", "es": "el viaje de trabajo"}]}'::jsonb, '{"pairs": [["il dipendente", "el empleado"], ["l''assunzione", "la contratación"], ["la trasferta", "el viaje de trabajo"]]}'::jsonb, 0.15, array['vocab_f1','reading']) on conflict (id) do nothing;
insert into content_items(id,course_id,cefr_level,skill,type,prompt,payload,correct_answer,difficulty,tags) values ('383ea646-b978-5120-904a-05d83ca202f9', '20000000-0000-0000-0000-000000000004', 'B1', 'writing', 'cloze', 'Completa la frase con la palabra que falta.', '{"text": "L''albero nel giardino è molto alto.", "audio_url": "https://wiauinufpbkmjlbqlkxo.supabase.co/storage/v1/object/public/audio/items/383ea646-b978-5120-904a-05d83ca202f9.mp3"}'::jsonb, '{"value": "albero", "accepted": ["albero"]}'::jsonb, 0.35, array['vocab_f1','writing']) on conflict (id) do nothing;
insert into content_items(id,course_id,cefr_level,skill,type,prompt,payload,correct_answer,difficulty,tags) values ('ec3f5eb8-9d36-5695-81bc-df861c429424', '20000000-0000-0000-0000-000000000004', 'B1', 'writing', 'cloze', 'Completa la frase con la palabra que falta.', '{"text": "La foglia gialla cade dall''albero in autunno.", "audio_url": "https://wiauinufpbkmjlbqlkxo.supabase.co/storage/v1/object/public/audio/items/ec3f5eb8-9d36-5695-81bc-df861c429424.mp3"}'::jsonb, '{"value": "foglia", "accepted": ["foglia"]}'::jsonb, 0.35, array['vocab_f1','writing']) on conflict (id) do nothing;
insert into content_items(id,course_id,cefr_level,skill,type,prompt,payload,correct_answer,difficulty,tags) values ('b78be1f1-42a5-592f-99ea-31dc3e92d9a1', '20000000-0000-0000-0000-000000000004', 'B1', 'writing', 'cloze', 'Completa la frase con la palabra que falta.', '{"text": "Il prato dietro casa è pieno di fiori.", "audio_url": "https://wiauinufpbkmjlbqlkxo.supabase.co/storage/v1/object/public/audio/items/b78be1f1-42a5-592f-99ea-31dc3e92d9a1.mp3"}'::jsonb, '{"value": "prato", "accepted": ["prato"]}'::jsonb, 0.35, array['vocab_f1','writing']) on conflict (id) do nothing;
insert into content_items(id,course_id,cefr_level,skill,type,prompt,payload,correct_answer,difficulty,tags) values ('f12a75fd-3e9c-55f6-8d73-4da9b1043304', '20000000-0000-0000-0000-000000000004', 'B1', 'writing', 'cloze', 'Completa la frase con la palabra que falta.', '{"text": "Il bosco è pieno di alberi e di uccelli.", "audio_url": "https://wiauinufpbkmjlbqlkxo.supabase.co/storage/v1/object/public/audio/items/f12a75fd-3e9c-55f6-8d73-4da9b1043304.mp3"}'::jsonb, '{"value": "bosco", "accepted": ["bosco"]}'::jsonb, 0.35, array['vocab_f1','writing']) on conflict (id) do nothing;
insert into content_items(id,course_id,cefr_level,skill,type,prompt,payload,correct_answer,difficulty,tags) values ('576dcb8c-083a-5802-bee7-51ce14cb830e', '20000000-0000-0000-0000-000000000004', 'B1', 'writing', 'cloze', 'Completa la frase con la palabra que falta.', '{"text": "La spiaggia è molto affollata in agosto.", "audio_url": "https://wiauinufpbkmjlbqlkxo.supabase.co/storage/v1/object/public/audio/items/576dcb8c-083a-5802-bee7-51ce14cb830e.mp3"}'::jsonb, '{"value": "spiaggia", "accepted": ["spiaggia"]}'::jsonb, 0.35, array['vocab_f1','writing']) on conflict (id) do nothing;
insert into content_items(id,course_id,cefr_level,skill,type,prompt,payload,correct_answer,difficulty,tags) values ('c1e08f23-e967-5b1f-9d56-337feece60f1', '20000000-0000-0000-0000-000000000004', 'B1', 'writing', 'cloze', 'Completa la frase con la palabra que falta.', '{"text": "Il fiume attraversa tutta la città.", "audio_url": "https://wiauinufpbkmjlbqlkxo.supabase.co/storage/v1/object/public/audio/items/c1e08f23-e967-5b1f-9d56-337feece60f1.mp3"}'::jsonb, '{"value": "fiume", "accepted": ["fiume"]}'::jsonb, 0.35, array['vocab_f1','writing']) on conflict (id) do nothing;
insert into content_items(id,course_id,cefr_level,skill,type,prompt,payload,correct_answer,difficulty,tags) values ('10dc7696-d052-5221-b65f-5de2306d43bf', '20000000-0000-0000-0000-000000000004', 'B1', 'writing', 'cloze', 'Completa la frase con la palabra que falta.', '{"text": "La pioggia non smette di cadere da stamattina.", "audio_url": "https://wiauinufpbkmjlbqlkxo.supabase.co/storage/v1/object/public/audio/items/10dc7696-d052-5221-b65f-5de2306d43bf.mp3"}'::jsonb, '{"value": "pioggia", "accepted": ["pioggia"]}'::jsonb, 0.35, array['vocab_f1','writing']) on conflict (id) do nothing;
insert into content_items(id,course_id,cefr_level,skill,type,prompt,payload,correct_answer,difficulty,tags) values ('baa90953-e0bc-53a3-ab04-c3ea696b3dcd', '20000000-0000-0000-0000-000000000004', 'B1', 'writing', 'cloze', 'Completa la frase con la palabra que falta.', '{"text": "L''uccello canta sul ramo ogni mattina.", "audio_url": "https://wiauinufpbkmjlbqlkxo.supabase.co/storage/v1/object/public/audio/items/baa90953-e0bc-53a3-ab04-c3ea696b3dcd.mp3"}'::jsonb, '{"value": "uccello", "accepted": ["uccello"]}'::jsonb, 0.35, array['vocab_f1','writing']) on conflict (id) do nothing;
insert into content_items(id,course_id,cefr_level,skill,type,prompt,payload,correct_answer,difficulty,tags) values ('759ed95f-e3b6-5f7a-9b1b-b49306651ad9', '20000000-0000-0000-0000-000000000004', 'B1', 'writing', 'cloze', 'Completa la frase con la palabra que falta.', '{"text": "L''ape vola di fiore in fiore nel giardino.", "audio_url": "https://wiauinufpbkmjlbqlkxo.supabase.co/storage/v1/object/public/audio/items/759ed95f-e3b6-5f7a-9b1b-b49306651ad9.mp3"}'::jsonb, '{"value": "ape", "accepted": ["ape"]}'::jsonb, 0.35, array['vocab_f1','writing']) on conflict (id) do nothing;
insert into content_items(id,course_id,cefr_level,skill,type,prompt,payload,correct_answer,difficulty,tags) values ('474eb98a-bfc1-58d3-b456-3e17f15a2108', '20000000-0000-0000-0000-000000000004', 'B1', 'writing', 'cloze', 'Completa la frase con la palabra que falta.', '{"text": "La farfalla ha delle ali molto colorate.", "audio_url": "https://wiauinufpbkmjlbqlkxo.supabase.co/storage/v1/object/public/audio/items/474eb98a-bfc1-58d3-b456-3e17f15a2108.mp3"}'::jsonb, '{"value": "farfalla", "accepted": ["farfalla"]}'::jsonb, 0.35, array['vocab_f1','writing']) on conflict (id) do nothing;
insert into content_items(id,course_id,cefr_level,skill,type,prompt,payload,correct_answer,difficulty,tags) values ('375c3bb8-3052-5dcb-bd6a-85330ef55844', '20000000-0000-0000-0000-000000000004', 'B1', 'writing', 'cloze', 'Completa la frase con la palabra que falta.', '{"text": "I bambini giocano con la sabbia sulla spiaggia.", "audio_url": "https://wiauinufpbkmjlbqlkxo.supabase.co/storage/v1/object/public/audio/items/375c3bb8-3052-5dcb-bd6a-85330ef55844.mp3"}'::jsonb, '{"value": "la sabbia", "accepted": ["la sabbia"]}'::jsonb, 0.35, array['vocab_f1','writing']) on conflict (id) do nothing;
insert into content_items(id,course_id,cefr_level,skill,type,prompt,payload,correct_answer,difficulty,tags) values ('deac20ff-c416-5d1d-8e60-cfd0ab8e016a', '20000000-0000-0000-0000-000000000004', 'B1', 'reading', 'match', 'Empareja cada palabra con su traducción.', '{"pairs": [{"en": "l''albero", "es": "el árbol"}, {"en": "la foglia", "es": "la hoja"}, {"en": "il prato", "es": "el prado / el césped"}, {"en": "il bosco", "es": "el bosque"}, {"en": "la spiaggia", "es": "la playa"}]}'::jsonb, '{"pairs": [["l''albero", "el árbol"], ["la foglia", "la hoja"], ["il prato", "el prado / el césped"], ["il bosco", "el bosque"], ["la spiaggia", "la playa"]]}'::jsonb, 0.15, array['vocab_f1','reading']) on conflict (id) do nothing;
insert into content_items(id,course_id,cefr_level,skill,type,prompt,payload,correct_answer,difficulty,tags) values ('7d3eef0c-b956-5315-86da-1dc6d36b68ed', '20000000-0000-0000-0000-000000000004', 'B1', 'reading', 'match', 'Empareja cada palabra con su traducción.', '{"pairs": [{"en": "il fiume", "es": "el río"}, {"en": "la pioggia", "es": "la lluvia"}, {"en": "l''uccello", "es": "el pájaro"}, {"en": "l''ape", "es": "la abeja"}, {"en": "la farfalla", "es": "la mariposa"}]}'::jsonb, '{"pairs": [["il fiume", "el río"], ["la pioggia", "la lluvia"], ["l''uccello", "el pájaro"], ["l''ape", "la abeja"], ["la farfalla", "la mariposa"]]}'::jsonb, 0.15, array['vocab_f1','reading']) on conflict (id) do nothing;
insert into content_items(id,course_id,cefr_level,skill,type,prompt,payload,correct_answer,difficulty,tags) values ('69e02fe5-7360-5786-8e97-3d4fa9321291', '20000000-0000-0000-0000-000000000004', 'B1', 'writing', 'cloze', 'Completa la frase con la palabra que falta.', '{"text": "La nuvola grigia nasconde il sole.", "audio_url": "https://wiauinufpbkmjlbqlkxo.supabase.co/storage/v1/object/public/audio/items/69e02fe5-7360-5786-8e97-3d4fa9321291.mp3"}'::jsonb, '{"value": "nuvola", "accepted": ["nuvola"]}'::jsonb, 0.35, array['vocab_f1','writing']) on conflict (id) do nothing;
insert into content_items(id,course_id,cefr_level,skill,type,prompt,payload,correct_answer,difficulty,tags) values ('6dc4bc50-5efe-50f8-929e-125a460c2304', '20000000-0000-0000-0000-000000000004', 'B1', 'writing', 'cloze', 'Completa la frase con la palabra que falta.', '{"text": "Il lupo vive nel bosco insieme al branco.", "audio_url": "https://wiauinufpbkmjlbqlkxo.supabase.co/storage/v1/object/public/audio/items/6dc4bc50-5efe-50f8-929e-125a460c2304.mp3"}'::jsonb, '{"value": "lupo", "accepted": ["lupo"]}'::jsonb, 0.35, array['vocab_f1','writing']) on conflict (id) do nothing;
insert into content_items(id,course_id,cefr_level,skill,type,prompt,payload,correct_answer,difficulty,tags) values ('22a8cddc-c0cc-51d8-b029-0c97718ade37', '20000000-0000-0000-0000-000000000004', 'B1', 'writing', 'cloze', 'Completa la frase con la palabra que falta.', '{"text": "Il pesce nuota veloce nel fiume.", "audio_url": "https://wiauinufpbkmjlbqlkxo.supabase.co/storage/v1/object/public/audio/items/22a8cddc-c0cc-51d8-b029-0c97718ade37.mp3"}'::jsonb, '{"value": "pesce", "accepted": ["pesce"]}'::jsonb, 0.35, array['vocab_f1','writing']) on conflict (id) do nothing;
insert into content_items(id,course_id,cefr_level,skill,type,prompt,payload,correct_answer,difficulty,tags) values ('db1402e6-9439-5a00-856b-fe4219259be7', '20000000-0000-0000-0000-000000000004', 'B1', 'writing', 'cloze', 'Completa la frase con la palabra que falta.', '{"text": "Il ghiaccio copre il lago in inverno.", "audio_url": "https://wiauinufpbkmjlbqlkxo.supabase.co/storage/v1/object/public/audio/items/db1402e6-9439-5a00-856b-fe4219259be7.mp3"}'::jsonb, '{"value": "ghiaccio", "accepted": ["ghiaccio"]}'::jsonb, 0.35, array['vocab_f1','writing']) on conflict (id) do nothing;
insert into content_items(id,course_id,cefr_level,skill,type,prompt,payload,correct_answer,difficulty,tags) values ('3c60c17d-51f1-5eaa-a842-59f572f60c1b', '20000000-0000-0000-0000-000000000004', 'B1', 'writing', 'cloze', 'Completa la frase con la palabra que falta.', '{"text": "Il tuono ci ha svegliato durante la notte.", "audio_url": "https://wiauinufpbkmjlbqlkxo.supabase.co/storage/v1/object/public/audio/items/3c60c17d-51f1-5eaa-a842-59f572f60c1b.mp3"}'::jsonb, '{"value": "tuono", "accepted": ["tuono"]}'::jsonb, 0.35, array['vocab_f1','writing']) on conflict (id) do nothing;
insert into content_items(id,course_id,cefr_level,skill,type,prompt,payload,correct_answer,difficulty,tags) values ('6be69237-c927-5939-9267-6beb0568f6be', '20000000-0000-0000-0000-000000000004', 'B1', 'writing', 'cloze', 'Completa la frase con la palabra que falta.', '{"text": "Il lampo ha illuminato il cielo prima del tuono.", "audio_url": "https://wiauinufpbkmjlbqlkxo.supabase.co/storage/v1/object/public/audio/items/6be69237-c927-5939-9267-6beb0568f6be.mp3"}'::jsonb, '{"value": "lampo", "accepted": ["lampo"]}'::jsonb, 0.35, array['vocab_f1','writing']) on conflict (id) do nothing;
insert into content_items(id,course_id,cefr_level,skill,type,prompt,payload,correct_answer,difficulty,tags) values ('38baed0a-3fb2-5ee1-9cf3-fb6d06ef0ab9', '20000000-0000-0000-0000-000000000004', 'B1', 'writing', 'cloze', 'Completa la frase con la palabra que falta.', '{"text": "La nebbia rende difficile guidare la mattina presto.", "audio_url": "https://wiauinufpbkmjlbqlkxo.supabase.co/storage/v1/object/public/audio/items/38baed0a-3fb2-5ee1-9cf3-fb6d06ef0ab9.mp3"}'::jsonb, '{"value": "nebbia", "accepted": ["nebbia"]}'::jsonb, 0.35, array['vocab_f1','writing']) on conflict (id) do nothing;
insert into content_items(id,course_id,cefr_level,skill,type,prompt,payload,correct_answer,difficulty,tags) values ('e0d12a85-3f93-5cbf-a897-07f7cc1f59ec', '20000000-0000-0000-0000-000000000004', 'B1', 'writing', 'cloze', 'Completa la frase con la palabra que falta.', '{"text": "L''erba del prato è ancora bagnata di rugiada.", "audio_url": "https://wiauinufpbkmjlbqlkxo.supabase.co/storage/v1/object/public/audio/items/e0d12a85-3f93-5cbf-a897-07f7cc1f59ec.mp3"}'::jsonb, '{"value": "erba", "accepted": ["erba"]}'::jsonb, 0.35, array['vocab_f1','writing']) on conflict (id) do nothing;
insert into content_items(id,course_id,cefr_level,skill,type,prompt,payload,correct_answer,difficulty,tags) values ('0cd58d4d-da5e-5228-b564-a6195d3a1bfd', '20000000-0000-0000-0000-000000000004', 'B1', 'writing', 'cloze', 'Completa la frase con la palabra que falta.', '{"text": "Dopo la pioggia il fango ha sporcato le mie scarpe.", "audio_url": "https://wiauinufpbkmjlbqlkxo.supabase.co/storage/v1/object/public/audio/items/0cd58d4d-da5e-5228-b564-a6195d3a1bfd.mp3"}'::jsonb, '{"value": "il fango", "accepted": ["il fango"]}'::jsonb, 0.35, array['vocab_f1','writing']) on conflict (id) do nothing;
insert into content_items(id,course_id,cefr_level,skill,type,prompt,payload,correct_answer,difficulty,tags) values ('a9a05396-a495-52e8-b021-4f4f435e50f6', '20000000-0000-0000-0000-000000000004', 'B1', 'writing', 'cloze', 'Completa la frase con la palabra que falta.', '{"text": "La volpe è un animale molto furbo.", "audio_url": "https://wiauinufpbkmjlbqlkxo.supabase.co/storage/v1/object/public/audio/items/a9a05396-a495-52e8-b021-4f4f435e50f6.mp3"}'::jsonb, '{"value": "volpe", "accepted": ["volpe"]}'::jsonb, 0.35, array['vocab_f1','writing']) on conflict (id) do nothing;
insert into content_items(id,course_id,cefr_level,skill,type,prompt,payload,correct_answer,difficulty,tags) values ('c0610a07-bc09-5797-aeba-5bb8a0c68099', '20000000-0000-0000-0000-000000000004', 'B1', 'reading', 'match', 'Empareja cada palabra con su traducción.', '{"pairs": [{"en": "la nuvola", "es": "la nube"}, {"en": "il lupo", "es": "el lobo"}, {"en": "il pesce", "es": "el pez"}, {"en": "il ghiaccio", "es": "el hielo"}, {"en": "il tuono", "es": "el trueno"}]}'::jsonb, '{"pairs": [["la nuvola", "la nube"], ["il lupo", "el lobo"], ["il pesce", "el pez"], ["il ghiaccio", "el hielo"], ["il tuono", "el trueno"]]}'::jsonb, 0.15, array['vocab_f1','reading']) on conflict (id) do nothing;
insert into content_items(id,course_id,cefr_level,skill,type,prompt,payload,correct_answer,difficulty,tags) values ('fa629091-74a2-57db-bd90-2a523599d8b4', '20000000-0000-0000-0000-000000000004', 'B1', 'reading', 'match', 'Empareja cada palabra con su traducción.', '{"pairs": [{"en": "il lampo", "es": "el relámpago"}, {"en": "la nebbia", "es": "la niebla"}, {"en": "l''erba", "es": "la hierba"}, {"en": "il fango", "es": "el barro / el lodo"}, {"en": "la volpe", "es": "el zorro"}]}'::jsonb, '{"pairs": [["il lampo", "el relámpago"], ["la nebbia", "la niebla"], ["l''erba", "la hierba"], ["il fango", "el barro / el lodo"], ["la volpe", "el zorro"]]}'::jsonb, 0.15, array['vocab_f1','reading']) on conflict (id) do nothing;
insert into content_items(id,course_id,cefr_level,skill,type,prompt,payload,correct_answer,difficulty,tags) values ('b7ac29e1-03d2-573a-8e28-89bbd807bc91', '20000000-0000-0000-0000-000000000004', 'B1', 'writing', 'cloze', 'Completa la frase con la palabra que falta.', '{"text": "Sono arrabbiato perché hai rotto il mio telefono.", "audio_url": "https://wiauinufpbkmjlbqlkxo.supabase.co/storage/v1/object/public/audio/items/b7ac29e1-03d2-573a-8e28-89bbd807bc91.mp3"}'::jsonb, '{"value": "arrabbiato", "accepted": ["arrabbiato"]}'::jsonb, 0.35, array['vocab_f1','writing']) on conflict (id) do nothing;
insert into content_items(id,course_id,cefr_level,skill,type,prompt,payload,correct_answer,difficulty,tags) values ('4ad3f3b0-0963-5b53-870f-c1213be60a6a', '20000000-0000-0000-0000-000000000004', 'B1', 'writing', 'cloze', 'Completa la frase con la palabra que falta.', '{"text": "Mio padre tende ad arrabbiarsi quando arrivo tardi.", "audio_url": "https://wiauinufpbkmjlbqlkxo.supabase.co/storage/v1/object/public/audio/items/4ad3f3b0-0963-5b53-870f-c1213be60a6a.mp3"}'::jsonb, '{"value": "arrabbiarsi", "accepted": ["arrabbiarsi"]}'::jsonb, 0.35, array['vocab_f1','writing']) on conflict (id) do nothing;
insert into content_items(id,course_id,cefr_level,skill,type,prompt,payload,correct_answer,difficulty,tags) values ('dc29c101-2016-5bdb-8a82-14353922d5eb', '20000000-0000-0000-0000-000000000004', 'B1', 'writing', 'cloze', 'Completa la frase con la palabra que falta.', '{"text": "Ho sentito tanta rabbia dopo la sua bugia.", "audio_url": "https://wiauinufpbkmjlbqlkxo.supabase.co/storage/v1/object/public/audio/items/dc29c101-2016-5bdb-8a82-14353922d5eb.mp3"}'::jsonb, '{"value": "rabbia", "accepted": ["rabbia"]}'::jsonb, 0.35, array['vocab_f1','writing']) on conflict (id) do nothing;
insert into content_items(id,course_id,cefr_level,skill,type,prompt,payload,correct_answer,difficulty,tags) values ('c3585628-51ac-55c5-881f-29cd6369606a', '20000000-0000-0000-0000-000000000004', 'B1', 'writing', 'cloze', 'Completa la frase con la palabra que falta.', '{"text": "Ero molto imbarazzato quando sono caduto davanti a tutti.", "audio_url": "https://wiauinufpbkmjlbqlkxo.supabase.co/storage/v1/object/public/audio/items/c3585628-51ac-55c5-881f-29cd6369606a.mp3"}'::jsonb, '{"value": "imbarazzato", "accepted": ["imbarazzato"]}'::jsonb, 0.35, array['vocab_f1','writing']) on conflict (id) do nothing;
insert into content_items(id,course_id,cefr_level,skill,type,prompt,payload,correct_answer,difficulty,tags) values ('01725927-9a60-5559-98c7-e3af19f3d6cc', '20000000-0000-0000-0000-000000000004', 'B1', 'writing', 'cloze', 'Completa la frase con la palabra que falta.', '{"text": "Ho provato vergogna per il mio errore.", "audio_url": "https://wiauinufpbkmjlbqlkxo.supabase.co/storage/v1/object/public/audio/items/01725927-9a60-5559-98c7-e3af19f3d6cc.mp3"}'::jsonb, '{"value": "vergogna", "accepted": ["vergogna"]}'::jsonb, 0.35, array['vocab_f1','writing']) on conflict (id) do nothing;
insert into content_items(id,course_id,cefr_level,skill,type,prompt,payload,correct_answer,difficulty,tags) values ('ae31b3fc-e7e2-5962-b848-c5c6a33e601e', '20000000-0000-0000-0000-000000000004', 'B1', 'writing', 'cloze', 'Completa la frase con la palabra que falta.', '{"text": "Non c''è motivo di vergognarsi dei propri sentimenti.", "audio_url": "https://wiauinufpbkmjlbqlkxo.supabase.co/storage/v1/object/public/audio/items/ae31b3fc-e7e2-5962-b848-c5c6a33e601e.mp3"}'::jsonb, '{"value": "vergognarsi", "accepted": ["vergognarsi"]}'::jsonb, 0.35, array['vocab_f1','writing']) on conflict (id) do nothing;
insert into content_items(id,course_id,cefr_level,skill,type,prompt,payload,correct_answer,difficulty,tags) values ('ea8711fc-92bd-5111-a09f-26dc03bc34f8', '20000000-0000-0000-0000-000000000004', 'B1', 'writing', 'cloze', 'Completa la frase con la palabra que falta.', '{"text": "Sono rimasto deluso dal finale del film.", "audio_url": "https://wiauinufpbkmjlbqlkxo.supabase.co/storage/v1/object/public/audio/items/ea8711fc-92bd-5111-a09f-26dc03bc34f8.mp3"}'::jsonb, '{"value": "deluso", "accepted": ["deluso"]}'::jsonb, 0.35, array['vocab_f1','writing']) on conflict (id) do nothing;
insert into content_items(id,course_id,cefr_level,skill,type,prompt,payload,correct_answer,difficulty,tags) values ('1da0d113-37ec-5372-9904-dc8d65599b50', '20000000-0000-0000-0000-000000000004', 'B1', 'writing', 'cloze', 'Completa la frase con la palabra que falta.', '{"text": "Perdere la partita è stata una grande delusione.", "audio_url": "https://wiauinufpbkmjlbqlkxo.supabase.co/storage/v1/object/public/audio/items/1da0d113-37ec-5372-9904-dc8d65599b50.mp3"}'::jsonb, '{"value": "delusione", "accepted": ["delusione"]}'::jsonb, 0.35, array['vocab_f1','writing']) on conflict (id) do nothing;
insert into content_items(id,course_id,cefr_level,skill,type,prompt,payload,correct_answer,difficulty,tags) values ('df33efcc-8ac7-5b51-b2e5-6fefed0e4e13', '20000000-0000-0000-0000-000000000004', 'B1', 'writing', 'cloze', 'Completa la frase con la palabra que falta.', '{"text": "Non voglio deludere i miei genitori.", "audio_url": "https://wiauinufpbkmjlbqlkxo.supabase.co/storage/v1/object/public/audio/items/df33efcc-8ac7-5b51-b2e5-6fefed0e4e13.mp3"}'::jsonb, '{"value": "deludere", "accepted": ["deludere"]}'::jsonb, 0.35, array['vocab_f1','writing']) on conflict (id) do nothing;
insert into content_items(id,course_id,cefr_level,skill,type,prompt,payload,correct_answer,difficulty,tags) values ('6a94ac0e-6304-5a6e-85a2-3b9352cd5c1e', '20000000-0000-0000-0000-000000000004', 'B1', 'reading', 'match', 'Empareja cada palabra con su traducción.', '{"pairs": [{"en": "arrabbiato", "es": "enfadado"}, {"en": "arrabbiarsi", "es": "enfadarse"}, {"en": "la rabbia", "es": "la ira"}, {"en": "imbarazzato", "es": "avergonzado"}, {"en": "la vergogna", "es": "la vergüenza"}]}'::jsonb, '{"pairs": [["arrabbiato", "enfadado"], ["arrabbiarsi", "enfadarse"], ["la rabbia", "la ira"], ["imbarazzato", "avergonzado"], ["la vergogna", "la vergüenza"]]}'::jsonb, 0.15, array['vocab_f1','reading']) on conflict (id) do nothing;
insert into content_items(id,course_id,cefr_level,skill,type,prompt,payload,correct_answer,difficulty,tags) values ('6a2f16cb-174b-5b3c-b1b4-5f4f2c72d59d', '20000000-0000-0000-0000-000000000004', 'B1', 'reading', 'match', 'Empareja cada palabra con su traducción.', '{"pairs": [{"en": "vergognarsi", "es": "avergonzarse"}, {"en": "deluso", "es": "decepcionado"}, {"en": "la delusione", "es": "la decepción"}, {"en": "deludere", "es": "decepcionar"}]}'::jsonb, '{"pairs": [["vergognarsi", "avergonzarse"], ["deluso", "decepcionado"], ["la delusione", "la decepción"], ["deludere", "decepcionar"]]}'::jsonb, 0.15, array['vocab_f1','reading']) on conflict (id) do nothing;
insert into content_items(id,course_id,cefr_level,skill,type,prompt,payload,correct_answer,difficulty,tags) values ('0af2f7cc-7404-5e98-a2ca-38426067e529', '20000000-0000-0000-0000-000000000004', 'B1', 'writing', 'cloze', 'Completa la frase con la palabra que falta.', '{"text": "Il bambino era spaventato dal temporale.", "audio_url": "https://wiauinufpbkmjlbqlkxo.supabase.co/storage/v1/object/public/audio/items/0af2f7cc-7404-5e98-a2ca-38426067e529.mp3"}'::jsonb, '{"value": "spaventato", "accepted": ["spaventato"]}'::jsonb, 0.35, array['vocab_f1','writing']) on conflict (id) do nothing;
insert into content_items(id,course_id,cefr_level,skill,type,prompt,payload,correct_answer,difficulty,tags) values ('7c5e90db-023a-57d8-9359-3a748f9b6a28', '20000000-0000-0000-0000-000000000004', 'B1', 'writing', 'cloze', 'Completa la frase con la palabra que falta.', '{"text": "Che spavento, non ti avevo visto arrivare!", "audio_url": "https://wiauinufpbkmjlbqlkxo.supabase.co/storage/v1/object/public/audio/items/7c5e90db-023a-57d8-9359-3a748f9b6a28.mp3"}'::jsonb, '{"value": "spavento", "accepted": ["spavento"]}'::jsonb, 0.35, array['vocab_f1','writing']) on conflict (id) do nothing;
insert into content_items(id,course_id,cefr_level,skill,type,prompt,payload,correct_answer,difficulty,tags) values ('26447e95-cbed-5226-9b05-0149dd093282', '20000000-0000-0000-0000-000000000004', 'B1', 'writing', 'cloze', 'Completa la frase con la palabra que falta.', '{"text": "Non volevo spaventare il gatto con il rumore.", "audio_url": "https://wiauinufpbkmjlbqlkxo.supabase.co/storage/v1/object/public/audio/items/26447e95-cbed-5226-9b05-0149dd093282.mp3"}'::jsonb, '{"value": "spaventare", "accepted": ["spaventare"]}'::jsonb, 0.35, array['vocab_f1','writing']) on conflict (id) do nothing;
insert into content_items(id,course_id,cefr_level,skill,type,prompt,payload,correct_answer,difficulty,tags) values ('2fa95789-2762-5081-a6df-840fee8b7f3f', '20000000-0000-0000-0000-000000000004', 'B1', 'writing', 'cloze', 'Completa la frase con la palabra que falta.', '{"text": "La gelosia può rovinare un rapporto.", "audio_url": "https://wiauinufpbkmjlbqlkxo.supabase.co/storage/v1/object/public/audio/items/2fa95789-2762-5081-a6df-840fee8b7f3f.mp3"}'::jsonb, '{"value": "gelosia", "accepted": ["gelosia"]}'::jsonb, 0.35, array['vocab_f1','writing']) on conflict (id) do nothing;
insert into content_items(id,course_id,cefr_level,skill,type,prompt,payload,correct_answer,difficulty,tags) values ('16cc6bcb-3845-5372-8e61-d439f34518c9', '20000000-0000-0000-0000-000000000004', 'B1', 'writing', 'cloze', 'Completa la frase con la palabra que falta.', '{"text": "Ero annoiato durante la lezione di storia.", "audio_url": "https://wiauinufpbkmjlbqlkxo.supabase.co/storage/v1/object/public/audio/items/16cc6bcb-3845-5372-8e61-d439f34518c9.mp3"}'::jsonb, '{"value": "annoiato", "accepted": ["annoiato"]}'::jsonb, 0.35, array['vocab_f1','writing']) on conflict (id) do nothing;
insert into content_items(id,course_id,cefr_level,skill,type,prompt,payload,correct_answer,difficulty,tags) values ('77a2e670-3fbd-5d6a-a050-1dd9986a91db', '20000000-0000-0000-0000-000000000004', 'B1', 'writing', 'cloze', 'Completa la frase con la palabra que falta.', '{"text": "Nel pomeriggio mi prende sempre la noia.", "audio_url": "https://wiauinufpbkmjlbqlkxo.supabase.co/storage/v1/object/public/audio/items/77a2e670-3fbd-5d6a-a050-1dd9986a91db.mp3"}'::jsonb, '{"value": "la noia", "accepted": ["la noia"]}'::jsonb, 0.35, array['vocab_f1','writing']) on conflict (id) do nothing;
insert into content_items(id,course_id,cefr_level,skill,type,prompt,payload,correct_answer,difficulty,tags) values ('bafdd9fe-b98a-5e3e-a776-576547ad43bf', '20000000-0000-0000-0000-000000000004', 'B1', 'writing', 'cloze', 'Completa la frase con la palabra que falta.', '{"text": "Sono orgoglioso di mia sorella per il suo lavoro.", "audio_url": "https://wiauinufpbkmjlbqlkxo.supabase.co/storage/v1/object/public/audio/items/bafdd9fe-b98a-5e3e-a776-576547ad43bf.mp3"}'::jsonb, '{"value": "orgoglioso", "accepted": ["orgoglioso"]}'::jsonb, 0.35, array['vocab_f1','writing']) on conflict (id) do nothing;
insert into content_items(id,course_id,cefr_level,skill,type,prompt,payload,correct_answer,difficulty,tags) values ('16324da4-9d8f-52db-ba2c-398435831d61', '20000000-0000-0000-0000-000000000004', 'B1', 'writing', 'cloze', 'Completa la frase con la palabra que falta.', '{"text": "È stato molto coraggioso ad aiutare lo sconosciuto.", "audio_url": "https://wiauinufpbkmjlbqlkxo.supabase.co/storage/v1/object/public/audio/items/16324da4-9d8f-52db-ba2c-398435831d61.mp3"}'::jsonb, '{"value": "coraggioso", "accepted": ["coraggioso"]}'::jsonb, 0.35, array['vocab_f1','writing']) on conflict (id) do nothing;
insert into content_items(id,course_id,cefr_level,skill,type,prompt,payload,correct_answer,difficulty,tags) values ('0e52e776-f0d5-5995-8af4-5829d3badb23', '20000000-0000-0000-0000-000000000004', 'B1', 'writing', 'cloze', 'Completa la frase con la palabra que falta.', '{"text": "Ho paura di volare in aereo.", "audio_url": "https://wiauinufpbkmjlbqlkxo.supabase.co/storage/v1/object/public/audio/items/0e52e776-f0d5-5995-8af4-5829d3badb23.mp3"}'::jsonb, '{"value": "paura", "accepted": ["paura"]}'::jsonb, 0.35, array['vocab_f1','writing']) on conflict (id) do nothing;
insert into content_items(id,course_id,cefr_level,skill,type,prompt,payload,correct_answer,difficulty,tags) values ('17b66839-12f5-5215-ad92-27e1356861e3', '20000000-0000-0000-0000-000000000004', 'B1', 'reading', 'match', 'Empareja cada palabra con su traducción.', '{"pairs": [{"en": "spaventato", "es": "asustado"}, {"en": "lo spavento", "es": "el susto"}, {"en": "spaventare", "es": "asustar"}, {"en": "la gelosia", "es": "los celos"}, {"en": "annoiato", "es": "aburrido"}]}'::jsonb, '{"pairs": [["spaventato", "asustado"], ["lo spavento", "el susto"], ["spaventare", "asustar"], ["la gelosia", "los celos"], ["annoiato", "aburrido"]]}'::jsonb, 0.15, array['vocab_f1','reading']) on conflict (id) do nothing;
insert into content_items(id,course_id,cefr_level,skill,type,prompt,payload,correct_answer,difficulty,tags) values ('7d2b11f0-3932-507f-8dc1-7e32cd066192', '20000000-0000-0000-0000-000000000004', 'B1', 'reading', 'match', 'Empareja cada palabra con su traducción.', '{"pairs": [{"en": "la noia", "es": "el aburrimiento"}, {"en": "orgoglioso", "es": "orgulloso"}, {"en": "coraggioso", "es": "valiente"}, {"en": "la paura", "es": "el miedo"}]}'::jsonb, '{"pairs": [["la noia", "el aburrimiento"], ["orgoglioso", "orgulloso"], ["coraggioso", "valiente"], ["la paura", "el miedo"]]}'::jsonb, 0.15, array['vocab_f1','reading']) on conflict (id) do nothing;
insert into content_items(id,course_id,cefr_level,skill,type,prompt,payload,correct_answer,difficulty,tags) values ('b73e39cc-1b63-5c1c-902b-f9817473474d', '20000000-0000-0000-0000-000000000004', 'B1', 'writing', 'cloze', 'Completa la frase con la palabra que falta.', '{"text": "Vedere i nipoti mi riempie di gioia.", "audio_url": "https://wiauinufpbkmjlbqlkxo.supabase.co/storage/v1/object/public/audio/items/b73e39cc-1b63-5c1c-902b-f9817473474d.mp3"}'::jsonb, '{"value": "gioia", "accepted": ["gioia"]}'::jsonb, 0.35, array['vocab_f1','writing']) on conflict (id) do nothing;
insert into content_items(id,course_id,cefr_level,skill,type,prompt,payload,correct_answer,difficulty,tags) values ('7b6b17ec-dc8c-5695-936d-d86a4262b302', '20000000-0000-0000-0000-000000000004', 'B1', 'writing', 'cloze', 'Completa la frase con la palabra que falta.', '{"text": "Sono stufo di sentire sempre le stesse scuse.", "audio_url": "https://wiauinufpbkmjlbqlkxo.supabase.co/storage/v1/object/public/audio/items/7b6b17ec-dc8c-5695-936d-d86a4262b302.mp3"}'::jsonb, '{"value": "stufo", "accepted": ["stufo"]}'::jsonb, 0.35, array['vocab_f1','writing']) on conflict (id) do nothing;
insert into content_items(id,course_id,cefr_level,skill,type,prompt,payload,correct_answer,difficulty,tags) values ('8cef34fc-5c21-5280-81f1-f4b194c00feb', '20000000-0000-0000-0000-000000000004', 'B1', 'writing', 'cloze', 'Completa la frase con la palabra que falta.', '{"text": "Ero commosso durante il discorso della sposa.", "audio_url": "https://wiauinufpbkmjlbqlkxo.supabase.co/storage/v1/object/public/audio/items/8cef34fc-5c21-5280-81f1-f4b194c00feb.mp3"}'::jsonb, '{"value": "commosso", "accepted": ["commosso"]}'::jsonb, 0.35, array['vocab_f1','writing']) on conflict (id) do nothing;
insert into content_items(id,course_id,cefr_level,skill,type,prompt,payload,correct_answer,difficulty,tags) values ('7202f7b6-bb8f-5f21-b728-01a52e0d34cc', '20000000-0000-0000-0000-000000000004', 'B1', 'writing', 'cloze', 'Completa la frase con la palabra que falta.', '{"text": "Mi sono sentito sollevato quando ho saputo la notizia.", "audio_url": "https://wiauinufpbkmjlbqlkxo.supabase.co/storage/v1/object/public/audio/items/7202f7b6-bb8f-5f21-b728-01a52e0d34cc.mp3"}'::jsonb, '{"value": "sollevato", "accepted": ["sollevato"]}'::jsonb, 0.35, array['vocab_f1','writing']) on conflict (id) do nothing;
insert into content_items(id,course_id,cefr_level,skill,type,prompt,payload,correct_answer,difficulty,tags) values ('cc5e81d4-8f7d-540d-bdb3-5424012a09e5', '20000000-0000-0000-0000-000000000004', 'B1', 'writing', 'cloze', 'Completa la frase con la palabra que falta.', '{"text": "Sono rimasto stupito dal suo talento.", "audio_url": "https://wiauinufpbkmjlbqlkxo.supabase.co/storage/v1/object/public/audio/items/cc5e81d4-8f7d-540d-bdb3-5424012a09e5.mp3"}'::jsonb, '{"value": "stupito", "accepted": ["stupito"]}'::jsonb, 0.35, array['vocab_f1','writing']) on conflict (id) do nothing;
insert into content_items(id,course_id,cefr_level,skill,type,prompt,payload,correct_answer,difficulty,tags) values ('e4d73af6-b146-598e-bbef-65e9a8d2b7b4', '20000000-0000-0000-0000-000000000004', 'B1', 'writing', 'cloze', 'Completa la frase con la palabra que falta.', '{"text": "Sono pentito di non averle detto la verità.", "audio_url": "https://wiauinufpbkmjlbqlkxo.supabase.co/storage/v1/object/public/audio/items/e4d73af6-b146-598e-bbef-65e9a8d2b7b4.mp3"}'::jsonb, '{"value": "pentito", "accepted": ["pentito"]}'::jsonb, 0.35, array['vocab_f1','writing']) on conflict (id) do nothing;
insert into content_items(id,course_id,cefr_level,skill,type,prompt,payload,correct_answer,difficulty,tags) values ('8ffd10e8-6a51-5efd-9496-a7f270112a64', '20000000-0000-0000-0000-000000000004', 'B1', 'writing', 'cloze', 'Completa la frase con la palabra que falta.', '{"text": "Il rumore dei vicini mi dà molto fastidio.", "audio_url": "https://wiauinufpbkmjlbqlkxo.supabase.co/storage/v1/object/public/audio/items/8ffd10e8-6a51-5efd-9496-a7f270112a64.mp3"}'::jsonb, '{"value": "fastidio", "accepted": ["fastidio"]}'::jsonb, 0.35, array['vocab_f1','writing']) on conflict (id) do nothing;
insert into content_items(id,course_id,cefr_level,skill,type,prompt,payload,correct_answer,difficulty,tags) values ('dcc20d7b-a0b3-53f3-b627-3fe0a70fc2b8', '20000000-0000-0000-0000-000000000004', 'B1', 'reading', 'match', 'Empareja cada palabra con su traducción.', '{"pairs": [{"en": "la gioia", "es": "la alegría"}, {"en": "stufo", "es": "harto"}, {"en": "commosso", "es": "conmovido"}, {"en": "sollevato", "es": "aliviado"}, {"en": "stupito", "es": "asombrado"}]}'::jsonb, '{"pairs": [["la gioia", "la alegría"], ["stufo", "harto"], ["commosso", "conmovido"], ["sollevato", "aliviado"], ["stupito", "asombrado"]]}'::jsonb, 0.15, array['vocab_f1','reading']) on conflict (id) do nothing;
insert into content_items(id,course_id,cefr_level,skill,type,prompt,payload,correct_answer,difficulty,tags) values ('486f1e13-388f-503f-b3b9-d3cfe173ce81', '20000000-0000-0000-0000-000000000004', 'B1', 'reading', 'match', 'Empareja cada palabra con su traducción.', '{"pairs": [{"en": "pentito", "es": "arrepentido"}, {"en": "il fastidio", "es": "la molestia"}]}'::jsonb, '{"pairs": [["pentito", "arrepentido"], ["il fastidio", "la molestia"]]}'::jsonb, 0.15, array['vocab_f1','reading']) on conflict (id) do nothing;

-- 3) lecciones de vocabulario + lesson_items (antes del checkpoint)
do $$
declare v_unit uuid; v_c int;
begin
  if exists (select 1 from lessons where id='efdc4db9-dec6-58e7-88bb-bad03b20d619') then return; end if;
  select id into v_unit from units where course_id='20000000-0000-0000-0000-000000000004' and order_index=7;
  if v_unit is null then return; end if;
  select min(order_index) into v_c from lessons where unit_id=v_unit and type='checkpoint';
  if v_c is null then select max(order_index)+1 into v_c from lessons where unit_id=v_unit; end if;
  update lessons set order_index=order_index+1000 where unit_id=v_unit and order_index>=v_c;
  insert into lessons(id,unit_id,order_index,title,description,type,xp_reward) values ('efdc4db9-dec6-58e7-88bb-bad03b20d619', v_unit, v_c+0, 'Vocabulario: la ciudad 1', 'Aprende palabras nuevas de alta frecuencia con ejemplos y audio.', 'lesson', 15) on conflict (id) do nothing;
  insert into lesson_items(lesson_id,item_id,order_index) values ('efdc4db9-dec6-58e7-88bb-bad03b20d619', '605115e4-45b8-5a66-9a14-1fc491dfc1ee', 0) on conflict do nothing;
  insert into lesson_items(lesson_id,item_id,order_index) values ('efdc4db9-dec6-58e7-88bb-bad03b20d619', 'bd7fb111-f0af-562f-889a-03976702c1db', 1) on conflict do nothing;
  insert into lesson_items(lesson_id,item_id,order_index) values ('efdc4db9-dec6-58e7-88bb-bad03b20d619', '52ace919-49eb-5f42-aa34-94e8fcbf2706', 2) on conflict do nothing;
  insert into lesson_items(lesson_id,item_id,order_index) values ('efdc4db9-dec6-58e7-88bb-bad03b20d619', '277e1c91-99ec-504d-b213-dcd2cc1d956f', 3) on conflict do nothing;
  insert into lesson_items(lesson_id,item_id,order_index) values ('efdc4db9-dec6-58e7-88bb-bad03b20d619', '9a773e66-6b07-59f0-981a-ddb570091837', 4) on conflict do nothing;
  insert into lesson_items(lesson_id,item_id,order_index) values ('efdc4db9-dec6-58e7-88bb-bad03b20d619', 'de7d1982-02a5-5828-b008-0d7b7195ec64', 5) on conflict do nothing;
  insert into lesson_items(lesson_id,item_id,order_index) values ('efdc4db9-dec6-58e7-88bb-bad03b20d619', '29358416-09f2-5d56-b449-7b2b9c3b003c', 6) on conflict do nothing;
  insert into lesson_items(lesson_id,item_id,order_index) values ('efdc4db9-dec6-58e7-88bb-bad03b20d619', '684eeb47-5b07-5a7d-8152-3ce2bf33ddfa', 7) on conflict do nothing;
  insert into lesson_items(lesson_id,item_id,order_index) values ('efdc4db9-dec6-58e7-88bb-bad03b20d619', '9e5267a9-297e-57cf-85cc-ea68884c43dc', 8) on conflict do nothing;
  insert into lesson_items(lesson_id,item_id,order_index) values ('efdc4db9-dec6-58e7-88bb-bad03b20d619', '527fba61-8a7e-51cb-b0d4-4f4f1263a486', 9) on conflict do nothing;
  insert into lesson_items(lesson_id,item_id,order_index) values ('efdc4db9-dec6-58e7-88bb-bad03b20d619', '091056c5-d0d4-5111-99d1-2b73e689e371', 10) on conflict do nothing;
  insert into lesson_items(lesson_id,item_id,order_index) values ('efdc4db9-dec6-58e7-88bb-bad03b20d619', '8d8e0acf-d926-574a-b123-0f3cdf5171a1', 11) on conflict do nothing;
  insert into lesson_items(lesson_id,item_id,order_index) values ('efdc4db9-dec6-58e7-88bb-bad03b20d619', 'b91c8c7f-b987-5b37-ac9e-a65ea3dda613', 12) on conflict do nothing;
  insert into lesson_items(lesson_id,item_id,order_index) values ('efdc4db9-dec6-58e7-88bb-bad03b20d619', '443be1da-8717-57bf-9b44-41997eda40ed', 13) on conflict do nothing;
  insert into lesson_items(lesson_id,item_id,order_index) values ('efdc4db9-dec6-58e7-88bb-bad03b20d619', '162c1310-8294-5064-a110-5187155ce8cc', 14) on conflict do nothing;
  insert into lessons(id,unit_id,order_index,title,description,type,xp_reward) values ('b4bb9479-9197-5cc6-9d46-c3428a0d7fa7', v_unit, v_c+1, 'Vocabulario: la ciudad 2', 'Aprende palabras nuevas de alta frecuencia con ejemplos y audio.', 'lesson', 15) on conflict (id) do nothing;
  insert into lesson_items(lesson_id,item_id,order_index) values ('b4bb9479-9197-5cc6-9d46-c3428a0d7fa7', 'bc4b6a05-b4b3-5447-a406-69ec555a6ca2', 0) on conflict do nothing;
  insert into lesson_items(lesson_id,item_id,order_index) values ('b4bb9479-9197-5cc6-9d46-c3428a0d7fa7', '298ca1b8-7092-54bd-bdf6-cdf2ca968fe6', 1) on conflict do nothing;
  insert into lesson_items(lesson_id,item_id,order_index) values ('b4bb9479-9197-5cc6-9d46-c3428a0d7fa7', '76d40427-1a54-5408-86b9-dd20a418ebf6', 2) on conflict do nothing;
  insert into lesson_items(lesson_id,item_id,order_index) values ('b4bb9479-9197-5cc6-9d46-c3428a0d7fa7', '0e1f0ba6-5d91-5433-bd99-f1db50f7db28', 3) on conflict do nothing;
  insert into lesson_items(lesson_id,item_id,order_index) values ('b4bb9479-9197-5cc6-9d46-c3428a0d7fa7', '5f0c1c1d-faf1-5d56-805d-d1a1781a0a58', 4) on conflict do nothing;
  insert into lesson_items(lesson_id,item_id,order_index) values ('b4bb9479-9197-5cc6-9d46-c3428a0d7fa7', '79ff80f5-8528-589d-9481-7ee7b3b7bae4', 5) on conflict do nothing;
  insert into lesson_items(lesson_id,item_id,order_index) values ('b4bb9479-9197-5cc6-9d46-c3428a0d7fa7', 'a5fde9cf-1ff4-5972-9da6-b5397a167a16', 6) on conflict do nothing;
  insert into lesson_items(lesson_id,item_id,order_index) values ('b4bb9479-9197-5cc6-9d46-c3428a0d7fa7', 'c76384de-1fd7-5d72-aa8d-67088aba7aa8', 7) on conflict do nothing;
  insert into lesson_items(lesson_id,item_id,order_index) values ('b4bb9479-9197-5cc6-9d46-c3428a0d7fa7', 'acaa5b92-7f4c-51fa-b2de-8741482768ce', 8) on conflict do nothing;
  insert into lesson_items(lesson_id,item_id,order_index) values ('b4bb9479-9197-5cc6-9d46-c3428a0d7fa7', 'a8a4605e-6173-510b-b239-26c6938158ba', 9) on conflict do nothing;
  insert into lesson_items(lesson_id,item_id,order_index) values ('b4bb9479-9197-5cc6-9d46-c3428a0d7fa7', '506255be-5cdf-5c23-bd14-a157900cd0c2', 10) on conflict do nothing;
  insert into lesson_items(lesson_id,item_id,order_index) values ('b4bb9479-9197-5cc6-9d46-c3428a0d7fa7', '454ff725-e5a6-5bf2-b26f-c42fc6ff9d1b', 11) on conflict do nothing;
  insert into lesson_items(lesson_id,item_id,order_index) values ('b4bb9479-9197-5cc6-9d46-c3428a0d7fa7', '0e13e4ba-5029-5221-b0af-9e39cdacdedc', 12) on conflict do nothing;
  insert into lesson_items(lesson_id,item_id,order_index) values ('b4bb9479-9197-5cc6-9d46-c3428a0d7fa7', 'd507fa0a-0604-5193-a339-cf8e3f191179', 13) on conflict do nothing;
  insert into lesson_items(lesson_id,item_id,order_index) values ('b4bb9479-9197-5cc6-9d46-c3428a0d7fa7', 'a066d603-4a05-5665-8c1f-b4a9eaee2ebb', 14) on conflict do nothing;
  update lessons set order_index=order_index-1000+2 where unit_id=v_unit and order_index>=1000;
end $$;

do $$
declare v_unit uuid; v_c int;
begin
  if exists (select 1 from lessons where id='c50144cc-78f4-5dc9-84ea-71510664426f') then return; end if;
  select id into v_unit from units where course_id='20000000-0000-0000-0000-000000000004' and order_index=8;
  if v_unit is null then return; end if;
  select min(order_index) into v_c from lessons where unit_id=v_unit and type='checkpoint';
  if v_c is null then select max(order_index)+1 into v_c from lessons where unit_id=v_unit; end if;
  update lessons set order_index=order_index+1000 where unit_id=v_unit and order_index>=v_c;
  insert into lessons(id,unit_id,order_index,title,description,type,xp_reward) values ('c50144cc-78f4-5dc9-84ea-71510664426f', v_unit, v_c+0, 'Vocabulario: el hogar 1', 'Aprende palabras nuevas de alta frecuencia con ejemplos y audio.', 'lesson', 15) on conflict (id) do nothing;
  insert into lesson_items(lesson_id,item_id,order_index) values ('c50144cc-78f4-5dc9-84ea-71510664426f', 'b5adf77a-1b99-57f4-83ba-534c55823e1e', 0) on conflict do nothing;
  insert into lesson_items(lesson_id,item_id,order_index) values ('c50144cc-78f4-5dc9-84ea-71510664426f', '504d8312-5349-58b7-b48f-de95a0826bcb', 1) on conflict do nothing;
  insert into lesson_items(lesson_id,item_id,order_index) values ('c50144cc-78f4-5dc9-84ea-71510664426f', 'eaf820ee-83ba-5674-b7da-d33ab9be5259', 2) on conflict do nothing;
  insert into lesson_items(lesson_id,item_id,order_index) values ('c50144cc-78f4-5dc9-84ea-71510664426f', 'fd48cf21-6ba5-5046-a4cc-a53f3ab9abcd', 3) on conflict do nothing;
  insert into lesson_items(lesson_id,item_id,order_index) values ('c50144cc-78f4-5dc9-84ea-71510664426f', 'f0f1c6c6-69da-5ee7-90c4-3f006ebf2c5f', 4) on conflict do nothing;
  insert into lesson_items(lesson_id,item_id,order_index) values ('c50144cc-78f4-5dc9-84ea-71510664426f', '4ad97e2d-2416-596d-9f22-cca750369e1d', 5) on conflict do nothing;
  insert into lesson_items(lesson_id,item_id,order_index) values ('c50144cc-78f4-5dc9-84ea-71510664426f', '8843de1e-1788-5720-9c35-3a7b5587f6b4', 6) on conflict do nothing;
  insert into lesson_items(lesson_id,item_id,order_index) values ('c50144cc-78f4-5dc9-84ea-71510664426f', '08cc444a-1cfe-5b1b-9604-c9f04e2d0495', 7) on conflict do nothing;
  insert into lesson_items(lesson_id,item_id,order_index) values ('c50144cc-78f4-5dc9-84ea-71510664426f', '0be94566-da27-5896-bb7b-cc8a768939de', 8) on conflict do nothing;
  insert into lesson_items(lesson_id,item_id,order_index) values ('c50144cc-78f4-5dc9-84ea-71510664426f', '44aa7927-ba37-540a-86c3-82bd966e29a4', 9) on conflict do nothing;
  insert into lesson_items(lesson_id,item_id,order_index) values ('c50144cc-78f4-5dc9-84ea-71510664426f', '46aa624a-bb02-50f4-8495-4dbb36bebabb', 10) on conflict do nothing;
  insert into lesson_items(lesson_id,item_id,order_index) values ('c50144cc-78f4-5dc9-84ea-71510664426f', '07914103-8e0c-5a36-88b8-3c0426a962ab', 11) on conflict do nothing;
  insert into lesson_items(lesson_id,item_id,order_index) values ('c50144cc-78f4-5dc9-84ea-71510664426f', '1cda1ac2-a7c8-5cb2-958d-77a0f9a96078', 12) on conflict do nothing;
  insert into lesson_items(lesson_id,item_id,order_index) values ('c50144cc-78f4-5dc9-84ea-71510664426f', '14a09ef4-26dc-59cd-b549-9c2d4e0fefd4', 13) on conflict do nothing;
  insert into lesson_items(lesson_id,item_id,order_index) values ('c50144cc-78f4-5dc9-84ea-71510664426f', '52284186-726e-5be5-9ef4-2964be031e33', 14) on conflict do nothing;
  insert into lessons(id,unit_id,order_index,title,description,type,xp_reward) values ('7843b5ad-ce08-5551-98df-f19217dee644', v_unit, v_c+1, 'Vocabulario: el hogar 2', 'Aprende palabras nuevas de alta frecuencia con ejemplos y audio.', 'lesson', 15) on conflict (id) do nothing;
  insert into lesson_items(lesson_id,item_id,order_index) values ('7843b5ad-ce08-5551-98df-f19217dee644', 'bd69a9c8-2228-5fc6-8dca-cad66c624b26', 0) on conflict do nothing;
  insert into lesson_items(lesson_id,item_id,order_index) values ('7843b5ad-ce08-5551-98df-f19217dee644', 'ec192217-f3ae-5755-befb-fcdd40666902', 1) on conflict do nothing;
  insert into lesson_items(lesson_id,item_id,order_index) values ('7843b5ad-ce08-5551-98df-f19217dee644', '428f47e5-4d94-5704-a168-8a7fe086de5b', 2) on conflict do nothing;
  insert into lesson_items(lesson_id,item_id,order_index) values ('7843b5ad-ce08-5551-98df-f19217dee644', '0f4df703-8636-5e10-afc1-5ecdce67829b', 3) on conflict do nothing;
  insert into lesson_items(lesson_id,item_id,order_index) values ('7843b5ad-ce08-5551-98df-f19217dee644', '52f80476-0fc0-5d64-a319-b7eccbfbe3a8', 4) on conflict do nothing;
  insert into lesson_items(lesson_id,item_id,order_index) values ('7843b5ad-ce08-5551-98df-f19217dee644', 'c5e3dec6-ee77-52d4-8865-f845b14aa1ca', 5) on conflict do nothing;
  insert into lesson_items(lesson_id,item_id,order_index) values ('7843b5ad-ce08-5551-98df-f19217dee644', 'c93e7f3c-f432-5ba5-a1b0-3db703473007', 6) on conflict do nothing;
  insert into lesson_items(lesson_id,item_id,order_index) values ('7843b5ad-ce08-5551-98df-f19217dee644', 'c086869b-b17d-5d53-aa6c-56df49a59fbc', 7) on conflict do nothing;
  insert into lesson_items(lesson_id,item_id,order_index) values ('7843b5ad-ce08-5551-98df-f19217dee644', 'c5ed49e1-c40f-590d-ab80-8b15bd454844', 8) on conflict do nothing;
  insert into lesson_items(lesson_id,item_id,order_index) values ('7843b5ad-ce08-5551-98df-f19217dee644', '63b5b38a-38c1-59b2-aca6-919d6aa90105', 9) on conflict do nothing;
  insert into lesson_items(lesson_id,item_id,order_index) values ('7843b5ad-ce08-5551-98df-f19217dee644', '6a98880a-0b48-5537-b8b9-39c7185a31cb', 10) on conflict do nothing;
  insert into lesson_items(lesson_id,item_id,order_index) values ('7843b5ad-ce08-5551-98df-f19217dee644', 'd67361c8-90fc-54de-9120-81b88235d1f9', 11) on conflict do nothing;
  update lessons set order_index=order_index-1000+2 where unit_id=v_unit and order_index>=1000;
end $$;

do $$
declare v_unit uuid; v_c int;
begin
  if exists (select 1 from lessons where id='5f9e2633-b221-57d1-8a80-5598f16a2c8f') then return; end if;
  select id into v_unit from units where course_id='20000000-0000-0000-0000-000000000004' and order_index=9;
  if v_unit is null then return; end if;
  select min(order_index) into v_c from lessons where unit_id=v_unit and type='checkpoint';
  if v_c is null then select max(order_index)+1 into v_c from lessons where unit_id=v_unit; end if;
  update lessons set order_index=order_index+1000 where unit_id=v_unit and order_index>=v_c;
  insert into lessons(id,unit_id,order_index,title,description,type,xp_reward) values ('5f9e2633-b221-57d1-8a80-5598f16a2c8f', v_unit, v_c+0, 'Vocabulario: la comida 1', 'Aprende palabras nuevas de alta frecuencia con ejemplos y audio.', 'lesson', 15) on conflict (id) do nothing;
  insert into lesson_items(lesson_id,item_id,order_index) values ('5f9e2633-b221-57d1-8a80-5598f16a2c8f', '1f6f4bd2-8a4d-560f-85d4-15f3ee7336cf', 0) on conflict do nothing;
  insert into lesson_items(lesson_id,item_id,order_index) values ('5f9e2633-b221-57d1-8a80-5598f16a2c8f', 'd2bf7913-4fa4-5566-bd1b-9067041fe436', 1) on conflict do nothing;
  insert into lesson_items(lesson_id,item_id,order_index) values ('5f9e2633-b221-57d1-8a80-5598f16a2c8f', 'fb03a5e0-765b-5a36-95f9-f8a72b037562', 2) on conflict do nothing;
  insert into lesson_items(lesson_id,item_id,order_index) values ('5f9e2633-b221-57d1-8a80-5598f16a2c8f', '07bc6930-61a0-5d08-9f3d-6bbf3d873588', 3) on conflict do nothing;
  insert into lesson_items(lesson_id,item_id,order_index) values ('5f9e2633-b221-57d1-8a80-5598f16a2c8f', 'add0e757-8d3f-5764-b2d1-443fb28fe17f', 4) on conflict do nothing;
  insert into lesson_items(lesson_id,item_id,order_index) values ('5f9e2633-b221-57d1-8a80-5598f16a2c8f', '269b307b-ad59-549c-ada1-f5bdb6ee1f9d', 5) on conflict do nothing;
  insert into lesson_items(lesson_id,item_id,order_index) values ('5f9e2633-b221-57d1-8a80-5598f16a2c8f', '5b13d54c-7b5f-5249-95bb-72e664713243', 6) on conflict do nothing;
  insert into lesson_items(lesson_id,item_id,order_index) values ('5f9e2633-b221-57d1-8a80-5598f16a2c8f', '45832d4a-1ec8-549a-822f-2875f43d0e83', 7) on conflict do nothing;
  insert into lesson_items(lesson_id,item_id,order_index) values ('5f9e2633-b221-57d1-8a80-5598f16a2c8f', '55b301c8-e74a-5c55-8cfc-a84f99958283', 8) on conflict do nothing;
  insert into lesson_items(lesson_id,item_id,order_index) values ('5f9e2633-b221-57d1-8a80-5598f16a2c8f', '2b8b214f-ae83-568a-a0af-b6a0189116e7', 9) on conflict do nothing;
  insert into lesson_items(lesson_id,item_id,order_index) values ('5f9e2633-b221-57d1-8a80-5598f16a2c8f', 'aad3a541-c2b0-54e9-9d6f-2bd38fb79e73', 10) on conflict do nothing;
  insert into lessons(id,unit_id,order_index,title,description,type,xp_reward) values ('04b33797-acf2-5658-9aac-59d4c858bf74', v_unit, v_c+1, 'Vocabulario: la comida 2', 'Aprende palabras nuevas de alta frecuencia con ejemplos y audio.', 'lesson', 15) on conflict (id) do nothing;
  insert into lesson_items(lesson_id,item_id,order_index) values ('04b33797-acf2-5658-9aac-59d4c858bf74', 'a857c044-a7c9-5155-9427-437604606c3b', 0) on conflict do nothing;
  insert into lesson_items(lesson_id,item_id,order_index) values ('04b33797-acf2-5658-9aac-59d4c858bf74', '39d4e006-7e1d-5d51-aa48-192696f6bc04', 1) on conflict do nothing;
  insert into lesson_items(lesson_id,item_id,order_index) values ('04b33797-acf2-5658-9aac-59d4c858bf74', '9b09cd02-8a19-5f2b-9f0b-13907deb39e5', 2) on conflict do nothing;
  insert into lesson_items(lesson_id,item_id,order_index) values ('04b33797-acf2-5658-9aac-59d4c858bf74', 'db8369ef-61a6-5403-8406-e44318fef2d5', 3) on conflict do nothing;
  insert into lesson_items(lesson_id,item_id,order_index) values ('04b33797-acf2-5658-9aac-59d4c858bf74', '8c456269-48d7-51a5-9645-503aebf83291', 4) on conflict do nothing;
  insert into lesson_items(lesson_id,item_id,order_index) values ('04b33797-acf2-5658-9aac-59d4c858bf74', '857c89fb-a78c-5278-b9b3-f43fc7de008f', 5) on conflict do nothing;
  insert into lesson_items(lesson_id,item_id,order_index) values ('04b33797-acf2-5658-9aac-59d4c858bf74', 'aa19c26f-e7c2-52e1-a3e5-d0efed59eb7b', 6) on conflict do nothing;
  insert into lesson_items(lesson_id,item_id,order_index) values ('04b33797-acf2-5658-9aac-59d4c858bf74', '4b1649ae-6c95-5d5a-b746-b046ddb6e7a7', 7) on conflict do nothing;
  insert into lesson_items(lesson_id,item_id,order_index) values ('04b33797-acf2-5658-9aac-59d4c858bf74', 'd1b33ee9-7b9f-5c3d-9f39-3fda7c2ab044', 8) on conflict do nothing;
  insert into lesson_items(lesson_id,item_id,order_index) values ('04b33797-acf2-5658-9aac-59d4c858bf74', 'a49aa0a9-946c-5427-8dfe-26a26c9f73c6', 9) on conflict do nothing;
  insert into lesson_items(lesson_id,item_id,order_index) values ('04b33797-acf2-5658-9aac-59d4c858bf74', '1427c890-a57d-53da-891d-e5e2fb235148', 10) on conflict do nothing;
  insert into lessons(id,unit_id,order_index,title,description,type,xp_reward) values ('7372bfc7-cb14-56d5-bcac-4e00f8b47889', v_unit, v_c+2, 'Vocabulario: la comida 3', 'Aprende palabras nuevas de alta frecuencia con ejemplos y audio.', 'lesson', 15) on conflict (id) do nothing;
  insert into lesson_items(lesson_id,item_id,order_index) values ('7372bfc7-cb14-56d5-bcac-4e00f8b47889', '21bc464b-c638-5b20-89f7-e891f616dd0a', 0) on conflict do nothing;
  insert into lesson_items(lesson_id,item_id,order_index) values ('7372bfc7-cb14-56d5-bcac-4e00f8b47889', '57252aa6-261e-5865-b9b4-d39791ccbf22', 1) on conflict do nothing;
  insert into lesson_items(lesson_id,item_id,order_index) values ('7372bfc7-cb14-56d5-bcac-4e00f8b47889', 'ef98a077-3a97-5cbf-a31a-e03e51bbcebb', 2) on conflict do nothing;
  insert into lesson_items(lesson_id,item_id,order_index) values ('7372bfc7-cb14-56d5-bcac-4e00f8b47889', '8b2c49fd-7bcb-5a21-b159-d7e907c3fcd9', 3) on conflict do nothing;
  insert into lesson_items(lesson_id,item_id,order_index) values ('7372bfc7-cb14-56d5-bcac-4e00f8b47889', '04fc68f5-e2fd-5d5b-8335-eef9e4815418', 4) on conflict do nothing;
  insert into lesson_items(lesson_id,item_id,order_index) values ('7372bfc7-cb14-56d5-bcac-4e00f8b47889', '5190972e-912a-56aa-8c19-e9dc7f0f285a', 5) on conflict do nothing;
  insert into lesson_items(lesson_id,item_id,order_index) values ('7372bfc7-cb14-56d5-bcac-4e00f8b47889', '8d4f9401-3f5e-5bec-acab-58aea093303e', 6) on conflict do nothing;
  insert into lesson_items(lesson_id,item_id,order_index) values ('7372bfc7-cb14-56d5-bcac-4e00f8b47889', '0f032e7a-cb91-510f-931f-c7c525133632', 7) on conflict do nothing;
  insert into lesson_items(lesson_id,item_id,order_index) values ('7372bfc7-cb14-56d5-bcac-4e00f8b47889', 'f1569bc0-7f73-5e49-8035-76b77887a782', 8) on conflict do nothing;
  update lessons set order_index=order_index-1000+3 where unit_id=v_unit and order_index>=1000;
end $$;

do $$
declare v_unit uuid; v_c int;
begin
  if exists (select 1 from lessons where id='1b3e576f-6b29-5a65-b9c6-deacceeaa513') then return; end if;
  select id into v_unit from units where course_id='20000000-0000-0000-0000-000000000004' and order_index=10;
  if v_unit is null then return; end if;
  select min(order_index) into v_c from lessons where unit_id=v_unit and type='checkpoint';
  if v_c is null then select max(order_index)+1 into v_c from lessons where unit_id=v_unit; end if;
  update lessons set order_index=order_index+1000 where unit_id=v_unit and order_index>=v_c;
  insert into lessons(id,unit_id,order_index,title,description,type,xp_reward) values ('1b3e576f-6b29-5a65-b9c6-deacceeaa513', v_unit, v_c+0, 'Vocabulario: viajar 1', 'Aprende palabras nuevas de alta frecuencia con ejemplos y audio.', 'lesson', 15) on conflict (id) do nothing;
  insert into lesson_items(lesson_id,item_id,order_index) values ('1b3e576f-6b29-5a65-b9c6-deacceeaa513', 'c703055c-8ee1-598d-85c0-41568534bddc', 0) on conflict do nothing;
  insert into lesson_items(lesson_id,item_id,order_index) values ('1b3e576f-6b29-5a65-b9c6-deacceeaa513', '4bda9a13-31aa-5692-822e-a7682c126603', 1) on conflict do nothing;
  insert into lesson_items(lesson_id,item_id,order_index) values ('1b3e576f-6b29-5a65-b9c6-deacceeaa513', '6c563edc-34cc-5258-b631-f6da43fe63ed', 2) on conflict do nothing;
  insert into lesson_items(lesson_id,item_id,order_index) values ('1b3e576f-6b29-5a65-b9c6-deacceeaa513', 'afb9257b-5e4f-5527-9aa3-448c133c598a', 3) on conflict do nothing;
  insert into lesson_items(lesson_id,item_id,order_index) values ('1b3e576f-6b29-5a65-b9c6-deacceeaa513', '894333a5-48cc-5a04-a7ce-b4eb4e4743ef', 4) on conflict do nothing;
  insert into lesson_items(lesson_id,item_id,order_index) values ('1b3e576f-6b29-5a65-b9c6-deacceeaa513', '5da53ccb-b4a1-5636-99df-6e3ace38f5fe', 5) on conflict do nothing;
  insert into lesson_items(lesson_id,item_id,order_index) values ('1b3e576f-6b29-5a65-b9c6-deacceeaa513', '8355a3b2-a012-5e64-a20d-7b65bcef1ddb', 6) on conflict do nothing;
  insert into lesson_items(lesson_id,item_id,order_index) values ('1b3e576f-6b29-5a65-b9c6-deacceeaa513', 'd24df698-a775-517e-83c1-3080f335ed39', 7) on conflict do nothing;
  insert into lesson_items(lesson_id,item_id,order_index) values ('1b3e576f-6b29-5a65-b9c6-deacceeaa513', '7e2f308e-3e50-548b-bc6d-0b9f20a13284', 8) on conflict do nothing;
  insert into lesson_items(lesson_id,item_id,order_index) values ('1b3e576f-6b29-5a65-b9c6-deacceeaa513', 'f8e3eb24-0bb4-5563-b01f-428d40a00fa4', 9) on conflict do nothing;
  insert into lesson_items(lesson_id,item_id,order_index) values ('1b3e576f-6b29-5a65-b9c6-deacceeaa513', '860cd1d6-4a70-5329-b2f6-6fa8c41a93a7', 10) on conflict do nothing;
  insert into lessons(id,unit_id,order_index,title,description,type,xp_reward) values ('a6b3c61f-0e67-59c7-bca7-d2169a8397c7', v_unit, v_c+1, 'Vocabulario: viajar 2', 'Aprende palabras nuevas de alta frecuencia con ejemplos y audio.', 'lesson', 15) on conflict (id) do nothing;
  insert into lesson_items(lesson_id,item_id,order_index) values ('a6b3c61f-0e67-59c7-bca7-d2169a8397c7', 'efcf9cb6-7340-5c8a-830b-4161b5249ea2', 0) on conflict do nothing;
  insert into lesson_items(lesson_id,item_id,order_index) values ('a6b3c61f-0e67-59c7-bca7-d2169a8397c7', '1c7668c3-8dda-5934-86dc-440f2704b555', 1) on conflict do nothing;
  insert into lesson_items(lesson_id,item_id,order_index) values ('a6b3c61f-0e67-59c7-bca7-d2169a8397c7', 'f59e50a8-85f4-5066-836f-353d6cb7391e', 2) on conflict do nothing;
  insert into lesson_items(lesson_id,item_id,order_index) values ('a6b3c61f-0e67-59c7-bca7-d2169a8397c7', '5e00a6d9-8237-5dc8-8c43-13a338807f66', 3) on conflict do nothing;
  insert into lesson_items(lesson_id,item_id,order_index) values ('a6b3c61f-0e67-59c7-bca7-d2169a8397c7', '1d3cc309-44bd-54a0-a8d5-11e9b23bab2c', 4) on conflict do nothing;
  insert into lesson_items(lesson_id,item_id,order_index) values ('a6b3c61f-0e67-59c7-bca7-d2169a8397c7', 'cf217580-32ff-5b5a-ad72-bffd14c2bc3a', 5) on conflict do nothing;
  insert into lesson_items(lesson_id,item_id,order_index) values ('a6b3c61f-0e67-59c7-bca7-d2169a8397c7', '1c9af6fe-aff1-575f-8e36-6a7adeedd6c6', 6) on conflict do nothing;
  insert into lesson_items(lesson_id,item_id,order_index) values ('a6b3c61f-0e67-59c7-bca7-d2169a8397c7', '340809c3-ffd9-5b45-af90-c7e43132b4f7', 7) on conflict do nothing;
  insert into lesson_items(lesson_id,item_id,order_index) values ('a6b3c61f-0e67-59c7-bca7-d2169a8397c7', '3bad2b71-20e6-52ae-81ca-719b74bbf276', 8) on conflict do nothing;
  insert into lesson_items(lesson_id,item_id,order_index) values ('a6b3c61f-0e67-59c7-bca7-d2169a8397c7', 'af957a6c-3a37-55d5-9225-86567d64c04f', 9) on conflict do nothing;
  insert into lesson_items(lesson_id,item_id,order_index) values ('a6b3c61f-0e67-59c7-bca7-d2169a8397c7', '1eaa768f-a7f8-529a-b5c3-f55589fb5aa0', 10) on conflict do nothing;
  insert into lessons(id,unit_id,order_index,title,description,type,xp_reward) values ('882accc1-a098-5def-9cd5-04c7d3826374', v_unit, v_c+2, 'Vocabulario: viajar 3', 'Aprende palabras nuevas de alta frecuencia con ejemplos y audio.', 'lesson', 15) on conflict (id) do nothing;
  insert into lesson_items(lesson_id,item_id,order_index) values ('882accc1-a098-5def-9cd5-04c7d3826374', '7a9efedd-f572-5794-97f3-ed0aa81a02f0', 0) on conflict do nothing;
  insert into lesson_items(lesson_id,item_id,order_index) values ('882accc1-a098-5def-9cd5-04c7d3826374', '73cd4414-4c1b-5d94-9c4f-d849f739de07', 1) on conflict do nothing;
  insert into lesson_items(lesson_id,item_id,order_index) values ('882accc1-a098-5def-9cd5-04c7d3826374', '6222ba6f-561a-59e2-ba58-4b8f5f522dca', 2) on conflict do nothing;
  insert into lesson_items(lesson_id,item_id,order_index) values ('882accc1-a098-5def-9cd5-04c7d3826374', '03f45db1-a166-5a68-9645-1536275d48b6', 3) on conflict do nothing;
  insert into lesson_items(lesson_id,item_id,order_index) values ('882accc1-a098-5def-9cd5-04c7d3826374', '41397d62-2c0c-505c-b7bb-cd3a8c745a61', 4) on conflict do nothing;
  insert into lesson_items(lesson_id,item_id,order_index) values ('882accc1-a098-5def-9cd5-04c7d3826374', '4365c9b1-09cd-5010-8c14-fd75f45c2666', 5) on conflict do nothing;
  insert into lesson_items(lesson_id,item_id,order_index) values ('882accc1-a098-5def-9cd5-04c7d3826374', '867f7649-0b9a-5703-99e7-fddcecb979b3', 6) on conflict do nothing;
  insert into lesson_items(lesson_id,item_id,order_index) values ('882accc1-a098-5def-9cd5-04c7d3826374', '9c77bd0c-0d8c-57f7-9b07-ab97ce6ea9f3', 7) on conflict do nothing;
  insert into lesson_items(lesson_id,item_id,order_index) values ('882accc1-a098-5def-9cd5-04c7d3826374', 'b529d5b1-3155-5dc6-b9bf-6588f4f94ca4', 8) on conflict do nothing;
  insert into lesson_items(lesson_id,item_id,order_index) values ('882accc1-a098-5def-9cd5-04c7d3826374', 'a00a846b-f1ca-5361-b377-a61b588efd75', 9) on conflict do nothing;
  update lessons set order_index=order_index-1000+3 where unit_id=v_unit and order_index>=1000;
end $$;

do $$
declare v_unit uuid; v_c int;
begin
  if exists (select 1 from lessons where id='17230e24-7b2d-5c08-a1d8-7d27f11e582a') then return; end if;
  select id into v_unit from units where course_id='20000000-0000-0000-0000-000000000004' and order_index=11;
  if v_unit is null then return; end if;
  select min(order_index) into v_c from lessons where unit_id=v_unit and type='checkpoint';
  if v_c is null then select max(order_index)+1 into v_c from lessons where unit_id=v_unit; end if;
  update lessons set order_index=order_index+1000 where unit_id=v_unit and order_index>=v_c;
  insert into lessons(id,unit_id,order_index,title,description,type,xp_reward) values ('17230e24-7b2d-5c08-a1d8-7d27f11e582a', v_unit, v_c+0, 'Vocabulario: las compras 1', 'Aprende palabras nuevas de alta frecuencia con ejemplos y audio.', 'lesson', 15) on conflict (id) do nothing;
  insert into lesson_items(lesson_id,item_id,order_index) values ('17230e24-7b2d-5c08-a1d8-7d27f11e582a', '66d1f910-5785-5662-9a6e-7fd5439e90bf', 0) on conflict do nothing;
  insert into lesson_items(lesson_id,item_id,order_index) values ('17230e24-7b2d-5c08-a1d8-7d27f11e582a', 'f113da0f-5718-5163-87e8-ec3e0428e536', 1) on conflict do nothing;
  insert into lesson_items(lesson_id,item_id,order_index) values ('17230e24-7b2d-5c08-a1d8-7d27f11e582a', '0c03b58e-85fa-5921-bce1-cad4f7e983e5', 2) on conflict do nothing;
  insert into lesson_items(lesson_id,item_id,order_index) values ('17230e24-7b2d-5c08-a1d8-7d27f11e582a', '953cdabf-681c-5a82-812f-71e361bce46d', 3) on conflict do nothing;
  insert into lesson_items(lesson_id,item_id,order_index) values ('17230e24-7b2d-5c08-a1d8-7d27f11e582a', '05b1d36b-5994-5ee9-b4b5-5f718c50f817', 4) on conflict do nothing;
  insert into lesson_items(lesson_id,item_id,order_index) values ('17230e24-7b2d-5c08-a1d8-7d27f11e582a', 'f9a325a3-f0a2-549e-9554-29f94bf2aa3f', 5) on conflict do nothing;
  insert into lesson_items(lesson_id,item_id,order_index) values ('17230e24-7b2d-5c08-a1d8-7d27f11e582a', '705e8776-4142-5c4b-9a7b-25ee57fc717d', 6) on conflict do nothing;
  insert into lesson_items(lesson_id,item_id,order_index) values ('17230e24-7b2d-5c08-a1d8-7d27f11e582a', '53afff59-4916-5f56-bbed-c6c7dcc94968', 7) on conflict do nothing;
  insert into lesson_items(lesson_id,item_id,order_index) values ('17230e24-7b2d-5c08-a1d8-7d27f11e582a', '97e779e1-c653-5de5-8c37-9361ee8ccebe', 8) on conflict do nothing;
  insert into lesson_items(lesson_id,item_id,order_index) values ('17230e24-7b2d-5c08-a1d8-7d27f11e582a', '7cadad65-0e04-5e40-a8a5-3371b1972d38', 9) on conflict do nothing;
  insert into lesson_items(lesson_id,item_id,order_index) values ('17230e24-7b2d-5c08-a1d8-7d27f11e582a', '5c6c3418-c5f6-556b-b9d8-7d28f94da302', 10) on conflict do nothing;
  insert into lessons(id,unit_id,order_index,title,description,type,xp_reward) values ('57b5667f-a5ad-5c59-a7f6-4a311550e64a', v_unit, v_c+1, 'Vocabulario: las compras 2', 'Aprende palabras nuevas de alta frecuencia con ejemplos y audio.', 'lesson', 15) on conflict (id) do nothing;
  insert into lesson_items(lesson_id,item_id,order_index) values ('57b5667f-a5ad-5c59-a7f6-4a311550e64a', '98311e5b-f7fb-5a77-ae8b-b77421402065', 0) on conflict do nothing;
  insert into lesson_items(lesson_id,item_id,order_index) values ('57b5667f-a5ad-5c59-a7f6-4a311550e64a', '6a9d7c53-d698-54fb-bd10-d14dfd8176c5', 1) on conflict do nothing;
  insert into lesson_items(lesson_id,item_id,order_index) values ('57b5667f-a5ad-5c59-a7f6-4a311550e64a', '5991aaa7-64a1-5376-b8c5-8b2ed2d670c7', 2) on conflict do nothing;
  insert into lesson_items(lesson_id,item_id,order_index) values ('57b5667f-a5ad-5c59-a7f6-4a311550e64a', '39bf01b9-4bd7-5e0a-b111-0775957b26d3', 3) on conflict do nothing;
  insert into lesson_items(lesson_id,item_id,order_index) values ('57b5667f-a5ad-5c59-a7f6-4a311550e64a', '66dc9a19-c1a4-5bd7-a368-41a4fe1a58c9', 4) on conflict do nothing;
  insert into lesson_items(lesson_id,item_id,order_index) values ('57b5667f-a5ad-5c59-a7f6-4a311550e64a', 'ebf822b2-fa76-54d2-8a86-da0b7a292bdf', 5) on conflict do nothing;
  insert into lesson_items(lesson_id,item_id,order_index) values ('57b5667f-a5ad-5c59-a7f6-4a311550e64a', 'df54e337-bf33-591e-8bb4-cc49aeb46253', 6) on conflict do nothing;
  insert into lesson_items(lesson_id,item_id,order_index) values ('57b5667f-a5ad-5c59-a7f6-4a311550e64a', 'e3417676-7368-5bb1-ae20-85627e08be00', 7) on conflict do nothing;
  insert into lesson_items(lesson_id,item_id,order_index) values ('57b5667f-a5ad-5c59-a7f6-4a311550e64a', '9c376f84-c12d-5e4b-bcf7-97d1c679504e', 8) on conflict do nothing;
  insert into lesson_items(lesson_id,item_id,order_index) values ('57b5667f-a5ad-5c59-a7f6-4a311550e64a', '25719a5c-bdac-5f88-a354-7ec02dd9b916', 9) on conflict do nothing;
  insert into lesson_items(lesson_id,item_id,order_index) values ('57b5667f-a5ad-5c59-a7f6-4a311550e64a', 'fa77c005-2d2e-53c0-9fc3-5c03b4b5eda8', 10) on conflict do nothing;
  insert into lessons(id,unit_id,order_index,title,description,type,xp_reward) values ('d3c3fa44-2544-512a-9790-16e184767425', v_unit, v_c+2, 'Vocabulario: las compras 3', 'Aprende palabras nuevas de alta frecuencia con ejemplos y audio.', 'lesson', 15) on conflict (id) do nothing;
  insert into lesson_items(lesson_id,item_id,order_index) values ('d3c3fa44-2544-512a-9790-16e184767425', '234ae35e-08ff-573e-804b-4efd8b43bc7b', 0) on conflict do nothing;
  insert into lesson_items(lesson_id,item_id,order_index) values ('d3c3fa44-2544-512a-9790-16e184767425', 'f19a3eaa-aae9-5515-b2c9-6cd48781b6ee', 1) on conflict do nothing;
  insert into lesson_items(lesson_id,item_id,order_index) values ('d3c3fa44-2544-512a-9790-16e184767425', 'bbfaf7a7-2c88-575d-8692-77fb461edfa3', 2) on conflict do nothing;
  insert into lesson_items(lesson_id,item_id,order_index) values ('d3c3fa44-2544-512a-9790-16e184767425', 'bd77fdcd-b7e3-5ad8-a5a1-a8320875a8b3', 3) on conflict do nothing;
  insert into lesson_items(lesson_id,item_id,order_index) values ('d3c3fa44-2544-512a-9790-16e184767425', 'eaa25ac7-3b28-5e6f-86e2-110486c7d6d5', 4) on conflict do nothing;
  insert into lesson_items(lesson_id,item_id,order_index) values ('d3c3fa44-2544-512a-9790-16e184767425', '930210c8-fb4d-5bab-80ef-70f6f39da2b3', 5) on conflict do nothing;
  insert into lesson_items(lesson_id,item_id,order_index) values ('d3c3fa44-2544-512a-9790-16e184767425', 'cbb27ca6-1d2c-50f8-9987-c0ac1db64402', 6) on conflict do nothing;
  insert into lesson_items(lesson_id,item_id,order_index) values ('d3c3fa44-2544-512a-9790-16e184767425', '30729a91-0b7a-54c2-81e8-ca75978b7dd8', 7) on conflict do nothing;
  insert into lesson_items(lesson_id,item_id,order_index) values ('d3c3fa44-2544-512a-9790-16e184767425', '33f16ed7-0476-5619-8823-f8856caf5531', 8) on conflict do nothing;
  update lessons set order_index=order_index-1000+3 where unit_id=v_unit and order_index>=1000;
end $$;

do $$
declare v_unit uuid; v_c int;
begin
  if exists (select 1 from lessons where id='13100582-581a-5c00-bc56-eacb75c67933') then return; end if;
  select id into v_unit from units where course_id='20000000-0000-0000-0000-000000000004' and order_index=12;
  if v_unit is null then return; end if;
  select min(order_index) into v_c from lessons where unit_id=v_unit and type='checkpoint';
  if v_c is null then select max(order_index)+1 into v_c from lessons where unit_id=v_unit; end if;
  update lessons set order_index=order_index+1000 where unit_id=v_unit and order_index>=v_c;
  insert into lessons(id,unit_id,order_index,title,description,type,xp_reward) values ('13100582-581a-5c00-bc56-eacb75c67933', v_unit, v_c+0, 'Vocabulario: el tiempo 1', 'Aprende palabras nuevas de alta frecuencia con ejemplos y audio.', 'lesson', 15) on conflict (id) do nothing;
  insert into lesson_items(lesson_id,item_id,order_index) values ('13100582-581a-5c00-bc56-eacb75c67933', 'ff2ae65a-fd66-51fa-a83d-f088ef84071a', 0) on conflict do nothing;
  insert into lesson_items(lesson_id,item_id,order_index) values ('13100582-581a-5c00-bc56-eacb75c67933', '9d4cae61-2543-5d44-851e-34d37e895531', 1) on conflict do nothing;
  insert into lesson_items(lesson_id,item_id,order_index) values ('13100582-581a-5c00-bc56-eacb75c67933', '3cc291e5-fb0d-5d33-91db-f10125554e36', 2) on conflict do nothing;
  insert into lesson_items(lesson_id,item_id,order_index) values ('13100582-581a-5c00-bc56-eacb75c67933', '3048f4a3-bfb9-5161-9e77-5c52a431d838', 3) on conflict do nothing;
  insert into lesson_items(lesson_id,item_id,order_index) values ('13100582-581a-5c00-bc56-eacb75c67933', '30c5df7c-f69b-5a70-9a19-1bd7096a37b7', 4) on conflict do nothing;
  insert into lesson_items(lesson_id,item_id,order_index) values ('13100582-581a-5c00-bc56-eacb75c67933', '2ff750e9-9c97-5844-a816-03c2bfdeda41', 5) on conflict do nothing;
  insert into lesson_items(lesson_id,item_id,order_index) values ('13100582-581a-5c00-bc56-eacb75c67933', '0c80f13e-894c-500d-8df2-bb366c941b98', 6) on conflict do nothing;
  insert into lesson_items(lesson_id,item_id,order_index) values ('13100582-581a-5c00-bc56-eacb75c67933', '9679e032-3072-5d68-a580-f2a96c860b05', 7) on conflict do nothing;
  insert into lesson_items(lesson_id,item_id,order_index) values ('13100582-581a-5c00-bc56-eacb75c67933', 'f85f9ce5-19f1-5f9b-8226-cef402302b4e', 8) on conflict do nothing;
  insert into lesson_items(lesson_id,item_id,order_index) values ('13100582-581a-5c00-bc56-eacb75c67933', 'bdd43383-ac37-5e80-815e-21512e0f40d9', 9) on conflict do nothing;
  insert into lesson_items(lesson_id,item_id,order_index) values ('13100582-581a-5c00-bc56-eacb75c67933', 'ac8d4d50-43cb-5eaf-8523-77f2b9aac51c', 10) on conflict do nothing;
  insert into lesson_items(lesson_id,item_id,order_index) values ('13100582-581a-5c00-bc56-eacb75c67933', 'cd9e1ac6-8fde-574f-aef9-8891dfafc7af', 11) on conflict do nothing;
  insert into lesson_items(lesson_id,item_id,order_index) values ('13100582-581a-5c00-bc56-eacb75c67933', '450a66d9-fb81-53c9-9c57-142c492ba0f8', 12) on conflict do nothing;
  insert into lesson_items(lesson_id,item_id,order_index) values ('13100582-581a-5c00-bc56-eacb75c67933', 'a0f247fd-8285-509f-bffc-6a37007fc9ba', 13) on conflict do nothing;
  insert into lesson_items(lesson_id,item_id,order_index) values ('13100582-581a-5c00-bc56-eacb75c67933', '8d8c8f6b-5645-51f8-b0a8-6504b31e6f97', 14) on conflict do nothing;
  insert into lessons(id,unit_id,order_index,title,description,type,xp_reward) values ('65264550-dd79-51cb-bd2e-df04e5b233a5', v_unit, v_c+1, 'Vocabulario: el tiempo 2', 'Aprende palabras nuevas de alta frecuencia con ejemplos y audio.', 'lesson', 15) on conflict (id) do nothing;
  insert into lesson_items(lesson_id,item_id,order_index) values ('65264550-dd79-51cb-bd2e-df04e5b233a5', 'e44f53c2-f281-5015-ab4d-b4f1ad5473d4', 0) on conflict do nothing;
  insert into lesson_items(lesson_id,item_id,order_index) values ('65264550-dd79-51cb-bd2e-df04e5b233a5', '1dd51f81-c687-5a39-865e-2ed4f97e28da', 1) on conflict do nothing;
  insert into lesson_items(lesson_id,item_id,order_index) values ('65264550-dd79-51cb-bd2e-df04e5b233a5', '18445c05-fb26-5f92-ba76-d6df6cdc68fc', 2) on conflict do nothing;
  insert into lesson_items(lesson_id,item_id,order_index) values ('65264550-dd79-51cb-bd2e-df04e5b233a5', 'f7eb0de1-e9be-5c47-a4ad-4ba4dd674cd8', 3) on conflict do nothing;
  insert into lesson_items(lesson_id,item_id,order_index) values ('65264550-dd79-51cb-bd2e-df04e5b233a5', 'feaf7769-8e62-5cf2-a1b5-f63bcd79db63', 4) on conflict do nothing;
  insert into lesson_items(lesson_id,item_id,order_index) values ('65264550-dd79-51cb-bd2e-df04e5b233a5', 'b4978012-f4d2-57c6-b888-8642cac04140', 5) on conflict do nothing;
  insert into lesson_items(lesson_id,item_id,order_index) values ('65264550-dd79-51cb-bd2e-df04e5b233a5', 'be917690-d8cf-5a47-a168-40767e87d6eb', 6) on conflict do nothing;
  insert into lesson_items(lesson_id,item_id,order_index) values ('65264550-dd79-51cb-bd2e-df04e5b233a5', '65223e87-e76f-53fa-96ee-ea7225950149', 7) on conflict do nothing;
  insert into lesson_items(lesson_id,item_id,order_index) values ('65264550-dd79-51cb-bd2e-df04e5b233a5', '0c2372d4-50e3-5085-8159-926212c2063b', 8) on conflict do nothing;
  insert into lesson_items(lesson_id,item_id,order_index) values ('65264550-dd79-51cb-bd2e-df04e5b233a5', '6fcd92b5-7cbf-5506-8135-c6bd1c57c881', 9) on conflict do nothing;
  insert into lesson_items(lesson_id,item_id,order_index) values ('65264550-dd79-51cb-bd2e-df04e5b233a5', '9586a922-b20c-5127-b4de-b646a2aeb96b', 10) on conflict do nothing;
  insert into lesson_items(lesson_id,item_id,order_index) values ('65264550-dd79-51cb-bd2e-df04e5b233a5', '214e8731-b714-5764-bde6-97a704c7593a', 11) on conflict do nothing;
  update lessons set order_index=order_index-1000+2 where unit_id=v_unit and order_index>=1000;
end $$;

do $$
declare v_unit uuid; v_c int;
begin
  if exists (select 1 from lessons where id='9c551185-eebf-5542-82a1-7c271c596c33') then return; end if;
  select id into v_unit from units where course_id='20000000-0000-0000-0000-000000000004' and order_index=13;
  if v_unit is null then return; end if;
  select min(order_index) into v_c from lessons where unit_id=v_unit and type='checkpoint';
  if v_c is null then select max(order_index)+1 into v_c from lessons where unit_id=v_unit; end if;
  update lessons set order_index=order_index+1000 where unit_id=v_unit and order_index>=v_c;
  insert into lessons(id,unit_id,order_index,title,description,type,xp_reward) values ('9c551185-eebf-5542-82a1-7c271c596c33', v_unit, v_c+0, 'Vocabulario: la salud 1', 'Aprende palabras nuevas de alta frecuencia con ejemplos y audio.', 'lesson', 15) on conflict (id) do nothing;
  insert into lesson_items(lesson_id,item_id,order_index) values ('9c551185-eebf-5542-82a1-7c271c596c33', '7613f7e6-0f26-5eed-b603-374751af8030', 0) on conflict do nothing;
  insert into lesson_items(lesson_id,item_id,order_index) values ('9c551185-eebf-5542-82a1-7c271c596c33', 'a6fb256f-8382-5e51-b584-eb5802c78364', 1) on conflict do nothing;
  insert into lesson_items(lesson_id,item_id,order_index) values ('9c551185-eebf-5542-82a1-7c271c596c33', '6c0f4f26-c23b-54fa-83e5-e831967aa2a7', 2) on conflict do nothing;
  insert into lesson_items(lesson_id,item_id,order_index) values ('9c551185-eebf-5542-82a1-7c271c596c33', 'd000c06f-21bd-5fbd-8e8a-351d64d61a9f', 3) on conflict do nothing;
  insert into lesson_items(lesson_id,item_id,order_index) values ('9c551185-eebf-5542-82a1-7c271c596c33', 'e25565bf-ca8a-538f-8783-4c8095799327', 4) on conflict do nothing;
  insert into lesson_items(lesson_id,item_id,order_index) values ('9c551185-eebf-5542-82a1-7c271c596c33', 'a88a8f88-7ad3-5579-8e54-ae780a50d7d7', 5) on conflict do nothing;
  insert into lesson_items(lesson_id,item_id,order_index) values ('9c551185-eebf-5542-82a1-7c271c596c33', '074b3968-3f02-5acb-a9cf-50e65fb852f3', 6) on conflict do nothing;
  insert into lesson_items(lesson_id,item_id,order_index) values ('9c551185-eebf-5542-82a1-7c271c596c33', '7788e9f0-945c-5241-b42d-58baf5c666a7', 7) on conflict do nothing;
  insert into lesson_items(lesson_id,item_id,order_index) values ('9c551185-eebf-5542-82a1-7c271c596c33', 'c248871c-13e2-5249-bce2-b59576f10f61', 8) on conflict do nothing;
  insert into lesson_items(lesson_id,item_id,order_index) values ('9c551185-eebf-5542-82a1-7c271c596c33', '975955a8-7f55-50e1-a115-47c512303807', 9) on conflict do nothing;
  insert into lesson_items(lesson_id,item_id,order_index) values ('9c551185-eebf-5542-82a1-7c271c596c33', '97cce0c2-3578-5204-947e-c51a1629660c', 10) on conflict do nothing;
  insert into lesson_items(lesson_id,item_id,order_index) values ('9c551185-eebf-5542-82a1-7c271c596c33', '9eacf5aa-e5fb-511c-8e95-4f42ee8ec148', 11) on conflict do nothing;
  insert into lesson_items(lesson_id,item_id,order_index) values ('9c551185-eebf-5542-82a1-7c271c596c33', '95ce9765-2f82-5237-b31c-946b8a997fb5', 12) on conflict do nothing;
  insert into lesson_items(lesson_id,item_id,order_index) values ('9c551185-eebf-5542-82a1-7c271c596c33', '67fe8aa3-4981-5e31-94b8-f66dc8ed90df', 13) on conflict do nothing;
  insert into lesson_items(lesson_id,item_id,order_index) values ('9c551185-eebf-5542-82a1-7c271c596c33', 'b6d3654d-b19f-5278-98a1-5efbff326082', 14) on conflict do nothing;
  insert into lessons(id,unit_id,order_index,title,description,type,xp_reward) values ('5df15888-5ccd-578f-9cec-5a2a346170b7', v_unit, v_c+1, 'Vocabulario: la salud 2', 'Aprende palabras nuevas de alta frecuencia con ejemplos y audio.', 'lesson', 15) on conflict (id) do nothing;
  insert into lesson_items(lesson_id,item_id,order_index) values ('5df15888-5ccd-578f-9cec-5a2a346170b7', 'cfd5e5ba-58c2-5fad-8593-9bdc5cab1eb0', 0) on conflict do nothing;
  insert into lesson_items(lesson_id,item_id,order_index) values ('5df15888-5ccd-578f-9cec-5a2a346170b7', 'fe45c8c8-2715-5443-9afa-c3a85edd359e', 1) on conflict do nothing;
  insert into lesson_items(lesson_id,item_id,order_index) values ('5df15888-5ccd-578f-9cec-5a2a346170b7', '3ea1dd04-c096-5286-989c-c3e8ba18dbc7', 2) on conflict do nothing;
  insert into lesson_items(lesson_id,item_id,order_index) values ('5df15888-5ccd-578f-9cec-5a2a346170b7', '0c31c0aa-b3e2-5f42-9ccc-3ca1cd2bd790', 3) on conflict do nothing;
  insert into lesson_items(lesson_id,item_id,order_index) values ('5df15888-5ccd-578f-9cec-5a2a346170b7', '14fd8dd7-d627-5af8-8171-116604bf76c2', 4) on conflict do nothing;
  insert into lesson_items(lesson_id,item_id,order_index) values ('5df15888-5ccd-578f-9cec-5a2a346170b7', '90aa6a62-c181-5011-a9ba-941267dc2dc2', 5) on conflict do nothing;
  insert into lesson_items(lesson_id,item_id,order_index) values ('5df15888-5ccd-578f-9cec-5a2a346170b7', '715129b3-cd67-54d5-bd40-f502bfa80b2e', 6) on conflict do nothing;
  insert into lesson_items(lesson_id,item_id,order_index) values ('5df15888-5ccd-578f-9cec-5a2a346170b7', 'dd3b2b70-932f-5d83-ac7d-652e5b04b5ac', 7) on conflict do nothing;
  insert into lesson_items(lesson_id,item_id,order_index) values ('5df15888-5ccd-578f-9cec-5a2a346170b7', '4da33fba-78ea-5f90-abf5-2050fc52e3eb', 8) on conflict do nothing;
  insert into lesson_items(lesson_id,item_id,order_index) values ('5df15888-5ccd-578f-9cec-5a2a346170b7', '232ae30d-c66f-5604-aeb4-5b6c1f4f89bb', 9) on conflict do nothing;
  insert into lesson_items(lesson_id,item_id,order_index) values ('5df15888-5ccd-578f-9cec-5a2a346170b7', 'ff8c914d-af86-5db3-85ca-b0c40406b169', 10) on conflict do nothing;
  insert into lesson_items(lesson_id,item_id,order_index) values ('5df15888-5ccd-578f-9cec-5a2a346170b7', 'a36f218f-2040-591d-9e8a-d3f696d9296d', 11) on conflict do nothing;
  insert into lesson_items(lesson_id,item_id,order_index) values ('5df15888-5ccd-578f-9cec-5a2a346170b7', 'd1be3888-efb7-568c-88cf-f00d4803dfc5', 12) on conflict do nothing;
  insert into lesson_items(lesson_id,item_id,order_index) values ('5df15888-5ccd-578f-9cec-5a2a346170b7', '6d6c0c19-d96e-5fa4-acc0-c1a3770a7492', 13) on conflict do nothing;
  insert into lesson_items(lesson_id,item_id,order_index) values ('5df15888-5ccd-578f-9cec-5a2a346170b7', '791f80f5-0a6b-52a1-a60f-52365eea1861', 14) on conflict do nothing;
  update lessons set order_index=order_index-1000+2 where unit_id=v_unit and order_index>=1000;
end $$;

do $$
declare v_unit uuid; v_c int;
begin
  if exists (select 1 from lessons where id='3da6056f-6051-5132-aede-e1fb1024fed4') then return; end if;
  select id into v_unit from units where course_id='20000000-0000-0000-0000-000000000004' and order_index=14;
  if v_unit is null then return; end if;
  select min(order_index) into v_c from lessons where unit_id=v_unit and type='checkpoint';
  if v_c is null then select max(order_index)+1 into v_c from lessons where unit_id=v_unit; end if;
  update lessons set order_index=order_index+1000 where unit_id=v_unit and order_index>=v_c;
  insert into lessons(id,unit_id,order_index,title,description,type,xp_reward) values ('3da6056f-6051-5132-aede-e1fb1024fed4', v_unit, v_c+0, 'Vocabulario: el trabajo 1', 'Aprende palabras nuevas de alta frecuencia con ejemplos y audio.', 'lesson', 15) on conflict (id) do nothing;
  insert into lesson_items(lesson_id,item_id,order_index) values ('3da6056f-6051-5132-aede-e1fb1024fed4', 'f2fde5cf-7ac5-5d4e-9bc7-e1aa189ffc2c', 0) on conflict do nothing;
  insert into lesson_items(lesson_id,item_id,order_index) values ('3da6056f-6051-5132-aede-e1fb1024fed4', 'bebcb06b-a286-558b-bfda-8752fb46181c', 1) on conflict do nothing;
  insert into lesson_items(lesson_id,item_id,order_index) values ('3da6056f-6051-5132-aede-e1fb1024fed4', 'eff90554-282f-5003-8975-f66ae9cccaf2', 2) on conflict do nothing;
  insert into lesson_items(lesson_id,item_id,order_index) values ('3da6056f-6051-5132-aede-e1fb1024fed4', '28461184-53a8-5cdd-8062-8d0528b28197', 3) on conflict do nothing;
  insert into lesson_items(lesson_id,item_id,order_index) values ('3da6056f-6051-5132-aede-e1fb1024fed4', '800455fc-05f8-5297-a7b5-34f9734dcfb9', 4) on conflict do nothing;
  insert into lesson_items(lesson_id,item_id,order_index) values ('3da6056f-6051-5132-aede-e1fb1024fed4', 'e6259cb4-02d9-5b64-a6c0-efd810afcf10', 5) on conflict do nothing;
  insert into lesson_items(lesson_id,item_id,order_index) values ('3da6056f-6051-5132-aede-e1fb1024fed4', '5689d935-2721-525e-9695-f6d6404d7b4e', 6) on conflict do nothing;
  insert into lesson_items(lesson_id,item_id,order_index) values ('3da6056f-6051-5132-aede-e1fb1024fed4', '694ca229-5332-5f7f-ae2d-e39e3a71dbf3', 7) on conflict do nothing;
  insert into lesson_items(lesson_id,item_id,order_index) values ('3da6056f-6051-5132-aede-e1fb1024fed4', '0e586af6-83f8-5971-a761-82d9900e8f44', 8) on conflict do nothing;
  insert into lesson_items(lesson_id,item_id,order_index) values ('3da6056f-6051-5132-aede-e1fb1024fed4', '9a0777ac-af5e-58b9-b94d-acd85b75a787', 9) on conflict do nothing;
  insert into lesson_items(lesson_id,item_id,order_index) values ('3da6056f-6051-5132-aede-e1fb1024fed4', '8b4b32a6-ab57-5e43-b776-0d893df13c9a', 10) on conflict do nothing;
  insert into lesson_items(lesson_id,item_id,order_index) values ('3da6056f-6051-5132-aede-e1fb1024fed4', 'b01598da-2f76-5ba4-995c-f97fbac45c34', 11) on conflict do nothing;
  insert into lessons(id,unit_id,order_index,title,description,type,xp_reward) values ('6b1fb99a-7839-567d-9bd0-a3c1a0875b95', v_unit, v_c+1, 'Vocabulario: el trabajo 2', 'Aprende palabras nuevas de alta frecuencia con ejemplos y audio.', 'lesson', 15) on conflict (id) do nothing;
  insert into lesson_items(lesson_id,item_id,order_index) values ('6b1fb99a-7839-567d-9bd0-a3c1a0875b95', '837fdb8b-033a-514a-a426-a8862a6871a7', 0) on conflict do nothing;
  insert into lesson_items(lesson_id,item_id,order_index) values ('6b1fb99a-7839-567d-9bd0-a3c1a0875b95', '74bda4c8-126f-5163-a4b4-4a5486df29b1', 1) on conflict do nothing;
  insert into lesson_items(lesson_id,item_id,order_index) values ('6b1fb99a-7839-567d-9bd0-a3c1a0875b95', '2ad0c271-d64a-52d7-b431-597b7ddeaba8', 2) on conflict do nothing;
  insert into lesson_items(lesson_id,item_id,order_index) values ('6b1fb99a-7839-567d-9bd0-a3c1a0875b95', '5066b391-d2e2-5f29-9302-e7a091c0b994', 3) on conflict do nothing;
  insert into lesson_items(lesson_id,item_id,order_index) values ('6b1fb99a-7839-567d-9bd0-a3c1a0875b95', '3a531802-fa11-5a79-b83d-738eacc40649', 4) on conflict do nothing;
  insert into lesson_items(lesson_id,item_id,order_index) values ('6b1fb99a-7839-567d-9bd0-a3c1a0875b95', '86fe381c-f727-53cc-950f-657b5451bb91', 5) on conflict do nothing;
  insert into lesson_items(lesson_id,item_id,order_index) values ('6b1fb99a-7839-567d-9bd0-a3c1a0875b95', 'cf94b357-421a-5489-8bee-3f170ee05f56', 6) on conflict do nothing;
  insert into lesson_items(lesson_id,item_id,order_index) values ('6b1fb99a-7839-567d-9bd0-a3c1a0875b95', '656de209-bd17-5368-ae4f-bb5bdd84eb09', 7) on conflict do nothing;
  insert into lesson_items(lesson_id,item_id,order_index) values ('6b1fb99a-7839-567d-9bd0-a3c1a0875b95', '5f98b3fc-89f7-5921-a967-771cf44f583c', 8) on conflict do nothing;
  insert into lesson_items(lesson_id,item_id,order_index) values ('6b1fb99a-7839-567d-9bd0-a3c1a0875b95', '794c65b3-cd39-5a80-b9f0-2d1560d16bf1', 9) on conflict do nothing;
  insert into lesson_items(lesson_id,item_id,order_index) values ('6b1fb99a-7839-567d-9bd0-a3c1a0875b95', 'de7c8011-13ae-5186-90af-e62bc1f3dffc', 10) on conflict do nothing;
  insert into lessons(id,unit_id,order_index,title,description,type,xp_reward) values ('b0c18f79-c7e2-5cf1-a502-4cb5f12e31ce', v_unit, v_c+2, 'Vocabulario: el trabajo 3', 'Aprende palabras nuevas de alta frecuencia con ejemplos y audio.', 'lesson', 15) on conflict (id) do nothing;
  insert into lesson_items(lesson_id,item_id,order_index) values ('b0c18f79-c7e2-5cf1-a502-4cb5f12e31ce', 'de0ef6d5-2ade-567e-a9b8-08b1474cd75e', 0) on conflict do nothing;
  insert into lesson_items(lesson_id,item_id,order_index) values ('b0c18f79-c7e2-5cf1-a502-4cb5f12e31ce', '6ec7fbf1-0f7c-5114-b5c2-13d420d2d062', 1) on conflict do nothing;
  insert into lesson_items(lesson_id,item_id,order_index) values ('b0c18f79-c7e2-5cf1-a502-4cb5f12e31ce', '052ee252-fd62-5957-a3e0-c31fd6edb2ea', 2) on conflict do nothing;
  insert into lesson_items(lesson_id,item_id,order_index) values ('b0c18f79-c7e2-5cf1-a502-4cb5f12e31ce', '5beb2bd5-73bc-5c38-a036-df4464ccb8a0', 3) on conflict do nothing;
  insert into lesson_items(lesson_id,item_id,order_index) values ('b0c18f79-c7e2-5cf1-a502-4cb5f12e31ce', 'a4f2d208-14f1-5b1f-a018-4aa6c07f7261', 4) on conflict do nothing;
  insert into lesson_items(lesson_id,item_id,order_index) values ('b0c18f79-c7e2-5cf1-a502-4cb5f12e31ce', 'c0dc1831-ac0e-5877-9e8a-1d9064713b75', 5) on conflict do nothing;
  insert into lesson_items(lesson_id,item_id,order_index) values ('b0c18f79-c7e2-5cf1-a502-4cb5f12e31ce', '0d5c4637-e9b8-57f8-8080-239fc42f0372', 6) on conflict do nothing;
  insert into lesson_items(lesson_id,item_id,order_index) values ('b0c18f79-c7e2-5cf1-a502-4cb5f12e31ce', 'e5f36470-b8fc-5914-8a53-026cee8a355e', 7) on conflict do nothing;
  insert into lesson_items(lesson_id,item_id,order_index) values ('b0c18f79-c7e2-5cf1-a502-4cb5f12e31ce', '9a606a6a-26e6-538e-a701-3577d49bfe25', 8) on conflict do nothing;
  insert into lesson_items(lesson_id,item_id,order_index) values ('b0c18f79-c7e2-5cf1-a502-4cb5f12e31ce', '1b949dee-d429-5ab3-9fcd-f9b087fc5e9f', 9) on conflict do nothing;
  update lessons set order_index=order_index-1000+3 where unit_id=v_unit and order_index>=1000;
end $$;

do $$
declare v_unit uuid; v_c int;
begin
  if exists (select 1 from lessons where id='6c06367b-430a-5fb3-980d-05ecc3708456') then return; end if;
  select id into v_unit from units where course_id='20000000-0000-0000-0000-000000000004' and order_index=15;
  if v_unit is null then return; end if;
  select min(order_index) into v_c from lessons where unit_id=v_unit and type='checkpoint';
  if v_c is null then select max(order_index)+1 into v_c from lessons where unit_id=v_unit; end if;
  update lessons set order_index=order_index+1000 where unit_id=v_unit and order_index>=v_c;
  insert into lessons(id,unit_id,order_index,title,description,type,xp_reward) values ('6c06367b-430a-5fb3-980d-05ecc3708456', v_unit, v_c+0, 'Vocabulario: la naturaleza 1', 'Aprende palabras nuevas de alta frecuencia con ejemplos y audio.', 'lesson', 15) on conflict (id) do nothing;
  insert into lesson_items(lesson_id,item_id,order_index) values ('6c06367b-430a-5fb3-980d-05ecc3708456', '7d3eef0c-b956-5315-86da-1dc6d36b68ed', 0) on conflict do nothing;
  insert into lesson_items(lesson_id,item_id,order_index) values ('6c06367b-430a-5fb3-980d-05ecc3708456', 'deac20ff-c416-5d1d-8e60-cfd0ab8e016a', 1) on conflict do nothing;
  insert into lesson_items(lesson_id,item_id,order_index) values ('6c06367b-430a-5fb3-980d-05ecc3708456', '383ea646-b978-5120-904a-05d83ca202f9', 2) on conflict do nothing;
  insert into lesson_items(lesson_id,item_id,order_index) values ('6c06367b-430a-5fb3-980d-05ecc3708456', 'ec3f5eb8-9d36-5695-81bc-df861c429424', 3) on conflict do nothing;
  insert into lesson_items(lesson_id,item_id,order_index) values ('6c06367b-430a-5fb3-980d-05ecc3708456', 'b78be1f1-42a5-592f-99ea-31dc3e92d9a1', 4) on conflict do nothing;
  insert into lesson_items(lesson_id,item_id,order_index) values ('6c06367b-430a-5fb3-980d-05ecc3708456', 'f12a75fd-3e9c-55f6-8d73-4da9b1043304', 5) on conflict do nothing;
  insert into lesson_items(lesson_id,item_id,order_index) values ('6c06367b-430a-5fb3-980d-05ecc3708456', '576dcb8c-083a-5802-bee7-51ce14cb830e', 6) on conflict do nothing;
  insert into lesson_items(lesson_id,item_id,order_index) values ('6c06367b-430a-5fb3-980d-05ecc3708456', 'c1e08f23-e967-5b1f-9d56-337feece60f1', 7) on conflict do nothing;
  insert into lesson_items(lesson_id,item_id,order_index) values ('6c06367b-430a-5fb3-980d-05ecc3708456', '10dc7696-d052-5221-b65f-5de2306d43bf', 8) on conflict do nothing;
  insert into lesson_items(lesson_id,item_id,order_index) values ('6c06367b-430a-5fb3-980d-05ecc3708456', 'baa90953-e0bc-53a3-ab04-c3ea696b3dcd', 9) on conflict do nothing;
  insert into lesson_items(lesson_id,item_id,order_index) values ('6c06367b-430a-5fb3-980d-05ecc3708456', '759ed95f-e3b6-5f7a-9b1b-b49306651ad9', 10) on conflict do nothing;
  insert into lesson_items(lesson_id,item_id,order_index) values ('6c06367b-430a-5fb3-980d-05ecc3708456', '474eb98a-bfc1-58d3-b456-3e17f15a2108', 11) on conflict do nothing;
  insert into lesson_items(lesson_id,item_id,order_index) values ('6c06367b-430a-5fb3-980d-05ecc3708456', '375c3bb8-3052-5dcb-bd6a-85330ef55844', 12) on conflict do nothing;
  insert into lessons(id,unit_id,order_index,title,description,type,xp_reward) values ('f573d21a-003d-5a3b-bac8-52bbc49c47c2', v_unit, v_c+1, 'Vocabulario: la naturaleza 2', 'Aprende palabras nuevas de alta frecuencia con ejemplos y audio.', 'lesson', 15) on conflict (id) do nothing;
  insert into lesson_items(lesson_id,item_id,order_index) values ('f573d21a-003d-5a3b-bac8-52bbc49c47c2', 'fa629091-74a2-57db-bd90-2a523599d8b4', 0) on conflict do nothing;
  insert into lesson_items(lesson_id,item_id,order_index) values ('f573d21a-003d-5a3b-bac8-52bbc49c47c2', 'c0610a07-bc09-5797-aeba-5bb8a0c68099', 1) on conflict do nothing;
  insert into lesson_items(lesson_id,item_id,order_index) values ('f573d21a-003d-5a3b-bac8-52bbc49c47c2', '69e02fe5-7360-5786-8e97-3d4fa9321291', 2) on conflict do nothing;
  insert into lesson_items(lesson_id,item_id,order_index) values ('f573d21a-003d-5a3b-bac8-52bbc49c47c2', '6dc4bc50-5efe-50f8-929e-125a460c2304', 3) on conflict do nothing;
  insert into lesson_items(lesson_id,item_id,order_index) values ('f573d21a-003d-5a3b-bac8-52bbc49c47c2', '22a8cddc-c0cc-51d8-b029-0c97718ade37', 4) on conflict do nothing;
  insert into lesson_items(lesson_id,item_id,order_index) values ('f573d21a-003d-5a3b-bac8-52bbc49c47c2', 'db1402e6-9439-5a00-856b-fe4219259be7', 5) on conflict do nothing;
  insert into lesson_items(lesson_id,item_id,order_index) values ('f573d21a-003d-5a3b-bac8-52bbc49c47c2', '3c60c17d-51f1-5eaa-a842-59f572f60c1b', 6) on conflict do nothing;
  insert into lesson_items(lesson_id,item_id,order_index) values ('f573d21a-003d-5a3b-bac8-52bbc49c47c2', '6be69237-c927-5939-9267-6beb0568f6be', 7) on conflict do nothing;
  insert into lesson_items(lesson_id,item_id,order_index) values ('f573d21a-003d-5a3b-bac8-52bbc49c47c2', '38baed0a-3fb2-5ee1-9cf3-fb6d06ef0ab9', 8) on conflict do nothing;
  insert into lesson_items(lesson_id,item_id,order_index) values ('f573d21a-003d-5a3b-bac8-52bbc49c47c2', 'e0d12a85-3f93-5cbf-a897-07f7cc1f59ec', 9) on conflict do nothing;
  insert into lesson_items(lesson_id,item_id,order_index) values ('f573d21a-003d-5a3b-bac8-52bbc49c47c2', '0cd58d4d-da5e-5228-b564-a6195d3a1bfd', 10) on conflict do nothing;
  insert into lesson_items(lesson_id,item_id,order_index) values ('f573d21a-003d-5a3b-bac8-52bbc49c47c2', 'a9a05396-a495-52e8-b021-4f4f435e50f6', 11) on conflict do nothing;
  update lessons set order_index=order_index-1000+2 where unit_id=v_unit and order_index>=1000;
end $$;

do $$
declare v_unit uuid; v_c int;
begin
  if exists (select 1 from lessons where id='d44cd7ea-e8cd-5be7-915d-b65bfe679a3c') then return; end if;
  select id into v_unit from units where course_id='20000000-0000-0000-0000-000000000004' and order_index=16;
  if v_unit is null then return; end if;
  select min(order_index) into v_c from lessons where unit_id=v_unit and type='checkpoint';
  if v_c is null then select max(order_index)+1 into v_c from lessons where unit_id=v_unit; end if;
  update lessons set order_index=order_index+1000 where unit_id=v_unit and order_index>=v_c;
  insert into lessons(id,unit_id,order_index,title,description,type,xp_reward) values ('d44cd7ea-e8cd-5be7-915d-b65bfe679a3c', v_unit, v_c+0, 'Vocabulario: las emociones 1', 'Aprende palabras nuevas de alta frecuencia con ejemplos y audio.', 'lesson', 15) on conflict (id) do nothing;
  insert into lesson_items(lesson_id,item_id,order_index) values ('d44cd7ea-e8cd-5be7-915d-b65bfe679a3c', '6a2f16cb-174b-5b3c-b1b4-5f4f2c72d59d', 0) on conflict do nothing;
  insert into lesson_items(lesson_id,item_id,order_index) values ('d44cd7ea-e8cd-5be7-915d-b65bfe679a3c', '6a94ac0e-6304-5a6e-85a2-3b9352cd5c1e', 1) on conflict do nothing;
  insert into lesson_items(lesson_id,item_id,order_index) values ('d44cd7ea-e8cd-5be7-915d-b65bfe679a3c', 'b7ac29e1-03d2-573a-8e28-89bbd807bc91', 2) on conflict do nothing;
  insert into lesson_items(lesson_id,item_id,order_index) values ('d44cd7ea-e8cd-5be7-915d-b65bfe679a3c', '4ad3f3b0-0963-5b53-870f-c1213be60a6a', 3) on conflict do nothing;
  insert into lesson_items(lesson_id,item_id,order_index) values ('d44cd7ea-e8cd-5be7-915d-b65bfe679a3c', 'dc29c101-2016-5bdb-8a82-14353922d5eb', 4) on conflict do nothing;
  insert into lesson_items(lesson_id,item_id,order_index) values ('d44cd7ea-e8cd-5be7-915d-b65bfe679a3c', 'c3585628-51ac-55c5-881f-29cd6369606a', 5) on conflict do nothing;
  insert into lesson_items(lesson_id,item_id,order_index) values ('d44cd7ea-e8cd-5be7-915d-b65bfe679a3c', '01725927-9a60-5559-98c7-e3af19f3d6cc', 6) on conflict do nothing;
  insert into lesson_items(lesson_id,item_id,order_index) values ('d44cd7ea-e8cd-5be7-915d-b65bfe679a3c', 'ae31b3fc-e7e2-5962-b848-c5c6a33e601e', 7) on conflict do nothing;
  insert into lesson_items(lesson_id,item_id,order_index) values ('d44cd7ea-e8cd-5be7-915d-b65bfe679a3c', 'ea8711fc-92bd-5111-a09f-26dc03bc34f8', 8) on conflict do nothing;
  insert into lesson_items(lesson_id,item_id,order_index) values ('d44cd7ea-e8cd-5be7-915d-b65bfe679a3c', '1da0d113-37ec-5372-9904-dc8d65599b50', 9) on conflict do nothing;
  insert into lesson_items(lesson_id,item_id,order_index) values ('d44cd7ea-e8cd-5be7-915d-b65bfe679a3c', 'df33efcc-8ac7-5b51-b2e5-6fefed0e4e13', 10) on conflict do nothing;
  insert into lessons(id,unit_id,order_index,title,description,type,xp_reward) values ('f4b7583c-7007-58a4-8c5f-d152bb738e58', v_unit, v_c+1, 'Vocabulario: las emociones 2', 'Aprende palabras nuevas de alta frecuencia con ejemplos y audio.', 'lesson', 15) on conflict (id) do nothing;
  insert into lesson_items(lesson_id,item_id,order_index) values ('f4b7583c-7007-58a4-8c5f-d152bb738e58', '7d2b11f0-3932-507f-8dc1-7e32cd066192', 0) on conflict do nothing;
  insert into lesson_items(lesson_id,item_id,order_index) values ('f4b7583c-7007-58a4-8c5f-d152bb738e58', '17b66839-12f5-5215-ad92-27e1356861e3', 1) on conflict do nothing;
  insert into lesson_items(lesson_id,item_id,order_index) values ('f4b7583c-7007-58a4-8c5f-d152bb738e58', '0af2f7cc-7404-5e98-a2ca-38426067e529', 2) on conflict do nothing;
  insert into lesson_items(lesson_id,item_id,order_index) values ('f4b7583c-7007-58a4-8c5f-d152bb738e58', '7c5e90db-023a-57d8-9359-3a748f9b6a28', 3) on conflict do nothing;
  insert into lesson_items(lesson_id,item_id,order_index) values ('f4b7583c-7007-58a4-8c5f-d152bb738e58', '26447e95-cbed-5226-9b05-0149dd093282', 4) on conflict do nothing;
  insert into lesson_items(lesson_id,item_id,order_index) values ('f4b7583c-7007-58a4-8c5f-d152bb738e58', '2fa95789-2762-5081-a6df-840fee8b7f3f', 5) on conflict do nothing;
  insert into lesson_items(lesson_id,item_id,order_index) values ('f4b7583c-7007-58a4-8c5f-d152bb738e58', '16cc6bcb-3845-5372-8e61-d439f34518c9', 6) on conflict do nothing;
  insert into lesson_items(lesson_id,item_id,order_index) values ('f4b7583c-7007-58a4-8c5f-d152bb738e58', '77a2e670-3fbd-5d6a-a050-1dd9986a91db', 7) on conflict do nothing;
  insert into lesson_items(lesson_id,item_id,order_index) values ('f4b7583c-7007-58a4-8c5f-d152bb738e58', 'bafdd9fe-b98a-5e3e-a776-576547ad43bf', 8) on conflict do nothing;
  insert into lesson_items(lesson_id,item_id,order_index) values ('f4b7583c-7007-58a4-8c5f-d152bb738e58', '16324da4-9d8f-52db-ba2c-398435831d61', 9) on conflict do nothing;
  insert into lesson_items(lesson_id,item_id,order_index) values ('f4b7583c-7007-58a4-8c5f-d152bb738e58', '0e52e776-f0d5-5995-8af4-5829d3badb23', 10) on conflict do nothing;
  insert into lessons(id,unit_id,order_index,title,description,type,xp_reward) values ('1d4e5722-5d65-5fc2-a411-0d1bf89d3852', v_unit, v_c+2, 'Vocabulario: las emociones 3', 'Aprende palabras nuevas de alta frecuencia con ejemplos y audio.', 'lesson', 15) on conflict (id) do nothing;
  insert into lesson_items(lesson_id,item_id,order_index) values ('1d4e5722-5d65-5fc2-a411-0d1bf89d3852', '486f1e13-388f-503f-b3b9-d3cfe173ce81', 0) on conflict do nothing;
  insert into lesson_items(lesson_id,item_id,order_index) values ('1d4e5722-5d65-5fc2-a411-0d1bf89d3852', 'dcc20d7b-a0b3-53f3-b627-3fe0a70fc2b8', 1) on conflict do nothing;
  insert into lesson_items(lesson_id,item_id,order_index) values ('1d4e5722-5d65-5fc2-a411-0d1bf89d3852', 'b73e39cc-1b63-5c1c-902b-f9817473474d', 2) on conflict do nothing;
  insert into lesson_items(lesson_id,item_id,order_index) values ('1d4e5722-5d65-5fc2-a411-0d1bf89d3852', '7b6b17ec-dc8c-5695-936d-d86a4262b302', 3) on conflict do nothing;
  insert into lesson_items(lesson_id,item_id,order_index) values ('1d4e5722-5d65-5fc2-a411-0d1bf89d3852', '8cef34fc-5c21-5280-81f1-f4b194c00feb', 4) on conflict do nothing;
  insert into lesson_items(lesson_id,item_id,order_index) values ('1d4e5722-5d65-5fc2-a411-0d1bf89d3852', '7202f7b6-bb8f-5f21-b728-01a52e0d34cc', 5) on conflict do nothing;
  insert into lesson_items(lesson_id,item_id,order_index) values ('1d4e5722-5d65-5fc2-a411-0d1bf89d3852', 'cc5e81d4-8f7d-540d-bdb3-5424012a09e5', 6) on conflict do nothing;
  insert into lesson_items(lesson_id,item_id,order_index) values ('1d4e5722-5d65-5fc2-a411-0d1bf89d3852', 'e4d73af6-b146-598e-bbef-65e9a8d2b7b4', 7) on conflict do nothing;
  insert into lesson_items(lesson_id,item_id,order_index) values ('1d4e5722-5d65-5fc2-a411-0d1bf89d3852', '8ffd10e8-6a51-5efd-9496-a7f270112a64', 8) on conflict do nothing;
  update lessons set order_index=order_index-1000+3 where unit_id=v_unit and order_index>=1000;
end $$;

-- 4) re-derivar lesson_vocab (idempotente, lógica mig 165/166) → vincula las nuevas
insert into public.lesson_vocab (lesson_id, vocab_id, position)
with vn as (
  select id, course_id, jz_normalize(word) as nw,
         position(' ' in jz_normalize(word)) > 0 as is_multi
  from public.vocabulary
), item_text as (
  select li.lesson_id, u.course_id, li.order_index,
         translate(jz_normalize(t.txt), ',.;:!?¿¡"()[]{}', '               ') as ntxt
  from public.lesson_items li
  join public.content_items ci on ci.id = li.item_id
  join public.lessons l on l.id = li.lesson_id
  join public.units u on u.id = l.unit_id
  cross join lateral (values
    (ci.correct_answer ->> 'value'), (ci.payload ->> 'text'),
    (ci.payload ->> 'say'), (ci.prompt)
  ) as t(txt)
  where coalesce(t.txt, '') <> ''
), tok as (
  select it.lesson_id, it.course_id, it.order_index, w
  from item_text it
  cross join lateral regexp_split_to_table(it.ntxt, '\s+') as w
  where length(w) >= 2
), pair as (
  select li.lesson_id, u.course_id, li.order_index, jz_normalize(p ->> 'en') as w
  from public.lesson_items li
  join public.content_items ci on ci.id = li.item_id
  join public.lessons l on l.id = li.lesson_id
  join public.units u on u.id = l.unit_id
  cross join lateral jsonb_array_elements(ci.payload -> 'pairs') as p
  where ci.type = 'match' and coalesce(p ->> 'en', '') <> ''
), exact_m as (
  select c.lesson_id, v.id as vocab_id, c.order_index
  from (select lesson_id, course_id, order_index, w from tok
        union all
        select lesson_id, course_id, order_index, w from pair) c
  join vn v on v.course_id = c.course_id and v.nw = c.w
), multi_m as (
  select it.lesson_id, v.id as vocab_id, it.order_index
  from item_text it
  join vn v on v.course_id = it.course_id and v.is_multi
   and (' ' || it.ntxt || ' ') like ('%' || ' ' || v.nw || ' ' || '%')
), allm as (
  select * from exact_m union all select * from multi_m
)
select lesson_id, vocab_id, min(order_index) as position
from allm
group by lesson_id, vocab_id
on conflict (lesson_id, vocab_id) do nothing;
