-- LÉXICO Fase 1 · PORTUGUÉS — vocabulario NUEVO (LEXICO_PLAN §3/§4).
-- 232 palabras de alta frecuencia (10 temas) autoradas por agentes nativos +
-- doble revisión adversarial + guardas deterministas. Cada palabra: traducción
-- revisada + oración-ejemplo → CLOZE en contexto (con audio TTS, paga F3) +
-- MATCH de reconocimiento. Tag 'vocab_f1' (NO unidadN → checkpoints/exámenes/
-- placement intactos). Lecciones ancladas ANTES del checkpoint (DO-block). Idempotente.

-- 1) vocabulary (palabras nuevas)
insert into vocabulary(id,course_id,word,translation,frequency_rank,part_of_speech) values ('38e88fc5-f988-5a84-a5a8-ad94ff84d827', '20000000-0000-0000-0000-000000000002', 'bairro', 'el barrio', 210, 'noun') on conflict (id) do nothing;
insert into vocabulary(id,course_id,word,translation,frequency_rank,part_of_speech) values ('6b4ee643-8485-5754-9384-5f2dc495b669', '20000000-0000-0000-0000-000000000002', 'a ponte', 'el puente', 211, 'noun') on conflict (id) do nothing;
insert into vocabulary(id,course_id,word,translation,frequency_rank,part_of_speech) values ('ad8a42ab-902b-5f35-85ba-b4c372643bbe', '20000000-0000-0000-0000-000000000002', 'calçada', 'la acera', 212, 'noun') on conflict (id) do nothing;
insert into vocabulary(id,course_id,word,translation,frequency_rank,part_of_speech) values ('a51a31db-05be-5164-a053-f8f4eab93786', '20000000-0000-0000-0000-000000000002', 'prédio', 'el edificio', 213, 'noun') on conflict (id) do nothing;
insert into vocabulary(id,course_id,word,translation,frequency_rank,part_of_speech) values ('0ef48f34-735f-5351-8fb3-b6271c0e84bb', '20000000-0000-0000-0000-000000000002', 'cruzamento', 'el cruce', 214, 'noun') on conflict (id) do nothing;
insert into vocabulary(id,course_id,word,translation,frequency_rank,part_of_speech) values ('058253fa-1f15-5c5d-962f-0ae26df36d58', '20000000-0000-0000-0000-000000000002', 'a estrada', 'la carretera', 215, 'noun') on conflict (id) do nothing;
insert into vocabulary(id,course_id,word,translation,frequency_rank,part_of_speech) values ('e46a15da-26d2-5de2-abf8-e98725042204', '20000000-0000-0000-0000-000000000002', 'a rodovia', 'la autopista', 216, 'noun') on conflict (id) do nothing;
insert into vocabulary(id,course_id,word,translation,frequency_rank,part_of_speech) values ('f234e931-9d87-586e-8a47-3aa75f625edb', '20000000-0000-0000-0000-000000000002', 'a igreja', 'la iglesia', 217, 'noun') on conflict (id) do nothing;
insert into vocabulary(id,course_id,word,translation,frequency_rank,part_of_speech) values ('1cb8cd34-d63f-5e3b-afe5-2aab7b981174', '20000000-0000-0000-0000-000000000002', 'correio', 'el correo', 218, 'noun') on conflict (id) do nothing;
insert into vocabulary(id,course_id,word,translation,frequency_rank,part_of_speech) values ('ca89bcb6-f502-5d0b-99f1-2445f86cacfa', '20000000-0000-0000-0000-000000000002', 'a prefeitura', 'el ayuntamiento', 210, 'noun') on conflict (id) do nothing;
insert into vocabulary(id,course_id,word,translation,frequency_rank,part_of_speech) values ('de181799-6f5f-55f3-a9f4-692e6769b9e4', '20000000-0000-0000-0000-000000000002', 'padaria', 'la panadería', 211, 'noun') on conflict (id) do nothing;
insert into vocabulary(id,course_id,word,translation,frequency_rank,part_of_speech) values ('4f6701ee-4cf7-5b04-b390-5aeff21c6876', '20000000-0000-0000-0000-000000000002', 'livraria', 'la librería', 212, 'noun') on conflict (id) do nothing;
insert into vocabulary(id,course_id,word,translation,frequency_rank,part_of_speech) values ('566135c4-c998-528b-ac19-149386b53f2c', '20000000-0000-0000-0000-000000000002', 'o museu', 'el museo', 213, 'noun') on conflict (id) do nothing;
insert into vocabulary(id,course_id,word,translation,frequency_rank,part_of_speech) values ('24e22118-7df3-5507-82b7-15d14507ffaf', '20000000-0000-0000-0000-000000000002', 'beco', 'el callejón', 214, 'noun') on conflict (id) do nothing;
insert into vocabulary(id,course_id,word,translation,frequency_rank,part_of_speech) values ('292524cf-e848-5ec3-a0e8-870d0a14d02a', '20000000-0000-0000-0000-000000000002', 'estacionamento', 'el aparcamiento', 215, 'noun') on conflict (id) do nothing;
insert into vocabulary(id,course_id,word,translation,frequency_rank,part_of_speech) values ('8053d483-e265-5801-b020-be50363f3341', '20000000-0000-0000-0000-000000000002', 'rotatória', 'la rotonda', 216, 'noun') on conflict (id) do nothing;
insert into vocabulary(id,course_id,word,translation,frequency_rank,part_of_speech) values ('0834b581-2d77-595c-b0de-97bae9509176', '20000000-0000-0000-0000-000000000002', 'viaduto', 'el viaducto', 217, 'noun') on conflict (id) do nothing;
insert into vocabulary(id,course_id,word,translation,frequency_rank,part_of_speech) values ('45b03c84-4d85-5164-b3b1-cc1954ffcde7', '20000000-0000-0000-0000-000000000002', 'gaveta', 'el cajón', 240, 'noun') on conflict (id) do nothing;
insert into vocabulary(id,course_id,word,translation,frequency_rank,part_of_speech) values ('9d79ba0a-5737-5949-870b-910435a7022e', '20000000-0000-0000-0000-000000000002', 'cobertor', 'la manta', 241, 'noun') on conflict (id) do nothing;
insert into vocabulary(id,course_id,word,translation,frequency_rank,part_of_speech) values ('19780aad-44b3-541a-beb0-150c0a2f8f66', '20000000-0000-0000-0000-000000000002', 'travesseiro', 'la almohada', 242, 'noun') on conflict (id) do nothing;
insert into vocabulary(id,course_id,word,translation,frequency_rank,part_of_speech) values ('ffb58edc-dcfd-5dd6-8d79-e184d7bb849d', '20000000-0000-0000-0000-000000000002', 'pia', 'el fregadero', 243, 'noun') on conflict (id) do nothing;
insert into vocabulary(id,course_id,word,translation,frequency_rank,part_of_speech) values ('c8efba59-08e5-5be9-af16-7d2d4861a5da', '20000000-0000-0000-0000-000000000002', 'teto', 'el techo', 244, 'noun') on conflict (id) do nothing;
insert into vocabulary(id,course_id,word,translation,frequency_rank,part_of_speech) values ('aa4555fa-7066-5b12-8618-1f765d936378', '20000000-0000-0000-0000-000000000002', 'a vassoura', 'la escoba', 245, 'noun') on conflict (id) do nothing;
insert into vocabulary(id,course_id,word,translation,frequency_rank,part_of_speech) values ('564d69d6-9034-5c3b-9043-598417ea2d90', '20000000-0000-0000-0000-000000000002', 'varrer', 'barrer', 246, 'verb') on conflict (id) do nothing;
insert into vocabulary(id,course_id,word,translation,frequency_rank,part_of_speech) values ('2e49e548-64e3-52a3-a669-dd40b2ad305f', '20000000-0000-0000-0000-000000000002', 'arrumar', 'ordenar', 247, 'verb') on conflict (id) do nothing;
insert into vocabulary(id,course_id,word,translation,frequency_rank,part_of_speech) values ('7cf34026-cfaa-5866-bff0-518f1ff018e6', '20000000-0000-0000-0000-000000000002', 'tapete', 'la alfombra', 248, 'noun') on conflict (id) do nothing;
insert into vocabulary(id,course_id,word,translation,frequency_rank,part_of_speech) values ('d9c50882-ee2f-5e27-88c2-40cb71fdacbe', '20000000-0000-0000-0000-000000000002', 'o lixo', 'la basura', 249, 'noun') on conflict (id) do nothing;
insert into vocabulary(id,course_id,word,translation,frequency_rank,part_of_speech) values ('46fcf0f6-00c7-536a-9791-481039d01026', '20000000-0000-0000-0000-000000000002', 'a faxina', 'la limpieza', 250, 'noun') on conflict (id) do nothing;
insert into vocabulary(id,course_id,word,translation,frequency_rank,part_of_speech) values ('83647afc-3def-54ed-af2c-ca9365d91986', '20000000-0000-0000-0000-000000000002', 'cadeira', 'la silla', 240, 'noun') on conflict (id) do nothing;
insert into vocabulary(id,course_id,word,translation,frequency_rank,part_of_speech) values ('0abba2a0-54de-54c6-86ba-e34fb82e354b', '20000000-0000-0000-0000-000000000002', 'geladeira', 'la nevera', 241, 'noun') on conflict (id) do nothing;
insert into vocabulary(id,course_id,word,translation,frequency_rank,part_of_speech) values ('ee12926c-e4a9-5b99-af37-948bb070dcdf', '20000000-0000-0000-0000-000000000002', 'fogão', 'la cocina', 242, 'noun') on conflict (id) do nothing;
insert into vocabulary(id,course_id,word,translation,frequency_rank,part_of_speech) values ('a8dda994-83a0-51fd-8158-741e650c673b', '20000000-0000-0000-0000-000000000002', 'a toalha', 'la toalla', 243, 'noun') on conflict (id) do nothing;
insert into vocabulary(id,course_id,word,translation,frequency_rank,part_of_speech) values ('4704b0c7-df71-592f-a7c8-77a4a9dd34f4', '20000000-0000-0000-0000-000000000002', 'o lençol', 'la sábana', 244, 'noun') on conflict (id) do nothing;
insert into vocabulary(id,course_id,word,translation,frequency_rank,part_of_speech) values ('fe6d9579-3fac-54ba-b563-16ebc3cc8486', '20000000-0000-0000-0000-000000000002', 'parede', 'la pared', 245, 'noun') on conflict (id) do nothing;
insert into vocabulary(id,course_id,word,translation,frequency_rank,part_of_speech) values ('566f7d25-0e5a-5bd3-85ab-4c0674c2a3a5', '20000000-0000-0000-0000-000000000002', 'chão', 'el suelo', 246, 'noun') on conflict (id) do nothing;
insert into vocabulary(id,course_id,word,translation,frequency_rank,part_of_speech) values ('d8aee386-1bcb-5a37-8976-bb39084f97e3', '20000000-0000-0000-0000-000000000002', 'o balde', 'el cubo', 247, 'noun') on conflict (id) do nothing;
insert into vocabulary(id,course_id,word,translation,frequency_rank,part_of_speech) values ('a4bd770c-8579-51db-a951-672128f98da2', '20000000-0000-0000-0000-000000000002', 'pano', 'el trapo', 248, 'noun') on conflict (id) do nothing;
insert into vocabulary(id,course_id,word,translation,frequency_rank,part_of_speech) values ('6f156a2b-be9c-5384-9348-c509cb12f050', '20000000-0000-0000-0000-000000000002', 'cozinhar', 'cocinar', 249, 'verb') on conflict (id) do nothing;
insert into vocabulary(id,course_id,word,translation,frequency_rank,part_of_speech) values ('d90202c2-f715-5595-bc46-0a2546b51ee8', '20000000-0000-0000-0000-000000000002', 'o feijão', 'el frijol', 270, 'noun') on conflict (id) do nothing;
insert into vocabulary(id,course_id,word,translation,frequency_rank,part_of_speech) values ('588e29f9-22bd-5eb6-a8f6-a62162540228', '20000000-0000-0000-0000-000000000002', 'o queijo', 'el queso', 271, 'noun') on conflict (id) do nothing;
insert into vocabulary(id,course_id,word,translation,frequency_rank,part_of_speech) values ('1fe7b0ea-268e-55aa-bf45-d0fdefb80733', '20000000-0000-0000-0000-000000000002', 'o ovo', 'el huevo', 272, 'noun') on conflict (id) do nothing;
insert into vocabulary(id,course_id,word,translation,frequency_rank,part_of_speech) values ('d7ec39cd-606e-5d72-9f78-7ce136663099', '20000000-0000-0000-0000-000000000002', 'a manteiga', 'la mantequilla', 273, 'noun') on conflict (id) do nothing;
insert into vocabulary(id,course_id,word,translation,frequency_rank,part_of_speech) values ('285e0069-8369-5eb1-a30a-cf245d09290c', '20000000-0000-0000-0000-000000000002', 'o azeite', 'el aceite de oliva', 274, 'noun') on conflict (id) do nothing;
insert into vocabulary(id,course_id,word,translation,frequency_rank,part_of_speech) values ('2d89ac52-d351-51aa-9ffa-9d537fd54e72', '20000000-0000-0000-0000-000000000002', 'a salada', 'la ensalada', 275, 'noun') on conflict (id) do nothing;
insert into vocabulary(id,course_id,word,translation,frequency_rank,part_of_speech) values ('ff34afa0-8324-5a47-969b-0d1db62ff1af', '20000000-0000-0000-0000-000000000002', 'a sobremesa', 'el postre', 276, 'noun') on conflict (id) do nothing;
insert into vocabulary(id,course_id,word,translation,frequency_rank,part_of_speech) values ('060dfd53-be6a-50d5-8d1d-cd0aa81d7361', '20000000-0000-0000-0000-000000000002', 'o garfo', 'el tenedor', 277, 'noun') on conflict (id) do nothing;
insert into vocabulary(id,course_id,word,translation,frequency_rank,part_of_speech) values ('1cb12683-afb7-59ee-bac7-be4581d35f97', '20000000-0000-0000-0000-000000000002', 'a faca', 'el cuchillo', 278, 'noun') on conflict (id) do nothing;
insert into vocabulary(id,course_id,word,translation,frequency_rank,part_of_speech) values ('b5c22c46-2bd1-5ed2-be55-20f369de5ff5', '20000000-0000-0000-0000-000000000002', 'a colher', 'la cuchara', 279, 'noun') on conflict (id) do nothing;
insert into vocabulary(id,course_id,word,translation,frequency_rank,part_of_speech) values ('51099067-2f45-5cb1-82d1-7a661aebdf3f', '20000000-0000-0000-0000-000000000002', 'o copo', 'el vaso', 280, 'noun') on conflict (id) do nothing;
insert into vocabulary(id,course_id,word,translation,frequency_rank,part_of_speech) values ('489f93ca-e78f-5970-a3e4-43dca09328be', '20000000-0000-0000-0000-000000000002', 'os talheres', 'los cubiertos', 270, 'noun') on conflict (id) do nothing;
insert into vocabulary(id,course_id,word,translation,frequency_rank,part_of_speech) values ('231aff2c-0a41-5542-9007-29876f99097f', '20000000-0000-0000-0000-000000000002', 'o presunto', 'el jamón', 271, 'noun') on conflict (id) do nothing;
insert into vocabulary(id,course_id,word,translation,frequency_rank,part_of_speech) values ('b8cf2669-4db9-5440-b6d9-6ce99681841e', '20000000-0000-0000-0000-000000000002', 'a batata', 'la papa', 272, 'noun') on conflict (id) do nothing;
insert into vocabulary(id,course_id,word,translation,frequency_rank,part_of_speech) values ('ce591821-dd28-55ab-9e49-c617bab0145b', '20000000-0000-0000-0000-000000000002', 'o frango', 'el pollo', 273, 'noun') on conflict (id) do nothing;
insert into vocabulary(id,course_id,word,translation,frequency_rank,part_of_speech) values ('254c5d2c-595e-525b-aa8b-6d0db96be85c', '20000000-0000-0000-0000-000000000002', 'a cebola', 'la cebolla', 274, 'noun') on conflict (id) do nothing;
insert into vocabulary(id,course_id,word,translation,frequency_rank,part_of_speech) values ('3c22162c-5a96-5662-a079-a3dd14e94e0d', '20000000-0000-0000-0000-000000000002', 'o alho', 'el ajo', 275, 'noun') on conflict (id) do nothing;
insert into vocabulary(id,course_id,word,translation,frequency_rank,part_of_speech) values ('b93a45b2-604d-57e7-b102-afb38ac0be57', '20000000-0000-0000-0000-000000000002', 'o açúcar', 'el azúcar', 276, 'noun') on conflict (id) do nothing;
insert into vocabulary(id,course_id,word,translation,frequency_rank,part_of_speech) values ('ff822f68-2045-58fa-9b7b-5349b35fa859', '20000000-0000-0000-0000-000000000002', 'ferver', 'hervir', 277, 'verb') on conflict (id) do nothing;
insert into vocabulary(id,course_id,word,translation,frequency_rank,part_of_speech) values ('c56bb42f-4f4a-5a84-8684-576b912c5eed', '20000000-0000-0000-0000-000000000002', 'fritar', 'freír', 278, 'verb') on conflict (id) do nothing;
insert into vocabulary(id,course_id,word,translation,frequency_rank,part_of_speech) values ('b40b9098-ae4c-5cd3-8e2c-13151e9c6de8', '20000000-0000-0000-0000-000000000002', 'o peixe', 'el pescado', 279, 'noun') on conflict (id) do nothing;
insert into vocabulary(id,course_id,word,translation,frequency_rank,part_of_speech) values ('8a56c5bb-92c4-54bd-9732-f61c342e69ef', '20000000-0000-0000-0000-000000000002', 'a taça', 'la copa', 280, 'noun') on conflict (id) do nothing;
insert into vocabulary(id,course_id,word,translation,frequency_rank,part_of_speech) values ('69f44842-00df-574c-b900-8d80dfcc6d20', '20000000-0000-0000-0000-000000000002', 'mala', 'la maleta', 300, 'noun') on conflict (id) do nothing;
insert into vocabulary(id,course_id,word,translation,frequency_rank,part_of_speech) values ('7c31f607-be7e-5a95-8d49-81ada3934670', '20000000-0000-0000-0000-000000000002', 'poltrona', 'la butaca', 301, 'noun') on conflict (id) do nothing;
insert into vocabulary(id,course_id,word,translation,frequency_rank,part_of_speech) values ('11e26704-b488-548b-bd63-9530158f8647', '20000000-0000-0000-0000-000000000002', 'alfândega', 'la aduana', 302, 'noun') on conflict (id) do nothing;
insert into vocabulary(id,course_id,word,translation,frequency_rank,part_of_speech) values ('e7ce719b-e8d9-5f37-9b54-041576c84039', '20000000-0000-0000-0000-000000000002', 'rodoviária', 'la terminal de autobuses', 303, 'noun') on conflict (id) do nothing;
insert into vocabulary(id,course_id,word,translation,frequency_rank,part_of_speech) values ('d6382672-529e-5855-81de-532fe6e9612d', '20000000-0000-0000-0000-000000000002', 'o bilhete', 'el billete', 304, 'noun') on conflict (id) do nothing;
insert into vocabulary(id,course_id,word,translation,frequency_rank,part_of_speech) values ('d9c975a3-9417-53d9-ac6b-991c819b0e1d', '20000000-0000-0000-0000-000000000002', 'guichê', 'la ventanilla', 305, 'noun') on conflict (id) do nothing;
insert into vocabulary(id,course_id,word,translation,frequency_rank,part_of_speech) values ('8e9cc809-4b66-53b3-8dc0-cce634d10070', '20000000-0000-0000-0000-000000000002', 'a chegada', 'la llegada', 306, 'noun') on conflict (id) do nothing;
insert into vocabulary(id,course_id,word,translation,frequency_rank,part_of_speech) values ('bee0fda3-59d2-5346-9c5f-4c17581c21e4', '20000000-0000-0000-0000-000000000002', 'a partida', 'la salida', 307, 'noun') on conflict (id) do nothing;
insert into vocabulary(id,course_id,word,translation,frequency_rank,part_of_speech) values ('98fa8abd-8c56-5ba4-801a-ee5926934ed6', '20000000-0000-0000-0000-000000000002', 'o passaporte', 'el pasaporte', 308, 'noun') on conflict (id) do nothing;
insert into vocabulary(id,course_id,word,translation,frequency_rank,part_of_speech) values ('0f06330b-33e6-58dd-bb88-b5bcda44e3e3', '20000000-0000-0000-0000-000000000002', 'a viagem', 'el viaje', 300, 'noun') on conflict (id) do nothing;
insert into vocabulary(id,course_id,word,translation,frequency_rank,part_of_speech) values ('4612c234-362c-5dc2-a59b-fa3deba6e0d8', '20000000-0000-0000-0000-000000000002', 'passageiro', 'el pasajero', 301, 'noun') on conflict (id) do nothing;
insert into vocabulary(id,course_id,word,translation,frequency_rank,part_of_speech) values ('de28b790-66e8-5c5f-898f-f0a3b872565c', '20000000-0000-0000-0000-000000000002', 'assento', 'el asiento', 302, 'noun') on conflict (id) do nothing;
insert into vocabulary(id,course_id,word,translation,frequency_rank,part_of_speech) values ('76acda55-7506-52fe-a597-81e88db68369', '20000000-0000-0000-0000-000000000002', 'o motorista', 'el conductor', 303, 'noun') on conflict (id) do nothing;
insert into vocabulary(id,course_id,word,translation,frequency_rank,part_of_speech) values ('44739227-dcf7-5921-9b11-b0153f4db9b9', '20000000-0000-0000-0000-000000000002', 'o trem', 'el tren', 304, 'noun') on conflict (id) do nothing;
insert into vocabulary(id,course_id,word,translation,frequency_rank,part_of_speech) values ('13d68b74-cdba-5701-9b57-a535ec8556d7', '20000000-0000-0000-0000-000000000002', 'a decolagem', 'el despegue', 305, 'noun') on conflict (id) do nothing;
insert into vocabulary(id,course_id,word,translation,frequency_rank,part_of_speech) values ('9620da39-d87c-503f-a042-5226ffad3501', '20000000-0000-0000-0000-000000000002', 'o pouso', 'el aterrizaje', 306, 'noun') on conflict (id) do nothing;
insert into vocabulary(id,course_id,word,translation,frequency_rank,part_of_speech) values ('6a9f1f18-b0f5-5698-8be0-b37df703d0a7', '20000000-0000-0000-0000-000000000002', 'carro', 'el coche', 307, 'noun') on conflict (id) do nothing;
insert into vocabulary(id,course_id,word,translation,frequency_rank,part_of_speech) values ('9b886c68-213a-5b22-b352-79824a5aefd8', '20000000-0000-0000-0000-000000000002', 'o pedágio', 'el peaje', 308, 'noun') on conflict (id) do nothing;
insert into vocabulary(id,course_id,word,translation,frequency_rank,part_of_speech) values ('51a7802d-2583-5f30-b11d-85c0e0cf50c8', '20000000-0000-0000-0000-000000000002', 'o cartão', 'tarjeta', 330, 'noun') on conflict (id) do nothing;
insert into vocabulary(id,course_id,word,translation,frequency_rank,part_of_speech) values ('6c0b8cd5-265a-5f94-897e-d5abd43323fa', '20000000-0000-0000-0000-000000000002', 'caixa', 'caja', 331, 'noun') on conflict (id) do nothing;
insert into vocabulary(id,course_id,word,translation,frequency_rank,part_of_speech) values ('16d15f8b-18d8-5620-ba55-d24d41b53d88', '20000000-0000-0000-0000-000000000002', 'desconto', 'descuento', 332, 'noun') on conflict (id) do nothing;
insert into vocabulary(id,course_id,word,translation,frequency_rank,part_of_speech) values ('04d9af23-a3c5-53e9-8e40-692b18aa3651', '20000000-0000-0000-0000-000000000002', 'prateleira', 'estante', 333, 'noun') on conflict (id) do nothing;
insert into vocabulary(id,course_id,word,translation,frequency_rank,part_of_speech) values ('cc06cb25-4b77-5eed-992e-c792178870cc', '20000000-0000-0000-0000-000000000002', 'carrinho', 'carrito', 334, 'noun') on conflict (id) do nothing;
insert into vocabulary(id,course_id,word,translation,frequency_rank,part_of_speech) values ('9f1356ea-a614-5db9-a354-9eaf74741ed7', '20000000-0000-0000-0000-000000000002', 'gorjeta', 'propina', 335, 'noun') on conflict (id) do nothing;
insert into vocabulary(id,course_id,word,translation,frequency_rank,part_of_speech) values ('2be257ec-3d6b-5cc4-9ae2-75f1e1ea0fef', '20000000-0000-0000-0000-000000000002', 'dinheiro', 'dinero', 336, 'noun') on conflict (id) do nothing;
insert into vocabulary(id,course_id,word,translation,frequency_rank,part_of_speech) values ('913b38a6-48cd-55ed-827c-43912069dd07', '20000000-0000-0000-0000-000000000002', 'promoção', 'oferta', 337, 'noun') on conflict (id) do nothing;
insert into vocabulary(id,course_id,word,translation,frequency_rank,part_of_speech) values ('cd204887-77ee-5be0-a8c9-a6ad6a8e6268', '20000000-0000-0000-0000-000000000002', 'vitrine', 'escaparate', 330, 'noun') on conflict (id) do nothing;
insert into vocabulary(id,course_id,word,translation,frequency_rank,part_of_speech) values ('cfa1bf95-0155-583a-b90b-44cec628ff17', '20000000-0000-0000-0000-000000000002', 'pechincha', 'ganga', 331, 'noun') on conflict (id) do nothing;
insert into vocabulary(id,course_id,word,translation,frequency_rank,part_of_speech) values ('b28d17e0-3381-5227-99fa-d587885edb71', '20000000-0000-0000-0000-000000000002', 'pechinchar', 'regatear', 332, 'verb') on conflict (id) do nothing;
insert into vocabulary(id,course_id,word,translation,frequency_rank,part_of_speech) values ('b48e2c10-e659-5463-ade0-fc5459d32065', '20000000-0000-0000-0000-000000000002', 'experimentar', 'probarse', 333, 'verb') on conflict (id) do nothing;
insert into vocabulary(id,course_id,word,translation,frequency_rank,part_of_speech) values ('da6616f0-ee67-5720-a81a-156df2e51c3b', '20000000-0000-0000-0000-000000000002', 'o provador', 'probador', 334, 'noun') on conflict (id) do nothing;
insert into vocabulary(id,course_id,word,translation,frequency_rank,part_of_speech) values ('db456427-e02c-5158-8dec-cd9ee4a96839', '20000000-0000-0000-0000-000000000002', 'liquidação', 'liquidación', 335, 'noun') on conflict (id) do nothing;
insert into vocabulary(id,course_id,word,translation,frequency_rank,part_of_speech) values ('a728ef84-f543-5230-ad39-b61871fdff0a', '20000000-0000-0000-0000-000000000002', 'economizar', 'ahorrar', 336, 'verb') on conflict (id) do nothing;
insert into vocabulary(id,course_id,word,translation,frequency_rank,part_of_speech) values ('c0b31d08-5787-5459-bb31-2078fc019400', '20000000-0000-0000-0000-000000000002', 'moeda', 'moneda', 337, 'noun') on conflict (id) do nothing;
insert into vocabulary(id,course_id,word,translation,frequency_rank,part_of_speech) values ('7bc99330-9fc9-5ef5-bce4-afbdc714311d', '20000000-0000-0000-0000-000000000002', 'atrasado', 'retrasado', 360, 'adj') on conflict (id) do nothing;
insert into vocabulary(id,course_id,word,translation,frequency_rank,part_of_speech) values ('a274c1c4-5403-5129-b78f-cc3c26126bd5', '20000000-0000-0000-0000-000000000002', 'o atraso', 'el retraso', 361, 'noun') on conflict (id) do nothing;
insert into vocabulary(id,course_id,word,translation,frequency_rank,part_of_speech) values ('7ea0a2e4-9a64-520d-b61a-bd2c1e70d4cf', '20000000-0000-0000-0000-000000000002', 'o prazo', 'el plazo', 362, 'noun') on conflict (id) do nothing;
insert into vocabulary(id,course_id,word,translation,frequency_rank,part_of_speech) values ('258d2842-900f-52e6-949c-b4196aa1a582', '20000000-0000-0000-0000-000000000002', 'de vez em quando', 'de vez en cuando', 363, 'adv') on conflict (id) do nothing;
insert into vocabulary(id,course_id,word,translation,frequency_rank,part_of_speech) values ('b77d3b84-8669-5178-980f-c674a43cdcf6', '20000000-0000-0000-0000-000000000002', 'atualmente', 'actualmente', 364, 'adv') on conflict (id) do nothing;
insert into vocabulary(id,course_id,word,translation,frequency_rank,part_of_speech) values ('d2fb792a-4b2e-5607-a942-d4ca72e62728', '20000000-0000-0000-0000-000000000002', 'rotina', 'la rutina', 365, 'noun') on conflict (id) do nothing;
insert into vocabulary(id,course_id,word,translation,frequency_rank,part_of_speech) values ('699994ec-71f3-57fd-8195-f404931e510b', '20000000-0000-0000-0000-000000000002', 'à tarde', 'por la tarde', 366, 'adv') on conflict (id) do nothing;
insert into vocabulary(id,course_id,word,translation,frequency_rank,part_of_speech) values ('918d6aaf-88a4-5aea-a1a7-0f77b27c973e', '20000000-0000-0000-0000-000000000002', 'demorar', 'tardar', 367, 'verb') on conflict (id) do nothing;
insert into vocabulary(id,course_id,word,translation,frequency_rank,part_of_speech) values ('0a59a16f-51a4-5eae-ad8c-707aad9048e5', '20000000-0000-0000-0000-000000000002', 'adiantado', 'adelantado', 368, 'adj') on conflict (id) do nothing;
insert into vocabulary(id,course_id,word,translation,frequency_rank,part_of_speech) values ('1b42715a-c34c-5010-8275-ebead37aca27', '20000000-0000-0000-0000-000000000002', 'pontual', 'puntual', 360, 'adj') on conflict (id) do nothing;
insert into vocabulary(id,course_id,word,translation,frequency_rank,part_of_speech) values ('dfbb3538-7ba3-5ebd-9017-5f2d0ab2eb19', '20000000-0000-0000-0000-000000000002', 'compromisso', 'el compromiso', 361, 'noun') on conflict (id) do nothing;
insert into vocabulary(id,course_id,word,translation,frequency_rank,part_of_speech) values ('df9d5e1f-c897-5107-bac0-5b28d6d63348', '20000000-0000-0000-0000-000000000002', 'adiar', 'aplazar', 362, 'verb') on conflict (id) do nothing;
insert into vocabulary(id,course_id,word,translation,frequency_rank,part_of_speech) values ('cb2a5223-0944-51f5-aa29-95aaa0732625', '20000000-0000-0000-0000-000000000002', 'frequentemente', 'frecuentemente', 363, 'adv') on conflict (id) do nothing;
insert into vocabulary(id,course_id,word,translation,frequency_rank,part_of_speech) values ('da212645-4903-5afb-b62d-9ec8c8079628', '20000000-0000-0000-0000-000000000002', 'marcar', 'agendar', 364, 'verb') on conflict (id) do nothing;
insert into vocabulary(id,course_id,word,translation,frequency_rank,part_of_speech) values ('f9d7d1e7-b45b-516d-995b-90fda96788f4', '20000000-0000-0000-0000-000000000002', 'intervalo', 'el descanso', 365, 'noun') on conflict (id) do nothing;
insert into vocabulary(id,course_id,word,translation,frequency_rank,part_of_speech) values ('f11a2ea4-d84d-5b04-970e-d60aff676b89', '20000000-0000-0000-0000-000000000002', 'a data', 'la fecha', 366, 'noun') on conflict (id) do nothing;
insert into vocabulary(id,course_id,word,translation,frequency_rank,part_of_speech) values ('429de046-d967-59d0-bb06-9b05eddbe3cb', '20000000-0000-0000-0000-000000000002', 'às vezes', 'a veces', 367, 'adv') on conflict (id) do nothing;
insert into vocabulary(id,course_id,word,translation,frequency_rank,part_of_speech) values ('abdce12e-52b0-5d89-807c-8a97a95be229', '20000000-0000-0000-0000-000000000002', 'tosse', 'la tos', 390, 'noun') on conflict (id) do nothing;
insert into vocabulary(id,course_id,word,translation,frequency_rank,part_of_speech) values ('3ae6181f-450f-5007-b08c-704694060a3e', '20000000-0000-0000-0000-000000000002', 'tossir', 'toser', 391, 'verb') on conflict (id) do nothing;
insert into vocabulary(id,course_id,word,translation,frequency_rank,part_of_speech) values ('db3542a8-b1c5-5c23-bc6a-76ba45ca0fa2', '20000000-0000-0000-0000-000000000002', 'espirrar', 'estornudar', 392, 'verb') on conflict (id) do nothing;
insert into vocabulary(id,course_id,word,translation,frequency_rank,part_of_speech) values ('782c3c1f-4032-5574-ad19-c931875732f5', '20000000-0000-0000-0000-000000000002', 'comprimido', 'la pastilla', 393, 'noun') on conflict (id) do nothing;
insert into vocabulary(id,course_id,word,translation,frequency_rank,part_of_speech) values ('baaf70b9-2a85-5d75-a58a-5fb3f2852c4f', '20000000-0000-0000-0000-000000000002', 'receita', 'la receta', 394, 'noun') on conflict (id) do nothing;
insert into vocabulary(id,course_id,word,translation,frequency_rank,part_of_speech) values ('5b26e2b2-97f2-53e2-886f-a4db717226aa', '20000000-0000-0000-0000-000000000002', 'osso', 'el hueso', 395, 'noun') on conflict (id) do nothing;
insert into vocabulary(id,course_id,word,translation,frequency_rank,part_of_speech) values ('d4f775d4-36bc-599d-9138-f6026e290527', '20000000-0000-0000-0000-000000000002', 'o joelho', 'la rodilla', 396, 'noun') on conflict (id) do nothing;
insert into vocabulary(id,course_id,word,translation,frequency_rank,part_of_speech) values ('d9dc058a-8b9b-5b23-8bb4-6cf1e2afb3fa', '20000000-0000-0000-0000-000000000002', 'peito', 'el pecho', 397, 'noun') on conflict (id) do nothing;
insert into vocabulary(id,course_id,word,translation,frequency_rank,part_of_speech) values ('27d67e04-d772-560c-9d82-79f4213645e4', '20000000-0000-0000-0000-000000000002', 'a pele', 'la piel', 398, 'noun') on conflict (id) do nothing;
insert into vocabulary(id,course_id,word,translation,frequency_rank,part_of_speech) values ('6fbc7b77-d31d-58d6-9137-82f1d118f89b', '20000000-0000-0000-0000-000000000002', 'sangue', 'la sangre', 399, 'noun') on conflict (id) do nothing;
insert into vocabulary(id,course_id,word,translation,frequency_rank,part_of_speech) values ('eef4b019-96b8-5dda-ba33-78d3533bcfcc', '20000000-0000-0000-0000-000000000002', 'a ferida', 'la herida', 390, 'noun') on conflict (id) do nothing;
insert into vocabulary(id,course_id,word,translation,frequency_rank,part_of_speech) values ('f2eec80a-1708-5db4-8bff-a3c34ee2d20d', '20000000-0000-0000-0000-000000000002', 'lesão', 'la lesión', 391, 'noun') on conflict (id) do nothing;
insert into vocabulary(id,course_id,word,translation,frequency_rank,part_of_speech) values ('85d63462-658e-5a9c-b3ea-8ffab6a223d4', '20000000-0000-0000-0000-000000000002', 'a vacina', 'la vacuna', 392, 'noun') on conflict (id) do nothing;
insert into vocabulary(id,course_id,word,translation,frequency_rank,part_of_speech) values ('b61b2076-a46a-5fcb-820b-7a48d7525a07', '20000000-0000-0000-0000-000000000002', 'injeção', 'la inyección', 393, 'noun') on conflict (id) do nothing;
insert into vocabulary(id,course_id,word,translation,frequency_rank,part_of_speech) values ('2223d4c8-73f1-5348-adca-2984e7a13684', '20000000-0000-0000-0000-000000000002', 'a cirurgia', 'la cirugía', 394, 'noun') on conflict (id) do nothing;
insert into vocabulary(id,course_id,word,translation,frequency_rank,part_of_speech) values ('93e1fdad-961b-5de9-b014-9365ca982348', '20000000-0000-0000-0000-000000000002', 'tonto', 'mareado', 395, 'adjective') on conflict (id) do nothing;
insert into vocabulary(id,course_id,word,translation,frequency_rank,part_of_speech) values ('53453ae5-d34e-54d7-be53-c8dc907feb8e', '20000000-0000-0000-0000-000000000002', 'inchado', 'hinchado', 396, 'adjective') on conflict (id) do nothing;
insert into vocabulary(id,course_id,word,translation,frequency_rank,part_of_speech) values ('4b183e9e-5dc3-5dc6-98d5-a5d52093c4f5', '20000000-0000-0000-0000-000000000002', 'saudável', 'saludable', 397, 'adjective') on conflict (id) do nothing;
insert into vocabulary(id,course_id,word,translation,frequency_rank,part_of_speech) values ('c2da3d9b-252a-5e85-b1cb-b22c2e986130', '20000000-0000-0000-0000-000000000002', 'dente', 'el diente', 398, 'noun') on conflict (id) do nothing;
insert into vocabulary(id,course_id,word,translation,frequency_rank,part_of_speech) values ('811bfe32-e563-59f5-9e3f-a0bb0d48a17c', '20000000-0000-0000-0000-000000000002', 'o escritório', 'la oficina', 420, 'noun') on conflict (id) do nothing;
insert into vocabulary(id,course_id,word,translation,frequency_rank,part_of_speech) values ('3cc441ed-fe28-5a00-ac25-765127d7d5e9', '20000000-0000-0000-0000-000000000002', 'o chefe', 'el jefe', 421, 'noun') on conflict (id) do nothing;
insert into vocabulary(id,course_id,word,translation,frequency_rank,part_of_speech) values ('181b4a04-70e0-5ac3-a701-558eb3d4f34b', '20000000-0000-0000-0000-000000000002', 'o funcionário', 'el empleado', 422, 'noun') on conflict (id) do nothing;
insert into vocabulary(id,course_id,word,translation,frequency_rank,part_of_speech) values ('d75eec20-550e-5cba-83fa-9beaa16dbd67', '20000000-0000-0000-0000-000000000002', 'a reunião', 'la reunión', 423, 'noun') on conflict (id) do nothing;
insert into vocabulary(id,course_id,word,translation,frequency_rank,part_of_speech) values ('cca8cfb8-220d-50b9-a357-76abb2802bb9', '20000000-0000-0000-0000-000000000002', 'o salário', 'el sueldo', 424, 'noun') on conflict (id) do nothing;
insert into vocabulary(id,course_id,word,translation,frequency_rank,part_of_speech) values ('2a3d518d-c074-58cb-8ba6-9976aae22b42', '20000000-0000-0000-0000-000000000002', 'demitir', 'despedir', 425, 'verb') on conflict (id) do nothing;
insert into vocabulary(id,course_id,word,translation,frequency_rank,part_of_speech) values ('da3d730d-83ea-5894-adae-46dc51d7b7a6', '20000000-0000-0000-0000-000000000002', 'tarefa', 'la tarea', 426, 'noun') on conflict (id) do nothing;
insert into vocabulary(id,course_id,word,translation,frequency_rank,part_of_speech) values ('db7dda2d-8d67-501f-9c15-c0fc197b75ad', '20000000-0000-0000-0000-000000000002', 'cargo', 'el puesto', 427, 'noun') on conflict (id) do nothing;
insert into vocabulary(id,course_id,word,translation,frequency_rank,part_of_speech) values ('99728cf2-cf5d-5ba9-ba99-d9bf68ed2e1f', '20000000-0000-0000-0000-000000000002', 'o crachá', 'la identificación', 428, 'noun') on conflict (id) do nothing;
insert into vocabulary(id,course_id,word,translation,frequency_rank,part_of_speech) values ('18c5081a-7af1-5be3-9797-a1744ecd8cbd', '20000000-0000-0000-0000-000000000002', 'currículo', 'el currículum', 429, 'noun') on conflict (id) do nothing;
insert into vocabulary(id,course_id,word,translation,frequency_rank,part_of_speech) values ('bbb0208b-f954-53b6-a14e-4c931d548d0b', '20000000-0000-0000-0000-000000000002', 'vaga', 'la vacante', 430, 'noun') on conflict (id) do nothing;
insert into vocabulary(id,course_id,word,translation,frequency_rank,part_of_speech) values ('cd924b2c-e231-5ac0-8dc4-499960a489ad', '20000000-0000-0000-0000-000000000002', 'emprego', 'el empleo', 420, 'noun') on conflict (id) do nothing;
insert into vocabulary(id,course_id,word,translation,frequency_rank,part_of_speech) values ('d1a2a7a4-0873-5a6c-8f5b-92c257c3bcee', '20000000-0000-0000-0000-000000000002', 'equipe', 'el equipo', 421, 'noun') on conflict (id) do nothing;
insert into vocabulary(id,course_id,word,translation,frequency_rank,part_of_speech) values ('268cab29-fd1e-55b2-8016-fcb6d758d785', '20000000-0000-0000-0000-000000000002', 'a demissão', 'el despido', 422, 'noun') on conflict (id) do nothing;
insert into vocabulary(id,course_id,word,translation,frequency_rank,part_of_speech) values ('01e146ee-e93c-5d1b-bfab-07d197a88dfc', '20000000-0000-0000-0000-000000000002', 'as férias', 'las vacaciones', 423, 'noun') on conflict (id) do nothing;
insert into vocabulary(id,course_id,word,translation,frequency_rank,part_of_speech) values ('89068809-3f8b-5c6b-a4fd-24c6f953e8da', '20000000-0000-0000-0000-000000000002', 'o relatório', 'el informe', 424, 'noun') on conflict (id) do nothing;
insert into vocabulary(id,course_id,word,translation,frequency_rank,part_of_speech) values ('f95ab62e-a812-5fd1-be21-5f9a1046eaab', '20000000-0000-0000-0000-000000000002', 'a renda', 'el ingreso', 425, 'noun') on conflict (id) do nothing;
insert into vocabulary(id,course_id,word,translation,frequency_rank,part_of_speech) values ('6166b1a6-55a3-5bf9-8448-8d164f6b0230', '20000000-0000-0000-0000-000000000002', 'estágio', 'la pasantía', 426, 'noun') on conflict (id) do nothing;
insert into vocabulary(id,course_id,word,translation,frequency_rank,part_of_speech) values ('efb2bc75-7dab-5b73-b653-7eacb118ab66', '20000000-0000-0000-0000-000000000002', 'a assinatura', 'la firma', 427, 'noun') on conflict (id) do nothing;
insert into vocabulary(id,course_id,word,translation,frequency_rank,part_of_speech) values ('d64838f6-2659-5d11-880a-5d6847ba1974', '20000000-0000-0000-0000-000000000002', 'balcão', 'el mostrador', 428, 'noun') on conflict (id) do nothing;
insert into vocabulary(id,course_id,word,translation,frequency_rank,part_of_speech) values ('4bc2e861-c181-5f54-8b23-fa201d5000f9', '20000000-0000-0000-0000-000000000002', 'o desempenho', 'el desempeño', 429, 'noun') on conflict (id) do nothing;
insert into vocabulary(id,course_id,word,translation,frequency_rank,part_of_speech) values ('17b32f73-ad0e-5c90-9a42-e2c41f0b444b', '20000000-0000-0000-0000-000000000002', 'empregar', 'emplear', 430, 'verb') on conflict (id) do nothing;
insert into vocabulary(id,course_id,word,translation,frequency_rank,part_of_speech) values ('ef259b84-0019-5164-8a18-5ab0168ed3e7', '20000000-0000-0000-0000-000000000002', 'o trovão', 'trueno', 450, 'noun') on conflict (id) do nothing;
insert into vocabulary(id,course_id,word,translation,frequency_rank,part_of_speech) values ('aec05184-b572-5249-a4d7-3d55f3dcba5c', '20000000-0000-0000-0000-000000000002', 'a enchente', 'inundación', 451, 'noun') on conflict (id) do nothing;
insert into vocabulary(id,course_id,word,translation,frequency_rank,part_of_speech) values ('7c901a36-0716-52d9-be01-e7b51e95aee3', '20000000-0000-0000-0000-000000000002', 'a inundação', 'inundación', 452, 'noun') on conflict (id) do nothing;
insert into vocabulary(id,course_id,word,translation,frequency_rank,part_of_speech) values ('8a561190-8f5a-5fef-a2ee-9de30bbd311f', '20000000-0000-0000-0000-000000000002', 'o orvalho', 'rocío', 453, 'noun') on conflict (id) do nothing;
insert into vocabulary(id,course_id,word,translation,frequency_rank,part_of_speech) values ('1996018a-6c11-5110-b43f-971184f7166b', '20000000-0000-0000-0000-000000000002', 'a neblina', 'niebla', 454, 'noun') on conflict (id) do nothing;
insert into vocabulary(id,course_id,word,translation,frequency_rank,part_of_speech) values ('399d9253-cda5-579e-b693-bec4479e9421', '20000000-0000-0000-0000-000000000002', 'areia', 'arena', 455, 'noun') on conflict (id) do nothing;
insert into vocabulary(id,course_id,word,translation,frequency_rank,part_of_speech) values ('74c74eb7-a4d9-52df-b2ab-a351044386dc', '20000000-0000-0000-0000-000000000002', 'onda', 'ola', 456, 'noun') on conflict (id) do nothing;
insert into vocabulary(id,course_id,word,translation,frequency_rank,part_of_speech) values ('193b7726-840f-5ad1-9f29-f05d64480d10', '20000000-0000-0000-0000-000000000002', 'a maré', 'marea', 457, 'noun') on conflict (id) do nothing;
insert into vocabulary(id,course_id,word,translation,frequency_rank,part_of_speech) values ('d3a2c2de-dbf9-5ae2-af38-bd9759b5f913', '20000000-0000-0000-0000-000000000002', 'a geada', 'escarcha', 458, 'noun') on conflict (id) do nothing;
insert into vocabulary(id,course_id,word,translation,frequency_rank,part_of_speech) values ('d4bdd32b-4d51-58e9-b8c3-8c6ad85cdeaf', '20000000-0000-0000-0000-000000000002', 'poça', 'charco', 459, 'noun') on conflict (id) do nothing;
insert into vocabulary(id,course_id,word,translation,frequency_rank,part_of_speech) values ('ea3a20a7-bc88-579d-a577-6b7ad02a1c3d', '20000000-0000-0000-0000-000000000002', 'lama', 'barro', 450, 'noun') on conflict (id) do nothing;
insert into vocabulary(id,course_id,word,translation,frequency_rank,part_of_speech) values ('bb2499c4-2c87-532a-b136-00500a970706', '20000000-0000-0000-0000-000000000002', 'riacho', 'arroyo', 451, 'noun') on conflict (id) do nothing;
insert into vocabulary(id,course_id,word,translation,frequency_rank,part_of_speech) values ('8bbf870d-1426-5703-a33b-98427101bf77', '20000000-0000-0000-0000-000000000002', 'o amanhecer', 'amanecer', 452, 'noun') on conflict (id) do nothing;
insert into vocabulary(id,course_id,word,translation,frequency_rank,part_of_speech) values ('32038f51-fbc4-54bf-b45d-a73707569938', '20000000-0000-0000-0000-000000000002', 'entardecer', 'atardecer', 453, 'noun') on conflict (id) do nothing;
insert into vocabulary(id,course_id,word,translation,frequency_rank,part_of_speech) values ('2e9ea0a5-7af2-573a-bd91-721fd6a03bba', '20000000-0000-0000-0000-000000000002', 'o nevoeiro', 'niebla espesa', 454, 'noun') on conflict (id) do nothing;
insert into vocabulary(id,course_id,word,translation,frequency_rank,part_of_speech) values ('f6560dc7-1194-539f-aedb-c37ad3958da8', '20000000-0000-0000-0000-000000000002', 'a paisagem', 'paisaje', 455, 'noun') on conflict (id) do nothing;
insert into vocabulary(id,course_id,word,translation,frequency_rank,part_of_speech) values ('db20d341-ecb5-57a6-a2d5-f93d05faad85', '20000000-0000-0000-0000-000000000002', 'penhasco', 'acantilado', 456, 'noun') on conflict (id) do nothing;
insert into vocabulary(id,course_id,word,translation,frequency_rank,part_of_speech) values ('015e41cb-a9ba-5365-ba93-263fc32cfbcb', '20000000-0000-0000-0000-000000000002', 'a correnteza', 'corriente', 457, 'noun') on conflict (id) do nothing;
insert into vocabulary(id,course_id,word,translation,frequency_rank,part_of_speech) values ('5075c3c4-cb8b-53da-9fea-d00be8803c8f', '20000000-0000-0000-0000-000000000002', 'ensolarado', 'soleado', 458, 'adjective') on conflict (id) do nothing;
insert into vocabulary(id,course_id,word,translation,frequency_rank,part_of_speech) values ('b91fe2da-7111-5452-97c3-a0387a974249', '20000000-0000-0000-0000-000000000002', 'orgulhoso', 'orgulloso', 480, 'adj') on conflict (id) do nothing;
insert into vocabulary(id,course_id,word,translation,frequency_rank,part_of_speech) values ('14bd62a6-c92f-5c12-9b7b-4f2d4b35eaff', '20000000-0000-0000-0000-000000000002', 'corajoso', 'valiente', 481, 'adj') on conflict (id) do nothing;
insert into vocabulary(id,course_id,word,translation,frequency_rank,part_of_speech) values ('fc5031f4-b94a-5acc-b51c-da14b22a62ea', '20000000-0000-0000-0000-000000000002', 'teimoso', 'terco', 482, 'adj') on conflict (id) do nothing;
insert into vocabulary(id,course_id,word,translation,frequency_rank,part_of_speech) values ('68823054-6718-5636-8f2b-515e471c1bfd', '20000000-0000-0000-0000-000000000002', 'esquisito', 'raro', 483, 'adj') on conflict (id) do nothing;
insert into vocabulary(id,course_id,word,translation,frequency_rank,part_of_speech) values ('55d4080d-3018-545b-bb9f-5f62a15972f4', '20000000-0000-0000-0000-000000000002', 'embaraçado', 'avergonzado', 484, 'adj') on conflict (id) do nothing;
insert into vocabulary(id,course_id,word,translation,frequency_rank,part_of_speech) values ('be9df4cd-d667-5aee-8763-a39426456a80', '20000000-0000-0000-0000-000000000002', 'preguiçoso', 'perezoso', 485, 'adj') on conflict (id) do nothing;
insert into vocabulary(id,course_id,word,translation,frequency_rank,part_of_speech) values ('387f922f-d429-59ce-afc6-6d3fe7cebd61', '20000000-0000-0000-0000-000000000002', 'ciumento', 'celoso', 486, 'adj') on conflict (id) do nothing;
insert into vocabulary(id,course_id,word,translation,frequency_rank,part_of_speech) values ('a2f5f70f-152b-5eed-8d8b-3318164ee1f4', '20000000-0000-0000-0000-000000000002', 'chateado', 'molesto', 487, 'adj') on conflict (id) do nothing;
insert into vocabulary(id,course_id,word,translation,frequency_rank,part_of_speech) values ('38bbba53-72f9-5787-8114-6aef6fbc86f5', '20000000-0000-0000-0000-000000000002', 'grosseiro', 'grosero', 488, 'adj') on conflict (id) do nothing;
insert into vocabulary(id,course_id,word,translation,frequency_rank,part_of_speech) values ('750f3470-b8e8-5f6e-b148-4a9ba1626ad5', '20000000-0000-0000-0000-000000000002', 'sensível', 'sensible', 489, 'adj') on conflict (id) do nothing;
insert into vocabulary(id,course_id,word,translation,frequency_rank,part_of_speech) values ('83bd106c-e0ed-5f34-8697-4124c1994fe8', '20000000-0000-0000-0000-000000000002', 'educado', 'cortés', 480, 'adj') on conflict (id) do nothing;
insert into vocabulary(id,course_id,word,translation,frequency_rank,part_of_speech) values ('4134a59c-b223-59f4-aa60-8717191718a4', '20000000-0000-0000-0000-000000000002', 'bravo', 'enojado', 481, 'adj') on conflict (id) do nothing;
insert into vocabulary(id,course_id,word,translation,frequency_rank,part_of_speech) values ('a8d2c31c-37b4-59b7-ae98-5d091a5b37bc', '20000000-0000-0000-0000-000000000002', 'assustado', 'asustado', 482, 'adj') on conflict (id) do nothing;
insert into vocabulary(id,course_id,word,translation,frequency_rank,part_of_speech) values ('ccb5072d-061a-5327-bdb2-d3a864fb670f', '20000000-0000-0000-0000-000000000002', 'carinhoso', 'cariñoso', 483, 'adj') on conflict (id) do nothing;
insert into vocabulary(id,course_id,word,translation,frequency_rank,part_of_speech) values ('13fcac67-6182-58d5-b873-2b9f98a040a2', '20000000-0000-0000-0000-000000000002', 'nervoso', 'nervioso', 484, 'adj') on conflict (id) do nothing;
insert into vocabulary(id,course_id,word,translation,frequency_rank,part_of_speech) values ('b21c1908-46c0-55cf-88a6-158e329f53c7', '20000000-0000-0000-0000-000000000002', 'apaixonado', 'enamorado', 485, 'adj') on conflict (id) do nothing;
insert into vocabulary(id,course_id,word,translation,frequency_rank,part_of_speech) values ('617a7036-ed49-53ee-9dde-8ee42b789586', '20000000-0000-0000-0000-000000000002', 'gentil', 'amable', 486, 'adj') on conflict (id) do nothing;
insert into vocabulary(id,course_id,word,translation,frequency_rank,part_of_speech) values ('daedc0a4-bd92-536f-a8dc-f62283430cd2', '20000000-0000-0000-0000-000000000002', 'calmo', 'tranquilo', 487, 'adj') on conflict (id) do nothing;
insert into vocabulary(id,course_id,word,translation,frequency_rank,part_of_speech) values ('a849f281-9a5f-502d-848c-602406cd2832', '20000000-0000-0000-0000-000000000002', 'vergonha', 'la vergüenza', 488, 'noun') on conflict (id) do nothing;
insert into vocabulary(id,course_id,word,translation,frequency_rank,part_of_speech) values ('c763d191-6437-544e-8412-653f7e367915', '20000000-0000-0000-0000-000000000002', 'medo', 'el miedo', 489, 'noun') on conflict (id) do nothing;

-- 2) content_items (cloze con audio + match)
insert into content_items(id,course_id,cefr_level,skill,type,prompt,payload,correct_answer,difficulty,tags) values ('976c45ae-6fab-55d2-8ffd-052c51df4bcd', '20000000-0000-0000-0000-000000000002', 'A2', 'writing', 'cloze', 'Completa la frase con la palabra que falta.', '{"text": "Eu moro num bairro tranquilo perto do centro.", "audio_url": "https://wiauinufpbkmjlbqlkxo.supabase.co/storage/v1/object/public/audio/items/976c45ae-6fab-55d2-8ffd-052c51df4bcd.mp3"}'::jsonb, '{"value": "bairro", "accepted": ["bairro"]}'::jsonb, 0.35, array['vocab_f1','writing']) on conflict (id) do nothing;
insert into content_items(id,course_id,cefr_level,skill,type,prompt,payload,correct_answer,difficulty,tags) values ('d98cf045-82a1-5dba-ab46-2494b2e608bb', '20000000-0000-0000-0000-000000000002', 'A2', 'writing', 'cloze', 'Completa la frase con la palabra que falta.', '{"text": "Atravessamos a ponte para chegar ao outro lado.", "audio_url": "https://wiauinufpbkmjlbqlkxo.supabase.co/storage/v1/object/public/audio/items/d98cf045-82a1-5dba-ab46-2494b2e608bb.mp3"}'::jsonb, '{"value": "a ponte", "accepted": ["a ponte"]}'::jsonb, 0.35, array['vocab_f1','writing']) on conflict (id) do nothing;
insert into content_items(id,course_id,cefr_level,skill,type,prompt,payload,correct_answer,difficulty,tags) values ('0268ae9d-08e5-5e7b-b0e7-a41b29494d36', '20000000-0000-0000-0000-000000000002', 'A2', 'writing', 'cloze', 'Completa la frase con la palabra que falta.', '{"text": "As crianças brincavam na calçada em frente à casa.", "audio_url": "https://wiauinufpbkmjlbqlkxo.supabase.co/storage/v1/object/public/audio/items/0268ae9d-08e5-5e7b-b0e7-a41b29494d36.mp3"}'::jsonb, '{"value": "calçada", "accepted": ["calçada"]}'::jsonb, 0.35, array['vocab_f1','writing']) on conflict (id) do nothing;
insert into content_items(id,course_id,cefr_level,skill,type,prompt,payload,correct_answer,difficulty,tags) values ('a272f30d-4215-5dd2-981c-2e74d98616c0', '20000000-0000-0000-0000-000000000002', 'A2', 'writing', 'cloze', 'Completa la frase con la palabra que falta.', '{"text": "Ela mora num prédio de dez andares.", "audio_url": "https://wiauinufpbkmjlbqlkxo.supabase.co/storage/v1/object/public/audio/items/a272f30d-4215-5dd2-981c-2e74d98616c0.mp3"}'::jsonb, '{"value": "prédio", "accepted": ["prédio"]}'::jsonb, 0.35, array['vocab_f1','writing']) on conflict (id) do nothing;
insert into content_items(id,course_id,cefr_level,skill,type,prompt,payload,correct_answer,difficulty,tags) values ('4c684bdc-f7a3-521f-ba22-e6d773253f09', '20000000-0000-0000-0000-000000000002', 'A2', 'writing', 'cloze', 'Completa la frase con la palabra que falta.', '{"text": "Pare no cruzamento e vire à direita.", "audio_url": "https://wiauinufpbkmjlbqlkxo.supabase.co/storage/v1/object/public/audio/items/4c684bdc-f7a3-521f-ba22-e6d773253f09.mp3"}'::jsonb, '{"value": "cruzamento", "accepted": ["cruzamento"]}'::jsonb, 0.35, array['vocab_f1','writing']) on conflict (id) do nothing;
insert into content_items(id,course_id,cefr_level,skill,type,prompt,payload,correct_answer,difficulty,tags) values ('b11351a0-bb7b-59fe-8c2a-91148737e05f', '20000000-0000-0000-0000-000000000002', 'A2', 'writing', 'cloze', 'Completa la frase con la palabra que falta.', '{"text": "A estrada para a praia estava muito movimentada.", "audio_url": "https://wiauinufpbkmjlbqlkxo.supabase.co/storage/v1/object/public/audio/items/b11351a0-bb7b-59fe-8c2a-91148737e05f.mp3"}'::jsonb, '{"value": "a estrada", "accepted": ["a estrada"]}'::jsonb, 0.35, array['vocab_f1','writing']) on conflict (id) do nothing;
insert into content_items(id,course_id,cefr_level,skill,type,prompt,payload,correct_answer,difficulty,tags) values ('6ec340a3-23db-5c19-bee6-a157e82328b2', '20000000-0000-0000-0000-000000000002', 'A2', 'writing', 'cloze', 'Completa la frase con la palabra que falta.', '{"text": "Pegamos a rodovia para chegar mais rápido.", "audio_url": "https://wiauinufpbkmjlbqlkxo.supabase.co/storage/v1/object/public/audio/items/6ec340a3-23db-5c19-bee6-a157e82328b2.mp3"}'::jsonb, '{"value": "a rodovia", "accepted": ["a rodovia"]}'::jsonb, 0.35, array['vocab_f1','writing']) on conflict (id) do nothing;
insert into content_items(id,course_id,cefr_level,skill,type,prompt,payload,correct_answer,difficulty,tags) values ('1f6eb864-27f4-5c7c-b175-6966db9adcf0', '20000000-0000-0000-0000-000000000002', 'A2', 'writing', 'cloze', 'Completa la frase con la palabra que falta.', '{"text": "A igreja antiga fica no coração da cidade.", "audio_url": "https://wiauinufpbkmjlbqlkxo.supabase.co/storage/v1/object/public/audio/items/1f6eb864-27f4-5c7c-b175-6966db9adcf0.mp3"}'::jsonb, '{"value": "a igreja", "accepted": ["a igreja"]}'::jsonb, 0.35, array['vocab_f1','writing']) on conflict (id) do nothing;
insert into content_items(id,course_id,cefr_level,skill,type,prompt,payload,correct_answer,difficulty,tags) values ('d4a4556e-f1ff-5297-b531-a1e1a0401e28', '20000000-0000-0000-0000-000000000002', 'A2', 'writing', 'cloze', 'Completa la frase con la palabra que falta.', '{"text": "Preciso ir ao correio enviar esta carta.", "audio_url": "https://wiauinufpbkmjlbqlkxo.supabase.co/storage/v1/object/public/audio/items/d4a4556e-f1ff-5297-b531-a1e1a0401e28.mp3"}'::jsonb, '{"value": "correio", "accepted": ["correio"]}'::jsonb, 0.35, array['vocab_f1','writing']) on conflict (id) do nothing;
insert into content_items(id,course_id,cefr_level,skill,type,prompt,payload,correct_answer,difficulty,tags) values ('8cdcdccd-9c30-5dd2-9d57-1b0397905f8c', '20000000-0000-0000-0000-000000000002', 'A2', 'reading', 'match', 'Empareja cada palabra con su traducción.', '{"pairs": [{"en": "bairro", "es": "el barrio"}, {"en": "a ponte", "es": "el puente"}, {"en": "calçada", "es": "la acera"}, {"en": "prédio", "es": "el edificio"}, {"en": "cruzamento", "es": "el cruce"}]}'::jsonb, '{"pairs": [["bairro", "el barrio"], ["a ponte", "el puente"], ["calçada", "la acera"], ["prédio", "el edificio"], ["cruzamento", "el cruce"]]}'::jsonb, 0.15, array['vocab_f1','reading']) on conflict (id) do nothing;
insert into content_items(id,course_id,cefr_level,skill,type,prompt,payload,correct_answer,difficulty,tags) values ('198d7b81-49a8-53d5-8951-c82ded6548bf', '20000000-0000-0000-0000-000000000002', 'A2', 'reading', 'match', 'Empareja cada palabra con su traducción.', '{"pairs": [{"en": "a estrada", "es": "la carretera"}, {"en": "a rodovia", "es": "la autopista"}, {"en": "a igreja", "es": "la iglesia"}, {"en": "correio", "es": "el correo"}]}'::jsonb, '{"pairs": [["a estrada", "la carretera"], ["a rodovia", "la autopista"], ["a igreja", "la iglesia"], ["correio", "el correo"]]}'::jsonb, 0.15, array['vocab_f1','reading']) on conflict (id) do nothing;
insert into content_items(id,course_id,cefr_level,skill,type,prompt,payload,correct_answer,difficulty,tags) values ('352febf4-be2f-5180-a6bd-3ba10461379c', '20000000-0000-0000-0000-000000000002', 'A2', 'writing', 'cloze', 'Completa la frase con la palabra que falta.', '{"text": "A prefeitura vai reformar as ruas do bairro.", "audio_url": "https://wiauinufpbkmjlbqlkxo.supabase.co/storage/v1/object/public/audio/items/352febf4-be2f-5180-a6bd-3ba10461379c.mp3"}'::jsonb, '{"value": "a prefeitura", "accepted": ["a prefeitura"]}'::jsonb, 0.35, array['vocab_f1','writing']) on conflict (id) do nothing;
insert into content_items(id,course_id,cefr_level,skill,type,prompt,payload,correct_answer,difficulty,tags) values ('c6501b01-0f05-5b4d-b63d-74adeb8a0f22', '20000000-0000-0000-0000-000000000002', 'A2', 'writing', 'cloze', 'Completa la frase con la palabra que falta.', '{"text": "Comprei pão fresco na padaria da esquina.", "audio_url": "https://wiauinufpbkmjlbqlkxo.supabase.co/storage/v1/object/public/audio/items/c6501b01-0f05-5b4d-b63d-74adeb8a0f22.mp3"}'::jsonb, '{"value": "padaria", "accepted": ["padaria"]}'::jsonb, 0.35, array['vocab_f1','writing']) on conflict (id) do nothing;
insert into content_items(id,course_id,cefr_level,skill,type,prompt,payload,correct_answer,difficulty,tags) values ('848a1e04-f977-53df-8355-0099226f6b77', '20000000-0000-0000-0000-000000000002', 'A2', 'writing', 'cloze', 'Completa la frase con la palabra que falta.', '{"text": "Passei a tarde toda naquela livraria enorme.", "audio_url": "https://wiauinufpbkmjlbqlkxo.supabase.co/storage/v1/object/public/audio/items/848a1e04-f977-53df-8355-0099226f6b77.mp3"}'::jsonb, '{"value": "livraria", "accepted": ["livraria"]}'::jsonb, 0.35, array['vocab_f1','writing']) on conflict (id) do nothing;
insert into content_items(id,course_id,cefr_level,skill,type,prompt,payload,correct_answer,difficulty,tags) values ('f2d4a777-9fe6-5d83-8e8a-8ede60db96b2', '20000000-0000-0000-0000-000000000002', 'A2', 'writing', 'cloze', 'Completa la frase con la palabra que falta.', '{"text": "O museu de arte abre às nove horas.", "audio_url": "https://wiauinufpbkmjlbqlkxo.supabase.co/storage/v1/object/public/audio/items/f2d4a777-9fe6-5d83-8e8a-8ede60db96b2.mp3"}'::jsonb, '{"value": "o museu", "accepted": ["o museu"]}'::jsonb, 0.35, array['vocab_f1','writing']) on conflict (id) do nothing;
insert into content_items(id,course_id,cefr_level,skill,type,prompt,payload,correct_answer,difficulty,tags) values ('140995e4-10fa-5a11-9cc4-9ce8fc8bf893', '20000000-0000-0000-0000-000000000002', 'A2', 'writing', 'cloze', 'Completa la frase con la palabra que falta.', '{"text": "O restaurante fica escondido num beco estreito.", "audio_url": "https://wiauinufpbkmjlbqlkxo.supabase.co/storage/v1/object/public/audio/items/140995e4-10fa-5a11-9cc4-9ce8fc8bf893.mp3"}'::jsonb, '{"value": "beco", "accepted": ["beco"]}'::jsonb, 0.35, array['vocab_f1','writing']) on conflict (id) do nothing;
insert into content_items(id,course_id,cefr_level,skill,type,prompt,payload,correct_answer,difficulty,tags) values ('ca61f4b3-21ac-5419-942d-9af4626584ab', '20000000-0000-0000-0000-000000000002', 'A2', 'writing', 'cloze', 'Completa la frase con la palabra que falta.', '{"text": "Deixei o carro no estacionamento do shopping.", "audio_url": "https://wiauinufpbkmjlbqlkxo.supabase.co/storage/v1/object/public/audio/items/ca61f4b3-21ac-5419-942d-9af4626584ab.mp3"}'::jsonb, '{"value": "estacionamento", "accepted": ["estacionamento"]}'::jsonb, 0.35, array['vocab_f1','writing']) on conflict (id) do nothing;
insert into content_items(id,course_id,cefr_level,skill,type,prompt,payload,correct_answer,difficulty,tags) values ('858ea2e1-098b-54c4-997f-f957fb8caaa0', '20000000-0000-0000-0000-000000000002', 'A2', 'writing', 'cloze', 'Completa la frase con la palabra que falta.', '{"text": "Na rotatória, siga a segunda saída à direita.", "audio_url": "https://wiauinufpbkmjlbqlkxo.supabase.co/storage/v1/object/public/audio/items/858ea2e1-098b-54c4-997f-f957fb8caaa0.mp3"}'::jsonb, '{"value": "rotatória", "accepted": ["rotatória"]}'::jsonb, 0.35, array['vocab_f1','writing']) on conflict (id) do nothing;
insert into content_items(id,course_id,cefr_level,skill,type,prompt,payload,correct_answer,difficulty,tags) values ('da30df0e-9a86-5064-964f-86c650b059e0', '20000000-0000-0000-0000-000000000002', 'A2', 'writing', 'cloze', 'Completa la frase con la palabra que falta.', '{"text": "Passamos por baixo do viaduto para evitar o trânsito.", "audio_url": "https://wiauinufpbkmjlbqlkxo.supabase.co/storage/v1/object/public/audio/items/da30df0e-9a86-5064-964f-86c650b059e0.mp3"}'::jsonb, '{"value": "viaduto", "accepted": ["viaduto"]}'::jsonb, 0.35, array['vocab_f1','writing']) on conflict (id) do nothing;
insert into content_items(id,course_id,cefr_level,skill,type,prompt,payload,correct_answer,difficulty,tags) values ('f9df1ec6-9b76-5952-b8b2-2059a51b308e', '20000000-0000-0000-0000-000000000002', 'A2', 'reading', 'match', 'Empareja cada palabra con su traducción.', '{"pairs": [{"en": "a prefeitura", "es": "el ayuntamiento"}, {"en": "padaria", "es": "la panadería"}, {"en": "livraria", "es": "la librería"}, {"en": "o museu", "es": "el museo"}, {"en": "beco", "es": "el callejón"}]}'::jsonb, '{"pairs": [["a prefeitura", "el ayuntamiento"], ["padaria", "la panadería"], ["livraria", "la librería"], ["o museu", "el museo"], ["beco", "el callejón"]]}'::jsonb, 0.15, array['vocab_f1','reading']) on conflict (id) do nothing;
insert into content_items(id,course_id,cefr_level,skill,type,prompt,payload,correct_answer,difficulty,tags) values ('6cc24255-f4b5-5874-88e2-334cd3290816', '20000000-0000-0000-0000-000000000002', 'A2', 'reading', 'match', 'Empareja cada palabra con su traducción.', '{"pairs": [{"en": "estacionamento", "es": "el aparcamiento"}, {"en": "rotatória", "es": "la rotonda"}, {"en": "viaduto", "es": "el viaducto"}]}'::jsonb, '{"pairs": [["estacionamento", "el aparcamiento"], ["rotatória", "la rotonda"], ["viaduto", "el viaducto"]]}'::jsonb, 0.15, array['vocab_f1','reading']) on conflict (id) do nothing;
insert into content_items(id,course_id,cefr_level,skill,type,prompt,payload,correct_answer,difficulty,tags) values ('81c2d54e-648a-5dd2-937d-c777f234e579', '20000000-0000-0000-0000-000000000002', 'A2', 'writing', 'cloze', 'Completa la frase con la palabra que falta.', '{"text": "Guardei as meias na gaveta do quarto.", "audio_url": "https://wiauinufpbkmjlbqlkxo.supabase.co/storage/v1/object/public/audio/items/81c2d54e-648a-5dd2-937d-c777f234e579.mp3"}'::jsonb, '{"value": "gaveta", "accepted": ["gaveta"]}'::jsonb, 0.35, array['vocab_f1','writing']) on conflict (id) do nothing;
insert into content_items(id,course_id,cefr_level,skill,type,prompt,payload,correct_answer,difficulty,tags) values ('25f8e341-339f-5158-987a-a637ce48027e', '20000000-0000-0000-0000-000000000002', 'A2', 'writing', 'cloze', 'Completa la frase con la palabra que falta.', '{"text": "No inverno durmo com um cobertor bem quente.", "audio_url": "https://wiauinufpbkmjlbqlkxo.supabase.co/storage/v1/object/public/audio/items/25f8e341-339f-5158-987a-a637ce48027e.mp3"}'::jsonb, '{"value": "cobertor", "accepted": ["cobertor"]}'::jsonb, 0.35, array['vocab_f1','writing']) on conflict (id) do nothing;
insert into content_items(id,course_id,cefr_level,skill,type,prompt,payload,correct_answer,difficulty,tags) values ('5e48f828-d403-51db-a579-129421232525', '20000000-0000-0000-0000-000000000002', 'A2', 'writing', 'cloze', 'Completa la frase con la palabra que falta.', '{"text": "Meu travesseiro novo é macio e confortável.", "audio_url": "https://wiauinufpbkmjlbqlkxo.supabase.co/storage/v1/object/public/audio/items/5e48f828-d403-51db-a579-129421232525.mp3"}'::jsonb, '{"value": "travesseiro", "accepted": ["travesseiro"]}'::jsonb, 0.35, array['vocab_f1','writing']) on conflict (id) do nothing;
insert into content_items(id,course_id,cefr_level,skill,type,prompt,payload,correct_answer,difficulty,tags) values ('e782db3b-da0e-5228-ba2b-e190ad61e810', '20000000-0000-0000-0000-000000000002', 'A2', 'writing', 'cloze', 'Completa la frase con la palabra que falta.', '{"text": "A louça suja está empilhada na pia da cozinha.", "audio_url": "https://wiauinufpbkmjlbqlkxo.supabase.co/storage/v1/object/public/audio/items/e782db3b-da0e-5228-ba2b-e190ad61e810.mp3"}'::jsonb, '{"value": "pia", "accepted": ["pia"]}'::jsonb, 0.35, array['vocab_f1','writing']) on conflict (id) do nothing;
insert into content_items(id,course_id,cefr_level,skill,type,prompt,payload,correct_answer,difficulty,tags) values ('6e2ba98a-81c3-5e83-b415-3750ae82ad7e', '20000000-0000-0000-0000-000000000002', 'A2', 'writing', 'cloze', 'Completa la frase con la palabra que falta.', '{"text": "Há uma mancha de umidade no teto da sala.", "audio_url": "https://wiauinufpbkmjlbqlkxo.supabase.co/storage/v1/object/public/audio/items/6e2ba98a-81c3-5e83-b415-3750ae82ad7e.mp3"}'::jsonb, '{"value": "teto", "accepted": ["teto"]}'::jsonb, 0.35, array['vocab_f1','writing']) on conflict (id) do nothing;
insert into content_items(id,course_id,cefr_level,skill,type,prompt,payload,correct_answer,difficulty,tags) values ('5b551de3-b50d-5ee9-af59-60f5f5ef362e', '20000000-0000-0000-0000-000000000002', 'A2', 'writing', 'cloze', 'Completa la frase con la palabra que falta.', '{"text": "Peguei a vassoura para varrer a cozinha.", "audio_url": "https://wiauinufpbkmjlbqlkxo.supabase.co/storage/v1/object/public/audio/items/5b551de3-b50d-5ee9-af59-60f5f5ef362e.mp3"}'::jsonb, '{"value": "a vassoura", "accepted": ["a vassoura"]}'::jsonb, 0.35, array['vocab_f1','writing']) on conflict (id) do nothing;
insert into content_items(id,course_id,cefr_level,skill,type,prompt,payload,correct_answer,difficulty,tags) values ('2517353c-e380-54c7-b252-304d77b3739f', '20000000-0000-0000-0000-000000000002', 'A2', 'writing', 'cloze', 'Completa la frase con la palabra que falta.', '{"text": "Preciso varrer o chão da sala hoje.", "audio_url": "https://wiauinufpbkmjlbqlkxo.supabase.co/storage/v1/object/public/audio/items/2517353c-e380-54c7-b252-304d77b3739f.mp3"}'::jsonb, '{"value": "varrer", "accepted": ["varrer"]}'::jsonb, 0.35, array['vocab_f1','writing']) on conflict (id) do nothing;
insert into content_items(id,course_id,cefr_level,skill,type,prompt,payload,correct_answer,difficulty,tags) values ('b40eba60-0623-55cb-a5dc-a8452c83e303', '20000000-0000-0000-0000-000000000002', 'A2', 'writing', 'cloze', 'Completa la frase con la palabra que falta.', '{"text": "Vou arrumar meu quarto antes do almoço.", "audio_url": "https://wiauinufpbkmjlbqlkxo.supabase.co/storage/v1/object/public/audio/items/b40eba60-0623-55cb-a5dc-a8452c83e303.mp3"}'::jsonb, '{"value": "arrumar", "accepted": ["arrumar"]}'::jsonb, 0.35, array['vocab_f1','writing']) on conflict (id) do nothing;
insert into content_items(id,course_id,cefr_level,skill,type,prompt,payload,correct_answer,difficulty,tags) values ('cc82ecbc-383a-56d9-89db-e8698a996cb8', '20000000-0000-0000-0000-000000000002', 'A2', 'writing', 'cloze', 'Completa la frase con la palabra que falta.', '{"text": "As crianças brincam sentadas no tapete da sala.", "audio_url": "https://wiauinufpbkmjlbqlkxo.supabase.co/storage/v1/object/public/audio/items/cc82ecbc-383a-56d9-89db-e8698a996cb8.mp3"}'::jsonb, '{"value": "tapete", "accepted": ["tapete"]}'::jsonb, 0.35, array['vocab_f1','writing']) on conflict (id) do nothing;
insert into content_items(id,course_id,cefr_level,skill,type,prompt,payload,correct_answer,difficulty,tags) values ('9ac7bb3a-76c1-56f9-86df-59c668331914', '20000000-0000-0000-0000-000000000002', 'A2', 'writing', 'cloze', 'Completa la frase con la palabra que falta.', '{"text": "Você pode levar o lixo lá para fora?", "audio_url": "https://wiauinufpbkmjlbqlkxo.supabase.co/storage/v1/object/public/audio/items/9ac7bb3a-76c1-56f9-86df-59c668331914.mp3"}'::jsonb, '{"value": "o lixo", "accepted": ["o lixo"]}'::jsonb, 0.35, array['vocab_f1','writing']) on conflict (id) do nothing;
insert into content_items(id,course_id,cefr_level,skill,type,prompt,payload,correct_answer,difficulty,tags) values ('3b0c3f92-b8e2-54ba-b6eb-19ec75c805d8', '20000000-0000-0000-0000-000000000002', 'A2', 'writing', 'cloze', 'Completa la frase con la palabra que falta.', '{"text": "Todo sábado faço a faxina da casa inteira.", "audio_url": "https://wiauinufpbkmjlbqlkxo.supabase.co/storage/v1/object/public/audio/items/3b0c3f92-b8e2-54ba-b6eb-19ec75c805d8.mp3"}'::jsonb, '{"value": "a faxina", "accepted": ["a faxina"]}'::jsonb, 0.35, array['vocab_f1','writing']) on conflict (id) do nothing;
insert into content_items(id,course_id,cefr_level,skill,type,prompt,payload,correct_answer,difficulty,tags) values ('fa1f75e5-1a55-5333-82c8-a1d6926be9ba', '20000000-0000-0000-0000-000000000002', 'A2', 'reading', 'match', 'Empareja cada palabra con su traducción.', '{"pairs": [{"en": "gaveta", "es": "el cajón"}, {"en": "cobertor", "es": "la manta"}, {"en": "travesseiro", "es": "la almohada"}, {"en": "pia", "es": "el fregadero"}, {"en": "teto", "es": "el techo"}]}'::jsonb, '{"pairs": [["gaveta", "el cajón"], ["cobertor", "la manta"], ["travesseiro", "la almohada"], ["pia", "el fregadero"], ["teto", "el techo"]]}'::jsonb, 0.15, array['vocab_f1','reading']) on conflict (id) do nothing;
insert into content_items(id,course_id,cefr_level,skill,type,prompt,payload,correct_answer,difficulty,tags) values ('a7e93849-3d88-58f1-9398-de5507311593', '20000000-0000-0000-0000-000000000002', 'A2', 'reading', 'match', 'Empareja cada palabra con su traducción.', '{"pairs": [{"en": "a vassoura", "es": "la escoba"}, {"en": "varrer", "es": "barrer"}, {"en": "arrumar", "es": "ordenar"}, {"en": "tapete", "es": "la alfombra"}, {"en": "o lixo", "es": "la basura"}]}'::jsonb, '{"pairs": [["a vassoura", "la escoba"], ["varrer", "barrer"], ["arrumar", "ordenar"], ["tapete", "la alfombra"], ["o lixo", "la basura"]]}'::jsonb, 0.15, array['vocab_f1','reading']) on conflict (id) do nothing;
insert into content_items(id,course_id,cefr_level,skill,type,prompt,payload,correct_answer,difficulty,tags) values ('251c97f5-6111-5862-9d8a-7c5354941aa6', '20000000-0000-0000-0000-000000000002', 'A2', 'writing', 'cloze', 'Completa la frase con la palabra que falta.', '{"text": "Sente-se naquela cadeira perto da mesa.", "audio_url": "https://wiauinufpbkmjlbqlkxo.supabase.co/storage/v1/object/public/audio/items/251c97f5-6111-5862-9d8a-7c5354941aa6.mp3"}'::jsonb, '{"value": "cadeira", "accepted": ["cadeira"]}'::jsonb, 0.35, array['vocab_f1','writing']) on conflict (id) do nothing;
insert into content_items(id,course_id,cefr_level,skill,type,prompt,payload,correct_answer,difficulty,tags) values ('ed02a645-67de-5ed5-b64b-7ae098a05ae7', '20000000-0000-0000-0000-000000000002', 'A2', 'writing', 'cloze', 'Completa la frase con la palabra que falta.', '{"text": "Coloque o leite de volta na geladeira.", "audio_url": "https://wiauinufpbkmjlbqlkxo.supabase.co/storage/v1/object/public/audio/items/ed02a645-67de-5ed5-b64b-7ae098a05ae7.mp3"}'::jsonb, '{"value": "geladeira", "accepted": ["geladeira"]}'::jsonb, 0.35, array['vocab_f1','writing']) on conflict (id) do nothing;
insert into content_items(id,course_id,cefr_level,skill,type,prompt,payload,correct_answer,difficulty,tags) values ('1ab3c67c-2c3a-5549-bec6-3cc2172b83bf', '20000000-0000-0000-0000-000000000002', 'A2', 'writing', 'cloze', 'Completa la frase con la palabra que falta.', '{"text": "Deixei a panela fervendo no fogão aceso.", "audio_url": "https://wiauinufpbkmjlbqlkxo.supabase.co/storage/v1/object/public/audio/items/1ab3c67c-2c3a-5549-bec6-3cc2172b83bf.mp3"}'::jsonb, '{"value": "fogão", "accepted": ["fogão"]}'::jsonb, 0.35, array['vocab_f1','writing']) on conflict (id) do nothing;
insert into content_items(id,course_id,cefr_level,skill,type,prompt,payload,correct_answer,difficulty,tags) values ('4c813686-7296-5415-b373-5853f8f28ede', '20000000-0000-0000-0000-000000000002', 'A2', 'writing', 'cloze', 'Completa la frase con la palabra que falta.', '{"text": "Pendurei a toalha molhada no banheiro.", "audio_url": "https://wiauinufpbkmjlbqlkxo.supabase.co/storage/v1/object/public/audio/items/4c813686-7296-5415-b373-5853f8f28ede.mp3"}'::jsonb, '{"value": "a toalha", "accepted": ["a toalha"]}'::jsonb, 0.35, array['vocab_f1','writing']) on conflict (id) do nothing;
insert into content_items(id,course_id,cefr_level,skill,type,prompt,payload,correct_answer,difficulty,tags) values ('debaf304-83b7-520c-965b-43b732ef19e4', '20000000-0000-0000-0000-000000000002', 'A2', 'writing', 'cloze', 'Completa la frase con la palabra que falta.', '{"text": "Troquei o lençol da cama de manhã.", "audio_url": "https://wiauinufpbkmjlbqlkxo.supabase.co/storage/v1/object/public/audio/items/debaf304-83b7-520c-965b-43b732ef19e4.mp3"}'::jsonb, '{"value": "o lençol", "accepted": ["o lençol"]}'::jsonb, 0.35, array['vocab_f1','writing']) on conflict (id) do nothing;
insert into content_items(id,course_id,cefr_level,skill,type,prompt,payload,correct_answer,difficulty,tags) values ('afba4584-78bc-5d44-9a72-d430664a5e43', '20000000-0000-0000-0000-000000000002', 'A2', 'writing', 'cloze', 'Completa la frase con la palabra que falta.', '{"text": "Pendurei um quadro bonito na parede da sala.", "audio_url": "https://wiauinufpbkmjlbqlkxo.supabase.co/storage/v1/object/public/audio/items/afba4584-78bc-5d44-9a72-d430664a5e43.mp3"}'::jsonb, '{"value": "parede", "accepted": ["parede"]}'::jsonb, 0.35, array['vocab_f1','writing']) on conflict (id) do nothing;
insert into content_items(id,course_id,cefr_level,skill,type,prompt,payload,correct_answer,difficulty,tags) values ('c6a4556a-43ff-58e6-9740-567428ebe4ca', '20000000-0000-0000-0000-000000000002', 'A2', 'writing', 'cloze', 'Completa la frase con la palabra que falta.', '{"text": "As crianças deixaram brinquedos espalhados pelo chão.", "audio_url": "https://wiauinufpbkmjlbqlkxo.supabase.co/storage/v1/object/public/audio/items/c6a4556a-43ff-58e6-9740-567428ebe4ca.mp3"}'::jsonb, '{"value": "chão", "accepted": ["chão"]}'::jsonb, 0.35, array['vocab_f1','writing']) on conflict (id) do nothing;
insert into content_items(id,course_id,cefr_level,skill,type,prompt,payload,correct_answer,difficulty,tags) values ('665a3113-b2af-5464-9a56-894dfca9df90', '20000000-0000-0000-0000-000000000002', 'A2', 'writing', 'cloze', 'Completa la frase con la palabra que falta.', '{"text": "Enchi o balde com água e sabão.", "audio_url": "https://wiauinufpbkmjlbqlkxo.supabase.co/storage/v1/object/public/audio/items/665a3113-b2af-5464-9a56-894dfca9df90.mp3"}'::jsonb, '{"value": "o balde", "accepted": ["o balde"]}'::jsonb, 0.35, array['vocab_f1','writing']) on conflict (id) do nothing;
insert into content_items(id,course_id,cefr_level,skill,type,prompt,payload,correct_answer,difficulty,tags) values ('664bb7f6-36a6-57db-8e85-a48c90f92db9', '20000000-0000-0000-0000-000000000002', 'A2', 'writing', 'cloze', 'Completa la frase con la palabra que falta.', '{"text": "Limpei a mesa com um pano úmido.", "audio_url": "https://wiauinufpbkmjlbqlkxo.supabase.co/storage/v1/object/public/audio/items/664bb7f6-36a6-57db-8e85-a48c90f92db9.mp3"}'::jsonb, '{"value": "pano", "accepted": ["pano"]}'::jsonb, 0.35, array['vocab_f1','writing']) on conflict (id) do nothing;
insert into content_items(id,course_id,cefr_level,skill,type,prompt,payload,correct_answer,difficulty,tags) values ('bc2f5caa-c73f-5bb0-9a92-69a8397502b7', '20000000-0000-0000-0000-000000000002', 'A2', 'writing', 'cloze', 'Completa la frase con la palabra que falta.', '{"text": "Gosto de cozinhar o jantar para a família.", "audio_url": "https://wiauinufpbkmjlbqlkxo.supabase.co/storage/v1/object/public/audio/items/bc2f5caa-c73f-5bb0-9a92-69a8397502b7.mp3"}'::jsonb, '{"value": "cozinhar", "accepted": ["cozinhar"]}'::jsonb, 0.35, array['vocab_f1','writing']) on conflict (id) do nothing;
insert into content_items(id,course_id,cefr_level,skill,type,prompt,payload,correct_answer,difficulty,tags) values ('9c7e1299-8c91-5aa3-94c1-11a20947dd1e', '20000000-0000-0000-0000-000000000002', 'A2', 'reading', 'match', 'Empareja cada palabra con su traducción.', '{"pairs": [{"en": "cadeira", "es": "la silla"}, {"en": "geladeira", "es": "la nevera"}, {"en": "fogão", "es": "la cocina"}, {"en": "a toalha", "es": "la toalla"}, {"en": "o lençol", "es": "la sábana"}]}'::jsonb, '{"pairs": [["cadeira", "la silla"], ["geladeira", "la nevera"], ["fogão", "la cocina"], ["a toalha", "la toalla"], ["o lençol", "la sábana"]]}'::jsonb, 0.15, array['vocab_f1','reading']) on conflict (id) do nothing;
insert into content_items(id,course_id,cefr_level,skill,type,prompt,payload,correct_answer,difficulty,tags) values ('85a32c4f-9347-5766-840e-93905496bb23', '20000000-0000-0000-0000-000000000002', 'A2', 'reading', 'match', 'Empareja cada palabra con su traducción.', '{"pairs": [{"en": "parede", "es": "la pared"}, {"en": "chão", "es": "el suelo"}, {"en": "o balde", "es": "el cubo"}, {"en": "pano", "es": "el trapo"}, {"en": "cozinhar", "es": "cocinar"}]}'::jsonb, '{"pairs": [["parede", "la pared"], ["chão", "el suelo"], ["o balde", "el cubo"], ["pano", "el trapo"], ["cozinhar", "cocinar"]]}'::jsonb, 0.15, array['vocab_f1','reading']) on conflict (id) do nothing;
insert into content_items(id,course_id,cefr_level,skill,type,prompt,payload,correct_answer,difficulty,tags) values ('ec643fc2-adff-58bf-8dcd-914e872b065c', '20000000-0000-0000-0000-000000000002', 'A2', 'writing', 'cloze', 'Completa la frase con la palabra que falta.', '{"text": "Ela cozinhou o feijão por duas horas.", "audio_url": "https://wiauinufpbkmjlbqlkxo.supabase.co/storage/v1/object/public/audio/items/ec643fc2-adff-58bf-8dcd-914e872b065c.mp3"}'::jsonb, '{"value": "o feijão", "accepted": ["o feijão"]}'::jsonb, 0.35, array['vocab_f1','writing']) on conflict (id) do nothing;
insert into content_items(id,course_id,cefr_level,skill,type,prompt,payload,correct_answer,difficulty,tags) values ('a8f3c703-b5d9-5df5-8cbc-03e254aa4df4', '20000000-0000-0000-0000-000000000002', 'A2', 'writing', 'cloze', 'Completa la frase con la palabra que falta.', '{"text": "Este pão com o queijo está delicioso.", "audio_url": "https://wiauinufpbkmjlbqlkxo.supabase.co/storage/v1/object/public/audio/items/a8f3c703-b5d9-5df5-8cbc-03e254aa4df4.mp3"}'::jsonb, '{"value": "o queijo", "accepted": ["o queijo"]}'::jsonb, 0.35, array['vocab_f1','writing']) on conflict (id) do nothing;
insert into content_items(id,course_id,cefr_level,skill,type,prompt,payload,correct_answer,difficulty,tags) values ('4d97597e-6b1b-52db-8388-64e86d5a1520', '20000000-0000-0000-0000-000000000002', 'A2', 'writing', 'cloze', 'Completa la frase con la palabra que falta.', '{"text": "Todo dia como o ovo no café da manhã.", "audio_url": "https://wiauinufpbkmjlbqlkxo.supabase.co/storage/v1/object/public/audio/items/4d97597e-6b1b-52db-8388-64e86d5a1520.mp3"}'::jsonb, '{"value": "o ovo", "accepted": ["o ovo"]}'::jsonb, 0.35, array['vocab_f1','writing']) on conflict (id) do nothing;
insert into content_items(id,course_id,cefr_level,skill,type,prompt,payload,correct_answer,difficulty,tags) values ('99a4051c-4b82-57f2-bafb-49acf2a5ebf9', '20000000-0000-0000-0000-000000000002', 'A2', 'writing', 'cloze', 'Completa la frase con la palabra que falta.', '{"text": "Passei a manteiga no pão quentinho.", "audio_url": "https://wiauinufpbkmjlbqlkxo.supabase.co/storage/v1/object/public/audio/items/99a4051c-4b82-57f2-bafb-49acf2a5ebf9.mp3"}'::jsonb, '{"value": "a manteiga", "accepted": ["a manteiga"]}'::jsonb, 0.35, array['vocab_f1','writing']) on conflict (id) do nothing;
insert into content_items(id,course_id,cefr_level,skill,type,prompt,payload,correct_answer,difficulty,tags) values ('e00e3c3b-a9fa-56e9-ad69-8174928964cf', '20000000-0000-0000-0000-000000000002', 'A2', 'writing', 'cloze', 'Completa la frase con la palabra que falta.', '{"text": "Coloque o azeite na salada verde.", "audio_url": "https://wiauinufpbkmjlbqlkxo.supabase.co/storage/v1/object/public/audio/items/e00e3c3b-a9fa-56e9-ad69-8174928964cf.mp3"}'::jsonb, '{"value": "o azeite", "accepted": ["o azeite"]}'::jsonb, 0.35, array['vocab_f1','writing']) on conflict (id) do nothing;
insert into content_items(id,course_id,cefr_level,skill,type,prompt,payload,correct_answer,difficulty,tags) values ('144c3ea4-f02b-5baa-b751-88bf27a28e1b', '20000000-0000-0000-0000-000000000002', 'A2', 'writing', 'cloze', 'Completa la frase con la palabra que falta.', '{"text": "Preparei a salada com tomate e alface.", "audio_url": "https://wiauinufpbkmjlbqlkxo.supabase.co/storage/v1/object/public/audio/items/144c3ea4-f02b-5baa-b751-88bf27a28e1b.mp3"}'::jsonb, '{"value": "a salada", "accepted": ["a salada"]}'::jsonb, 0.35, array['vocab_f1','writing']) on conflict (id) do nothing;
insert into content_items(id,course_id,cefr_level,skill,type,prompt,payload,correct_answer,difficulty,tags) values ('68235bb8-9bf9-5841-a098-6841d6bf9b0d', '20000000-0000-0000-0000-000000000002', 'A2', 'writing', 'cloze', 'Completa la frase con la palabra que falta.', '{"text": "No jantar pedimos a sobremesa de chocolate.", "audio_url": "https://wiauinufpbkmjlbqlkxo.supabase.co/storage/v1/object/public/audio/items/68235bb8-9bf9-5841-a098-6841d6bf9b0d.mp3"}'::jsonb, '{"value": "a sobremesa", "accepted": ["a sobremesa"]}'::jsonb, 0.35, array['vocab_f1','writing']) on conflict (id) do nothing;
insert into content_items(id,course_id,cefr_level,skill,type,prompt,payload,correct_answer,difficulty,tags) values ('c090a9a7-0d33-56d1-baa1-f367b5f978fd', '20000000-0000-0000-0000-000000000002', 'A2', 'writing', 'cloze', 'Completa la frase con la palabra que falta.', '{"text": "Coloquei o garfo ao lado do prato.", "audio_url": "https://wiauinufpbkmjlbqlkxo.supabase.co/storage/v1/object/public/audio/items/c090a9a7-0d33-56d1-baa1-f367b5f978fd.mp3"}'::jsonb, '{"value": "o garfo", "accepted": ["o garfo"]}'::jsonb, 0.35, array['vocab_f1','writing']) on conflict (id) do nothing;
insert into content_items(id,course_id,cefr_level,skill,type,prompt,payload,correct_answer,difficulty,tags) values ('bc64c43b-576e-5a8e-ac0d-3bd814ecaa60', '20000000-0000-0000-0000-000000000002', 'A2', 'writing', 'cloze', 'Completa la frase con la palabra que falta.', '{"text": "Cortei o pão com a faca afiada.", "audio_url": "https://wiauinufpbkmjlbqlkxo.supabase.co/storage/v1/object/public/audio/items/bc64c43b-576e-5a8e-ac0d-3bd814ecaa60.mp3"}'::jsonb, '{"value": "a faca", "accepted": ["a faca"]}'::jsonb, 0.35, array['vocab_f1','writing']) on conflict (id) do nothing;
insert into content_items(id,course_id,cefr_level,skill,type,prompt,payload,correct_answer,difficulty,tags) values ('91ac1fd3-5db5-5cd9-970d-151654451fc2', '20000000-0000-0000-0000-000000000002', 'A2', 'writing', 'cloze', 'Completa la frase con la palabra que falta.', '{"text": "Misture o açúcar com a colher grande.", "audio_url": "https://wiauinufpbkmjlbqlkxo.supabase.co/storage/v1/object/public/audio/items/91ac1fd3-5db5-5cd9-970d-151654451fc2.mp3"}'::jsonb, '{"value": "a colher", "accepted": ["a colher"]}'::jsonb, 0.35, array['vocab_f1','writing']) on conflict (id) do nothing;
insert into content_items(id,course_id,cefr_level,skill,type,prompt,payload,correct_answer,difficulty,tags) values ('5fab9a37-a938-58d5-a19a-23e01b2cffa9', '20000000-0000-0000-0000-000000000002', 'A2', 'writing', 'cloze', 'Completa la frase con la palabra que falta.', '{"text": "Enchi o copo com suco de laranja.", "audio_url": "https://wiauinufpbkmjlbqlkxo.supabase.co/storage/v1/object/public/audio/items/5fab9a37-a938-58d5-a19a-23e01b2cffa9.mp3"}'::jsonb, '{"value": "o copo", "accepted": ["o copo"]}'::jsonb, 0.35, array['vocab_f1','writing']) on conflict (id) do nothing;
insert into content_items(id,course_id,cefr_level,skill,type,prompt,payload,correct_answer,difficulty,tags) values ('5b9ef9df-d982-573c-ac51-8efaf0357bb5', '20000000-0000-0000-0000-000000000002', 'A2', 'reading', 'match', 'Empareja cada palabra con su traducción.', '{"pairs": [{"en": "o feijão", "es": "el frijol"}, {"en": "o queijo", "es": "el queso"}, {"en": "o ovo", "es": "el huevo"}, {"en": "a manteiga", "es": "la mantequilla"}, {"en": "o azeite", "es": "el aceite de oliva"}]}'::jsonb, '{"pairs": [["o feijão", "el frijol"], ["o queijo", "el queso"], ["o ovo", "el huevo"], ["a manteiga", "la mantequilla"], ["o azeite", "el aceite de oliva"]]}'::jsonb, 0.15, array['vocab_f1','reading']) on conflict (id) do nothing;
insert into content_items(id,course_id,cefr_level,skill,type,prompt,payload,correct_answer,difficulty,tags) values ('bb8dfe66-2580-5fd9-9baa-ade71f881efc', '20000000-0000-0000-0000-000000000002', 'A2', 'reading', 'match', 'Empareja cada palabra con su traducción.', '{"pairs": [{"en": "a salada", "es": "la ensalada"}, {"en": "a sobremesa", "es": "el postre"}, {"en": "o garfo", "es": "el tenedor"}, {"en": "a faca", "es": "el cuchillo"}, {"en": "a colher", "es": "la cuchara"}]}'::jsonb, '{"pairs": [["a salada", "la ensalada"], ["a sobremesa", "el postre"], ["o garfo", "el tenedor"], ["a faca", "el cuchillo"], ["a colher", "la cuchara"]]}'::jsonb, 0.15, array['vocab_f1','reading']) on conflict (id) do nothing;
insert into content_items(id,course_id,cefr_level,skill,type,prompt,payload,correct_answer,difficulty,tags) values ('de2e2e8e-ce33-5aef-9f05-6fe0a68de7a2', '20000000-0000-0000-0000-000000000002', 'A2', 'writing', 'cloze', 'Completa la frase con la palabra que falta.', '{"text": "Coloquei os talheres na mesa para o jantar.", "audio_url": "https://wiauinufpbkmjlbqlkxo.supabase.co/storage/v1/object/public/audio/items/de2e2e8e-ce33-5aef-9f05-6fe0a68de7a2.mp3"}'::jsonb, '{"value": "os talheres", "accepted": ["os talheres"]}'::jsonb, 0.35, array['vocab_f1','writing']) on conflict (id) do nothing;
insert into content_items(id,course_id,cefr_level,skill,type,prompt,payload,correct_answer,difficulty,tags) values ('08cd571f-c5ae-5693-9e40-996efcb2d4db', '20000000-0000-0000-0000-000000000002', 'A2', 'writing', 'cloze', 'Completa la frase con la palabra que falta.', '{"text": "Fiz um sanduíche com o presunto e queijo.", "audio_url": "https://wiauinufpbkmjlbqlkxo.supabase.co/storage/v1/object/public/audio/items/08cd571f-c5ae-5693-9e40-996efcb2d4db.mp3"}'::jsonb, '{"value": "o presunto", "accepted": ["o presunto"]}'::jsonb, 0.35, array['vocab_f1','writing']) on conflict (id) do nothing;
insert into content_items(id,course_id,cefr_level,skill,type,prompt,payload,correct_answer,difficulty,tags) values ('7cc8cee8-2715-53d5-b2a7-1f949992bccb', '20000000-0000-0000-0000-000000000002', 'A2', 'writing', 'cloze', 'Completa la frase con la palabra que falta.', '{"text": "Descasquei a batata para fazer purê.", "audio_url": "https://wiauinufpbkmjlbqlkxo.supabase.co/storage/v1/object/public/audio/items/7cc8cee8-2715-53d5-b2a7-1f949992bccb.mp3"}'::jsonb, '{"value": "a batata", "accepted": ["a batata"]}'::jsonb, 0.35, array['vocab_f1','writing']) on conflict (id) do nothing;
insert into content_items(id,course_id,cefr_level,skill,type,prompt,payload,correct_answer,difficulty,tags) values ('df41adbb-78cb-5e4c-a317-a0dfa886a201', '20000000-0000-0000-0000-000000000002', 'A2', 'writing', 'cloze', 'Completa la frase con la palabra que falta.', '{"text": "Assei o frango no forno com temperos.", "audio_url": "https://wiauinufpbkmjlbqlkxo.supabase.co/storage/v1/object/public/audio/items/df41adbb-78cb-5e4c-a317-a0dfa886a201.mp3"}'::jsonb, '{"value": "o frango", "accepted": ["o frango"]}'::jsonb, 0.35, array['vocab_f1','writing']) on conflict (id) do nothing;
insert into content_items(id,course_id,cefr_level,skill,type,prompt,payload,correct_answer,difficulty,tags) values ('9c4c5198-fbf3-5a8c-8a53-deb5d38e60d2', '20000000-0000-0000-0000-000000000002', 'A2', 'writing', 'cloze', 'Completa la frase con la palabra que falta.', '{"text": "Cortei a cebola e chorei muito.", "audio_url": "https://wiauinufpbkmjlbqlkxo.supabase.co/storage/v1/object/public/audio/items/9c4c5198-fbf3-5a8c-8a53-deb5d38e60d2.mp3"}'::jsonb, '{"value": "a cebola", "accepted": ["a cebola"]}'::jsonb, 0.35, array['vocab_f1','writing']) on conflict (id) do nothing;
insert into content_items(id,course_id,cefr_level,skill,type,prompt,payload,correct_answer,difficulty,tags) values ('36ac4298-d413-5f53-9f73-fc2074dd1a34', '20000000-0000-0000-0000-000000000002', 'A2', 'writing', 'cloze', 'Completa la frase con la palabra que falta.', '{"text": "Refoguei o alho na panela quente.", "audio_url": "https://wiauinufpbkmjlbqlkxo.supabase.co/storage/v1/object/public/audio/items/36ac4298-d413-5f53-9f73-fc2074dd1a34.mp3"}'::jsonb, '{"value": "o alho", "accepted": ["o alho"]}'::jsonb, 0.35, array['vocab_f1','writing']) on conflict (id) do nothing;
insert into content_items(id,course_id,cefr_level,skill,type,prompt,payload,correct_answer,difficulty,tags) values ('bceb876c-7d4a-5580-8b20-ab16f600811a', '20000000-0000-0000-0000-000000000002', 'A2', 'writing', 'cloze', 'Completa la frase con la palabra que falta.', '{"text": "Adicionei o açúcar ao café da manhã.", "audio_url": "https://wiauinufpbkmjlbqlkxo.supabase.co/storage/v1/object/public/audio/items/bceb876c-7d4a-5580-8b20-ab16f600811a.mp3"}'::jsonb, '{"value": "o açúcar", "accepted": ["o açúcar"]}'::jsonb, 0.35, array['vocab_f1','writing']) on conflict (id) do nothing;
insert into content_items(id,course_id,cefr_level,skill,type,prompt,payload,correct_answer,difficulty,tags) values ('d08c94a0-4fc4-5649-bc1d-cf0d9aed50a1', '20000000-0000-0000-0000-000000000002', 'A2', 'writing', 'cloze', 'Completa la frase con la palabra que falta.', '{"text": "Preciso ferver a água antes de cozinhar.", "audio_url": "https://wiauinufpbkmjlbqlkxo.supabase.co/storage/v1/object/public/audio/items/d08c94a0-4fc4-5649-bc1d-cf0d9aed50a1.mp3"}'::jsonb, '{"value": "ferver", "accepted": ["ferver"]}'::jsonb, 0.35, array['vocab_f1','writing']) on conflict (id) do nothing;
insert into content_items(id,course_id,cefr_level,skill,type,prompt,payload,correct_answer,difficulty,tags) values ('9263cc49-c692-5e5f-b861-c75eea9887a6', '20000000-0000-0000-0000-000000000002', 'A2', 'writing', 'cloze', 'Completa la frase con la palabra que falta.', '{"text": "Vou fritar os ovos na frigideira.", "audio_url": "https://wiauinufpbkmjlbqlkxo.supabase.co/storage/v1/object/public/audio/items/9263cc49-c692-5e5f-b861-c75eea9887a6.mp3"}'::jsonb, '{"value": "fritar", "accepted": ["fritar"]}'::jsonb, 0.35, array['vocab_f1','writing']) on conflict (id) do nothing;
insert into content_items(id,course_id,cefr_level,skill,type,prompt,payload,correct_answer,difficulty,tags) values ('88d23cc4-5389-50dc-88af-ed7830f36cb9', '20000000-0000-0000-0000-000000000002', 'A2', 'writing', 'cloze', 'Completa la frase con la palabra que falta.', '{"text": "Comemos o peixe fresco no almoço.", "audio_url": "https://wiauinufpbkmjlbqlkxo.supabase.co/storage/v1/object/public/audio/items/88d23cc4-5389-50dc-88af-ed7830f36cb9.mp3"}'::jsonb, '{"value": "o peixe", "accepted": ["o peixe"]}'::jsonb, 0.35, array['vocab_f1','writing']) on conflict (id) do nothing;
insert into content_items(id,course_id,cefr_level,skill,type,prompt,payload,correct_answer,difficulty,tags) values ('795181f5-f74c-5a44-864e-539bb1b5eb92', '20000000-0000-0000-0000-000000000002', 'A2', 'writing', 'cloze', 'Completa la frase con la palabra que falta.', '{"text": "Levantei a taça para o brinde.", "audio_url": "https://wiauinufpbkmjlbqlkxo.supabase.co/storage/v1/object/public/audio/items/795181f5-f74c-5a44-864e-539bb1b5eb92.mp3"}'::jsonb, '{"value": "a taça", "accepted": ["a taça"]}'::jsonb, 0.35, array['vocab_f1','writing']) on conflict (id) do nothing;
insert into content_items(id,course_id,cefr_level,skill,type,prompt,payload,correct_answer,difficulty,tags) values ('9d28be49-19df-5659-b8fb-fc4e54095d51', '20000000-0000-0000-0000-000000000002', 'A2', 'reading', 'match', 'Empareja cada palabra con su traducción.', '{"pairs": [{"en": "os talheres", "es": "los cubiertos"}, {"en": "o presunto", "es": "el jamón"}, {"en": "a batata", "es": "la papa"}, {"en": "o frango", "es": "el pollo"}, {"en": "a cebola", "es": "la cebolla"}]}'::jsonb, '{"pairs": [["os talheres", "los cubiertos"], ["o presunto", "el jamón"], ["a batata", "la papa"], ["o frango", "el pollo"], ["a cebola", "la cebolla"]]}'::jsonb, 0.15, array['vocab_f1','reading']) on conflict (id) do nothing;
insert into content_items(id,course_id,cefr_level,skill,type,prompt,payload,correct_answer,difficulty,tags) values ('a06ab0d8-96a7-5c28-98e0-d0b01e209099', '20000000-0000-0000-0000-000000000002', 'A2', 'reading', 'match', 'Empareja cada palabra con su traducción.', '{"pairs": [{"en": "o alho", "es": "el ajo"}, {"en": "o açúcar", "es": "el azúcar"}, {"en": "ferver", "es": "hervir"}, {"en": "fritar", "es": "freír"}, {"en": "o peixe", "es": "el pescado"}]}'::jsonb, '{"pairs": [["o alho", "el ajo"], ["o açúcar", "el azúcar"], ["ferver", "hervir"], ["fritar", "freír"], ["o peixe", "el pescado"]]}'::jsonb, 0.15, array['vocab_f1','reading']) on conflict (id) do nothing;
insert into content_items(id,course_id,cefr_level,skill,type,prompt,payload,correct_answer,difficulty,tags) values ('0639d15c-ec9c-5858-9feb-296599f91a41', '20000000-0000-0000-0000-000000000002', 'A2', 'writing', 'cloze', 'Completa la frase con la palabra que falta.', '{"text": "Coloquei toda a roupa na mala.", "audio_url": "https://wiauinufpbkmjlbqlkxo.supabase.co/storage/v1/object/public/audio/items/0639d15c-ec9c-5858-9feb-296599f91a41.mp3"}'::jsonb, '{"value": "mala", "accepted": ["mala"]}'::jsonb, 0.35, array['vocab_f1','writing']) on conflict (id) do nothing;
insert into content_items(id,course_id,cefr_level,skill,type,prompt,payload,correct_answer,difficulty,tags) values ('0e6bb3ef-5be2-5194-a317-4a77871937b7', '20000000-0000-0000-0000-000000000002', 'A2', 'writing', 'cloze', 'Completa la frase con la palabra que falta.', '{"text": "Prefiro uma poltrona perto da janela.", "audio_url": "https://wiauinufpbkmjlbqlkxo.supabase.co/storage/v1/object/public/audio/items/0e6bb3ef-5be2-5194-a317-4a77871937b7.mp3"}'::jsonb, '{"value": "poltrona", "accepted": ["poltrona"]}'::jsonb, 0.35, array['vocab_f1','writing']) on conflict (id) do nothing;
insert into content_items(id,course_id,cefr_level,skill,type,prompt,payload,correct_answer,difficulty,tags) values ('784b625e-51e7-510c-a952-25d6669fd86e', '20000000-0000-0000-0000-000000000002', 'A2', 'writing', 'cloze', 'Completa la frase con la palabra que falta.', '{"text": "Passamos pela alfândega assim que chegamos.", "audio_url": "https://wiauinufpbkmjlbqlkxo.supabase.co/storage/v1/object/public/audio/items/784b625e-51e7-510c-a952-25d6669fd86e.mp3"}'::jsonb, '{"value": "alfândega", "accepted": ["alfândega"]}'::jsonb, 0.35, array['vocab_f1','writing']) on conflict (id) do nothing;
insert into content_items(id,course_id,cefr_level,skill,type,prompt,payload,correct_answer,difficulty,tags) values ('762d472a-7666-5e7d-990a-4229582b7d47', '20000000-0000-0000-0000-000000000002', 'A2', 'writing', 'cloze', 'Completa la frase con la palabra que falta.', '{"text": "O ônibus sai da rodoviária às oito.", "audio_url": "https://wiauinufpbkmjlbqlkxo.supabase.co/storage/v1/object/public/audio/items/762d472a-7666-5e7d-990a-4229582b7d47.mp3"}'::jsonb, '{"value": "rodoviária", "accepted": ["rodoviária"]}'::jsonb, 0.35, array['vocab_f1','writing']) on conflict (id) do nothing;
insert into content_items(id,course_id,cefr_level,skill,type,prompt,payload,correct_answer,difficulty,tags) values ('55496e91-474e-5413-b5df-e53ec8c294d5', '20000000-0000-0000-0000-000000000002', 'A2', 'writing', 'cloze', 'Completa la frase con la palabra que falta.', '{"text": "Comprei o bilhete de trem ontem à tarde.", "audio_url": "https://wiauinufpbkmjlbqlkxo.supabase.co/storage/v1/object/public/audio/items/55496e91-474e-5413-b5df-e53ec8c294d5.mp3"}'::jsonb, '{"value": "o bilhete", "accepted": ["o bilhete"]}'::jsonb, 0.35, array['vocab_f1','writing']) on conflict (id) do nothing;
insert into content_items(id,course_id,cefr_level,skill,type,prompt,payload,correct_answer,difficulty,tags) values ('17c2c803-9e3b-5e59-9561-3382ffccd1c4', '20000000-0000-0000-0000-000000000002', 'A2', 'writing', 'cloze', 'Completa la frase con la palabra que falta.', '{"text": "Retire o cartão no guichê da estação.", "audio_url": "https://wiauinufpbkmjlbqlkxo.supabase.co/storage/v1/object/public/audio/items/17c2c803-9e3b-5e59-9561-3382ffccd1c4.mp3"}'::jsonb, '{"value": "guichê", "accepted": ["guichê"]}'::jsonb, 0.35, array['vocab_f1','writing']) on conflict (id) do nothing;
insert into content_items(id,course_id,cefr_level,skill,type,prompt,payload,correct_answer,difficulty,tags) values ('2d0dc2c6-ab88-507f-88b8-e3dc2318ed8d', '20000000-0000-0000-0000-000000000002', 'A2', 'writing', 'cloze', 'Completa la frase con la palabra que falta.', '{"text": "A chegada do voo está prevista para as dez.", "audio_url": "https://wiauinufpbkmjlbqlkxo.supabase.co/storage/v1/object/public/audio/items/2d0dc2c6-ab88-507f-88b8-e3dc2318ed8d.mp3"}'::jsonb, '{"value": "a chegada", "accepted": ["a chegada"]}'::jsonb, 0.35, array['vocab_f1','writing']) on conflict (id) do nothing;
insert into content_items(id,course_id,cefr_level,skill,type,prompt,payload,correct_answer,difficulty,tags) values ('b11d8b23-d874-598a-b70a-b74cfcf53423', '20000000-0000-0000-0000-000000000002', 'A2', 'writing', 'cloze', 'Completa la frase con la palabra que falta.', '{"text": "A partida do trem foi adiada uma hora.", "audio_url": "https://wiauinufpbkmjlbqlkxo.supabase.co/storage/v1/object/public/audio/items/b11d8b23-d874-598a-b70a-b74cfcf53423.mp3"}'::jsonb, '{"value": "a partida", "accepted": ["a partida"]}'::jsonb, 0.35, array['vocab_f1','writing']) on conflict (id) do nothing;
insert into content_items(id,course_id,cefr_level,skill,type,prompt,payload,correct_answer,difficulty,tags) values ('59336672-c180-55e6-a89b-ad0bde4fb0c8', '20000000-0000-0000-0000-000000000002', 'A2', 'writing', 'cloze', 'Completa la frase con la palabra que falta.', '{"text": "Não esqueça o passaporte antes da viagem.", "audio_url": "https://wiauinufpbkmjlbqlkxo.supabase.co/storage/v1/object/public/audio/items/59336672-c180-55e6-a89b-ad0bde4fb0c8.mp3"}'::jsonb, '{"value": "o passaporte", "accepted": ["o passaporte"]}'::jsonb, 0.35, array['vocab_f1','writing']) on conflict (id) do nothing;
insert into content_items(id,course_id,cefr_level,skill,type,prompt,payload,correct_answer,difficulty,tags) values ('5b40ff8d-e7d1-5518-817a-d00f203299e0', '20000000-0000-0000-0000-000000000002', 'A2', 'reading', 'match', 'Empareja cada palabra con su traducción.', '{"pairs": [{"en": "mala", "es": "la maleta"}, {"en": "poltrona", "es": "la butaca"}, {"en": "alfândega", "es": "la aduana"}, {"en": "rodoviária", "es": "la terminal de autobuses"}, {"en": "o bilhete", "es": "el billete"}]}'::jsonb, '{"pairs": [["mala", "la maleta"], ["poltrona", "la butaca"], ["alfândega", "la aduana"], ["rodoviária", "la terminal de autobuses"], ["o bilhete", "el billete"]]}'::jsonb, 0.15, array['vocab_f1','reading']) on conflict (id) do nothing;
insert into content_items(id,course_id,cefr_level,skill,type,prompt,payload,correct_answer,difficulty,tags) values ('f5f300f4-9a9e-533d-8854-d448184b4bd1', '20000000-0000-0000-0000-000000000002', 'A2', 'reading', 'match', 'Empareja cada palabra con su traducción.', '{"pairs": [{"en": "guichê", "es": "la ventanilla"}, {"en": "a chegada", "es": "la llegada"}, {"en": "a partida", "es": "la salida"}, {"en": "o passaporte", "es": "el pasaporte"}]}'::jsonb, '{"pairs": [["guichê", "la ventanilla"], ["a chegada", "la llegada"], ["a partida", "la salida"], ["o passaporte", "el pasaporte"]]}'::jsonb, 0.15, array['vocab_f1','reading']) on conflict (id) do nothing;
insert into content_items(id,course_id,cefr_level,skill,type,prompt,payload,correct_answer,difficulty,tags) values ('f725357a-b174-5a23-9081-6409268fcd11', '20000000-0000-0000-0000-000000000002', 'A2', 'writing', 'cloze', 'Completa la frase con la palabra que falta.', '{"text": "A viagem de carro durou seis horas.", "audio_url": "https://wiauinufpbkmjlbqlkxo.supabase.co/storage/v1/object/public/audio/items/f725357a-b174-5a23-9081-6409268fcd11.mp3"}'::jsonb, '{"value": "a viagem", "accepted": ["a viagem"]}'::jsonb, 0.35, array['vocab_f1','writing']) on conflict (id) do nothing;
insert into content_items(id,course_id,cefr_level,skill,type,prompt,payload,correct_answer,difficulty,tags) values ('f8a608a0-bfdb-5e18-b86b-933ced86652b', '20000000-0000-0000-0000-000000000002', 'A2', 'writing', 'cloze', 'Completa la frase con la palabra que falta.', '{"text": "Cada passageiro tem um assento marcado.", "audio_url": "https://wiauinufpbkmjlbqlkxo.supabase.co/storage/v1/object/public/audio/items/f8a608a0-bfdb-5e18-b86b-933ced86652b.mp3"}'::jsonb, '{"value": "passageiro", "accepted": ["passageiro"]}'::jsonb, 0.35, array['vocab_f1','writing']) on conflict (id) do nothing;
insert into content_items(id,course_id,cefr_level,skill,type,prompt,payload,correct_answer,difficulty,tags) values ('3606d9a1-ef95-5654-9106-c18bd7487fe0', '20000000-0000-0000-0000-000000000002', 'A2', 'writing', 'cloze', 'Completa la frase con la palabra que falta.', '{"text": "Meu assento fica no fundo do ônibus.", "audio_url": "https://wiauinufpbkmjlbqlkxo.supabase.co/storage/v1/object/public/audio/items/3606d9a1-ef95-5654-9106-c18bd7487fe0.mp3"}'::jsonb, '{"value": "assento", "accepted": ["assento"]}'::jsonb, 0.35, array['vocab_f1','writing']) on conflict (id) do nothing;
insert into content_items(id,course_id,cefr_level,skill,type,prompt,payload,correct_answer,difficulty,tags) values ('b6cc835c-fa93-5891-b63e-26739ec543c4', '20000000-0000-0000-0000-000000000002', 'A2', 'writing', 'cloze', 'Completa la frase con la palabra que falta.', '{"text": "O motorista dirige com muito cuidado.", "audio_url": "https://wiauinufpbkmjlbqlkxo.supabase.co/storage/v1/object/public/audio/items/b6cc835c-fa93-5891-b63e-26739ec543c4.mp3"}'::jsonb, '{"value": "o motorista", "accepted": ["o motorista"]}'::jsonb, 0.35, array['vocab_f1','writing']) on conflict (id) do nothing;
insert into content_items(id,course_id,cefr_level,skill,type,prompt,payload,correct_answer,difficulty,tags) values ('941da2d6-8386-5b68-a11a-1d29ef7fa313', '20000000-0000-0000-0000-000000000002', 'A2', 'writing', 'cloze', 'Completa la frase con la palabra que falta.', '{"text": "Peguei o trem das sete da manhã.", "audio_url": "https://wiauinufpbkmjlbqlkxo.supabase.co/storage/v1/object/public/audio/items/941da2d6-8386-5b68-a11a-1d29ef7fa313.mp3"}'::jsonb, '{"value": "o trem", "accepted": ["o trem"]}'::jsonb, 0.35, array['vocab_f1','writing']) on conflict (id) do nothing;
insert into content_items(id,course_id,cefr_level,skill,type,prompt,payload,correct_answer,difficulty,tags) values ('f1a2f178-c7c8-56a9-98a4-7b75ea81003d', '20000000-0000-0000-0000-000000000002', 'A2', 'writing', 'cloze', 'Completa la frase con la palabra que falta.', '{"text": "A decolagem foi tranquila e muito rápida.", "audio_url": "https://wiauinufpbkmjlbqlkxo.supabase.co/storage/v1/object/public/audio/items/f1a2f178-c7c8-56a9-98a4-7b75ea81003d.mp3"}'::jsonb, '{"value": "a decolagem", "accepted": ["a decolagem"]}'::jsonb, 0.35, array['vocab_f1','writing']) on conflict (id) do nothing;
insert into content_items(id,course_id,cefr_level,skill,type,prompt,payload,correct_answer,difficulty,tags) values ('6003b170-eb1d-531c-b9a5-49712e7fd067', '20000000-0000-0000-0000-000000000002', 'A2', 'writing', 'cloze', 'Completa la frase con la palabra que falta.', '{"text": "O pouso do avião foi bem suave.", "audio_url": "https://wiauinufpbkmjlbqlkxo.supabase.co/storage/v1/object/public/audio/items/6003b170-eb1d-531c-b9a5-49712e7fd067.mp3"}'::jsonb, '{"value": "o pouso", "accepted": ["o pouso"]}'::jsonb, 0.35, array['vocab_f1','writing']) on conflict (id) do nothing;
insert into content_items(id,course_id,cefr_level,skill,type,prompt,payload,correct_answer,difficulty,tags) values ('ccceb7cc-5d3d-57ca-ba9d-f8be05cf0e76', '20000000-0000-0000-0000-000000000002', 'A2', 'writing', 'cloze', 'Completa la frase con la palabra que falta.', '{"text": "Alugamos um carro para viajar pelo interior.", "audio_url": "https://wiauinufpbkmjlbqlkxo.supabase.co/storage/v1/object/public/audio/items/ccceb7cc-5d3d-57ca-ba9d-f8be05cf0e76.mp3"}'::jsonb, '{"value": "carro", "accepted": ["carro"]}'::jsonb, 0.35, array['vocab_f1','writing']) on conflict (id) do nothing;
insert into content_items(id,course_id,cefr_level,skill,type,prompt,payload,correct_answer,difficulty,tags) values ('7d774875-6684-5cd5-b098-ee453b20d433', '20000000-0000-0000-0000-000000000002', 'A2', 'writing', 'cloze', 'Completa la frase con la palabra que falta.', '{"text": "Paramos para pagar o pedágio na estrada.", "audio_url": "https://wiauinufpbkmjlbqlkxo.supabase.co/storage/v1/object/public/audio/items/7d774875-6684-5cd5-b098-ee453b20d433.mp3"}'::jsonb, '{"value": "o pedágio", "accepted": ["o pedágio"]}'::jsonb, 0.35, array['vocab_f1','writing']) on conflict (id) do nothing;
insert into content_items(id,course_id,cefr_level,skill,type,prompt,payload,correct_answer,difficulty,tags) values ('50b0b403-9ab6-5ea3-b78b-8f38c30fd8b0', '20000000-0000-0000-0000-000000000002', 'A2', 'reading', 'match', 'Empareja cada palabra con su traducción.', '{"pairs": [{"en": "a viagem", "es": "el viaje"}, {"en": "passageiro", "es": "el pasajero"}, {"en": "assento", "es": "el asiento"}, {"en": "o motorista", "es": "el conductor"}, {"en": "o trem", "es": "el tren"}]}'::jsonb, '{"pairs": [["a viagem", "el viaje"], ["passageiro", "el pasajero"], ["assento", "el asiento"], ["o motorista", "el conductor"], ["o trem", "el tren"]]}'::jsonb, 0.15, array['vocab_f1','reading']) on conflict (id) do nothing;
insert into content_items(id,course_id,cefr_level,skill,type,prompt,payload,correct_answer,difficulty,tags) values ('f85a1827-f339-5d72-ac0c-ec32a5bb1d09', '20000000-0000-0000-0000-000000000002', 'A2', 'reading', 'match', 'Empareja cada palabra con su traducción.', '{"pairs": [{"en": "a decolagem", "es": "el despegue"}, {"en": "o pouso", "es": "el aterrizaje"}, {"en": "carro", "es": "el coche"}, {"en": "o pedágio", "es": "el peaje"}]}'::jsonb, '{"pairs": [["a decolagem", "el despegue"], ["o pouso", "el aterrizaje"], ["carro", "el coche"], ["o pedágio", "el peaje"]]}'::jsonb, 0.15, array['vocab_f1','reading']) on conflict (id) do nothing;
insert into content_items(id,course_id,cefr_level,skill,type,prompt,payload,correct_answer,difficulty,tags) values ('9fd4dc70-ee9f-5174-85cb-4df35b356b1c', '20000000-0000-0000-0000-000000000002', 'A2', 'writing', 'cloze', 'Completa la frase con la palabra que falta.', '{"text": "Prefiro pagar com o cartão de crédito.", "audio_url": "https://wiauinufpbkmjlbqlkxo.supabase.co/storage/v1/object/public/audio/items/9fd4dc70-ee9f-5174-85cb-4df35b356b1c.mp3"}'::jsonb, '{"value": "o cartão", "accepted": ["o cartão"]}'::jsonb, 0.35, array['vocab_f1','writing']) on conflict (id) do nothing;
insert into content_items(id,course_id,cefr_level,skill,type,prompt,payload,correct_answer,difficulty,tags) values ('c7f1e57d-af03-5dbf-8bba-907e09b40ebc', '20000000-0000-0000-0000-000000000002', 'A2', 'writing', 'cloze', 'Completa la frase con la palabra que falta.', '{"text": "Pague na caixa que fica perto da saída.", "audio_url": "https://wiauinufpbkmjlbqlkxo.supabase.co/storage/v1/object/public/audio/items/c7f1e57d-af03-5dbf-8bba-907e09b40ebc.mp3"}'::jsonb, '{"value": "caixa", "accepted": ["caixa"]}'::jsonb, 0.35, array['vocab_f1','writing']) on conflict (id) do nothing;
insert into content_items(id,course_id,cefr_level,skill,type,prompt,payload,correct_answer,difficulty,tags) values ('f271d8b5-24a7-52d1-b191-474f01da4e4b', '20000000-0000-0000-0000-000000000002', 'A2', 'writing', 'cloze', 'Completa la frase con la palabra que falta.', '{"text": "A loja ofereceu um desconto de vinte por cento.", "audio_url": "https://wiauinufpbkmjlbqlkxo.supabase.co/storage/v1/object/public/audio/items/f271d8b5-24a7-52d1-b191-474f01da4e4b.mp3"}'::jsonb, '{"value": "desconto", "accepted": ["desconto"]}'::jsonb, 0.35, array['vocab_f1','writing']) on conflict (id) do nothing;
insert into content_items(id,course_id,cefr_level,skill,type,prompt,payload,correct_answer,difficulty,tags) values ('cde0de94-25f7-59ff-b729-3abc4b05266c', '20000000-0000-0000-0000-000000000002', 'A2', 'writing', 'cloze', 'Completa la frase con la palabra que falta.', '{"text": "O produto está naquela prateleira do fundo.", "audio_url": "https://wiauinufpbkmjlbqlkxo.supabase.co/storage/v1/object/public/audio/items/cde0de94-25f7-59ff-b729-3abc4b05266c.mp3"}'::jsonb, '{"value": "prateleira", "accepted": ["prateleira"]}'::jsonb, 0.35, array['vocab_f1','writing']) on conflict (id) do nothing;
insert into content_items(id,course_id,cefr_level,skill,type,prompt,payload,correct_answer,difficulty,tags) values ('06a107fd-13f0-5b59-8f8c-8248a027db91', '20000000-0000-0000-0000-000000000002', 'A2', 'writing', 'cloze', 'Completa la frase con la palabra que falta.', '{"text": "Coloquei todas as compras no carrinho do mercado.", "audio_url": "https://wiauinufpbkmjlbqlkxo.supabase.co/storage/v1/object/public/audio/items/06a107fd-13f0-5b59-8f8c-8248a027db91.mp3"}'::jsonb, '{"value": "carrinho", "accepted": ["carrinho"]}'::jsonb, 0.35, array['vocab_f1','writing']) on conflict (id) do nothing;
insert into content_items(id,course_id,cefr_level,skill,type,prompt,payload,correct_answer,difficulty,tags) values ('43ee5198-89be-5395-8323-6ca067e36aaf', '20000000-0000-0000-0000-000000000002', 'A2', 'writing', 'cloze', 'Completa la frase con la palabra que falta.', '{"text": "Deixei uma boa gorjeta para o garçom.", "audio_url": "https://wiauinufpbkmjlbqlkxo.supabase.co/storage/v1/object/public/audio/items/43ee5198-89be-5395-8323-6ca067e36aaf.mp3"}'::jsonb, '{"value": "gorjeta", "accepted": ["gorjeta"]}'::jsonb, 0.35, array['vocab_f1','writing']) on conflict (id) do nothing;
insert into content_items(id,course_id,cefr_level,skill,type,prompt,payload,correct_answer,difficulty,tags) values ('01db254a-8a77-54d8-bfb7-69905606e74b', '20000000-0000-0000-0000-000000000002', 'A2', 'writing', 'cloze', 'Completa la frase con la palabra que falta.', '{"text": "Não trouxe dinheiro, só levo o cartão.", "audio_url": "https://wiauinufpbkmjlbqlkxo.supabase.co/storage/v1/object/public/audio/items/01db254a-8a77-54d8-bfb7-69905606e74b.mp3"}'::jsonb, '{"value": "dinheiro", "accepted": ["dinheiro"]}'::jsonb, 0.35, array['vocab_f1','writing']) on conflict (id) do nothing;
insert into content_items(id,course_id,cefr_level,skill,type,prompt,payload,correct_answer,difficulty,tags) values ('e0d1e08e-d8e9-5b68-a0f8-4c287de75754', '20000000-0000-0000-0000-000000000002', 'A2', 'writing', 'cloze', 'Completa la frase con la palabra que falta.', '{"text": "Esse celular está em promoção nesta semana.", "audio_url": "https://wiauinufpbkmjlbqlkxo.supabase.co/storage/v1/object/public/audio/items/e0d1e08e-d8e9-5b68-a0f8-4c287de75754.mp3"}'::jsonb, '{"value": "promoção", "accepted": ["promoção"]}'::jsonb, 0.35, array['vocab_f1','writing']) on conflict (id) do nothing;
insert into content_items(id,course_id,cefr_level,skill,type,prompt,payload,correct_answer,difficulty,tags) values ('b78e9912-7046-5856-8c70-7bb6a200af98', '20000000-0000-0000-0000-000000000002', 'A2', 'reading', 'match', 'Empareja cada palabra con su traducción.', '{"pairs": [{"en": "o cartão", "es": "tarjeta"}, {"en": "caixa", "es": "caja"}, {"en": "desconto", "es": "descuento"}, {"en": "prateleira", "es": "estante"}, {"en": "carrinho", "es": "carrito"}]}'::jsonb, '{"pairs": [["o cartão", "tarjeta"], ["caixa", "caja"], ["desconto", "descuento"], ["prateleira", "estante"], ["carrinho", "carrito"]]}'::jsonb, 0.15, array['vocab_f1','reading']) on conflict (id) do nothing;
insert into content_items(id,course_id,cefr_level,skill,type,prompt,payload,correct_answer,difficulty,tags) values ('7259bb54-c51a-5440-a22c-ac5c87176c5b', '20000000-0000-0000-0000-000000000002', 'A2', 'reading', 'match', 'Empareja cada palabra con su traducción.', '{"pairs": [{"en": "gorjeta", "es": "propina"}, {"en": "dinheiro", "es": "dinero"}, {"en": "promoção", "es": "oferta"}]}'::jsonb, '{"pairs": [["gorjeta", "propina"], ["dinheiro", "dinero"], ["promoção", "oferta"]]}'::jsonb, 0.15, array['vocab_f1','reading']) on conflict (id) do nothing;
insert into content_items(id,course_id,cefr_level,skill,type,prompt,payload,correct_answer,difficulty,tags) values ('3453df9b-1fba-5187-b749-d453fbffb6c2', '20000000-0000-0000-0000-000000000002', 'A2', 'writing', 'cloze', 'Completa la frase con la palabra que falta.', '{"text": "Vi um vestido bonito na vitrine da loja.", "audio_url": "https://wiauinufpbkmjlbqlkxo.supabase.co/storage/v1/object/public/audio/items/3453df9b-1fba-5187-b749-d453fbffb6c2.mp3"}'::jsonb, '{"value": "vitrine", "accepted": ["vitrine"]}'::jsonb, 0.35, array['vocab_f1','writing']) on conflict (id) do nothing;
insert into content_items(id,course_id,cefr_level,skill,type,prompt,payload,correct_answer,difficulty,tags) values ('105b1149-02e2-5b19-9273-ac9fa1e61593', '20000000-0000-0000-0000-000000000002', 'A2', 'writing', 'cloze', 'Completa la frase con la palabra que falta.', '{"text": "Esse sapato foi uma pechincha, custou quase nada.", "audio_url": "https://wiauinufpbkmjlbqlkxo.supabase.co/storage/v1/object/public/audio/items/105b1149-02e2-5b19-9273-ac9fa1e61593.mp3"}'::jsonb, '{"value": "pechincha", "accepted": ["pechincha"]}'::jsonb, 0.35, array['vocab_f1','writing']) on conflict (id) do nothing;
insert into content_items(id,course_id,cefr_level,skill,type,prompt,payload,correct_answer,difficulty,tags) values ('0e5b1cce-0ea8-5332-b071-50af57355811', '20000000-0000-0000-0000-000000000002', 'A2', 'writing', 'cloze', 'Completa la frase con la palabra que falta.', '{"text": "Gosto de pechinchar o preço na feira.", "audio_url": "https://wiauinufpbkmjlbqlkxo.supabase.co/storage/v1/object/public/audio/items/0e5b1cce-0ea8-5332-b071-50af57355811.mp3"}'::jsonb, '{"value": "pechinchar", "accepted": ["pechinchar"]}'::jsonb, 0.35, array['vocab_f1','writing']) on conflict (id) do nothing;
insert into content_items(id,course_id,cefr_level,skill,type,prompt,payload,correct_answer,difficulty,tags) values ('edfcdc20-21d6-5b56-aaaa-cdac308b7196', '20000000-0000-0000-0000-000000000002', 'A2', 'writing', 'cloze', 'Completa la frase con la palabra que falta.', '{"text": "Posso experimentar esta calça antes de comprar?", "audio_url": "https://wiauinufpbkmjlbqlkxo.supabase.co/storage/v1/object/public/audio/items/edfcdc20-21d6-5b56-aaaa-cdac308b7196.mp3"}'::jsonb, '{"value": "experimentar", "accepted": ["experimentar"]}'::jsonb, 0.35, array['vocab_f1','writing']) on conflict (id) do nothing;
insert into content_items(id,course_id,cefr_level,skill,type,prompt,payload,correct_answer,difficulty,tags) values ('a7f29ad4-1f04-5913-9c05-c83606dbb78f', '20000000-0000-0000-0000-000000000002', 'A2', 'writing', 'cloze', 'Completa la frase con la palabra que falta.', '{"text": "O provador fica no fundo da loja.", "audio_url": "https://wiauinufpbkmjlbqlkxo.supabase.co/storage/v1/object/public/audio/items/a7f29ad4-1f04-5913-9c05-c83606dbb78f.mp3"}'::jsonb, '{"value": "o provador", "accepted": ["o provador"]}'::jsonb, 0.35, array['vocab_f1','writing']) on conflict (id) do nothing;
insert into content_items(id,course_id,cefr_level,skill,type,prompt,payload,correct_answer,difficulty,tags) values ('be035a73-ca19-5c3f-9f9b-79c0778473c5', '20000000-0000-0000-0000-000000000002', 'A2', 'writing', 'cloze', 'Completa la frase con la palabra que falta.', '{"text": "A loja está em liquidação de fim de ano.", "audio_url": "https://wiauinufpbkmjlbqlkxo.supabase.co/storage/v1/object/public/audio/items/be035a73-ca19-5c3f-9f9b-79c0778473c5.mp3"}'::jsonb, '{"value": "liquidação", "accepted": ["liquidação"]}'::jsonb, 0.35, array['vocab_f1','writing']) on conflict (id) do nothing;
insert into content_items(id,course_id,cefr_level,skill,type,prompt,payload,correct_answer,difficulty,tags) values ('2887ec8d-8279-5efd-8016-17d4eb966939', '20000000-0000-0000-0000-000000000002', 'A2', 'writing', 'cloze', 'Completa la frase con la palabra que falta.', '{"text": "Comprei na promoção para economizar um pouco.", "audio_url": "https://wiauinufpbkmjlbqlkxo.supabase.co/storage/v1/object/public/audio/items/2887ec8d-8279-5efd-8016-17d4eb966939.mp3"}'::jsonb, '{"value": "economizar", "accepted": ["economizar"]}'::jsonb, 0.35, array['vocab_f1','writing']) on conflict (id) do nothing;
insert into content_items(id,course_id,cefr_level,skill,type,prompt,payload,correct_answer,difficulty,tags) values ('a9e2cb50-f9e0-532f-9976-3a851d7be12f', '20000000-0000-0000-0000-000000000002', 'A2', 'writing', 'cloze', 'Completa la frase con la palabra que falta.', '{"text": "Peguei o troco em moeda de um real.", "audio_url": "https://wiauinufpbkmjlbqlkxo.supabase.co/storage/v1/object/public/audio/items/a9e2cb50-f9e0-532f-9976-3a851d7be12f.mp3"}'::jsonb, '{"value": "moeda", "accepted": ["moeda"]}'::jsonb, 0.35, array['vocab_f1','writing']) on conflict (id) do nothing;
insert into content_items(id,course_id,cefr_level,skill,type,prompt,payload,correct_answer,difficulty,tags) values ('5b3cbb9c-2d9f-5de0-ac53-722ecbab7ab7', '20000000-0000-0000-0000-000000000002', 'A2', 'reading', 'match', 'Empareja cada palabra con su traducción.', '{"pairs": [{"en": "vitrine", "es": "escaparate"}, {"en": "pechincha", "es": "ganga"}, {"en": "pechinchar", "es": "regatear"}, {"en": "experimentar", "es": "probarse"}, {"en": "o provador", "es": "probador"}]}'::jsonb, '{"pairs": [["vitrine", "escaparate"], ["pechincha", "ganga"], ["pechinchar", "regatear"], ["experimentar", "probarse"], ["o provador", "probador"]]}'::jsonb, 0.15, array['vocab_f1','reading']) on conflict (id) do nothing;
insert into content_items(id,course_id,cefr_level,skill,type,prompt,payload,correct_answer,difficulty,tags) values ('2053d4fa-6736-55ea-ab2b-aaf5e5abf629', '20000000-0000-0000-0000-000000000002', 'A2', 'reading', 'match', 'Empareja cada palabra con su traducción.', '{"pairs": [{"en": "liquidação", "es": "liquidación"}, {"en": "economizar", "es": "ahorrar"}, {"en": "moeda", "es": "moneda"}]}'::jsonb, '{"pairs": [["liquidação", "liquidación"], ["economizar", "ahorrar"], ["moeda", "moneda"]]}'::jsonb, 0.15, array['vocab_f1','reading']) on conflict (id) do nothing;
insert into content_items(id,course_id,cefr_level,skill,type,prompt,payload,correct_answer,difficulty,tags) values ('ed6e00f9-135d-5fa5-afc0-d9a5e84be3eb', '20000000-0000-0000-0000-000000000002', 'A2', 'writing', 'cloze', 'Completa la frase con la palabra que falta.', '{"text": "Cheguei atrasado à reunião por causa do trânsito.", "audio_url": "https://wiauinufpbkmjlbqlkxo.supabase.co/storage/v1/object/public/audio/items/ed6e00f9-135d-5fa5-afc0-d9a5e84be3eb.mp3"}'::jsonb, '{"value": "atrasado", "accepted": ["atrasado"]}'::jsonb, 0.35, array['vocab_f1','writing']) on conflict (id) do nothing;
insert into content_items(id,course_id,cefr_level,skill,type,prompt,payload,correct_answer,difficulty,tags) values ('129f3e63-2ca3-55eb-831a-d95b72983601', '20000000-0000-0000-0000-000000000002', 'A2', 'writing', 'cloze', 'Completa la frase con la palabra que falta.', '{"text": "O atraso do voo estragou todos os meus planos.", "audio_url": "https://wiauinufpbkmjlbqlkxo.supabase.co/storage/v1/object/public/audio/items/129f3e63-2ca3-55eb-831a-d95b72983601.mp3"}'::jsonb, '{"value": "o atraso", "accepted": ["o atraso"]}'::jsonb, 0.35, array['vocab_f1','writing']) on conflict (id) do nothing;
insert into content_items(id,course_id,cefr_level,skill,type,prompt,payload,correct_answer,difficulty,tags) values ('fd08eea7-4ab4-544b-b6f7-9ba3eb54e603', '20000000-0000-0000-0000-000000000002', 'A2', 'writing', 'cloze', 'Completa la frase con la palabra que falta.', '{"text": "O prazo para entregar o trabalho termina amanhã.", "audio_url": "https://wiauinufpbkmjlbqlkxo.supabase.co/storage/v1/object/public/audio/items/fd08eea7-4ab4-544b-b6f7-9ba3eb54e603.mp3"}'::jsonb, '{"value": "o prazo", "accepted": ["o prazo"]}'::jsonb, 0.35, array['vocab_f1','writing']) on conflict (id) do nothing;
insert into content_items(id,course_id,cefr_level,skill,type,prompt,payload,correct_answer,difficulty,tags) values ('d560645c-90c9-55d8-bddd-545fca7f60e4', '20000000-0000-0000-0000-000000000002', 'A2', 'writing', 'cloze', 'Completa la frase con la palabra que falta.', '{"text": "De vez em quando saio para caminhar de manhã.", "audio_url": "https://wiauinufpbkmjlbqlkxo.supabase.co/storage/v1/object/public/audio/items/d560645c-90c9-55d8-bddd-545fca7f60e4.mp3"}'::jsonb, '{"value": "de vez em quando", "accepted": ["de vez em quando"]}'::jsonb, 0.35, array['vocab_f1','writing']) on conflict (id) do nothing;
insert into content_items(id,course_id,cefr_level,skill,type,prompt,payload,correct_answer,difficulty,tags) values ('15020c36-4ce4-599c-9969-a6bf5dd91021', '20000000-0000-0000-0000-000000000002', 'A2', 'writing', 'cloze', 'Completa la frase con la palabra que falta.', '{"text": "Atualmente eu acordo mais cedo para estudar.", "audio_url": "https://wiauinufpbkmjlbqlkxo.supabase.co/storage/v1/object/public/audio/items/15020c36-4ce4-599c-9969-a6bf5dd91021.mp3"}'::jsonb, '{"value": "atualmente", "accepted": ["atualmente"]}'::jsonb, 0.35, array['vocab_f1','writing']) on conflict (id) do nothing;
insert into content_items(id,course_id,cefr_level,skill,type,prompt,payload,correct_answer,difficulty,tags) values ('30fa3119-4192-5243-bdc1-934412900b62', '20000000-0000-0000-0000-000000000002', 'A2', 'writing', 'cloze', 'Completa la frase con la palabra que falta.', '{"text": "Minha rotina começa sempre com um café forte.", "audio_url": "https://wiauinufpbkmjlbqlkxo.supabase.co/storage/v1/object/public/audio/items/30fa3119-4192-5243-bdc1-934412900b62.mp3"}'::jsonb, '{"value": "rotina", "accepted": ["rotina"]}'::jsonb, 0.35, array['vocab_f1','writing']) on conflict (id) do nothing;
insert into content_items(id,course_id,cefr_level,skill,type,prompt,payload,correct_answer,difficulty,tags) values ('81ec8d5f-f1e3-52a9-99c1-aceba74baee8', '20000000-0000-0000-0000-000000000002', 'A2', 'writing', 'cloze', 'Completa la frase con la palabra que falta.', '{"text": "À tarde costumo fazer uma pausa para descansar.", "audio_url": "https://wiauinufpbkmjlbqlkxo.supabase.co/storage/v1/object/public/audio/items/81ec8d5f-f1e3-52a9-99c1-aceba74baee8.mp3"}'::jsonb, '{"value": "à tarde", "accepted": ["à tarde"]}'::jsonb, 0.35, array['vocab_f1','writing']) on conflict (id) do nothing;
insert into content_items(id,course_id,cefr_level,skill,type,prompt,payload,correct_answer,difficulty,tags) values ('9b639300-cea2-5722-aca5-b31cb47fc6e4', '20000000-0000-0000-0000-000000000002', 'A2', 'writing', 'cloze', 'Completa la frase con la palabra que falta.', '{"text": "O ônibus costuma demorar quinze minutos para chegar.", "audio_url": "https://wiauinufpbkmjlbqlkxo.supabase.co/storage/v1/object/public/audio/items/9b639300-cea2-5722-aca5-b31cb47fc6e4.mp3"}'::jsonb, '{"value": "demorar", "accepted": ["demorar"]}'::jsonb, 0.35, array['vocab_f1','writing']) on conflict (id) do nothing;
insert into content_items(id,course_id,cefr_level,skill,type,prompt,payload,correct_answer,difficulty,tags) values ('de245d97-4946-53a2-984e-12f35a67a4c6', '20000000-0000-0000-0000-000000000002', 'A2', 'writing', 'cloze', 'Completa la frase con la palabra que falta.', '{"text": "O relógio está adiantado uns dez minutos.", "audio_url": "https://wiauinufpbkmjlbqlkxo.supabase.co/storage/v1/object/public/audio/items/de245d97-4946-53a2-984e-12f35a67a4c6.mp3"}'::jsonb, '{"value": "adiantado", "accepted": ["adiantado"]}'::jsonb, 0.35, array['vocab_f1','writing']) on conflict (id) do nothing;
insert into content_items(id,course_id,cefr_level,skill,type,prompt,payload,correct_answer,difficulty,tags) values ('e44187cb-3f88-5e42-a149-4445f2344de7', '20000000-0000-0000-0000-000000000002', 'A2', 'reading', 'match', 'Empareja cada palabra con su traducción.', '{"pairs": [{"en": "atrasado", "es": "retrasado"}, {"en": "o atraso", "es": "el retraso"}, {"en": "o prazo", "es": "el plazo"}, {"en": "de vez em quando", "es": "de vez en cuando"}, {"en": "atualmente", "es": "actualmente"}]}'::jsonb, '{"pairs": [["atrasado", "retrasado"], ["o atraso", "el retraso"], ["o prazo", "el plazo"], ["de vez em quando", "de vez en cuando"], ["atualmente", "actualmente"]]}'::jsonb, 0.15, array['vocab_f1','reading']) on conflict (id) do nothing;
insert into content_items(id,course_id,cefr_level,skill,type,prompt,payload,correct_answer,difficulty,tags) values ('05858c55-7ed5-5089-af7e-5b5cea90644c', '20000000-0000-0000-0000-000000000002', 'A2', 'reading', 'match', 'Empareja cada palabra con su traducción.', '{"pairs": [{"en": "rotina", "es": "la rutina"}, {"en": "à tarde", "es": "por la tarde"}, {"en": "demorar", "es": "tardar"}, {"en": "adiantado", "es": "adelantado"}]}'::jsonb, '{"pairs": [["rotina", "la rutina"], ["à tarde", "por la tarde"], ["demorar", "tardar"], ["adiantado", "adelantado"]]}'::jsonb, 0.15, array['vocab_f1','reading']) on conflict (id) do nothing;
insert into content_items(id,course_id,cefr_level,skill,type,prompt,payload,correct_answer,difficulty,tags) values ('a6b52ffe-aec3-5784-8d1a-496f48d31595', '20000000-0000-0000-0000-000000000002', 'A2', 'writing', 'cloze', 'Completa la frase con la palabra que falta.', '{"text": "Ela é sempre pontual nas suas reuniões.", "audio_url": "https://wiauinufpbkmjlbqlkxo.supabase.co/storage/v1/object/public/audio/items/a6b52ffe-aec3-5784-8d1a-496f48d31595.mp3"}'::jsonb, '{"value": "pontual", "accepted": ["pontual"]}'::jsonb, 0.35, array['vocab_f1','writing']) on conflict (id) do nothing;
insert into content_items(id,course_id,cefr_level,skill,type,prompt,payload,correct_answer,difficulty,tags) values ('4cda50d5-85b0-53d8-8e21-457b87df06b5', '20000000-0000-0000-0000-000000000002', 'A2', 'writing', 'cloze', 'Completa la frase con la palabra que falta.', '{"text": "Tenho um compromisso importante na sexta de manhã.", "audio_url": "https://wiauinufpbkmjlbqlkxo.supabase.co/storage/v1/object/public/audio/items/4cda50d5-85b0-53d8-8e21-457b87df06b5.mp3"}'::jsonb, '{"value": "compromisso", "accepted": ["compromisso"]}'::jsonb, 0.35, array['vocab_f1','writing']) on conflict (id) do nothing;
insert into content_items(id,course_id,cefr_level,skill,type,prompt,payload,correct_answer,difficulty,tags) values ('267750b7-417a-53d2-902b-c5025278a1c3', '20000000-0000-0000-0000-000000000002', 'A2', 'writing', 'cloze', 'Completa la frase con la palabra que falta.', '{"text": "Precisamos adiar a reunião para a próxima semana.", "audio_url": "https://wiauinufpbkmjlbqlkxo.supabase.co/storage/v1/object/public/audio/items/267750b7-417a-53d2-902b-c5025278a1c3.mp3"}'::jsonb, '{"value": "adiar", "accepted": ["adiar"]}'::jsonb, 0.35, array['vocab_f1','writing']) on conflict (id) do nothing;
insert into content_items(id,course_id,cefr_level,skill,type,prompt,payload,correct_answer,difficulty,tags) values ('f080fd7a-cf5c-5ebf-958c-a43a036efe5b', '20000000-0000-0000-0000-000000000002', 'A2', 'writing', 'cloze', 'Completa la frase con la palabra que falta.', '{"text": "Ele frequentemente chega tarde ao trabalho.", "audio_url": "https://wiauinufpbkmjlbqlkxo.supabase.co/storage/v1/object/public/audio/items/f080fd7a-cf5c-5ebf-958c-a43a036efe5b.mp3"}'::jsonb, '{"value": "frequentemente", "accepted": ["frequentemente"]}'::jsonb, 0.35, array['vocab_f1','writing']) on conflict (id) do nothing;
insert into content_items(id,course_id,cefr_level,skill,type,prompt,payload,correct_answer,difficulty,tags) values ('ca46d537-a49a-5d53-abb6-82e06e606628', '20000000-0000-0000-0000-000000000002', 'A2', 'writing', 'cloze', 'Completa la frase con la palabra que falta.', '{"text": "Preciso marcar uma consulta médica para segunda-feira.", "audio_url": "https://wiauinufpbkmjlbqlkxo.supabase.co/storage/v1/object/public/audio/items/ca46d537-a49a-5d53-abb6-82e06e606628.mp3"}'::jsonb, '{"value": "marcar", "accepted": ["marcar"]}'::jsonb, 0.35, array['vocab_f1','writing']) on conflict (id) do nothing;
insert into content_items(id,course_id,cefr_level,skill,type,prompt,payload,correct_answer,difficulty,tags) values ('10fb4685-3ac0-5f7b-8b85-6f2f5f2b6fa2', '20000000-0000-0000-0000-000000000002', 'A2', 'writing', 'cloze', 'Completa la frase con la palabra que falta.', '{"text": "Fazemos um intervalo de dez minutos entre as aulas.", "audio_url": "https://wiauinufpbkmjlbqlkxo.supabase.co/storage/v1/object/public/audio/items/10fb4685-3ac0-5f7b-8b85-6f2f5f2b6fa2.mp3"}'::jsonb, '{"value": "intervalo", "accepted": ["intervalo"]}'::jsonb, 0.35, array['vocab_f1','writing']) on conflict (id) do nothing;
insert into content_items(id,course_id,cefr_level,skill,type,prompt,payload,correct_answer,difficulty,tags) values ('9cdbc786-e995-531e-8f11-451c1b2f7dbc', '20000000-0000-0000-0000-000000000002', 'A2', 'writing', 'cloze', 'Completa la frase con la palabra que falta.', '{"text": "Qual é a data da sua próxima viagem?", "audio_url": "https://wiauinufpbkmjlbqlkxo.supabase.co/storage/v1/object/public/audio/items/9cdbc786-e995-531e-8f11-451c1b2f7dbc.mp3"}'::jsonb, '{"value": "a data", "accepted": ["a data"]}'::jsonb, 0.35, array['vocab_f1','writing']) on conflict (id) do nothing;
insert into content_items(id,course_id,cefr_level,skill,type,prompt,payload,correct_answer,difficulty,tags) values ('02913a0d-a25c-58be-8309-b8b7e28d0e34', '20000000-0000-0000-0000-000000000002', 'A2', 'writing', 'cloze', 'Completa la frase con la palabra que falta.', '{"text": "Às vezes eu esqueço de ajustar o despertador.", "audio_url": "https://wiauinufpbkmjlbqlkxo.supabase.co/storage/v1/object/public/audio/items/02913a0d-a25c-58be-8309-b8b7e28d0e34.mp3"}'::jsonb, '{"value": "às vezes", "accepted": ["às vezes"]}'::jsonb, 0.35, array['vocab_f1','writing']) on conflict (id) do nothing;
insert into content_items(id,course_id,cefr_level,skill,type,prompt,payload,correct_answer,difficulty,tags) values ('a98f5c24-d2ed-57cb-b6a2-4436f53a1c16', '20000000-0000-0000-0000-000000000002', 'A2', 'reading', 'match', 'Empareja cada palabra con su traducción.', '{"pairs": [{"en": "pontual", "es": "puntual"}, {"en": "compromisso", "es": "el compromiso"}, {"en": "adiar", "es": "aplazar"}, {"en": "frequentemente", "es": "frecuentemente"}, {"en": "marcar", "es": "agendar"}]}'::jsonb, '{"pairs": [["pontual", "puntual"], ["compromisso", "el compromiso"], ["adiar", "aplazar"], ["frequentemente", "frecuentemente"], ["marcar", "agendar"]]}'::jsonb, 0.15, array['vocab_f1','reading']) on conflict (id) do nothing;
insert into content_items(id,course_id,cefr_level,skill,type,prompt,payload,correct_answer,difficulty,tags) values ('d8cb02eb-79cb-5bf6-b57f-95eaaf0bc04f', '20000000-0000-0000-0000-000000000002', 'A2', 'reading', 'match', 'Empareja cada palabra con su traducción.', '{"pairs": [{"en": "intervalo", "es": "el descanso"}, {"en": "a data", "es": "la fecha"}, {"en": "às vezes", "es": "a veces"}]}'::jsonb, '{"pairs": [["intervalo", "el descanso"], ["a data", "la fecha"], ["às vezes", "a veces"]]}'::jsonb, 0.15, array['vocab_f1','reading']) on conflict (id) do nothing;
insert into content_items(id,course_id,cefr_level,skill,type,prompt,payload,correct_answer,difficulty,tags) values ('820e473f-82e0-55e2-ae10-007b03e151b3', '20000000-0000-0000-0000-000000000002', 'B1', 'writing', 'cloze', 'Completa la frase con la palabra que falta.', '{"text": "Estou com uma tosse forte há vários dias.", "audio_url": "https://wiauinufpbkmjlbqlkxo.supabase.co/storage/v1/object/public/audio/items/820e473f-82e0-55e2-ae10-007b03e151b3.mp3"}'::jsonb, '{"value": "tosse", "accepted": ["tosse"]}'::jsonb, 0.35, array['vocab_f1','writing']) on conflict (id) do nothing;
insert into content_items(id,course_id,cefr_level,skill,type,prompt,payload,correct_answer,difficulty,tags) values ('0acf6fc7-bd4e-589d-bdea-d4bf87b96468', '20000000-0000-0000-0000-000000000002', 'B1', 'writing', 'cloze', 'Completa la frase con la palabra que falta.', '{"text": "Ele não parou de tossir a noite toda.", "audio_url": "https://wiauinufpbkmjlbqlkxo.supabase.co/storage/v1/object/public/audio/items/0acf6fc7-bd4e-589d-bdea-d4bf87b96468.mp3"}'::jsonb, '{"value": "tossir", "accepted": ["tossir"]}'::jsonb, 0.35, array['vocab_f1','writing']) on conflict (id) do nothing;
insert into content_items(id,course_id,cefr_level,skill,type,prompt,payload,correct_answer,difficulty,tags) values ('83bbbe50-374b-5b83-928d-e032eb87cb99', '20000000-0000-0000-0000-000000000002', 'B1', 'writing', 'cloze', 'Completa la frase con la palabra que falta.', '{"text": "Comecei a espirrar por causa da poeira.", "audio_url": "https://wiauinufpbkmjlbqlkxo.supabase.co/storage/v1/object/public/audio/items/83bbbe50-374b-5b83-928d-e032eb87cb99.mp3"}'::jsonb, '{"value": "espirrar", "accepted": ["espirrar"]}'::jsonb, 0.35, array['vocab_f1','writing']) on conflict (id) do nothing;
insert into content_items(id,course_id,cefr_level,skill,type,prompt,payload,correct_answer,difficulty,tags) values ('d7e67753-ec78-5a79-85b4-f15e6b0da565', '20000000-0000-0000-0000-000000000002', 'B1', 'writing', 'cloze', 'Completa la frase con la palabra que falta.', '{"text": "Tomei um comprimido para aliviar a dor.", "audio_url": "https://wiauinufpbkmjlbqlkxo.supabase.co/storage/v1/object/public/audio/items/d7e67753-ec78-5a79-85b4-f15e6b0da565.mp3"}'::jsonb, '{"value": "comprimido", "accepted": ["comprimido"]}'::jsonb, 0.35, array['vocab_f1','writing']) on conflict (id) do nothing;
insert into content_items(id,course_id,cefr_level,skill,type,prompt,payload,correct_answer,difficulty,tags) values ('826e9547-fdb6-5ce3-9f5e-ba2009e7f4f5', '20000000-0000-0000-0000-000000000002', 'B1', 'writing', 'cloze', 'Completa la frase con la palabra que falta.', '{"text": "O médico me deu uma receita nova hoje.", "audio_url": "https://wiauinufpbkmjlbqlkxo.supabase.co/storage/v1/object/public/audio/items/826e9547-fdb6-5ce3-9f5e-ba2009e7f4f5.mp3"}'::jsonb, '{"value": "receita", "accepted": ["receita"]}'::jsonb, 0.35, array['vocab_f1','writing']) on conflict (id) do nothing;
insert into content_items(id,course_id,cefr_level,skill,type,prompt,payload,correct_answer,difficulty,tags) values ('15a60193-3754-51ee-a80d-899271f24614', '20000000-0000-0000-0000-000000000002', 'B1', 'writing', 'cloze', 'Completa la frase con la palabra que falta.', '{"text": "Ele quebrou um osso do braço direito.", "audio_url": "https://wiauinufpbkmjlbqlkxo.supabase.co/storage/v1/object/public/audio/items/15a60193-3754-51ee-a80d-899271f24614.mp3"}'::jsonb, '{"value": "osso", "accepted": ["osso"]}'::jsonb, 0.35, array['vocab_f1','writing']) on conflict (id) do nothing;
insert into content_items(id,course_id,cefr_level,skill,type,prompt,payload,correct_answer,difficulty,tags) values ('74a9e0ff-8796-5d22-83b2-e641928dd729', '20000000-0000-0000-0000-000000000002', 'B1', 'writing', 'cloze', 'Completa la frase con la palabra que falta.', '{"text": "Machuquei o joelho jogando futebol no domingo.", "audio_url": "https://wiauinufpbkmjlbqlkxo.supabase.co/storage/v1/object/public/audio/items/74a9e0ff-8796-5d22-83b2-e641928dd729.mp3"}'::jsonb, '{"value": "o joelho", "accepted": ["o joelho"]}'::jsonb, 0.35, array['vocab_f1','writing']) on conflict (id) do nothing;
insert into content_items(id,course_id,cefr_level,skill,type,prompt,payload,correct_answer,difficulty,tags) values ('45ea208d-085e-539f-bd1e-0397fda55b85', '20000000-0000-0000-0000-000000000002', 'B1', 'writing', 'cloze', 'Completa la frase con la palabra que falta.', '{"text": "Senti uma dor forte no peito ontem.", "audio_url": "https://wiauinufpbkmjlbqlkxo.supabase.co/storage/v1/object/public/audio/items/45ea208d-085e-539f-bd1e-0397fda55b85.mp3"}'::jsonb, '{"value": "peito", "accepted": ["peito"]}'::jsonb, 0.35, array['vocab_f1','writing']) on conflict (id) do nothing;
insert into content_items(id,course_id,cefr_level,skill,type,prompt,payload,correct_answer,difficulty,tags) values ('a385ee30-d3ee-534f-8352-24bbec08d0c5', '20000000-0000-0000-0000-000000000002', 'B1', 'writing', 'cloze', 'Completa la frase con la palabra que falta.', '{"text": "A pele dela é muito sensível ao sol.", "audio_url": "https://wiauinufpbkmjlbqlkxo.supabase.co/storage/v1/object/public/audio/items/a385ee30-d3ee-534f-8352-24bbec08d0c5.mp3"}'::jsonb, '{"value": "a pele", "accepted": ["a pele"]}'::jsonb, 0.35, array['vocab_f1','writing']) on conflict (id) do nothing;
insert into content_items(id,course_id,cefr_level,skill,type,prompt,payload,correct_answer,difficulty,tags) values ('071e8ba7-fcf1-5342-9307-ac18e210e5c2', '20000000-0000-0000-0000-000000000002', 'B1', 'writing', 'cloze', 'Completa la frase con la palabra que falta.', '{"text": "O exame de sangue já está pronto.", "audio_url": "https://wiauinufpbkmjlbqlkxo.supabase.co/storage/v1/object/public/audio/items/071e8ba7-fcf1-5342-9307-ac18e210e5c2.mp3"}'::jsonb, '{"value": "sangue", "accepted": ["sangue"]}'::jsonb, 0.35, array['vocab_f1','writing']) on conflict (id) do nothing;
insert into content_items(id,course_id,cefr_level,skill,type,prompt,payload,correct_answer,difficulty,tags) values ('68977c27-6951-532c-b00f-23f4ea1bdb09', '20000000-0000-0000-0000-000000000002', 'B1', 'reading', 'match', 'Empareja cada palabra con su traducción.', '{"pairs": [{"en": "tosse", "es": "la tos"}, {"en": "tossir", "es": "toser"}, {"en": "espirrar", "es": "estornudar"}, {"en": "comprimido", "es": "la pastilla"}, {"en": "receita", "es": "la receta"}]}'::jsonb, '{"pairs": [["tosse", "la tos"], ["tossir", "toser"], ["espirrar", "estornudar"], ["comprimido", "la pastilla"], ["receita", "la receta"]]}'::jsonb, 0.15, array['vocab_f1','reading']) on conflict (id) do nothing;
insert into content_items(id,course_id,cefr_level,skill,type,prompt,payload,correct_answer,difficulty,tags) values ('642aa327-6777-5c85-bad0-c5a9a6760a8a', '20000000-0000-0000-0000-000000000002', 'B1', 'reading', 'match', 'Empareja cada palabra con su traducción.', '{"pairs": [{"en": "osso", "es": "el hueso"}, {"en": "o joelho", "es": "la rodilla"}, {"en": "peito", "es": "el pecho"}, {"en": "a pele", "es": "la piel"}, {"en": "sangue", "es": "la sangre"}]}'::jsonb, '{"pairs": [["osso", "el hueso"], ["o joelho", "la rodilla"], ["peito", "el pecho"], ["a pele", "la piel"], ["sangue", "la sangre"]]}'::jsonb, 0.15, array['vocab_f1','reading']) on conflict (id) do nothing;
insert into content_items(id,course_id,cefr_level,skill,type,prompt,payload,correct_answer,difficulty,tags) values ('9741a7f3-7154-5635-8d06-b9b68aa2458d', '20000000-0000-0000-0000-000000000002', 'B1', 'writing', 'cloze', 'Completa la frase con la palabra que falta.', '{"text": "A ferida no dedo já está sarando bem.", "audio_url": "https://wiauinufpbkmjlbqlkxo.supabase.co/storage/v1/object/public/audio/items/9741a7f3-7154-5635-8d06-b9b68aa2458d.mp3"}'::jsonb, '{"value": "a ferida", "accepted": ["a ferida"]}'::jsonb, 0.35, array['vocab_f1','writing']) on conflict (id) do nothing;
insert into content_items(id,course_id,cefr_level,skill,type,prompt,payload,correct_answer,difficulty,tags) values ('d556ec1e-622d-57a1-9c86-0f5b43be7fe9', '20000000-0000-0000-0000-000000000002', 'B1', 'writing', 'cloze', 'Completa la frase con la palabra que falta.', '{"text": "O jogador sofreu uma lesão no tornozelo.", "audio_url": "https://wiauinufpbkmjlbqlkxo.supabase.co/storage/v1/object/public/audio/items/d556ec1e-622d-57a1-9c86-0f5b43be7fe9.mp3"}'::jsonb, '{"value": "lesão", "accepted": ["lesão"]}'::jsonb, 0.35, array['vocab_f1','writing']) on conflict (id) do nothing;
insert into content_items(id,course_id,cefr_level,skill,type,prompt,payload,correct_answer,difficulty,tags) values ('41eac922-71fe-5804-b103-14b02989c889', '20000000-0000-0000-0000-000000000002', 'B1', 'writing', 'cloze', 'Completa la frase con la palabra que falta.', '{"text": "Já tomei a vacina contra a gripe.", "audio_url": "https://wiauinufpbkmjlbqlkxo.supabase.co/storage/v1/object/public/audio/items/41eac922-71fe-5804-b103-14b02989c889.mp3"}'::jsonb, '{"value": "a vacina", "accepted": ["a vacina"]}'::jsonb, 0.35, array['vocab_f1','writing']) on conflict (id) do nothing;
insert into content_items(id,course_id,cefr_level,skill,type,prompt,payload,correct_answer,difficulty,tags) values ('2579e90f-3fe8-5f3d-a5cd-052aa2d1c195', '20000000-0000-0000-0000-000000000002', 'B1', 'writing', 'cloze', 'Completa la frase con la palabra que falta.', '{"text": "A enfermeira aplicou uma injeção no meu braço.", "audio_url": "https://wiauinufpbkmjlbqlkxo.supabase.co/storage/v1/object/public/audio/items/2579e90f-3fe8-5f3d-a5cd-052aa2d1c195.mp3"}'::jsonb, '{"value": "injeção", "accepted": ["injeção"]}'::jsonb, 0.35, array['vocab_f1','writing']) on conflict (id) do nothing;
insert into content_items(id,course_id,cefr_level,skill,type,prompt,payload,correct_answer,difficulty,tags) values ('1d69678a-a010-5919-bfeb-ab2029fcc7a2', '20000000-0000-0000-0000-000000000002', 'B1', 'writing', 'cloze', 'Completa la frase con la palabra que falta.', '{"text": "A cirurgia do joelho foi um sucesso.", "audio_url": "https://wiauinufpbkmjlbqlkxo.supabase.co/storage/v1/object/public/audio/items/1d69678a-a010-5919-bfeb-ab2029fcc7a2.mp3"}'::jsonb, '{"value": "a cirurgia", "accepted": ["a cirurgia"]}'::jsonb, 0.35, array['vocab_f1','writing']) on conflict (id) do nothing;
insert into content_items(id,course_id,cefr_level,skill,type,prompt,payload,correct_answer,difficulty,tags) values ('5d7c6b1d-5eb7-594b-9594-c3b3777477ac', '20000000-0000-0000-0000-000000000002', 'B1', 'writing', 'cloze', 'Completa la frase con la palabra que falta.', '{"text": "Fiquei tonto depois de me levantar rápido.", "audio_url": "https://wiauinufpbkmjlbqlkxo.supabase.co/storage/v1/object/public/audio/items/5d7c6b1d-5eb7-594b-9594-c3b3777477ac.mp3"}'::jsonb, '{"value": "tonto", "accepted": ["tonto"]}'::jsonb, 0.35, array['vocab_f1','writing']) on conflict (id) do nothing;
insert into content_items(id,course_id,cefr_level,skill,type,prompt,payload,correct_answer,difficulty,tags) values ('ac577ca9-460b-5290-8595-7675461c6678', '20000000-0000-0000-0000-000000000002', 'B1', 'writing', 'cloze', 'Completa la frase con la palabra que falta.', '{"text": "Meu pé está inchado e dói bastante.", "audio_url": "https://wiauinufpbkmjlbqlkxo.supabase.co/storage/v1/object/public/audio/items/ac577ca9-460b-5290-8595-7675461c6678.mp3"}'::jsonb, '{"value": "inchado", "accepted": ["inchado"]}'::jsonb, 0.35, array['vocab_f1','writing']) on conflict (id) do nothing;
insert into content_items(id,course_id,cefr_level,skill,type,prompt,payload,correct_answer,difficulty,tags) values ('37dca819-be78-5532-acf5-e3572173d13a', '20000000-0000-0000-0000-000000000002', 'B1', 'writing', 'cloze', 'Completa la frase con la palabra que falta.', '{"text": "Ela leva uma vida bem saudável agora.", "audio_url": "https://wiauinufpbkmjlbqlkxo.supabase.co/storage/v1/object/public/audio/items/37dca819-be78-5532-acf5-e3572173d13a.mp3"}'::jsonb, '{"value": "saudável", "accepted": ["saudável"]}'::jsonb, 0.35, array['vocab_f1','writing']) on conflict (id) do nothing;
insert into content_items(id,course_id,cefr_level,skill,type,prompt,payload,correct_answer,difficulty,tags) values ('789730ab-d75e-5c76-98f4-282fd3284e5c', '20000000-0000-0000-0000-000000000002', 'B1', 'writing', 'cloze', 'Completa la frase con la palabra que falta.', '{"text": "Meu dente está doendo muito desde ontem.", "audio_url": "https://wiauinufpbkmjlbqlkxo.supabase.co/storage/v1/object/public/audio/items/789730ab-d75e-5c76-98f4-282fd3284e5c.mp3"}'::jsonb, '{"value": "dente", "accepted": ["dente"]}'::jsonb, 0.35, array['vocab_f1','writing']) on conflict (id) do nothing;
insert into content_items(id,course_id,cefr_level,skill,type,prompt,payload,correct_answer,difficulty,tags) values ('bdb06570-41ad-5db6-8f3a-8d8cd6032f70', '20000000-0000-0000-0000-000000000002', 'B1', 'reading', 'match', 'Empareja cada palabra con su traducción.', '{"pairs": [{"en": "a ferida", "es": "la herida"}, {"en": "lesão", "es": "la lesión"}, {"en": "a vacina", "es": "la vacuna"}, {"en": "injeção", "es": "la inyección"}, {"en": "a cirurgia", "es": "la cirugía"}]}'::jsonb, '{"pairs": [["a ferida", "la herida"], ["lesão", "la lesión"], ["a vacina", "la vacuna"], ["injeção", "la inyección"], ["a cirurgia", "la cirugía"]]}'::jsonb, 0.15, array['vocab_f1','reading']) on conflict (id) do nothing;
insert into content_items(id,course_id,cefr_level,skill,type,prompt,payload,correct_answer,difficulty,tags) values ('b1de63bb-5e17-5dcc-888d-d19ed04fba5d', '20000000-0000-0000-0000-000000000002', 'B1', 'reading', 'match', 'Empareja cada palabra con su traducción.', '{"pairs": [{"en": "tonto", "es": "mareado"}, {"en": "inchado", "es": "hinchado"}, {"en": "saudável", "es": "saludable"}, {"en": "dente", "es": "el diente"}]}'::jsonb, '{"pairs": [["tonto", "mareado"], ["inchado", "hinchado"], ["saudável", "saludable"], ["dente", "el diente"]]}'::jsonb, 0.15, array['vocab_f1','reading']) on conflict (id) do nothing;
insert into content_items(id,course_id,cefr_level,skill,type,prompt,payload,correct_answer,difficulty,tags) values ('e14a1a42-c148-5f0b-953a-6313772bd78e', '20000000-0000-0000-0000-000000000002', 'B1', 'writing', 'cloze', 'Completa la frase con la palabra que falta.', '{"text": "O escritório fica no quinto andar do prédio.", "audio_url": "https://wiauinufpbkmjlbqlkxo.supabase.co/storage/v1/object/public/audio/items/e14a1a42-c148-5f0b-953a-6313772bd78e.mp3"}'::jsonb, '{"value": "o escritório", "accepted": ["o escritório"]}'::jsonb, 0.35, array['vocab_f1','writing']) on conflict (id) do nothing;
insert into content_items(id,course_id,cefr_level,skill,type,prompt,payload,correct_answer,difficulty,tags) values ('f9e8dda8-21a1-574e-b728-e1308452b9a8', '20000000-0000-0000-0000-000000000002', 'B1', 'writing', 'cloze', 'Completa la frase con la palabra que falta.', '{"text": "O chefe marcou uma conversa comigo hoje cedo.", "audio_url": "https://wiauinufpbkmjlbqlkxo.supabase.co/storage/v1/object/public/audio/items/f9e8dda8-21a1-574e-b728-e1308452b9a8.mp3"}'::jsonb, '{"value": "o chefe", "accepted": ["o chefe"]}'::jsonb, 0.35, array['vocab_f1','writing']) on conflict (id) do nothing;
insert into content_items(id,course_id,cefr_level,skill,type,prompt,payload,correct_answer,difficulty,tags) values ('d026619b-00c0-5597-adf8-dfe9540d6579', '20000000-0000-0000-0000-000000000002', 'B1', 'writing', 'cloze', 'Completa la frase con la palabra que falta.', '{"text": "O funcionário novo chegou pontual no primeiro dia.", "audio_url": "https://wiauinufpbkmjlbqlkxo.supabase.co/storage/v1/object/public/audio/items/d026619b-00c0-5597-adf8-dfe9540d6579.mp3"}'::jsonb, '{"value": "o funcionário", "accepted": ["o funcionário"]}'::jsonb, 0.35, array['vocab_f1','writing']) on conflict (id) do nothing;
insert into content_items(id,course_id,cefr_level,skill,type,prompt,payload,correct_answer,difficulty,tags) values ('24693279-9912-5714-95ef-b1484d7f9abc', '20000000-0000-0000-0000-000000000002', 'B1', 'writing', 'cloze', 'Completa la frase con la palabra que falta.', '{"text": "A reunião de segunda-feira foi muito longa.", "audio_url": "https://wiauinufpbkmjlbqlkxo.supabase.co/storage/v1/object/public/audio/items/24693279-9912-5714-95ef-b1484d7f9abc.mp3"}'::jsonb, '{"value": "a reunião", "accepted": ["a reunião"]}'::jsonb, 0.35, array['vocab_f1','writing']) on conflict (id) do nothing;
insert into content_items(id,course_id,cefr_level,skill,type,prompt,payload,correct_answer,difficulty,tags) values ('25769d84-9b55-5d08-b445-6f9ebd41d471', '20000000-0000-0000-0000-000000000002', 'B1', 'writing', 'cloze', 'Completa la frase con la palabra que falta.', '{"text": "Recebo o salário no quinto dia de cada mês.", "audio_url": "https://wiauinufpbkmjlbqlkxo.supabase.co/storage/v1/object/public/audio/items/25769d84-9b55-5d08-b445-6f9ebd41d471.mp3"}'::jsonb, '{"value": "o salário", "accepted": ["o salário"]}'::jsonb, 0.35, array['vocab_f1','writing']) on conflict (id) do nothing;
insert into content_items(id,course_id,cefr_level,skill,type,prompt,payload,correct_answer,difficulty,tags) values ('b330c714-5b57-585f-a1f3-67a67f074178', '20000000-0000-0000-0000-000000000002', 'B1', 'writing', 'cloze', 'Completa la frase con la palabra que falta.', '{"text": "A empresa decidiu demitir vários trabalhadores neste mês.", "audio_url": "https://wiauinufpbkmjlbqlkxo.supabase.co/storage/v1/object/public/audio/items/b330c714-5b57-585f-a1f3-67a67f074178.mp3"}'::jsonb, '{"value": "demitir", "accepted": ["demitir"]}'::jsonb, 0.35, array['vocab_f1','writing']) on conflict (id) do nothing;
insert into content_items(id,course_id,cefr_level,skill,type,prompt,payload,correct_answer,difficulty,tags) values ('fdb1760a-f8e5-5463-b134-150c0293bde4', '20000000-0000-0000-0000-000000000002', 'B1', 'writing', 'cloze', 'Completa la frase con la palabra que falta.', '{"text": "Preciso terminar essa tarefa antes do almoço.", "audio_url": "https://wiauinufpbkmjlbqlkxo.supabase.co/storage/v1/object/public/audio/items/fdb1760a-f8e5-5463-b134-150c0293bde4.mp3"}'::jsonb, '{"value": "tarefa", "accepted": ["tarefa"]}'::jsonb, 0.35, array['vocab_f1','writing']) on conflict (id) do nothing;
insert into content_items(id,course_id,cefr_level,skill,type,prompt,payload,correct_answer,difficulty,tags) values ('c159d0b4-8181-57d7-9b53-f3531a051511', '20000000-0000-0000-0000-000000000002', 'B1', 'writing', 'cloze', 'Completa la frase con la palabra que falta.', '{"text": "Ela assumiu um cargo importante na diretoria.", "audio_url": "https://wiauinufpbkmjlbqlkxo.supabase.co/storage/v1/object/public/audio/items/c159d0b4-8181-57d7-9b53-f3531a051511.mp3"}'::jsonb, '{"value": "cargo", "accepted": ["cargo"]}'::jsonb, 0.35, array['vocab_f1','writing']) on conflict (id) do nothing;
insert into content_items(id,course_id,cefr_level,skill,type,prompt,payload,correct_answer,difficulty,tags) values ('f516dba9-3e95-51b9-9e1c-7ed72de97b43', '20000000-0000-0000-0000-000000000002', 'B1', 'writing', 'cloze', 'Completa la frase con la palabra que falta.', '{"text": "Esqueci o crachá e não consegui entrar.", "audio_url": "https://wiauinufpbkmjlbqlkxo.supabase.co/storage/v1/object/public/audio/items/f516dba9-3e95-51b9-9e1c-7ed72de97b43.mp3"}'::jsonb, '{"value": "o crachá", "accepted": ["o crachá"]}'::jsonb, 0.35, array['vocab_f1','writing']) on conflict (id) do nothing;
insert into content_items(id,course_id,cefr_level,skill,type,prompt,payload,correct_answer,difficulty,tags) values ('d4a11f05-4919-55ee-bddd-32316798895f', '20000000-0000-0000-0000-000000000002', 'B1', 'writing', 'cloze', 'Completa la frase con la palabra que falta.', '{"text": "Enviei meu currículo para várias empresas ontem.", "audio_url": "https://wiauinufpbkmjlbqlkxo.supabase.co/storage/v1/object/public/audio/items/d4a11f05-4919-55ee-bddd-32316798895f.mp3"}'::jsonb, '{"value": "currículo", "accepted": ["currículo"]}'::jsonb, 0.35, array['vocab_f1','writing']) on conflict (id) do nothing;
insert into content_items(id,course_id,cefr_level,skill,type,prompt,payload,correct_answer,difficulty,tags) values ('778846b5-233a-5eed-b08b-0dabd39e475a', '20000000-0000-0000-0000-000000000002', 'B1', 'writing', 'cloze', 'Completa la frase con la palabra que falta.', '{"text": "Abriram uma vaga nova no departamento de vendas.", "audio_url": "https://wiauinufpbkmjlbqlkxo.supabase.co/storage/v1/object/public/audio/items/778846b5-233a-5eed-b08b-0dabd39e475a.mp3"}'::jsonb, '{"value": "vaga", "accepted": ["vaga"]}'::jsonb, 0.35, array['vocab_f1','writing']) on conflict (id) do nothing;
insert into content_items(id,course_id,cefr_level,skill,type,prompt,payload,correct_answer,difficulty,tags) values ('9db084bc-1734-52a7-8fad-add8297772d9', '20000000-0000-0000-0000-000000000002', 'B1', 'reading', 'match', 'Empareja cada palabra con su traducción.', '{"pairs": [{"en": "o escritório", "es": "la oficina"}, {"en": "o chefe", "es": "el jefe"}, {"en": "o funcionário", "es": "el empleado"}, {"en": "a reunião", "es": "la reunión"}, {"en": "o salário", "es": "el sueldo"}]}'::jsonb, '{"pairs": [["o escritório", "la oficina"], ["o chefe", "el jefe"], ["o funcionário", "el empleado"], ["a reunião", "la reunión"], ["o salário", "el sueldo"]]}'::jsonb, 0.15, array['vocab_f1','reading']) on conflict (id) do nothing;
insert into content_items(id,course_id,cefr_level,skill,type,prompt,payload,correct_answer,difficulty,tags) values ('d5ce114f-b042-5ae1-8e4b-703f304c2860', '20000000-0000-0000-0000-000000000002', 'B1', 'reading', 'match', 'Empareja cada palabra con su traducción.', '{"pairs": [{"en": "demitir", "es": "despedir"}, {"en": "tarefa", "es": "la tarea"}, {"en": "cargo", "es": "el puesto"}, {"en": "o crachá", "es": "la identificación"}, {"en": "currículo", "es": "el currículum"}]}'::jsonb, '{"pairs": [["demitir", "despedir"], ["tarefa", "la tarea"], ["cargo", "el puesto"], ["o crachá", "la identificación"], ["currículo", "el currículum"]]}'::jsonb, 0.15, array['vocab_f1','reading']) on conflict (id) do nothing;
insert into content_items(id,course_id,cefr_level,skill,type,prompt,payload,correct_answer,difficulty,tags) values ('238fb2bd-a3e6-59c8-9eea-fa00c240d59e', '20000000-0000-0000-0000-000000000002', 'B1', 'writing', 'cloze', 'Completa la frase con la palabra que falta.', '{"text": "Consegui um emprego melhor perto de casa.", "audio_url": "https://wiauinufpbkmjlbqlkxo.supabase.co/storage/v1/object/public/audio/items/238fb2bd-a3e6-59c8-9eea-fa00c240d59e.mp3"}'::jsonb, '{"value": "emprego", "accepted": ["emprego"]}'::jsonb, 0.35, array['vocab_f1','writing']) on conflict (id) do nothing;
insert into content_items(id,course_id,cefr_level,skill,type,prompt,payload,correct_answer,difficulty,tags) values ('de097b60-0d92-526e-a021-5d1311cb0a79', '20000000-0000-0000-0000-000000000002', 'B1', 'writing', 'cloze', 'Completa la frase con la palabra que falta.', '{"text": "Nossa equipe trabalha muito bem em conjunto.", "audio_url": "https://wiauinufpbkmjlbqlkxo.supabase.co/storage/v1/object/public/audio/items/de097b60-0d92-526e-a021-5d1311cb0a79.mp3"}'::jsonb, '{"value": "equipe", "accepted": ["equipe"]}'::jsonb, 0.35, array['vocab_f1','writing']) on conflict (id) do nothing;
insert into content_items(id,course_id,cefr_level,skill,type,prompt,payload,correct_answer,difficulty,tags) values ('fbad428c-8fc3-5932-8ab9-a79b930ddddc', '20000000-0000-0000-0000-000000000002', 'B1', 'writing', 'cloze', 'Completa la frase con la palabra que falta.', '{"text": "A demissão do gerente surpreendeu toda a equipe.", "audio_url": "https://wiauinufpbkmjlbqlkxo.supabase.co/storage/v1/object/public/audio/items/fbad428c-8fc3-5932-8ab9-a79b930ddddc.mp3"}'::jsonb, '{"value": "a demissão", "accepted": ["a demissão"]}'::jsonb, 0.35, array['vocab_f1','writing']) on conflict (id) do nothing;
insert into content_items(id,course_id,cefr_level,skill,type,prompt,payload,correct_answer,difficulty,tags) values ('2ecfbae6-94f1-58f9-bd03-f97b409f57ac', '20000000-0000-0000-0000-000000000002', 'B1', 'writing', 'cloze', 'Completa la frase con la palabra que falta.', '{"text": "As férias deste ano serão em dezembro.", "audio_url": "https://wiauinufpbkmjlbqlkxo.supabase.co/storage/v1/object/public/audio/items/2ecfbae6-94f1-58f9-bd03-f97b409f57ac.mp3"}'::jsonb, '{"value": "as férias", "accepted": ["as férias"]}'::jsonb, 0.35, array['vocab_f1','writing']) on conflict (id) do nothing;
insert into content_items(id,course_id,cefr_level,skill,type,prompt,payload,correct_answer,difficulty,tags) values ('2376fee0-c8dd-5ca5-9320-d1ae4664f60a', '20000000-0000-0000-0000-000000000002', 'B1', 'writing', 'cloze', 'Completa la frase con la palabra que falta.', '{"text": "Terminei o relatório mensal e enviei ao diretor.", "audio_url": "https://wiauinufpbkmjlbqlkxo.supabase.co/storage/v1/object/public/audio/items/2376fee0-c8dd-5ca5-9320-d1ae4664f60a.mp3"}'::jsonb, '{"value": "o relatório", "accepted": ["o relatório"]}'::jsonb, 0.35, array['vocab_f1','writing']) on conflict (id) do nothing;
insert into content_items(id,course_id,cefr_level,skill,type,prompt,payload,correct_answer,difficulty,tags) values ('94cffadb-1a08-54bd-84fe-a7c49cfdfa42', '20000000-0000-0000-0000-000000000002', 'B1', 'writing', 'cloze', 'Completa la frase con la palabra que falta.', '{"text": "A renda mensal dele aumentou com o novo emprego.", "audio_url": "https://wiauinufpbkmjlbqlkxo.supabase.co/storage/v1/object/public/audio/items/94cffadb-1a08-54bd-84fe-a7c49cfdfa42.mp3"}'::jsonb, '{"value": "a renda", "accepted": ["a renda"]}'::jsonb, 0.35, array['vocab_f1','writing']) on conflict (id) do nothing;
insert into content_items(id,course_id,cefr_level,skill,type,prompt,payload,correct_answer,difficulty,tags) values ('eae18d25-ff5c-5665-ac3e-23084e75a720', '20000000-0000-0000-0000-000000000002', 'B1', 'writing', 'cloze', 'Completa la frase con la palabra que falta.', '{"text": "Fiz um estágio de seis meses numa empresa.", "audio_url": "https://wiauinufpbkmjlbqlkxo.supabase.co/storage/v1/object/public/audio/items/eae18d25-ff5c-5665-ac3e-23084e75a720.mp3"}'::jsonb, '{"value": "estágio", "accepted": ["estágio"]}'::jsonb, 0.35, array['vocab_f1','writing']) on conflict (id) do nothing;
insert into content_items(id,course_id,cefr_level,skill,type,prompt,payload,correct_answer,difficulty,tags) values ('d39c322f-a47a-55ba-a8a5-8ebee215702e', '20000000-0000-0000-0000-000000000002', 'B1', 'writing', 'cloze', 'Completa la frase con la palabra que falta.', '{"text": "Falta a assinatura do gerente no contrato.", "audio_url": "https://wiauinufpbkmjlbqlkxo.supabase.co/storage/v1/object/public/audio/items/d39c322f-a47a-55ba-a8a5-8ebee215702e.mp3"}'::jsonb, '{"value": "a assinatura", "accepted": ["a assinatura"]}'::jsonb, 0.35, array['vocab_f1','writing']) on conflict (id) do nothing;
insert into content_items(id,course_id,cefr_level,skill,type,prompt,payload,correct_answer,difficulty,tags) values ('b7329ae1-069a-50a2-9275-1fe92ca8bea5', '20000000-0000-0000-0000-000000000002', 'B1', 'writing', 'cloze', 'Completa la frase con la palabra que falta.', '{"text": "A atendente ficou atrás do balcão o dia todo.", "audio_url": "https://wiauinufpbkmjlbqlkxo.supabase.co/storage/v1/object/public/audio/items/b7329ae1-069a-50a2-9275-1fe92ca8bea5.mp3"}'::jsonb, '{"value": "balcão", "accepted": ["balcão"]}'::jsonb, 0.35, array['vocab_f1','writing']) on conflict (id) do nothing;
insert into content_items(id,course_id,cefr_level,skill,type,prompt,payload,correct_answer,difficulty,tags) values ('bac43b7f-265f-5076-9764-fbfe1436f6b8', '20000000-0000-0000-0000-000000000002', 'B1', 'writing', 'cloze', 'Completa la frase con la palabra que falta.', '{"text": "O desempenho da equipe melhorou muito neste trimestre.", "audio_url": "https://wiauinufpbkmjlbqlkxo.supabase.co/storage/v1/object/public/audio/items/bac43b7f-265f-5076-9764-fbfe1436f6b8.mp3"}'::jsonb, '{"value": "o desempenho", "accepted": ["o desempenho"]}'::jsonb, 0.35, array['vocab_f1','writing']) on conflict (id) do nothing;
insert into content_items(id,course_id,cefr_level,skill,type,prompt,payload,correct_answer,difficulty,tags) values ('829ee8bc-ea84-5f00-8fb5-7128fb4838a4', '20000000-0000-0000-0000-000000000002', 'B1', 'writing', 'cloze', 'Completa la frase con la palabra que falta.', '{"text": "A fábrica passou a empregar mais pessoas este ano.", "audio_url": "https://wiauinufpbkmjlbqlkxo.supabase.co/storage/v1/object/public/audio/items/829ee8bc-ea84-5f00-8fb5-7128fb4838a4.mp3"}'::jsonb, '{"value": "empregar", "accepted": ["empregar"]}'::jsonb, 0.35, array['vocab_f1','writing']) on conflict (id) do nothing;
insert into content_items(id,course_id,cefr_level,skill,type,prompt,payload,correct_answer,difficulty,tags) values ('0b8772e0-8cfc-5a1b-be18-d0196a2c7c1e', '20000000-0000-0000-0000-000000000002', 'B1', 'reading', 'match', 'Empareja cada palabra con su traducción.', '{"pairs": [{"en": "emprego", "es": "el empleo"}, {"en": "equipe", "es": "el equipo"}, {"en": "a demissão", "es": "el despido"}, {"en": "as férias", "es": "las vacaciones"}, {"en": "o relatório", "es": "el informe"}]}'::jsonb, '{"pairs": [["emprego", "el empleo"], ["equipe", "el equipo"], ["a demissão", "el despido"], ["as férias", "las vacaciones"], ["o relatório", "el informe"]]}'::jsonb, 0.15, array['vocab_f1','reading']) on conflict (id) do nothing;
insert into content_items(id,course_id,cefr_level,skill,type,prompt,payload,correct_answer,difficulty,tags) values ('0889d5b2-5d05-524a-9a8c-9d753ccad3fb', '20000000-0000-0000-0000-000000000002', 'B1', 'reading', 'match', 'Empareja cada palabra con su traducción.', '{"pairs": [{"en": "a renda", "es": "el ingreso"}, {"en": "estágio", "es": "la pasantía"}, {"en": "a assinatura", "es": "la firma"}, {"en": "balcão", "es": "el mostrador"}, {"en": "o desempenho", "es": "el desempeño"}]}'::jsonb, '{"pairs": [["a renda", "el ingreso"], ["estágio", "la pasantía"], ["a assinatura", "la firma"], ["balcão", "el mostrador"], ["o desempenho", "el desempeño"]]}'::jsonb, 0.15, array['vocab_f1','reading']) on conflict (id) do nothing;
insert into content_items(id,course_id,cefr_level,skill,type,prompt,payload,correct_answer,difficulty,tags) values ('46f6cb34-03e3-5497-8e8b-52994ffbc19a', '20000000-0000-0000-0000-000000000002', 'B1', 'writing', 'cloze', 'Completa la frase con la palabra que falta.', '{"text": "O trovão assustou as crianças durante a tempestade.", "audio_url": "https://wiauinufpbkmjlbqlkxo.supabase.co/storage/v1/object/public/audio/items/46f6cb34-03e3-5497-8e8b-52994ffbc19a.mp3"}'::jsonb, '{"value": "o trovão", "accepted": ["o trovão"]}'::jsonb, 0.35, array['vocab_f1','writing']) on conflict (id) do nothing;
insert into content_items(id,course_id,cefr_level,skill,type,prompt,payload,correct_answer,difficulty,tags) values ('dcccbbed-e06a-5f54-bfb1-e6ce49ffecad', '20000000-0000-0000-0000-000000000002', 'B1', 'writing', 'cloze', 'Completa la frase con la palabra que falta.', '{"text": "A enchente destruiu várias casas perto do rio.", "audio_url": "https://wiauinufpbkmjlbqlkxo.supabase.co/storage/v1/object/public/audio/items/dcccbbed-e06a-5f54-bfb1-e6ce49ffecad.mp3"}'::jsonb, '{"value": "a enchente", "accepted": ["a enchente"]}'::jsonb, 0.35, array['vocab_f1','writing']) on conflict (id) do nothing;
insert into content_items(id,course_id,cefr_level,skill,type,prompt,payload,correct_answer,difficulty,tags) values ('17351377-ad64-552f-bd97-1b9a416eaf71', '20000000-0000-0000-0000-000000000002', 'B1', 'writing', 'cloze', 'Completa la frase con la palabra que falta.', '{"text": "A inundação cobriu as ruas da cidade inteira.", "audio_url": "https://wiauinufpbkmjlbqlkxo.supabase.co/storage/v1/object/public/audio/items/17351377-ad64-552f-bd97-1b9a416eaf71.mp3"}'::jsonb, '{"value": "a inundação", "accepted": ["a inundação"]}'::jsonb, 0.35, array['vocab_f1','writing']) on conflict (id) do nothing;
insert into content_items(id,course_id,cefr_level,skill,type,prompt,payload,correct_answer,difficulty,tags) values ('18c88621-8506-5146-88a0-39a7a92c62cc', '20000000-0000-0000-0000-000000000002', 'B1', 'writing', 'cloze', 'Completa la frase con la palabra que falta.', '{"text": "O orvalho cobria a grama fresca pela manhã.", "audio_url": "https://wiauinufpbkmjlbqlkxo.supabase.co/storage/v1/object/public/audio/items/18c88621-8506-5146-88a0-39a7a92c62cc.mp3"}'::jsonb, '{"value": "o orvalho", "accepted": ["o orvalho"]}'::jsonb, 0.35, array['vocab_f1','writing']) on conflict (id) do nothing;
insert into content_items(id,course_id,cefr_level,skill,type,prompt,payload,correct_answer,difficulty,tags) values ('ebb96c2d-4b65-50b3-bea6-fd6a0d0f8851', '20000000-0000-0000-0000-000000000002', 'B1', 'writing', 'cloze', 'Completa la frase con la palabra que falta.', '{"text": "A neblina densa escondia as montanhas ao amanhecer.", "audio_url": "https://wiauinufpbkmjlbqlkxo.supabase.co/storage/v1/object/public/audio/items/ebb96c2d-4b65-50b3-bea6-fd6a0d0f8851.mp3"}'::jsonb, '{"value": "a neblina", "accepted": ["a neblina"]}'::jsonb, 0.35, array['vocab_f1','writing']) on conflict (id) do nothing;
insert into content_items(id,course_id,cefr_level,skill,type,prompt,payload,correct_answer,difficulty,tags) values ('89fd5bcf-62d0-5aca-a3e7-a0264ce93a03', '20000000-0000-0000-0000-000000000002', 'B1', 'writing', 'cloze', 'Completa la frase con la palabra que falta.', '{"text": "As crianças brincavam na areia quente da praia.", "audio_url": "https://wiauinufpbkmjlbqlkxo.supabase.co/storage/v1/object/public/audio/items/89fd5bcf-62d0-5aca-a3e7-a0264ce93a03.mp3"}'::jsonb, '{"value": "areia", "accepted": ["areia"]}'::jsonb, 0.35, array['vocab_f1','writing']) on conflict (id) do nothing;
insert into content_items(id,course_id,cefr_level,skill,type,prompt,payload,correct_answer,difficulty,tags) values ('657c5887-767d-5874-890e-c7c302b061c1', '20000000-0000-0000-0000-000000000002', 'B1', 'writing', 'cloze', 'Completa la frase con la palabra que falta.', '{"text": "Uma onda gigante quebrou contra as rochas.", "audio_url": "https://wiauinufpbkmjlbqlkxo.supabase.co/storage/v1/object/public/audio/items/657c5887-767d-5874-890e-c7c302b061c1.mp3"}'::jsonb, '{"value": "onda", "accepted": ["onda"]}'::jsonb, 0.35, array['vocab_f1','writing']) on conflict (id) do nothing;
insert into content_items(id,course_id,cefr_level,skill,type,prompt,payload,correct_answer,difficulty,tags) values ('871a377b-3b51-5e34-9bc7-5bfba35885c7', '20000000-0000-0000-0000-000000000002', 'B1', 'writing', 'cloze', 'Completa la frase con la palabra que falta.', '{"text": "A maré subiu rápido e molhou nossas coisas.", "audio_url": "https://wiauinufpbkmjlbqlkxo.supabase.co/storage/v1/object/public/audio/items/871a377b-3b51-5e34-9bc7-5bfba35885c7.mp3"}'::jsonb, '{"value": "a maré", "accepted": ["a maré"]}'::jsonb, 0.35, array['vocab_f1','writing']) on conflict (id) do nothing;
insert into content_items(id,course_id,cefr_level,skill,type,prompt,payload,correct_answer,difficulty,tags) values ('6ceb5fb1-23a3-5fb0-8e3e-1eb91a6183c2', '20000000-0000-0000-0000-000000000002', 'B1', 'writing', 'cloze', 'Completa la frase con la palabra que falta.', '{"text": "A geada cobriu os campos durante o inverno rigoroso.", "audio_url": "https://wiauinufpbkmjlbqlkxo.supabase.co/storage/v1/object/public/audio/items/6ceb5fb1-23a3-5fb0-8e3e-1eb91a6183c2.mp3"}'::jsonb, '{"value": "a geada", "accepted": ["a geada"]}'::jsonb, 0.35, array['vocab_f1','writing']) on conflict (id) do nothing;
insert into content_items(id,course_id,cefr_level,skill,type,prompt,payload,correct_answer,difficulty,tags) values ('2238280a-3f76-5799-a8bc-6def35ee4f04', '20000000-0000-0000-0000-000000000002', 'B1', 'writing', 'cloze', 'Completa la frase con la palabra que falta.', '{"text": "O cachorro pulou dentro da poça de água.", "audio_url": "https://wiauinufpbkmjlbqlkxo.supabase.co/storage/v1/object/public/audio/items/2238280a-3f76-5799-a8bc-6def35ee4f04.mp3"}'::jsonb, '{"value": "poça", "accepted": ["poça"]}'::jsonb, 0.35, array['vocab_f1','writing']) on conflict (id) do nothing;
insert into content_items(id,course_id,cefr_level,skill,type,prompt,payload,correct_answer,difficulty,tags) values ('05e74a69-710b-5445-bcd6-005cda39784d', '20000000-0000-0000-0000-000000000002', 'B1', 'reading', 'match', 'Empareja cada palabra con su traducción.', '{"pairs": [{"en": "o trovão", "es": "trueno"}, {"en": "a enchente", "es": "inundación"}]}'::jsonb, '{"pairs": [["o trovão", "trueno"], ["a enchente", "inundación"]]}'::jsonb, 0.15, array['vocab_f1','reading']) on conflict (id) do nothing;
insert into content_items(id,course_id,cefr_level,skill,type,prompt,payload,correct_answer,difficulty,tags) values ('0f494e84-72bd-5494-9616-797bc6fe8c9b', '20000000-0000-0000-0000-000000000002', 'B1', 'reading', 'match', 'Empareja cada palabra con su traducción.', '{"pairs": [{"en": "a inundação", "es": "inundación"}, {"en": "o orvalho", "es": "rocío"}, {"en": "a neblina", "es": "niebla"}, {"en": "areia", "es": "arena"}, {"en": "onda", "es": "ola"}]}'::jsonb, '{"pairs": [["a inundação", "inundación"], ["o orvalho", "rocío"], ["a neblina", "niebla"], ["areia", "arena"], ["onda", "ola"]]}'::jsonb, 0.15, array['vocab_f1','reading']) on conflict (id) do nothing;
insert into content_items(id,course_id,cefr_level,skill,type,prompt,payload,correct_answer,difficulty,tags) values ('dc7c8ade-3cb1-5797-a41f-99d61d9714e2', '20000000-0000-0000-0000-000000000002', 'B1', 'reading', 'match', 'Empareja cada palabra con su traducción.', '{"pairs": [{"en": "a maré", "es": "marea"}, {"en": "a geada", "es": "escarcha"}, {"en": "poça", "es": "charco"}]}'::jsonb, '{"pairs": [["a maré", "marea"], ["a geada", "escarcha"], ["poça", "charco"]]}'::jsonb, 0.15, array['vocab_f1','reading']) on conflict (id) do nothing;
insert into content_items(id,course_id,cefr_level,skill,type,prompt,payload,correct_answer,difficulty,tags) values ('b56dbf29-873b-54ba-9946-27e688949015', '20000000-0000-0000-0000-000000000002', 'B1', 'writing', 'cloze', 'Completa la frase con la palabra que falta.', '{"text": "Nossos sapatos ficaram cheios de lama na trilha.", "audio_url": "https://wiauinufpbkmjlbqlkxo.supabase.co/storage/v1/object/public/audio/items/b56dbf29-873b-54ba-9946-27e688949015.mp3"}'::jsonb, '{"value": "lama", "accepted": ["lama"]}'::jsonb, 0.35, array['vocab_f1','writing']) on conflict (id) do nothing;
insert into content_items(id,course_id,cefr_level,skill,type,prompt,payload,correct_answer,difficulty,tags) values ('d6b4d6e9-54d1-5000-9699-ad68d123c24c', '20000000-0000-0000-0000-000000000002', 'B1', 'writing', 'cloze', 'Completa la frase con la palabra que falta.', '{"text": "Um riacho cristalino corria entre as árvores altas.", "audio_url": "https://wiauinufpbkmjlbqlkxo.supabase.co/storage/v1/object/public/audio/items/d6b4d6e9-54d1-5000-9699-ad68d123c24c.mp3"}'::jsonb, '{"value": "riacho", "accepted": ["riacho"]}'::jsonb, 0.35, array['vocab_f1','writing']) on conflict (id) do nothing;
insert into content_items(id,course_id,cefr_level,skill,type,prompt,payload,correct_answer,difficulty,tags) values ('c4e1f58a-671b-5278-ab0e-66fe4b95ba90', '20000000-0000-0000-0000-000000000002', 'B1', 'writing', 'cloze', 'Completa la frase con la palabra que falta.', '{"text": "O amanhecer pintou o céu de laranja e rosa.", "audio_url": "https://wiauinufpbkmjlbqlkxo.supabase.co/storage/v1/object/public/audio/items/c4e1f58a-671b-5278-ab0e-66fe4b95ba90.mp3"}'::jsonb, '{"value": "o amanhecer", "accepted": ["o amanhecer"]}'::jsonb, 0.35, array['vocab_f1','writing']) on conflict (id) do nothing;
insert into content_items(id,course_id,cefr_level,skill,type,prompt,payload,correct_answer,difficulty,tags) values ('453c166f-49ee-5ba9-8a30-824b57dcc2ae', '20000000-0000-0000-0000-000000000002', 'B1', 'writing', 'cloze', 'Completa la frase con la palabra que falta.', '{"text": "Gostamos de caminhar na praia ao entardecer.", "audio_url": "https://wiauinufpbkmjlbqlkxo.supabase.co/storage/v1/object/public/audio/items/453c166f-49ee-5ba9-8a30-824b57dcc2ae.mp3"}'::jsonb, '{"value": "entardecer", "accepted": ["entardecer"]}'::jsonb, 0.35, array['vocab_f1','writing']) on conflict (id) do nothing;
insert into content_items(id,course_id,cefr_level,skill,type,prompt,payload,correct_answer,difficulty,tags) values ('194a6122-7bf4-5b93-afba-0d51b22fc85d', '20000000-0000-0000-0000-000000000002', 'B1', 'writing', 'cloze', 'Completa la frase con la palabra que falta.', '{"text": "O nevoeiro impediu os aviões de decolarem hoje.", "audio_url": "https://wiauinufpbkmjlbqlkxo.supabase.co/storage/v1/object/public/audio/items/194a6122-7bf4-5b93-afba-0d51b22fc85d.mp3"}'::jsonb, '{"value": "o nevoeiro", "accepted": ["o nevoeiro"]}'::jsonb, 0.35, array['vocab_f1','writing']) on conflict (id) do nothing;
insert into content_items(id,course_id,cefr_level,skill,type,prompt,payload,correct_answer,difficulty,tags) values ('770edc49-d245-5284-8119-933e86505c06', '20000000-0000-0000-0000-000000000002', 'B1', 'writing', 'cloze', 'Completa la frase con la palabra que falta.', '{"text": "A paisagem daquele vale é simplesmente deslumbrante.", "audio_url": "https://wiauinufpbkmjlbqlkxo.supabase.co/storage/v1/object/public/audio/items/770edc49-d245-5284-8119-933e86505c06.mp3"}'::jsonb, '{"value": "a paisagem", "accepted": ["a paisagem"]}'::jsonb, 0.35, array['vocab_f1','writing']) on conflict (id) do nothing;
insert into content_items(id,course_id,cefr_level,skill,type,prompt,payload,correct_answer,difficulty,tags) values ('777c61b3-5ff4-5892-aa0c-4796f94c3b63', '20000000-0000-0000-0000-000000000002', 'B1', 'writing', 'cloze', 'Completa la frase con la palabra que falta.', '{"text": "A trilha terminava num penhasco sobre o mar.", "audio_url": "https://wiauinufpbkmjlbqlkxo.supabase.co/storage/v1/object/public/audio/items/777c61b3-5ff4-5892-aa0c-4796f94c3b63.mp3"}'::jsonb, '{"value": "penhasco", "accepted": ["penhasco"]}'::jsonb, 0.35, array['vocab_f1','writing']) on conflict (id) do nothing;
insert into content_items(id,course_id,cefr_level,skill,type,prompt,payload,correct_answer,difficulty,tags) values ('70633d74-55a0-527d-af33-28c65a61a751', '20000000-0000-0000-0000-000000000002', 'B1', 'writing', 'cloze', 'Completa la frase con la palabra que falta.', '{"text": "A correnteza do rio estava muito forte ontem.", "audio_url": "https://wiauinufpbkmjlbqlkxo.supabase.co/storage/v1/object/public/audio/items/70633d74-55a0-527d-af33-28c65a61a751.mp3"}'::jsonb, '{"value": "a correnteza", "accepted": ["a correnteza"]}'::jsonb, 0.35, array['vocab_f1','writing']) on conflict (id) do nothing;
insert into content_items(id,course_id,cefr_level,skill,type,prompt,payload,correct_answer,difficulty,tags) values ('4ddfdcbd-3278-5396-bd31-919b55becc31', '20000000-0000-0000-0000-000000000002', 'B1', 'writing', 'cloze', 'Completa la frase con la palabra que falta.', '{"text": "Foi um dia ensolarado, perfeito para a caminhada.", "audio_url": "https://wiauinufpbkmjlbqlkxo.supabase.co/storage/v1/object/public/audio/items/4ddfdcbd-3278-5396-bd31-919b55becc31.mp3"}'::jsonb, '{"value": "ensolarado", "accepted": ["ensolarado"]}'::jsonb, 0.35, array['vocab_f1','writing']) on conflict (id) do nothing;
insert into content_items(id,course_id,cefr_level,skill,type,prompt,payload,correct_answer,difficulty,tags) values ('6f9cc752-f1cf-5ad3-8ada-e90ef1b01dda', '20000000-0000-0000-0000-000000000002', 'B1', 'reading', 'match', 'Empareja cada palabra con su traducción.', '{"pairs": [{"en": "lama", "es": "barro"}, {"en": "riacho", "es": "arroyo"}, {"en": "o amanhecer", "es": "amanecer"}, {"en": "entardecer", "es": "atardecer"}, {"en": "o nevoeiro", "es": "niebla espesa"}]}'::jsonb, '{"pairs": [["lama", "barro"], ["riacho", "arroyo"], ["o amanhecer", "amanecer"], ["entardecer", "atardecer"], ["o nevoeiro", "niebla espesa"]]}'::jsonb, 0.15, array['vocab_f1','reading']) on conflict (id) do nothing;
insert into content_items(id,course_id,cefr_level,skill,type,prompt,payload,correct_answer,difficulty,tags) values ('6eecca94-2452-5330-b687-5239d6a5ba0a', '20000000-0000-0000-0000-000000000002', 'B1', 'reading', 'match', 'Empareja cada palabra con su traducción.', '{"pairs": [{"en": "a paisagem", "es": "paisaje"}, {"en": "penhasco", "es": "acantilado"}, {"en": "a correnteza", "es": "corriente"}, {"en": "ensolarado", "es": "soleado"}]}'::jsonb, '{"pairs": [["a paisagem", "paisaje"], ["penhasco", "acantilado"], ["a correnteza", "corriente"], ["ensolarado", "soleado"]]}'::jsonb, 0.15, array['vocab_f1','reading']) on conflict (id) do nothing;
insert into content_items(id,course_id,cefr_level,skill,type,prompt,payload,correct_answer,difficulty,tags) values ('cea76437-114e-5cf7-9aaa-06bd841f1ee9', '20000000-0000-0000-0000-000000000002', 'B1', 'writing', 'cloze', 'Completa la frase con la palabra que falta.', '{"text": "Ele está muito orgulhoso do seu filho.", "audio_url": "https://wiauinufpbkmjlbqlkxo.supabase.co/storage/v1/object/public/audio/items/cea76437-114e-5cf7-9aaa-06bd841f1ee9.mp3"}'::jsonb, '{"value": "orgulhoso", "accepted": ["orgulhoso"]}'::jsonb, 0.35, array['vocab_f1','writing']) on conflict (id) do nothing;
insert into content_items(id,course_id,cefr_level,skill,type,prompt,payload,correct_answer,difficulty,tags) values ('dbcba8cc-f854-5c2f-a244-dd776366394d', '20000000-0000-0000-0000-000000000002', 'B1', 'writing', 'cloze', 'Completa la frase con la palabra que falta.', '{"text": "O bombeiro foi corajoso ao salvar o gato.", "audio_url": "https://wiauinufpbkmjlbqlkxo.supabase.co/storage/v1/object/public/audio/items/dbcba8cc-f854-5c2f-a244-dd776366394d.mp3"}'::jsonb, '{"value": "corajoso", "accepted": ["corajoso"]}'::jsonb, 0.35, array['vocab_f1','writing']) on conflict (id) do nothing;
insert into content_items(id,course_id,cefr_level,skill,type,prompt,payload,correct_answer,difficulty,tags) values ('ee42feef-9e95-576e-bfab-45cac62c4c69', '20000000-0000-0000-0000-000000000002', 'B1', 'writing', 'cloze', 'Completa la frase con la palabra que falta.', '{"text": "Meu irmão é teimoso e nunca cede.", "audio_url": "https://wiauinufpbkmjlbqlkxo.supabase.co/storage/v1/object/public/audio/items/ee42feef-9e95-576e-bfab-45cac62c4c69.mp3"}'::jsonb, '{"value": "teimoso", "accepted": ["teimoso"]}'::jsonb, 0.35, array['vocab_f1','writing']) on conflict (id) do nothing;
insert into content_items(id,course_id,cefr_level,skill,type,prompt,payload,correct_answer,difficulty,tags) values ('649900a1-a536-5cfb-b9de-49f4b1d9a943', '20000000-0000-0000-0000-000000000002', 'B1', 'writing', 'cloze', 'Completa la frase con la palabra que falta.', '{"text": "Aquele barulho é muito esquisito à noite.", "audio_url": "https://wiauinufpbkmjlbqlkxo.supabase.co/storage/v1/object/public/audio/items/649900a1-a536-5cfb-b9de-49f4b1d9a943.mp3"}'::jsonb, '{"value": "esquisito", "accepted": ["esquisito"]}'::jsonb, 0.35, array['vocab_f1','writing']) on conflict (id) do nothing;
insert into content_items(id,course_id,cefr_level,skill,type,prompt,payload,correct_answer,difficulty,tags) values ('51ccaf2b-7f40-5d8b-ba52-3c71c3ddf90a', '20000000-0000-0000-0000-000000000002', 'B1', 'writing', 'cloze', 'Completa la frase con la palabra que falta.', '{"text": "Ele ficou embaraçado ao esquecer o nome dela.", "audio_url": "https://wiauinufpbkmjlbqlkxo.supabase.co/storage/v1/object/public/audio/items/51ccaf2b-7f40-5d8b-ba52-3c71c3ddf90a.mp3"}'::jsonb, '{"value": "embaraçado", "accepted": ["embaraçado"]}'::jsonb, 0.35, array['vocab_f1','writing']) on conflict (id) do nothing;
insert into content_items(id,course_id,cefr_level,skill,type,prompt,payload,correct_answer,difficulty,tags) values ('eaee2d40-6e25-54dc-87d3-cf566a8db1ec', '20000000-0000-0000-0000-000000000002', 'B1', 'writing', 'cloze', 'Completa la frase con la palabra que falta.', '{"text": "Meu gato é preguiçoso e dorme o dia todo.", "audio_url": "https://wiauinufpbkmjlbqlkxo.supabase.co/storage/v1/object/public/audio/items/eaee2d40-6e25-54dc-87d3-cf566a8db1ec.mp3"}'::jsonb, '{"value": "preguiçoso", "accepted": ["preguiçoso"]}'::jsonb, 0.35, array['vocab_f1','writing']) on conflict (id) do nothing;
insert into content_items(id,course_id,cefr_level,skill,type,prompt,payload,correct_answer,difficulty,tags) values ('a6138fde-0401-5803-ac5f-5626f3c26fc8', '20000000-0000-0000-0000-000000000002', 'B1', 'writing', 'cloze', 'Completa la frase con la palabra que falta.', '{"text": "Ele é ciumento quando ela fala com outros.", "audio_url": "https://wiauinufpbkmjlbqlkxo.supabase.co/storage/v1/object/public/audio/items/a6138fde-0401-5803-ac5f-5626f3c26fc8.mp3"}'::jsonb, '{"value": "ciumento", "accepted": ["ciumento"]}'::jsonb, 0.35, array['vocab_f1','writing']) on conflict (id) do nothing;
insert into content_items(id,course_id,cefr_level,skill,type,prompt,payload,correct_answer,difficulty,tags) values ('14c206d3-3b16-5680-9b98-7a58b2d08dde', '20000000-0000-0000-0000-000000000002', 'B1', 'writing', 'cloze', 'Completa la frase con la palabra que falta.', '{"text": "Fiquei chateado porque você não me avisou.", "audio_url": "https://wiauinufpbkmjlbqlkxo.supabase.co/storage/v1/object/public/audio/items/14c206d3-3b16-5680-9b98-7a58b2d08dde.mp3"}'::jsonb, '{"value": "chateado", "accepted": ["chateado"]}'::jsonb, 0.35, array['vocab_f1','writing']) on conflict (id) do nothing;
insert into content_items(id,course_id,cefr_level,skill,type,prompt,payload,correct_answer,difficulty,tags) values ('9a09134d-877e-533b-a94f-da5bca311383', '20000000-0000-0000-0000-000000000002', 'B1', 'writing', 'cloze', 'Completa la frase con la palabra que falta.', '{"text": "Aquele cliente foi grosseiro com a atendente.", "audio_url": "https://wiauinufpbkmjlbqlkxo.supabase.co/storage/v1/object/public/audio/items/9a09134d-877e-533b-a94f-da5bca311383.mp3"}'::jsonb, '{"value": "grosseiro", "accepted": ["grosseiro"]}'::jsonb, 0.35, array['vocab_f1','writing']) on conflict (id) do nothing;
insert into content_items(id,course_id,cefr_level,skill,type,prompt,payload,correct_answer,difficulty,tags) values ('0721a1ad-1ebe-5747-a473-8dc6492f70c0', '20000000-0000-0000-0000-000000000002', 'B1', 'writing', 'cloze', 'Completa la frase con la palabra que falta.', '{"text": "Ela é muito sensível e chora com filmes.", "audio_url": "https://wiauinufpbkmjlbqlkxo.supabase.co/storage/v1/object/public/audio/items/0721a1ad-1ebe-5747-a473-8dc6492f70c0.mp3"}'::jsonb, '{"value": "sensível", "accepted": ["sensível"]}'::jsonb, 0.35, array['vocab_f1','writing']) on conflict (id) do nothing;
insert into content_items(id,course_id,cefr_level,skill,type,prompt,payload,correct_answer,difficulty,tags) values ('48df15ea-70c2-50f0-8c72-269ea0762014', '20000000-0000-0000-0000-000000000002', 'B1', 'reading', 'match', 'Empareja cada palabra con su traducción.', '{"pairs": [{"en": "orgulhoso", "es": "orgulloso"}, {"en": "corajoso", "es": "valiente"}, {"en": "teimoso", "es": "terco"}, {"en": "esquisito", "es": "raro"}, {"en": "embaraçado", "es": "avergonzado"}]}'::jsonb, '{"pairs": [["orgulhoso", "orgulloso"], ["corajoso", "valiente"], ["teimoso", "terco"], ["esquisito", "raro"], ["embaraçado", "avergonzado"]]}'::jsonb, 0.15, array['vocab_f1','reading']) on conflict (id) do nothing;
insert into content_items(id,course_id,cefr_level,skill,type,prompt,payload,correct_answer,difficulty,tags) values ('1f7c7042-b011-5515-a274-7ba58fddc88c', '20000000-0000-0000-0000-000000000002', 'B1', 'reading', 'match', 'Empareja cada palabra con su traducción.', '{"pairs": [{"en": "preguiçoso", "es": "perezoso"}, {"en": "ciumento", "es": "celoso"}, {"en": "chateado", "es": "molesto"}, {"en": "grosseiro", "es": "grosero"}, {"en": "sensível", "es": "sensible"}]}'::jsonb, '{"pairs": [["preguiçoso", "perezoso"], ["ciumento", "celoso"], ["chateado", "molesto"], ["grosseiro", "grosero"], ["sensível", "sensible"]]}'::jsonb, 0.15, array['vocab_f1','reading']) on conflict (id) do nothing;
insert into content_items(id,course_id,cefr_level,skill,type,prompt,payload,correct_answer,difficulty,tags) values ('e7b83b77-44e5-575a-b2cf-3874888ffd6e', '20000000-0000-0000-0000-000000000002', 'B1', 'writing', 'cloze', 'Completa la frase con la palabra que falta.', '{"text": "O menino é educado e cumprimenta todos.", "audio_url": "https://wiauinufpbkmjlbqlkxo.supabase.co/storage/v1/object/public/audio/items/e7b83b77-44e5-575a-b2cf-3874888ffd6e.mp3"}'::jsonb, '{"value": "educado", "accepted": ["educado"]}'::jsonb, 0.35, array['vocab_f1','writing']) on conflict (id) do nothing;
insert into content_items(id,course_id,cefr_level,skill,type,prompt,payload,correct_answer,difficulty,tags) values ('42695ccc-02d8-52a6-b157-20fe12051620', '20000000-0000-0000-0000-000000000002', 'B1', 'writing', 'cloze', 'Completa la frase con la palabra que falta.', '{"text": "Meu pai ficou bravo com a bagunça.", "audio_url": "https://wiauinufpbkmjlbqlkxo.supabase.co/storage/v1/object/public/audio/items/42695ccc-02d8-52a6-b157-20fe12051620.mp3"}'::jsonb, '{"value": "bravo", "accepted": ["bravo"]}'::jsonb, 0.35, array['vocab_f1','writing']) on conflict (id) do nothing;
insert into content_items(id,course_id,cefr_level,skill,type,prompt,payload,correct_answer,difficulty,tags) values ('e244b987-adee-5ee3-a5a0-075a7675226f', '20000000-0000-0000-0000-000000000002', 'B1', 'writing', 'cloze', 'Completa la frase con la palabra que falta.', '{"text": "O menino ficou assustado com o trovão.", "audio_url": "https://wiauinufpbkmjlbqlkxo.supabase.co/storage/v1/object/public/audio/items/e244b987-adee-5ee3-a5a0-075a7675226f.mp3"}'::jsonb, '{"value": "assustado", "accepted": ["assustado"]}'::jsonb, 0.35, array['vocab_f1','writing']) on conflict (id) do nothing;
insert into content_items(id,course_id,cefr_level,skill,type,prompt,payload,correct_answer,difficulty,tags) values ('de72f863-7a5b-592b-837b-686af0f026b7', '20000000-0000-0000-0000-000000000002', 'B1', 'writing', 'cloze', 'Completa la frase con la palabra que falta.', '{"text": "Meu namorado é muito carinhoso comigo.", "audio_url": "https://wiauinufpbkmjlbqlkxo.supabase.co/storage/v1/object/public/audio/items/de72f863-7a5b-592b-837b-686af0f026b7.mp3"}'::jsonb, '{"value": "carinhoso", "accepted": ["carinhoso"]}'::jsonb, 0.35, array['vocab_f1','writing']) on conflict (id) do nothing;
insert into content_items(id,course_id,cefr_level,skill,type,prompt,payload,correct_answer,difficulty,tags) values ('88d306d4-627a-5fa7-849e-6f08a67925e0', '20000000-0000-0000-0000-000000000002', 'B1', 'writing', 'cloze', 'Completa la frase con la palabra que falta.', '{"text": "Fiquei nervoso antes da entrevista de emprego.", "audio_url": "https://wiauinufpbkmjlbqlkxo.supabase.co/storage/v1/object/public/audio/items/88d306d4-627a-5fa7-849e-6f08a67925e0.mp3"}'::jsonb, '{"value": "nervoso", "accepted": ["nervoso"]}'::jsonb, 0.35, array['vocab_f1','writing']) on conflict (id) do nothing;
insert into content_items(id,course_id,cefr_level,skill,type,prompt,payload,correct_answer,difficulty,tags) values ('5a77eb85-4f04-5d29-85fa-31b5ff305bf7', '20000000-0000-0000-0000-000000000002', 'B1', 'writing', 'cloze', 'Completa la frase con la palabra que falta.', '{"text": "Ele está apaixonado pela colega de trabalho.", "audio_url": "https://wiauinufpbkmjlbqlkxo.supabase.co/storage/v1/object/public/audio/items/5a77eb85-4f04-5d29-85fa-31b5ff305bf7.mp3"}'::jsonb, '{"value": "apaixonado", "accepted": ["apaixonado"]}'::jsonb, 0.35, array['vocab_f1','writing']) on conflict (id) do nothing;
insert into content_items(id,course_id,cefr_level,skill,type,prompt,payload,correct_answer,difficulty,tags) values ('b980dcfb-2fe1-54b9-a5a6-eac51ef3518b', '20000000-0000-0000-0000-000000000002', 'B1', 'writing', 'cloze', 'Completa la frase con la palabra que falta.', '{"text": "A vizinha é gentil e sempre nos ajuda.", "audio_url": "https://wiauinufpbkmjlbqlkxo.supabase.co/storage/v1/object/public/audio/items/b980dcfb-2fe1-54b9-a5a6-eac51ef3518b.mp3"}'::jsonb, '{"value": "gentil", "accepted": ["gentil"]}'::jsonb, 0.35, array['vocab_f1','writing']) on conflict (id) do nothing;
insert into content_items(id,course_id,cefr_level,skill,type,prompt,payload,correct_answer,difficulty,tags) values ('2aa8a908-ba41-5b12-8e4b-1423b2851b6f', '20000000-0000-0000-0000-000000000002', 'B1', 'writing', 'cloze', 'Completa la frase con la palabra que falta.', '{"text": "Ele é calmo e nunca perde a paciência.", "audio_url": "https://wiauinufpbkmjlbqlkxo.supabase.co/storage/v1/object/public/audio/items/2aa8a908-ba41-5b12-8e4b-1423b2851b6f.mp3"}'::jsonb, '{"value": "calmo", "accepted": ["calmo"]}'::jsonb, 0.35, array['vocab_f1','writing']) on conflict (id) do nothing;
insert into content_items(id,course_id,cefr_level,skill,type,prompt,payload,correct_answer,difficulty,tags) values ('8b6a4133-4d5c-5470-b499-1f9a2c5fbec1', '20000000-0000-0000-0000-000000000002', 'B1', 'writing', 'cloze', 'Completa la frase con la palabra que falta.', '{"text": "Ela sentiu vergonha ao falar em público.", "audio_url": "https://wiauinufpbkmjlbqlkxo.supabase.co/storage/v1/object/public/audio/items/8b6a4133-4d5c-5470-b499-1f9a2c5fbec1.mp3"}'::jsonb, '{"value": "vergonha", "accepted": ["vergonha"]}'::jsonb, 0.35, array['vocab_f1','writing']) on conflict (id) do nothing;
insert into content_items(id,course_id,cefr_level,skill,type,prompt,payload,correct_answer,difficulty,tags) values ('ded4004b-0917-577f-a908-9242dd628403', '20000000-0000-0000-0000-000000000002', 'B1', 'writing', 'cloze', 'Completa la frase con la palabra que falta.', '{"text": "Tenho medo de altura desde criança.", "audio_url": "https://wiauinufpbkmjlbqlkxo.supabase.co/storage/v1/object/public/audio/items/ded4004b-0917-577f-a908-9242dd628403.mp3"}'::jsonb, '{"value": "medo", "accepted": ["medo"]}'::jsonb, 0.35, array['vocab_f1','writing']) on conflict (id) do nothing;
insert into content_items(id,course_id,cefr_level,skill,type,prompt,payload,correct_answer,difficulty,tags) values ('4ff49659-213c-59c6-847f-37a69b4cb746', '20000000-0000-0000-0000-000000000002', 'B1', 'reading', 'match', 'Empareja cada palabra con su traducción.', '{"pairs": [{"en": "educado", "es": "cortés"}, {"en": "bravo", "es": "enojado"}, {"en": "assustado", "es": "asustado"}, {"en": "carinhoso", "es": "cariñoso"}, {"en": "nervoso", "es": "nervioso"}]}'::jsonb, '{"pairs": [["educado", "cortés"], ["bravo", "enojado"], ["assustado", "asustado"], ["carinhoso", "cariñoso"], ["nervoso", "nervioso"]]}'::jsonb, 0.15, array['vocab_f1','reading']) on conflict (id) do nothing;
insert into content_items(id,course_id,cefr_level,skill,type,prompt,payload,correct_answer,difficulty,tags) values ('6ef9b828-a5f7-5a76-8762-cea8f78d2e6a', '20000000-0000-0000-0000-000000000002', 'B1', 'reading', 'match', 'Empareja cada palabra con su traducción.', '{"pairs": [{"en": "apaixonado", "es": "enamorado"}, {"en": "gentil", "es": "amable"}, {"en": "calmo", "es": "tranquilo"}, {"en": "vergonha", "es": "la vergüenza"}, {"en": "medo", "es": "el miedo"}]}'::jsonb, '{"pairs": [["apaixonado", "enamorado"], ["gentil", "amable"], ["calmo", "tranquilo"], ["vergonha", "la vergüenza"], ["medo", "el miedo"]]}'::jsonb, 0.15, array['vocab_f1','reading']) on conflict (id) do nothing;

-- 3) lecciones de vocabulario + lesson_items (antes del checkpoint)
do $$
declare v_unit uuid; v_c int;
begin
  if exists (select 1 from lessons where id='14b86ee6-2c42-5b07-ae2f-c4b93a84e7da') then return; end if;
  select id into v_unit from units where course_id='20000000-0000-0000-0000-000000000002' and order_index=7;
  if v_unit is null then return; end if;
  select min(order_index) into v_c from lessons where unit_id=v_unit and type='checkpoint';
  if v_c is null then select max(order_index)+1 into v_c from lessons where unit_id=v_unit; end if;
  update lessons set order_index=order_index+1000 where unit_id=v_unit and order_index>=v_c;
  insert into lessons(id,unit_id,order_index,title,description,type,xp_reward) values ('14b86ee6-2c42-5b07-ae2f-c4b93a84e7da', v_unit, v_c+0, 'Vocabulario: la ciudad 1', 'Aprende palabras nuevas de alta frecuencia con ejemplos y audio.', 'lesson', 15) on conflict (id) do nothing;
  insert into lesson_items(lesson_id,item_id,order_index) values ('14b86ee6-2c42-5b07-ae2f-c4b93a84e7da', '198d7b81-49a8-53d5-8951-c82ded6548bf', 0) on conflict do nothing;
  insert into lesson_items(lesson_id,item_id,order_index) values ('14b86ee6-2c42-5b07-ae2f-c4b93a84e7da', '8cdcdccd-9c30-5dd2-9d57-1b0397905f8c', 1) on conflict do nothing;
  insert into lesson_items(lesson_id,item_id,order_index) values ('14b86ee6-2c42-5b07-ae2f-c4b93a84e7da', '976c45ae-6fab-55d2-8ffd-052c51df4bcd', 2) on conflict do nothing;
  insert into lesson_items(lesson_id,item_id,order_index) values ('14b86ee6-2c42-5b07-ae2f-c4b93a84e7da', 'd98cf045-82a1-5dba-ab46-2494b2e608bb', 3) on conflict do nothing;
  insert into lesson_items(lesson_id,item_id,order_index) values ('14b86ee6-2c42-5b07-ae2f-c4b93a84e7da', '0268ae9d-08e5-5e7b-b0e7-a41b29494d36', 4) on conflict do nothing;
  insert into lesson_items(lesson_id,item_id,order_index) values ('14b86ee6-2c42-5b07-ae2f-c4b93a84e7da', 'a272f30d-4215-5dd2-981c-2e74d98616c0', 5) on conflict do nothing;
  insert into lesson_items(lesson_id,item_id,order_index) values ('14b86ee6-2c42-5b07-ae2f-c4b93a84e7da', '4c684bdc-f7a3-521f-ba22-e6d773253f09', 6) on conflict do nothing;
  insert into lesson_items(lesson_id,item_id,order_index) values ('14b86ee6-2c42-5b07-ae2f-c4b93a84e7da', 'b11351a0-bb7b-59fe-8c2a-91148737e05f', 7) on conflict do nothing;
  insert into lesson_items(lesson_id,item_id,order_index) values ('14b86ee6-2c42-5b07-ae2f-c4b93a84e7da', '6ec340a3-23db-5c19-bee6-a157e82328b2', 8) on conflict do nothing;
  insert into lesson_items(lesson_id,item_id,order_index) values ('14b86ee6-2c42-5b07-ae2f-c4b93a84e7da', '1f6eb864-27f4-5c7c-b175-6966db9adcf0', 9) on conflict do nothing;
  insert into lesson_items(lesson_id,item_id,order_index) values ('14b86ee6-2c42-5b07-ae2f-c4b93a84e7da', 'd4a4556e-f1ff-5297-b531-a1e1a0401e28', 10) on conflict do nothing;
  insert into lessons(id,unit_id,order_index,title,description,type,xp_reward) values ('4566017d-f102-5f6a-a7b1-d413976844dc', v_unit, v_c+1, 'Vocabulario: la ciudad 2', 'Aprende palabras nuevas de alta frecuencia con ejemplos y audio.', 'lesson', 15) on conflict (id) do nothing;
  insert into lesson_items(lesson_id,item_id,order_index) values ('4566017d-f102-5f6a-a7b1-d413976844dc', '6cc24255-f4b5-5874-88e2-334cd3290816', 0) on conflict do nothing;
  insert into lesson_items(lesson_id,item_id,order_index) values ('4566017d-f102-5f6a-a7b1-d413976844dc', 'f9df1ec6-9b76-5952-b8b2-2059a51b308e', 1) on conflict do nothing;
  insert into lesson_items(lesson_id,item_id,order_index) values ('4566017d-f102-5f6a-a7b1-d413976844dc', '352febf4-be2f-5180-a6bd-3ba10461379c', 2) on conflict do nothing;
  insert into lesson_items(lesson_id,item_id,order_index) values ('4566017d-f102-5f6a-a7b1-d413976844dc', 'c6501b01-0f05-5b4d-b63d-74adeb8a0f22', 3) on conflict do nothing;
  insert into lesson_items(lesson_id,item_id,order_index) values ('4566017d-f102-5f6a-a7b1-d413976844dc', '848a1e04-f977-53df-8355-0099226f6b77', 4) on conflict do nothing;
  insert into lesson_items(lesson_id,item_id,order_index) values ('4566017d-f102-5f6a-a7b1-d413976844dc', 'f2d4a777-9fe6-5d83-8e8a-8ede60db96b2', 5) on conflict do nothing;
  insert into lesson_items(lesson_id,item_id,order_index) values ('4566017d-f102-5f6a-a7b1-d413976844dc', '140995e4-10fa-5a11-9cc4-9ce8fc8bf893', 6) on conflict do nothing;
  insert into lesson_items(lesson_id,item_id,order_index) values ('4566017d-f102-5f6a-a7b1-d413976844dc', 'ca61f4b3-21ac-5419-942d-9af4626584ab', 7) on conflict do nothing;
  insert into lesson_items(lesson_id,item_id,order_index) values ('4566017d-f102-5f6a-a7b1-d413976844dc', '858ea2e1-098b-54c4-997f-f957fb8caaa0', 8) on conflict do nothing;
  insert into lesson_items(lesson_id,item_id,order_index) values ('4566017d-f102-5f6a-a7b1-d413976844dc', 'da30df0e-9a86-5064-964f-86c650b059e0', 9) on conflict do nothing;
  update lessons set order_index=order_index-1000+2 where unit_id=v_unit and order_index>=1000;
end $$;

do $$
declare v_unit uuid; v_c int;
begin
  if exists (select 1 from lessons where id='e486cb8d-83ce-50e3-b9fd-c2ed1731ad73') then return; end if;
  select id into v_unit from units where course_id='20000000-0000-0000-0000-000000000002' and order_index=8;
  if v_unit is null then return; end if;
  select min(order_index) into v_c from lessons where unit_id=v_unit and type='checkpoint';
  if v_c is null then select max(order_index)+1 into v_c from lessons where unit_id=v_unit; end if;
  update lessons set order_index=order_index+1000 where unit_id=v_unit and order_index>=v_c;
  insert into lessons(id,unit_id,order_index,title,description,type,xp_reward) values ('e486cb8d-83ce-50e3-b9fd-c2ed1731ad73', v_unit, v_c+0, 'Vocabulario: el hogar 1', 'Aprende palabras nuevas de alta frecuencia con ejemplos y audio.', 'lesson', 15) on conflict (id) do nothing;
  insert into lesson_items(lesson_id,item_id,order_index) values ('e486cb8d-83ce-50e3-b9fd-c2ed1731ad73', 'a7e93849-3d88-58f1-9398-de5507311593', 0) on conflict do nothing;
  insert into lesson_items(lesson_id,item_id,order_index) values ('e486cb8d-83ce-50e3-b9fd-c2ed1731ad73', 'fa1f75e5-1a55-5333-82c8-a1d6926be9ba', 1) on conflict do nothing;
  insert into lesson_items(lesson_id,item_id,order_index) values ('e486cb8d-83ce-50e3-b9fd-c2ed1731ad73', '81c2d54e-648a-5dd2-937d-c777f234e579', 2) on conflict do nothing;
  insert into lesson_items(lesson_id,item_id,order_index) values ('e486cb8d-83ce-50e3-b9fd-c2ed1731ad73', '25f8e341-339f-5158-987a-a637ce48027e', 3) on conflict do nothing;
  insert into lesson_items(lesson_id,item_id,order_index) values ('e486cb8d-83ce-50e3-b9fd-c2ed1731ad73', '5e48f828-d403-51db-a579-129421232525', 4) on conflict do nothing;
  insert into lesson_items(lesson_id,item_id,order_index) values ('e486cb8d-83ce-50e3-b9fd-c2ed1731ad73', 'e782db3b-da0e-5228-ba2b-e190ad61e810', 5) on conflict do nothing;
  insert into lesson_items(lesson_id,item_id,order_index) values ('e486cb8d-83ce-50e3-b9fd-c2ed1731ad73', '6e2ba98a-81c3-5e83-b415-3750ae82ad7e', 6) on conflict do nothing;
  insert into lesson_items(lesson_id,item_id,order_index) values ('e486cb8d-83ce-50e3-b9fd-c2ed1731ad73', '5b551de3-b50d-5ee9-af59-60f5f5ef362e', 7) on conflict do nothing;
  insert into lesson_items(lesson_id,item_id,order_index) values ('e486cb8d-83ce-50e3-b9fd-c2ed1731ad73', '2517353c-e380-54c7-b252-304d77b3739f', 8) on conflict do nothing;
  insert into lesson_items(lesson_id,item_id,order_index) values ('e486cb8d-83ce-50e3-b9fd-c2ed1731ad73', 'b40eba60-0623-55cb-a5dc-a8452c83e303', 9) on conflict do nothing;
  insert into lesson_items(lesson_id,item_id,order_index) values ('e486cb8d-83ce-50e3-b9fd-c2ed1731ad73', 'cc82ecbc-383a-56d9-89db-e8698a996cb8', 10) on conflict do nothing;
  insert into lesson_items(lesson_id,item_id,order_index) values ('e486cb8d-83ce-50e3-b9fd-c2ed1731ad73', '9ac7bb3a-76c1-56f9-86df-59c668331914', 11) on conflict do nothing;
  insert into lesson_items(lesson_id,item_id,order_index) values ('e486cb8d-83ce-50e3-b9fd-c2ed1731ad73', '3b0c3f92-b8e2-54ba-b6eb-19ec75c805d8', 12) on conflict do nothing;
  insert into lessons(id,unit_id,order_index,title,description,type,xp_reward) values ('96543603-e5f3-5e8f-8644-838d57f80610', v_unit, v_c+1, 'Vocabulario: el hogar 2', 'Aprende palabras nuevas de alta frecuencia con ejemplos y audio.', 'lesson', 15) on conflict (id) do nothing;
  insert into lesson_items(lesson_id,item_id,order_index) values ('96543603-e5f3-5e8f-8644-838d57f80610', '85a32c4f-9347-5766-840e-93905496bb23', 0) on conflict do nothing;
  insert into lesson_items(lesson_id,item_id,order_index) values ('96543603-e5f3-5e8f-8644-838d57f80610', '9c7e1299-8c91-5aa3-94c1-11a20947dd1e', 1) on conflict do nothing;
  insert into lesson_items(lesson_id,item_id,order_index) values ('96543603-e5f3-5e8f-8644-838d57f80610', '251c97f5-6111-5862-9d8a-7c5354941aa6', 2) on conflict do nothing;
  insert into lesson_items(lesson_id,item_id,order_index) values ('96543603-e5f3-5e8f-8644-838d57f80610', 'ed02a645-67de-5ed5-b64b-7ae098a05ae7', 3) on conflict do nothing;
  insert into lesson_items(lesson_id,item_id,order_index) values ('96543603-e5f3-5e8f-8644-838d57f80610', '1ab3c67c-2c3a-5549-bec6-3cc2172b83bf', 4) on conflict do nothing;
  insert into lesson_items(lesson_id,item_id,order_index) values ('96543603-e5f3-5e8f-8644-838d57f80610', '4c813686-7296-5415-b373-5853f8f28ede', 5) on conflict do nothing;
  insert into lesson_items(lesson_id,item_id,order_index) values ('96543603-e5f3-5e8f-8644-838d57f80610', 'debaf304-83b7-520c-965b-43b732ef19e4', 6) on conflict do nothing;
  insert into lesson_items(lesson_id,item_id,order_index) values ('96543603-e5f3-5e8f-8644-838d57f80610', 'afba4584-78bc-5d44-9a72-d430664a5e43', 7) on conflict do nothing;
  insert into lesson_items(lesson_id,item_id,order_index) values ('96543603-e5f3-5e8f-8644-838d57f80610', 'c6a4556a-43ff-58e6-9740-567428ebe4ca', 8) on conflict do nothing;
  insert into lesson_items(lesson_id,item_id,order_index) values ('96543603-e5f3-5e8f-8644-838d57f80610', '665a3113-b2af-5464-9a56-894dfca9df90', 9) on conflict do nothing;
  insert into lesson_items(lesson_id,item_id,order_index) values ('96543603-e5f3-5e8f-8644-838d57f80610', '664bb7f6-36a6-57db-8e85-a48c90f92db9', 10) on conflict do nothing;
  insert into lesson_items(lesson_id,item_id,order_index) values ('96543603-e5f3-5e8f-8644-838d57f80610', 'bc2f5caa-c73f-5bb0-9a92-69a8397502b7', 11) on conflict do nothing;
  update lessons set order_index=order_index-1000+2 where unit_id=v_unit and order_index>=1000;
end $$;

do $$
declare v_unit uuid; v_c int;
begin
  if exists (select 1 from lessons where id='8d49911f-1dc5-5c92-9b85-301bc87bedc2') then return; end if;
  select id into v_unit from units where course_id='20000000-0000-0000-0000-000000000002' and order_index=9;
  if v_unit is null then return; end if;
  select min(order_index) into v_c from lessons where unit_id=v_unit and type='checkpoint';
  if v_c is null then select max(order_index)+1 into v_c from lessons where unit_id=v_unit; end if;
  update lessons set order_index=order_index+1000 where unit_id=v_unit and order_index>=v_c;
  insert into lessons(id,unit_id,order_index,title,description,type,xp_reward) values ('8d49911f-1dc5-5c92-9b85-301bc87bedc2', v_unit, v_c+0, 'Vocabulario: la comida 1', 'Aprende palabras nuevas de alta frecuencia con ejemplos y audio.', 'lesson', 15) on conflict (id) do nothing;
  insert into lesson_items(lesson_id,item_id,order_index) values ('8d49911f-1dc5-5c92-9b85-301bc87bedc2', 'bb8dfe66-2580-5fd9-9baa-ade71f881efc', 0) on conflict do nothing;
  insert into lesson_items(lesson_id,item_id,order_index) values ('8d49911f-1dc5-5c92-9b85-301bc87bedc2', '5b9ef9df-d982-573c-ac51-8efaf0357bb5', 1) on conflict do nothing;
  insert into lesson_items(lesson_id,item_id,order_index) values ('8d49911f-1dc5-5c92-9b85-301bc87bedc2', 'ec643fc2-adff-58bf-8dcd-914e872b065c', 2) on conflict do nothing;
  insert into lesson_items(lesson_id,item_id,order_index) values ('8d49911f-1dc5-5c92-9b85-301bc87bedc2', 'a8f3c703-b5d9-5df5-8cbc-03e254aa4df4', 3) on conflict do nothing;
  insert into lesson_items(lesson_id,item_id,order_index) values ('8d49911f-1dc5-5c92-9b85-301bc87bedc2', '4d97597e-6b1b-52db-8388-64e86d5a1520', 4) on conflict do nothing;
  insert into lesson_items(lesson_id,item_id,order_index) values ('8d49911f-1dc5-5c92-9b85-301bc87bedc2', '99a4051c-4b82-57f2-bafb-49acf2a5ebf9', 5) on conflict do nothing;
  insert into lesson_items(lesson_id,item_id,order_index) values ('8d49911f-1dc5-5c92-9b85-301bc87bedc2', 'e00e3c3b-a9fa-56e9-ad69-8174928964cf', 6) on conflict do nothing;
  insert into lesson_items(lesson_id,item_id,order_index) values ('8d49911f-1dc5-5c92-9b85-301bc87bedc2', '144c3ea4-f02b-5baa-b751-88bf27a28e1b', 7) on conflict do nothing;
  insert into lesson_items(lesson_id,item_id,order_index) values ('8d49911f-1dc5-5c92-9b85-301bc87bedc2', '68235bb8-9bf9-5841-a098-6841d6bf9b0d', 8) on conflict do nothing;
  insert into lesson_items(lesson_id,item_id,order_index) values ('8d49911f-1dc5-5c92-9b85-301bc87bedc2', 'c090a9a7-0d33-56d1-baa1-f367b5f978fd', 9) on conflict do nothing;
  insert into lesson_items(lesson_id,item_id,order_index) values ('8d49911f-1dc5-5c92-9b85-301bc87bedc2', 'bc64c43b-576e-5a8e-ac0d-3bd814ecaa60', 10) on conflict do nothing;
  insert into lesson_items(lesson_id,item_id,order_index) values ('8d49911f-1dc5-5c92-9b85-301bc87bedc2', '91ac1fd3-5db5-5cd9-970d-151654451fc2', 11) on conflict do nothing;
  insert into lesson_items(lesson_id,item_id,order_index) values ('8d49911f-1dc5-5c92-9b85-301bc87bedc2', '5fab9a37-a938-58d5-a19a-23e01b2cffa9', 12) on conflict do nothing;
  insert into lessons(id,unit_id,order_index,title,description,type,xp_reward) values ('2037d1a7-41bd-519b-946b-7537a38bcd47', v_unit, v_c+1, 'Vocabulario: la comida 2', 'Aprende palabras nuevas de alta frecuencia con ejemplos y audio.', 'lesson', 15) on conflict (id) do nothing;
  insert into lesson_items(lesson_id,item_id,order_index) values ('2037d1a7-41bd-519b-946b-7537a38bcd47', 'a06ab0d8-96a7-5c28-98e0-d0b01e209099', 0) on conflict do nothing;
  insert into lesson_items(lesson_id,item_id,order_index) values ('2037d1a7-41bd-519b-946b-7537a38bcd47', '9d28be49-19df-5659-b8fb-fc4e54095d51', 1) on conflict do nothing;
  insert into lesson_items(lesson_id,item_id,order_index) values ('2037d1a7-41bd-519b-946b-7537a38bcd47', 'de2e2e8e-ce33-5aef-9f05-6fe0a68de7a2', 2) on conflict do nothing;
  insert into lesson_items(lesson_id,item_id,order_index) values ('2037d1a7-41bd-519b-946b-7537a38bcd47', '08cd571f-c5ae-5693-9e40-996efcb2d4db', 3) on conflict do nothing;
  insert into lesson_items(lesson_id,item_id,order_index) values ('2037d1a7-41bd-519b-946b-7537a38bcd47', '7cc8cee8-2715-53d5-b2a7-1f949992bccb', 4) on conflict do nothing;
  insert into lesson_items(lesson_id,item_id,order_index) values ('2037d1a7-41bd-519b-946b-7537a38bcd47', 'df41adbb-78cb-5e4c-a317-a0dfa886a201', 5) on conflict do nothing;
  insert into lesson_items(lesson_id,item_id,order_index) values ('2037d1a7-41bd-519b-946b-7537a38bcd47', '9c4c5198-fbf3-5a8c-8a53-deb5d38e60d2', 6) on conflict do nothing;
  insert into lesson_items(lesson_id,item_id,order_index) values ('2037d1a7-41bd-519b-946b-7537a38bcd47', '36ac4298-d413-5f53-9f73-fc2074dd1a34', 7) on conflict do nothing;
  insert into lesson_items(lesson_id,item_id,order_index) values ('2037d1a7-41bd-519b-946b-7537a38bcd47', 'bceb876c-7d4a-5580-8b20-ab16f600811a', 8) on conflict do nothing;
  insert into lesson_items(lesson_id,item_id,order_index) values ('2037d1a7-41bd-519b-946b-7537a38bcd47', 'd08c94a0-4fc4-5649-bc1d-cf0d9aed50a1', 9) on conflict do nothing;
  insert into lesson_items(lesson_id,item_id,order_index) values ('2037d1a7-41bd-519b-946b-7537a38bcd47', '9263cc49-c692-5e5f-b861-c75eea9887a6', 10) on conflict do nothing;
  insert into lesson_items(lesson_id,item_id,order_index) values ('2037d1a7-41bd-519b-946b-7537a38bcd47', '88d23cc4-5389-50dc-88af-ed7830f36cb9', 11) on conflict do nothing;
  insert into lesson_items(lesson_id,item_id,order_index) values ('2037d1a7-41bd-519b-946b-7537a38bcd47', '795181f5-f74c-5a44-864e-539bb1b5eb92', 12) on conflict do nothing;
  update lessons set order_index=order_index-1000+2 where unit_id=v_unit and order_index>=1000;
end $$;

do $$
declare v_unit uuid; v_c int;
begin
  if exists (select 1 from lessons where id='1105e37f-122a-5aeb-b61d-4e0c8acfbc20') then return; end if;
  select id into v_unit from units where course_id='20000000-0000-0000-0000-000000000002' and order_index=10;
  if v_unit is null then return; end if;
  select min(order_index) into v_c from lessons where unit_id=v_unit and type='checkpoint';
  if v_c is null then select max(order_index)+1 into v_c from lessons where unit_id=v_unit; end if;
  update lessons set order_index=order_index+1000 where unit_id=v_unit and order_index>=v_c;
  insert into lessons(id,unit_id,order_index,title,description,type,xp_reward) values ('1105e37f-122a-5aeb-b61d-4e0c8acfbc20', v_unit, v_c+0, 'Vocabulario: viajar 1', 'Aprende palabras nuevas de alta frecuencia con ejemplos y audio.', 'lesson', 15) on conflict (id) do nothing;
  insert into lesson_items(lesson_id,item_id,order_index) values ('1105e37f-122a-5aeb-b61d-4e0c8acfbc20', 'f5f300f4-9a9e-533d-8854-d448184b4bd1', 0) on conflict do nothing;
  insert into lesson_items(lesson_id,item_id,order_index) values ('1105e37f-122a-5aeb-b61d-4e0c8acfbc20', '5b40ff8d-e7d1-5518-817a-d00f203299e0', 1) on conflict do nothing;
  insert into lesson_items(lesson_id,item_id,order_index) values ('1105e37f-122a-5aeb-b61d-4e0c8acfbc20', '0639d15c-ec9c-5858-9feb-296599f91a41', 2) on conflict do nothing;
  insert into lesson_items(lesson_id,item_id,order_index) values ('1105e37f-122a-5aeb-b61d-4e0c8acfbc20', '0e6bb3ef-5be2-5194-a317-4a77871937b7', 3) on conflict do nothing;
  insert into lesson_items(lesson_id,item_id,order_index) values ('1105e37f-122a-5aeb-b61d-4e0c8acfbc20', '784b625e-51e7-510c-a952-25d6669fd86e', 4) on conflict do nothing;
  insert into lesson_items(lesson_id,item_id,order_index) values ('1105e37f-122a-5aeb-b61d-4e0c8acfbc20', '762d472a-7666-5e7d-990a-4229582b7d47', 5) on conflict do nothing;
  insert into lesson_items(lesson_id,item_id,order_index) values ('1105e37f-122a-5aeb-b61d-4e0c8acfbc20', '55496e91-474e-5413-b5df-e53ec8c294d5', 6) on conflict do nothing;
  insert into lesson_items(lesson_id,item_id,order_index) values ('1105e37f-122a-5aeb-b61d-4e0c8acfbc20', '17c2c803-9e3b-5e59-9561-3382ffccd1c4', 7) on conflict do nothing;
  insert into lesson_items(lesson_id,item_id,order_index) values ('1105e37f-122a-5aeb-b61d-4e0c8acfbc20', '2d0dc2c6-ab88-507f-88b8-e3dc2318ed8d', 8) on conflict do nothing;
  insert into lesson_items(lesson_id,item_id,order_index) values ('1105e37f-122a-5aeb-b61d-4e0c8acfbc20', 'b11d8b23-d874-598a-b70a-b74cfcf53423', 9) on conflict do nothing;
  insert into lesson_items(lesson_id,item_id,order_index) values ('1105e37f-122a-5aeb-b61d-4e0c8acfbc20', '59336672-c180-55e6-a89b-ad0bde4fb0c8', 10) on conflict do nothing;
  insert into lessons(id,unit_id,order_index,title,description,type,xp_reward) values ('9664e185-fafb-5b3c-a172-68cb7687e3b4', v_unit, v_c+1, 'Vocabulario: viajar 2', 'Aprende palabras nuevas de alta frecuencia con ejemplos y audio.', 'lesson', 15) on conflict (id) do nothing;
  insert into lesson_items(lesson_id,item_id,order_index) values ('9664e185-fafb-5b3c-a172-68cb7687e3b4', 'f85a1827-f339-5d72-ac0c-ec32a5bb1d09', 0) on conflict do nothing;
  insert into lesson_items(lesson_id,item_id,order_index) values ('9664e185-fafb-5b3c-a172-68cb7687e3b4', '50b0b403-9ab6-5ea3-b78b-8f38c30fd8b0', 1) on conflict do nothing;
  insert into lesson_items(lesson_id,item_id,order_index) values ('9664e185-fafb-5b3c-a172-68cb7687e3b4', 'f725357a-b174-5a23-9081-6409268fcd11', 2) on conflict do nothing;
  insert into lesson_items(lesson_id,item_id,order_index) values ('9664e185-fafb-5b3c-a172-68cb7687e3b4', 'f8a608a0-bfdb-5e18-b86b-933ced86652b', 3) on conflict do nothing;
  insert into lesson_items(lesson_id,item_id,order_index) values ('9664e185-fafb-5b3c-a172-68cb7687e3b4', '3606d9a1-ef95-5654-9106-c18bd7487fe0', 4) on conflict do nothing;
  insert into lesson_items(lesson_id,item_id,order_index) values ('9664e185-fafb-5b3c-a172-68cb7687e3b4', 'b6cc835c-fa93-5891-b63e-26739ec543c4', 5) on conflict do nothing;
  insert into lesson_items(lesson_id,item_id,order_index) values ('9664e185-fafb-5b3c-a172-68cb7687e3b4', '941da2d6-8386-5b68-a11a-1d29ef7fa313', 6) on conflict do nothing;
  insert into lesson_items(lesson_id,item_id,order_index) values ('9664e185-fafb-5b3c-a172-68cb7687e3b4', 'f1a2f178-c7c8-56a9-98a4-7b75ea81003d', 7) on conflict do nothing;
  insert into lesson_items(lesson_id,item_id,order_index) values ('9664e185-fafb-5b3c-a172-68cb7687e3b4', '6003b170-eb1d-531c-b9a5-49712e7fd067', 8) on conflict do nothing;
  insert into lesson_items(lesson_id,item_id,order_index) values ('9664e185-fafb-5b3c-a172-68cb7687e3b4', 'ccceb7cc-5d3d-57ca-ba9d-f8be05cf0e76', 9) on conflict do nothing;
  insert into lesson_items(lesson_id,item_id,order_index) values ('9664e185-fafb-5b3c-a172-68cb7687e3b4', '7d774875-6684-5cd5-b098-ee453b20d433', 10) on conflict do nothing;
  update lessons set order_index=order_index-1000+2 where unit_id=v_unit and order_index>=1000;
end $$;

do $$
declare v_unit uuid; v_c int;
begin
  if exists (select 1 from lessons where id='32f8766f-ba1c-59e0-a9cc-f0e677cd46ad') then return; end if;
  select id into v_unit from units where course_id='20000000-0000-0000-0000-000000000002' and order_index=11;
  if v_unit is null then return; end if;
  select min(order_index) into v_c from lessons where unit_id=v_unit and type='checkpoint';
  if v_c is null then select max(order_index)+1 into v_c from lessons where unit_id=v_unit; end if;
  update lessons set order_index=order_index+1000 where unit_id=v_unit and order_index>=v_c;
  insert into lessons(id,unit_id,order_index,title,description,type,xp_reward) values ('32f8766f-ba1c-59e0-a9cc-f0e677cd46ad', v_unit, v_c+0, 'Vocabulario: las compras 1', 'Aprende palabras nuevas de alta frecuencia con ejemplos y audio.', 'lesson', 15) on conflict (id) do nothing;
  insert into lesson_items(lesson_id,item_id,order_index) values ('32f8766f-ba1c-59e0-a9cc-f0e677cd46ad', '7259bb54-c51a-5440-a22c-ac5c87176c5b', 0) on conflict do nothing;
  insert into lesson_items(lesson_id,item_id,order_index) values ('32f8766f-ba1c-59e0-a9cc-f0e677cd46ad', 'b78e9912-7046-5856-8c70-7bb6a200af98', 1) on conflict do nothing;
  insert into lesson_items(lesson_id,item_id,order_index) values ('32f8766f-ba1c-59e0-a9cc-f0e677cd46ad', '9fd4dc70-ee9f-5174-85cb-4df35b356b1c', 2) on conflict do nothing;
  insert into lesson_items(lesson_id,item_id,order_index) values ('32f8766f-ba1c-59e0-a9cc-f0e677cd46ad', 'c7f1e57d-af03-5dbf-8bba-907e09b40ebc', 3) on conflict do nothing;
  insert into lesson_items(lesson_id,item_id,order_index) values ('32f8766f-ba1c-59e0-a9cc-f0e677cd46ad', 'f271d8b5-24a7-52d1-b191-474f01da4e4b', 4) on conflict do nothing;
  insert into lesson_items(lesson_id,item_id,order_index) values ('32f8766f-ba1c-59e0-a9cc-f0e677cd46ad', 'cde0de94-25f7-59ff-b729-3abc4b05266c', 5) on conflict do nothing;
  insert into lesson_items(lesson_id,item_id,order_index) values ('32f8766f-ba1c-59e0-a9cc-f0e677cd46ad', '06a107fd-13f0-5b59-8f8c-8248a027db91', 6) on conflict do nothing;
  insert into lesson_items(lesson_id,item_id,order_index) values ('32f8766f-ba1c-59e0-a9cc-f0e677cd46ad', '43ee5198-89be-5395-8323-6ca067e36aaf', 7) on conflict do nothing;
  insert into lesson_items(lesson_id,item_id,order_index) values ('32f8766f-ba1c-59e0-a9cc-f0e677cd46ad', '01db254a-8a77-54d8-bfb7-69905606e74b', 8) on conflict do nothing;
  insert into lesson_items(lesson_id,item_id,order_index) values ('32f8766f-ba1c-59e0-a9cc-f0e677cd46ad', 'e0d1e08e-d8e9-5b68-a0f8-4c287de75754', 9) on conflict do nothing;
  insert into lessons(id,unit_id,order_index,title,description,type,xp_reward) values ('9bdc459c-030b-5c23-bbff-93ff43e332e7', v_unit, v_c+1, 'Vocabulario: las compras 2', 'Aprende palabras nuevas de alta frecuencia con ejemplos y audio.', 'lesson', 15) on conflict (id) do nothing;
  insert into lesson_items(lesson_id,item_id,order_index) values ('9bdc459c-030b-5c23-bbff-93ff43e332e7', '2053d4fa-6736-55ea-ab2b-aaf5e5abf629', 0) on conflict do nothing;
  insert into lesson_items(lesson_id,item_id,order_index) values ('9bdc459c-030b-5c23-bbff-93ff43e332e7', '5b3cbb9c-2d9f-5de0-ac53-722ecbab7ab7', 1) on conflict do nothing;
  insert into lesson_items(lesson_id,item_id,order_index) values ('9bdc459c-030b-5c23-bbff-93ff43e332e7', '3453df9b-1fba-5187-b749-d453fbffb6c2', 2) on conflict do nothing;
  insert into lesson_items(lesson_id,item_id,order_index) values ('9bdc459c-030b-5c23-bbff-93ff43e332e7', '105b1149-02e2-5b19-9273-ac9fa1e61593', 3) on conflict do nothing;
  insert into lesson_items(lesson_id,item_id,order_index) values ('9bdc459c-030b-5c23-bbff-93ff43e332e7', '0e5b1cce-0ea8-5332-b071-50af57355811', 4) on conflict do nothing;
  insert into lesson_items(lesson_id,item_id,order_index) values ('9bdc459c-030b-5c23-bbff-93ff43e332e7', 'edfcdc20-21d6-5b56-aaaa-cdac308b7196', 5) on conflict do nothing;
  insert into lesson_items(lesson_id,item_id,order_index) values ('9bdc459c-030b-5c23-bbff-93ff43e332e7', 'a7f29ad4-1f04-5913-9c05-c83606dbb78f', 6) on conflict do nothing;
  insert into lesson_items(lesson_id,item_id,order_index) values ('9bdc459c-030b-5c23-bbff-93ff43e332e7', 'be035a73-ca19-5c3f-9f9b-79c0778473c5', 7) on conflict do nothing;
  insert into lesson_items(lesson_id,item_id,order_index) values ('9bdc459c-030b-5c23-bbff-93ff43e332e7', '2887ec8d-8279-5efd-8016-17d4eb966939', 8) on conflict do nothing;
  insert into lesson_items(lesson_id,item_id,order_index) values ('9bdc459c-030b-5c23-bbff-93ff43e332e7', 'a9e2cb50-f9e0-532f-9976-3a851d7be12f', 9) on conflict do nothing;
  update lessons set order_index=order_index-1000+2 where unit_id=v_unit and order_index>=1000;
end $$;

do $$
declare v_unit uuid; v_c int;
begin
  if exists (select 1 from lessons where id='54c75d09-8274-5000-9bf8-6b6e04743d74') then return; end if;
  select id into v_unit from units where course_id='20000000-0000-0000-0000-000000000002' and order_index=12;
  if v_unit is null then return; end if;
  select min(order_index) into v_c from lessons where unit_id=v_unit and type='checkpoint';
  if v_c is null then select max(order_index)+1 into v_c from lessons where unit_id=v_unit; end if;
  update lessons set order_index=order_index+1000 where unit_id=v_unit and order_index>=v_c;
  insert into lessons(id,unit_id,order_index,title,description,type,xp_reward) values ('54c75d09-8274-5000-9bf8-6b6e04743d74', v_unit, v_c+0, 'Vocabulario: el tiempo 1', 'Aprende palabras nuevas de alta frecuencia con ejemplos y audio.', 'lesson', 15) on conflict (id) do nothing;
  insert into lesson_items(lesson_id,item_id,order_index) values ('54c75d09-8274-5000-9bf8-6b6e04743d74', '05858c55-7ed5-5089-af7e-5b5cea90644c', 0) on conflict do nothing;
  insert into lesson_items(lesson_id,item_id,order_index) values ('54c75d09-8274-5000-9bf8-6b6e04743d74', 'e44187cb-3f88-5e42-a149-4445f2344de7', 1) on conflict do nothing;
  insert into lesson_items(lesson_id,item_id,order_index) values ('54c75d09-8274-5000-9bf8-6b6e04743d74', 'ed6e00f9-135d-5fa5-afc0-d9a5e84be3eb', 2) on conflict do nothing;
  insert into lesson_items(lesson_id,item_id,order_index) values ('54c75d09-8274-5000-9bf8-6b6e04743d74', '129f3e63-2ca3-55eb-831a-d95b72983601', 3) on conflict do nothing;
  insert into lesson_items(lesson_id,item_id,order_index) values ('54c75d09-8274-5000-9bf8-6b6e04743d74', 'fd08eea7-4ab4-544b-b6f7-9ba3eb54e603', 4) on conflict do nothing;
  insert into lesson_items(lesson_id,item_id,order_index) values ('54c75d09-8274-5000-9bf8-6b6e04743d74', 'd560645c-90c9-55d8-bddd-545fca7f60e4', 5) on conflict do nothing;
  insert into lesson_items(lesson_id,item_id,order_index) values ('54c75d09-8274-5000-9bf8-6b6e04743d74', '15020c36-4ce4-599c-9969-a6bf5dd91021', 6) on conflict do nothing;
  insert into lesson_items(lesson_id,item_id,order_index) values ('54c75d09-8274-5000-9bf8-6b6e04743d74', '30fa3119-4192-5243-bdc1-934412900b62', 7) on conflict do nothing;
  insert into lesson_items(lesson_id,item_id,order_index) values ('54c75d09-8274-5000-9bf8-6b6e04743d74', '81ec8d5f-f1e3-52a9-99c1-aceba74baee8', 8) on conflict do nothing;
  insert into lesson_items(lesson_id,item_id,order_index) values ('54c75d09-8274-5000-9bf8-6b6e04743d74', '9b639300-cea2-5722-aca5-b31cb47fc6e4', 9) on conflict do nothing;
  insert into lesson_items(lesson_id,item_id,order_index) values ('54c75d09-8274-5000-9bf8-6b6e04743d74', 'de245d97-4946-53a2-984e-12f35a67a4c6', 10) on conflict do nothing;
  insert into lessons(id,unit_id,order_index,title,description,type,xp_reward) values ('aa482fcb-87d7-5fea-8d95-d4a32aeddddc', v_unit, v_c+1, 'Vocabulario: el tiempo 2', 'Aprende palabras nuevas de alta frecuencia con ejemplos y audio.', 'lesson', 15) on conflict (id) do nothing;
  insert into lesson_items(lesson_id,item_id,order_index) values ('aa482fcb-87d7-5fea-8d95-d4a32aeddddc', 'd8cb02eb-79cb-5bf6-b57f-95eaaf0bc04f', 0) on conflict do nothing;
  insert into lesson_items(lesson_id,item_id,order_index) values ('aa482fcb-87d7-5fea-8d95-d4a32aeddddc', 'a98f5c24-d2ed-57cb-b6a2-4436f53a1c16', 1) on conflict do nothing;
  insert into lesson_items(lesson_id,item_id,order_index) values ('aa482fcb-87d7-5fea-8d95-d4a32aeddddc', 'a6b52ffe-aec3-5784-8d1a-496f48d31595', 2) on conflict do nothing;
  insert into lesson_items(lesson_id,item_id,order_index) values ('aa482fcb-87d7-5fea-8d95-d4a32aeddddc', '4cda50d5-85b0-53d8-8e21-457b87df06b5', 3) on conflict do nothing;
  insert into lesson_items(lesson_id,item_id,order_index) values ('aa482fcb-87d7-5fea-8d95-d4a32aeddddc', '267750b7-417a-53d2-902b-c5025278a1c3', 4) on conflict do nothing;
  insert into lesson_items(lesson_id,item_id,order_index) values ('aa482fcb-87d7-5fea-8d95-d4a32aeddddc', 'f080fd7a-cf5c-5ebf-958c-a43a036efe5b', 5) on conflict do nothing;
  insert into lesson_items(lesson_id,item_id,order_index) values ('aa482fcb-87d7-5fea-8d95-d4a32aeddddc', 'ca46d537-a49a-5d53-abb6-82e06e606628', 6) on conflict do nothing;
  insert into lesson_items(lesson_id,item_id,order_index) values ('aa482fcb-87d7-5fea-8d95-d4a32aeddddc', '10fb4685-3ac0-5f7b-8b85-6f2f5f2b6fa2', 7) on conflict do nothing;
  insert into lesson_items(lesson_id,item_id,order_index) values ('aa482fcb-87d7-5fea-8d95-d4a32aeddddc', '9cdbc786-e995-531e-8f11-451c1b2f7dbc', 8) on conflict do nothing;
  insert into lesson_items(lesson_id,item_id,order_index) values ('aa482fcb-87d7-5fea-8d95-d4a32aeddddc', '02913a0d-a25c-58be-8309-b8b7e28d0e34', 9) on conflict do nothing;
  update lessons set order_index=order_index-1000+2 where unit_id=v_unit and order_index>=1000;
end $$;

do $$
declare v_unit uuid; v_c int;
begin
  if exists (select 1 from lessons where id='a6e06843-d312-5665-87c1-651eeb132728') then return; end if;
  select id into v_unit from units where course_id='20000000-0000-0000-0000-000000000002' and order_index=13;
  if v_unit is null then return; end if;
  select min(order_index) into v_c from lessons where unit_id=v_unit and type='checkpoint';
  if v_c is null then select max(order_index)+1 into v_c from lessons where unit_id=v_unit; end if;
  update lessons set order_index=order_index+1000 where unit_id=v_unit and order_index>=v_c;
  insert into lessons(id,unit_id,order_index,title,description,type,xp_reward) values ('a6e06843-d312-5665-87c1-651eeb132728', v_unit, v_c+0, 'Vocabulario: la salud 1', 'Aprende palabras nuevas de alta frecuencia con ejemplos y audio.', 'lesson', 15) on conflict (id) do nothing;
  insert into lesson_items(lesson_id,item_id,order_index) values ('a6e06843-d312-5665-87c1-651eeb132728', '642aa327-6777-5c85-bad0-c5a9a6760a8a', 0) on conflict do nothing;
  insert into lesson_items(lesson_id,item_id,order_index) values ('a6e06843-d312-5665-87c1-651eeb132728', '68977c27-6951-532c-b00f-23f4ea1bdb09', 1) on conflict do nothing;
  insert into lesson_items(lesson_id,item_id,order_index) values ('a6e06843-d312-5665-87c1-651eeb132728', '820e473f-82e0-55e2-ae10-007b03e151b3', 2) on conflict do nothing;
  insert into lesson_items(lesson_id,item_id,order_index) values ('a6e06843-d312-5665-87c1-651eeb132728', '0acf6fc7-bd4e-589d-bdea-d4bf87b96468', 3) on conflict do nothing;
  insert into lesson_items(lesson_id,item_id,order_index) values ('a6e06843-d312-5665-87c1-651eeb132728', '83bbbe50-374b-5b83-928d-e032eb87cb99', 4) on conflict do nothing;
  insert into lesson_items(lesson_id,item_id,order_index) values ('a6e06843-d312-5665-87c1-651eeb132728', 'd7e67753-ec78-5a79-85b4-f15e6b0da565', 5) on conflict do nothing;
  insert into lesson_items(lesson_id,item_id,order_index) values ('a6e06843-d312-5665-87c1-651eeb132728', '826e9547-fdb6-5ce3-9f5e-ba2009e7f4f5', 6) on conflict do nothing;
  insert into lesson_items(lesson_id,item_id,order_index) values ('a6e06843-d312-5665-87c1-651eeb132728', '15a60193-3754-51ee-a80d-899271f24614', 7) on conflict do nothing;
  insert into lesson_items(lesson_id,item_id,order_index) values ('a6e06843-d312-5665-87c1-651eeb132728', '74a9e0ff-8796-5d22-83b2-e641928dd729', 8) on conflict do nothing;
  insert into lesson_items(lesson_id,item_id,order_index) values ('a6e06843-d312-5665-87c1-651eeb132728', '45ea208d-085e-539f-bd1e-0397fda55b85', 9) on conflict do nothing;
  insert into lesson_items(lesson_id,item_id,order_index) values ('a6e06843-d312-5665-87c1-651eeb132728', 'a385ee30-d3ee-534f-8352-24bbec08d0c5', 10) on conflict do nothing;
  insert into lesson_items(lesson_id,item_id,order_index) values ('a6e06843-d312-5665-87c1-651eeb132728', '071e8ba7-fcf1-5342-9307-ac18e210e5c2', 11) on conflict do nothing;
  insert into lessons(id,unit_id,order_index,title,description,type,xp_reward) values ('fe8eddc8-008e-53eb-a07a-ff5666bee6ec', v_unit, v_c+1, 'Vocabulario: la salud 2', 'Aprende palabras nuevas de alta frecuencia con ejemplos y audio.', 'lesson', 15) on conflict (id) do nothing;
  insert into lesson_items(lesson_id,item_id,order_index) values ('fe8eddc8-008e-53eb-a07a-ff5666bee6ec', 'b1de63bb-5e17-5dcc-888d-d19ed04fba5d', 0) on conflict do nothing;
  insert into lesson_items(lesson_id,item_id,order_index) values ('fe8eddc8-008e-53eb-a07a-ff5666bee6ec', 'bdb06570-41ad-5db6-8f3a-8d8cd6032f70', 1) on conflict do nothing;
  insert into lesson_items(lesson_id,item_id,order_index) values ('fe8eddc8-008e-53eb-a07a-ff5666bee6ec', '9741a7f3-7154-5635-8d06-b9b68aa2458d', 2) on conflict do nothing;
  insert into lesson_items(lesson_id,item_id,order_index) values ('fe8eddc8-008e-53eb-a07a-ff5666bee6ec', 'd556ec1e-622d-57a1-9c86-0f5b43be7fe9', 3) on conflict do nothing;
  insert into lesson_items(lesson_id,item_id,order_index) values ('fe8eddc8-008e-53eb-a07a-ff5666bee6ec', '41eac922-71fe-5804-b103-14b02989c889', 4) on conflict do nothing;
  insert into lesson_items(lesson_id,item_id,order_index) values ('fe8eddc8-008e-53eb-a07a-ff5666bee6ec', '2579e90f-3fe8-5f3d-a5cd-052aa2d1c195', 5) on conflict do nothing;
  insert into lesson_items(lesson_id,item_id,order_index) values ('fe8eddc8-008e-53eb-a07a-ff5666bee6ec', '1d69678a-a010-5919-bfeb-ab2029fcc7a2', 6) on conflict do nothing;
  insert into lesson_items(lesson_id,item_id,order_index) values ('fe8eddc8-008e-53eb-a07a-ff5666bee6ec', '5d7c6b1d-5eb7-594b-9594-c3b3777477ac', 7) on conflict do nothing;
  insert into lesson_items(lesson_id,item_id,order_index) values ('fe8eddc8-008e-53eb-a07a-ff5666bee6ec', 'ac577ca9-460b-5290-8595-7675461c6678', 8) on conflict do nothing;
  insert into lesson_items(lesson_id,item_id,order_index) values ('fe8eddc8-008e-53eb-a07a-ff5666bee6ec', '37dca819-be78-5532-acf5-e3572173d13a', 9) on conflict do nothing;
  insert into lesson_items(lesson_id,item_id,order_index) values ('fe8eddc8-008e-53eb-a07a-ff5666bee6ec', '789730ab-d75e-5c76-98f4-282fd3284e5c', 10) on conflict do nothing;
  update lessons set order_index=order_index-1000+2 where unit_id=v_unit and order_index>=1000;
end $$;

do $$
declare v_unit uuid; v_c int;
begin
  if exists (select 1 from lessons where id='44f4851f-6cc7-5017-8227-a999203a31fe') then return; end if;
  select id into v_unit from units where course_id='20000000-0000-0000-0000-000000000002' and order_index=14;
  if v_unit is null then return; end if;
  select min(order_index) into v_c from lessons where unit_id=v_unit and type='checkpoint';
  if v_c is null then select max(order_index)+1 into v_c from lessons where unit_id=v_unit; end if;
  update lessons set order_index=order_index+1000 where unit_id=v_unit and order_index>=v_c;
  insert into lessons(id,unit_id,order_index,title,description,type,xp_reward) values ('44f4851f-6cc7-5017-8227-a999203a31fe', v_unit, v_c+0, 'Vocabulario: el trabajo 1', 'Aprende palabras nuevas de alta frecuencia con ejemplos y audio.', 'lesson', 15) on conflict (id) do nothing;
  insert into lesson_items(lesson_id,item_id,order_index) values ('44f4851f-6cc7-5017-8227-a999203a31fe', 'd5ce114f-b042-5ae1-8e4b-703f304c2860', 0) on conflict do nothing;
  insert into lesson_items(lesson_id,item_id,order_index) values ('44f4851f-6cc7-5017-8227-a999203a31fe', '9db084bc-1734-52a7-8fad-add8297772d9', 1) on conflict do nothing;
  insert into lesson_items(lesson_id,item_id,order_index) values ('44f4851f-6cc7-5017-8227-a999203a31fe', 'e14a1a42-c148-5f0b-953a-6313772bd78e', 2) on conflict do nothing;
  insert into lesson_items(lesson_id,item_id,order_index) values ('44f4851f-6cc7-5017-8227-a999203a31fe', 'f9e8dda8-21a1-574e-b728-e1308452b9a8', 3) on conflict do nothing;
  insert into lesson_items(lesson_id,item_id,order_index) values ('44f4851f-6cc7-5017-8227-a999203a31fe', 'd026619b-00c0-5597-adf8-dfe9540d6579', 4) on conflict do nothing;
  insert into lesson_items(lesson_id,item_id,order_index) values ('44f4851f-6cc7-5017-8227-a999203a31fe', '24693279-9912-5714-95ef-b1484d7f9abc', 5) on conflict do nothing;
  insert into lesson_items(lesson_id,item_id,order_index) values ('44f4851f-6cc7-5017-8227-a999203a31fe', '25769d84-9b55-5d08-b445-6f9ebd41d471', 6) on conflict do nothing;
  insert into lesson_items(lesson_id,item_id,order_index) values ('44f4851f-6cc7-5017-8227-a999203a31fe', 'b330c714-5b57-585f-a1f3-67a67f074178', 7) on conflict do nothing;
  insert into lesson_items(lesson_id,item_id,order_index) values ('44f4851f-6cc7-5017-8227-a999203a31fe', 'fdb1760a-f8e5-5463-b134-150c0293bde4', 8) on conflict do nothing;
  insert into lesson_items(lesson_id,item_id,order_index) values ('44f4851f-6cc7-5017-8227-a999203a31fe', 'c159d0b4-8181-57d7-9b53-f3531a051511', 9) on conflict do nothing;
  insert into lesson_items(lesson_id,item_id,order_index) values ('44f4851f-6cc7-5017-8227-a999203a31fe', 'f516dba9-3e95-51b9-9e1c-7ed72de97b43', 10) on conflict do nothing;
  insert into lesson_items(lesson_id,item_id,order_index) values ('44f4851f-6cc7-5017-8227-a999203a31fe', 'd4a11f05-4919-55ee-bddd-32316798895f', 11) on conflict do nothing;
  insert into lesson_items(lesson_id,item_id,order_index) values ('44f4851f-6cc7-5017-8227-a999203a31fe', '778846b5-233a-5eed-b08b-0dabd39e475a', 12) on conflict do nothing;
  insert into lessons(id,unit_id,order_index,title,description,type,xp_reward) values ('db4a2696-f51f-5c83-a98e-f0c12692ae7a', v_unit, v_c+1, 'Vocabulario: el trabajo 2', 'Aprende palabras nuevas de alta frecuencia con ejemplos y audio.', 'lesson', 15) on conflict (id) do nothing;
  insert into lesson_items(lesson_id,item_id,order_index) values ('db4a2696-f51f-5c83-a98e-f0c12692ae7a', '0889d5b2-5d05-524a-9a8c-9d753ccad3fb', 0) on conflict do nothing;
  insert into lesson_items(lesson_id,item_id,order_index) values ('db4a2696-f51f-5c83-a98e-f0c12692ae7a', '0b8772e0-8cfc-5a1b-be18-d0196a2c7c1e', 1) on conflict do nothing;
  insert into lesson_items(lesson_id,item_id,order_index) values ('db4a2696-f51f-5c83-a98e-f0c12692ae7a', '238fb2bd-a3e6-59c8-9eea-fa00c240d59e', 2) on conflict do nothing;
  insert into lesson_items(lesson_id,item_id,order_index) values ('db4a2696-f51f-5c83-a98e-f0c12692ae7a', 'de097b60-0d92-526e-a021-5d1311cb0a79', 3) on conflict do nothing;
  insert into lesson_items(lesson_id,item_id,order_index) values ('db4a2696-f51f-5c83-a98e-f0c12692ae7a', 'fbad428c-8fc3-5932-8ab9-a79b930ddddc', 4) on conflict do nothing;
  insert into lesson_items(lesson_id,item_id,order_index) values ('db4a2696-f51f-5c83-a98e-f0c12692ae7a', '2ecfbae6-94f1-58f9-bd03-f97b409f57ac', 5) on conflict do nothing;
  insert into lesson_items(lesson_id,item_id,order_index) values ('db4a2696-f51f-5c83-a98e-f0c12692ae7a', '2376fee0-c8dd-5ca5-9320-d1ae4664f60a', 6) on conflict do nothing;
  insert into lesson_items(lesson_id,item_id,order_index) values ('db4a2696-f51f-5c83-a98e-f0c12692ae7a', '94cffadb-1a08-54bd-84fe-a7c49cfdfa42', 7) on conflict do nothing;
  insert into lesson_items(lesson_id,item_id,order_index) values ('db4a2696-f51f-5c83-a98e-f0c12692ae7a', 'eae18d25-ff5c-5665-ac3e-23084e75a720', 8) on conflict do nothing;
  insert into lesson_items(lesson_id,item_id,order_index) values ('db4a2696-f51f-5c83-a98e-f0c12692ae7a', 'd39c322f-a47a-55ba-a8a5-8ebee215702e', 9) on conflict do nothing;
  insert into lesson_items(lesson_id,item_id,order_index) values ('db4a2696-f51f-5c83-a98e-f0c12692ae7a', 'b7329ae1-069a-50a2-9275-1fe92ca8bea5', 10) on conflict do nothing;
  insert into lesson_items(lesson_id,item_id,order_index) values ('db4a2696-f51f-5c83-a98e-f0c12692ae7a', 'bac43b7f-265f-5076-9764-fbfe1436f6b8', 11) on conflict do nothing;
  insert into lesson_items(lesson_id,item_id,order_index) values ('db4a2696-f51f-5c83-a98e-f0c12692ae7a', '829ee8bc-ea84-5f00-8fb5-7128fb4838a4', 12) on conflict do nothing;
  update lessons set order_index=order_index-1000+2 where unit_id=v_unit and order_index>=1000;
end $$;

do $$
declare v_unit uuid; v_c int;
begin
  if exists (select 1 from lessons where id='aec55b8e-d198-5321-96b8-a76728af406c') then return; end if;
  select id into v_unit from units where course_id='20000000-0000-0000-0000-000000000002' and order_index=15;
  if v_unit is null then return; end if;
  select min(order_index) into v_c from lessons where unit_id=v_unit and type='checkpoint';
  if v_c is null then select max(order_index)+1 into v_c from lessons where unit_id=v_unit; end if;
  update lessons set order_index=order_index+1000 where unit_id=v_unit and order_index>=v_c;
  insert into lessons(id,unit_id,order_index,title,description,type,xp_reward) values ('aec55b8e-d198-5321-96b8-a76728af406c', v_unit, v_c+0, 'Vocabulario: la naturaleza 1', 'Aprende palabras nuevas de alta frecuencia con ejemplos y audio.', 'lesson', 15) on conflict (id) do nothing;
  insert into lesson_items(lesson_id,item_id,order_index) values ('aec55b8e-d198-5321-96b8-a76728af406c', 'dc7c8ade-3cb1-5797-a41f-99d61d9714e2', 0) on conflict do nothing;
  insert into lesson_items(lesson_id,item_id,order_index) values ('aec55b8e-d198-5321-96b8-a76728af406c', '0f494e84-72bd-5494-9616-797bc6fe8c9b', 1) on conflict do nothing;
  insert into lesson_items(lesson_id,item_id,order_index) values ('aec55b8e-d198-5321-96b8-a76728af406c', '05e74a69-710b-5445-bcd6-005cda39784d', 2) on conflict do nothing;
  insert into lesson_items(lesson_id,item_id,order_index) values ('aec55b8e-d198-5321-96b8-a76728af406c', '46f6cb34-03e3-5497-8e8b-52994ffbc19a', 3) on conflict do nothing;
  insert into lesson_items(lesson_id,item_id,order_index) values ('aec55b8e-d198-5321-96b8-a76728af406c', 'dcccbbed-e06a-5f54-bfb1-e6ce49ffecad', 4) on conflict do nothing;
  insert into lesson_items(lesson_id,item_id,order_index) values ('aec55b8e-d198-5321-96b8-a76728af406c', '17351377-ad64-552f-bd97-1b9a416eaf71', 5) on conflict do nothing;
  insert into lesson_items(lesson_id,item_id,order_index) values ('aec55b8e-d198-5321-96b8-a76728af406c', '18c88621-8506-5146-88a0-39a7a92c62cc', 6) on conflict do nothing;
  insert into lesson_items(lesson_id,item_id,order_index) values ('aec55b8e-d198-5321-96b8-a76728af406c', 'ebb96c2d-4b65-50b3-bea6-fd6a0d0f8851', 7) on conflict do nothing;
  insert into lesson_items(lesson_id,item_id,order_index) values ('aec55b8e-d198-5321-96b8-a76728af406c', '89fd5bcf-62d0-5aca-a3e7-a0264ce93a03', 8) on conflict do nothing;
  insert into lesson_items(lesson_id,item_id,order_index) values ('aec55b8e-d198-5321-96b8-a76728af406c', '657c5887-767d-5874-890e-c7c302b061c1', 9) on conflict do nothing;
  insert into lesson_items(lesson_id,item_id,order_index) values ('aec55b8e-d198-5321-96b8-a76728af406c', '871a377b-3b51-5e34-9bc7-5bfba35885c7', 10) on conflict do nothing;
  insert into lesson_items(lesson_id,item_id,order_index) values ('aec55b8e-d198-5321-96b8-a76728af406c', '6ceb5fb1-23a3-5fb0-8e3e-1eb91a6183c2', 11) on conflict do nothing;
  insert into lesson_items(lesson_id,item_id,order_index) values ('aec55b8e-d198-5321-96b8-a76728af406c', '2238280a-3f76-5799-a8bc-6def35ee4f04', 12) on conflict do nothing;
  insert into lessons(id,unit_id,order_index,title,description,type,xp_reward) values ('f6e58479-57dd-5081-954a-1027df8c4409', v_unit, v_c+1, 'Vocabulario: la naturaleza 2', 'Aprende palabras nuevas de alta frecuencia con ejemplos y audio.', 'lesson', 15) on conflict (id) do nothing;
  insert into lesson_items(lesson_id,item_id,order_index) values ('f6e58479-57dd-5081-954a-1027df8c4409', '6eecca94-2452-5330-b687-5239d6a5ba0a', 0) on conflict do nothing;
  insert into lesson_items(lesson_id,item_id,order_index) values ('f6e58479-57dd-5081-954a-1027df8c4409', '6f9cc752-f1cf-5ad3-8ada-e90ef1b01dda', 1) on conflict do nothing;
  insert into lesson_items(lesson_id,item_id,order_index) values ('f6e58479-57dd-5081-954a-1027df8c4409', 'b56dbf29-873b-54ba-9946-27e688949015', 2) on conflict do nothing;
  insert into lesson_items(lesson_id,item_id,order_index) values ('f6e58479-57dd-5081-954a-1027df8c4409', 'd6b4d6e9-54d1-5000-9699-ad68d123c24c', 3) on conflict do nothing;
  insert into lesson_items(lesson_id,item_id,order_index) values ('f6e58479-57dd-5081-954a-1027df8c4409', 'c4e1f58a-671b-5278-ab0e-66fe4b95ba90', 4) on conflict do nothing;
  insert into lesson_items(lesson_id,item_id,order_index) values ('f6e58479-57dd-5081-954a-1027df8c4409', '453c166f-49ee-5ba9-8a30-824b57dcc2ae', 5) on conflict do nothing;
  insert into lesson_items(lesson_id,item_id,order_index) values ('f6e58479-57dd-5081-954a-1027df8c4409', '194a6122-7bf4-5b93-afba-0d51b22fc85d', 6) on conflict do nothing;
  insert into lesson_items(lesson_id,item_id,order_index) values ('f6e58479-57dd-5081-954a-1027df8c4409', '770edc49-d245-5284-8119-933e86505c06', 7) on conflict do nothing;
  insert into lesson_items(lesson_id,item_id,order_index) values ('f6e58479-57dd-5081-954a-1027df8c4409', '777c61b3-5ff4-5892-aa0c-4796f94c3b63', 8) on conflict do nothing;
  insert into lesson_items(lesson_id,item_id,order_index) values ('f6e58479-57dd-5081-954a-1027df8c4409', '70633d74-55a0-527d-af33-28c65a61a751', 9) on conflict do nothing;
  insert into lesson_items(lesson_id,item_id,order_index) values ('f6e58479-57dd-5081-954a-1027df8c4409', '4ddfdcbd-3278-5396-bd31-919b55becc31', 10) on conflict do nothing;
  update lessons set order_index=order_index-1000+2 where unit_id=v_unit and order_index>=1000;
end $$;

do $$
declare v_unit uuid; v_c int;
begin
  if exists (select 1 from lessons where id='d9d1b74d-d562-59ab-9213-c51d73548822') then return; end if;
  select id into v_unit from units where course_id='20000000-0000-0000-0000-000000000002' and order_index=16;
  if v_unit is null then return; end if;
  select min(order_index) into v_c from lessons where unit_id=v_unit and type='checkpoint';
  if v_c is null then select max(order_index)+1 into v_c from lessons where unit_id=v_unit; end if;
  update lessons set order_index=order_index+1000 where unit_id=v_unit and order_index>=v_c;
  insert into lessons(id,unit_id,order_index,title,description,type,xp_reward) values ('d9d1b74d-d562-59ab-9213-c51d73548822', v_unit, v_c+0, 'Vocabulario: las emociones 1', 'Aprende palabras nuevas de alta frecuencia con ejemplos y audio.', 'lesson', 15) on conflict (id) do nothing;
  insert into lesson_items(lesson_id,item_id,order_index) values ('d9d1b74d-d562-59ab-9213-c51d73548822', '1f7c7042-b011-5515-a274-7ba58fddc88c', 0) on conflict do nothing;
  insert into lesson_items(lesson_id,item_id,order_index) values ('d9d1b74d-d562-59ab-9213-c51d73548822', '48df15ea-70c2-50f0-8c72-269ea0762014', 1) on conflict do nothing;
  insert into lesson_items(lesson_id,item_id,order_index) values ('d9d1b74d-d562-59ab-9213-c51d73548822', 'cea76437-114e-5cf7-9aaa-06bd841f1ee9', 2) on conflict do nothing;
  insert into lesson_items(lesson_id,item_id,order_index) values ('d9d1b74d-d562-59ab-9213-c51d73548822', 'dbcba8cc-f854-5c2f-a244-dd776366394d', 3) on conflict do nothing;
  insert into lesson_items(lesson_id,item_id,order_index) values ('d9d1b74d-d562-59ab-9213-c51d73548822', 'ee42feef-9e95-576e-bfab-45cac62c4c69', 4) on conflict do nothing;
  insert into lesson_items(lesson_id,item_id,order_index) values ('d9d1b74d-d562-59ab-9213-c51d73548822', '649900a1-a536-5cfb-b9de-49f4b1d9a943', 5) on conflict do nothing;
  insert into lesson_items(lesson_id,item_id,order_index) values ('d9d1b74d-d562-59ab-9213-c51d73548822', '51ccaf2b-7f40-5d8b-ba52-3c71c3ddf90a', 6) on conflict do nothing;
  insert into lesson_items(lesson_id,item_id,order_index) values ('d9d1b74d-d562-59ab-9213-c51d73548822', 'eaee2d40-6e25-54dc-87d3-cf566a8db1ec', 7) on conflict do nothing;
  insert into lesson_items(lesson_id,item_id,order_index) values ('d9d1b74d-d562-59ab-9213-c51d73548822', 'a6138fde-0401-5803-ac5f-5626f3c26fc8', 8) on conflict do nothing;
  insert into lesson_items(lesson_id,item_id,order_index) values ('d9d1b74d-d562-59ab-9213-c51d73548822', '14c206d3-3b16-5680-9b98-7a58b2d08dde', 9) on conflict do nothing;
  insert into lesson_items(lesson_id,item_id,order_index) values ('d9d1b74d-d562-59ab-9213-c51d73548822', '9a09134d-877e-533b-a94f-da5bca311383', 10) on conflict do nothing;
  insert into lesson_items(lesson_id,item_id,order_index) values ('d9d1b74d-d562-59ab-9213-c51d73548822', '0721a1ad-1ebe-5747-a473-8dc6492f70c0', 11) on conflict do nothing;
  insert into lessons(id,unit_id,order_index,title,description,type,xp_reward) values ('e73af28b-4b35-5b62-827d-ac0aacf00dfb', v_unit, v_c+1, 'Vocabulario: las emociones 2', 'Aprende palabras nuevas de alta frecuencia con ejemplos y audio.', 'lesson', 15) on conflict (id) do nothing;
  insert into lesson_items(lesson_id,item_id,order_index) values ('e73af28b-4b35-5b62-827d-ac0aacf00dfb', '6ef9b828-a5f7-5a76-8762-cea8f78d2e6a', 0) on conflict do nothing;
  insert into lesson_items(lesson_id,item_id,order_index) values ('e73af28b-4b35-5b62-827d-ac0aacf00dfb', '4ff49659-213c-59c6-847f-37a69b4cb746', 1) on conflict do nothing;
  insert into lesson_items(lesson_id,item_id,order_index) values ('e73af28b-4b35-5b62-827d-ac0aacf00dfb', 'e7b83b77-44e5-575a-b2cf-3874888ffd6e', 2) on conflict do nothing;
  insert into lesson_items(lesson_id,item_id,order_index) values ('e73af28b-4b35-5b62-827d-ac0aacf00dfb', '42695ccc-02d8-52a6-b157-20fe12051620', 3) on conflict do nothing;
  insert into lesson_items(lesson_id,item_id,order_index) values ('e73af28b-4b35-5b62-827d-ac0aacf00dfb', 'e244b987-adee-5ee3-a5a0-075a7675226f', 4) on conflict do nothing;
  insert into lesson_items(lesson_id,item_id,order_index) values ('e73af28b-4b35-5b62-827d-ac0aacf00dfb', 'de72f863-7a5b-592b-837b-686af0f026b7', 5) on conflict do nothing;
  insert into lesson_items(lesson_id,item_id,order_index) values ('e73af28b-4b35-5b62-827d-ac0aacf00dfb', '88d306d4-627a-5fa7-849e-6f08a67925e0', 6) on conflict do nothing;
  insert into lesson_items(lesson_id,item_id,order_index) values ('e73af28b-4b35-5b62-827d-ac0aacf00dfb', '5a77eb85-4f04-5d29-85fa-31b5ff305bf7', 7) on conflict do nothing;
  insert into lesson_items(lesson_id,item_id,order_index) values ('e73af28b-4b35-5b62-827d-ac0aacf00dfb', 'b980dcfb-2fe1-54b9-a5a6-eac51ef3518b', 8) on conflict do nothing;
  insert into lesson_items(lesson_id,item_id,order_index) values ('e73af28b-4b35-5b62-827d-ac0aacf00dfb', '2aa8a908-ba41-5b12-8e4b-1423b2851b6f', 9) on conflict do nothing;
  insert into lesson_items(lesson_id,item_id,order_index) values ('e73af28b-4b35-5b62-827d-ac0aacf00dfb', '8b6a4133-4d5c-5470-b499-1f9a2c5fbec1', 10) on conflict do nothing;
  insert into lesson_items(lesson_id,item_id,order_index) values ('e73af28b-4b35-5b62-827d-ac0aacf00dfb', 'ded4004b-0917-577f-a908-9242dd628403', 11) on conflict do nothing;
  update lessons set order_index=order_index-1000+2 where unit_id=v_unit and order_index>=1000;
end $$;

-- 4) re-derivar lesson_vocab (idempotente, lógica mig 165/166) → vincula las nuevas
insert into public.lesson_vocab (lesson_id, vocab_id, position)
with vn as (
  select id, course_id, jz_normalize(word) as nw,
         position(' ' in jz_normalize(word)) > 0 as is_multi
  from public.vocabulary
), item_text as (
  select li.lesson_id, u.course_id, li.order_index,
         translate(jz_normalize(t.txt), ',.;:!?¿¡"()[]{}', '               ') as ntxt
  from public.lesson_items li
  join public.content_items ci on ci.id = li.item_id
  join public.lessons l on l.id = li.lesson_id
  join public.units u on u.id = l.unit_id
  cross join lateral (values
    (ci.correct_answer ->> 'value'), (ci.payload ->> 'text'),
    (ci.payload ->> 'say'), (ci.prompt)
  ) as t(txt)
  where coalesce(t.txt, '') <> ''
), tok as (
  select it.lesson_id, it.course_id, it.order_index, w
  from item_text it
  cross join lateral regexp_split_to_table(it.ntxt, '\s+') as w
  where length(w) >= 2
), pair as (
  select li.lesson_id, u.course_id, li.order_index, jz_normalize(p ->> 'en') as w
  from public.lesson_items li
  join public.content_items ci on ci.id = li.item_id
  join public.lessons l on l.id = li.lesson_id
  join public.units u on u.id = l.unit_id
  cross join lateral jsonb_array_elements(ci.payload -> 'pairs') as p
  where ci.type = 'match' and coalesce(p ->> 'en', '') <> ''
), exact_m as (
  select c.lesson_id, v.id as vocab_id, c.order_index
  from (select lesson_id, course_id, order_index, w from tok
        union all
        select lesson_id, course_id, order_index, w from pair) c
  join vn v on v.course_id = c.course_id and v.nw = c.w
), multi_m as (
  select it.lesson_id, v.id as vocab_id, it.order_index
  from item_text it
  join vn v on v.course_id = it.course_id and v.is_multi
   and (' ' || it.ntxt || ' ') like ('%' || ' ' || v.nw || ' ' || '%')
), allm as (
  select * from exact_m union all select * from multi_m
)
select lesson_id, vocab_id, min(order_index) as position
from allm
group by lesson_id, vocab_id
on conflict (lesson_id, vocab_id) do nothing;
