-- LÉXICO Fase 1 · INGLÉS — vocabulario NUEVO (LEXICO_PLAN §3/§4).
-- 232 palabras de alta frecuencia (10 temas) autoradas por agentes nativos +
-- doble revisión adversarial + guardas deterministas. Cada palabra: traducción
-- revisada + oración-ejemplo → CLOZE en contexto (con audio TTS, paga F3) +
-- MATCH de reconocimiento. Tag 'vocab_f1' (NO unidadN → checkpoints/exámenes/
-- placement intactos). Lecciones ancladas ANTES del checkpoint (DO-block). Idempotente.

-- 1) vocabulary (palabras nuevas)
insert into vocabulary(id,course_id,word,translation,frequency_rank,part_of_speech) values ('e07ee42c-7b4e-53a1-a7da-a9525351c92e', '20000000-0000-0000-0000-000000000001', 'neighborhood', 'barrio', 210, 'noun') on conflict (id) do nothing;
insert into vocabulary(id,course_id,word,translation,frequency_rank,part_of_speech) values ('8eb0547c-7810-5d45-97e4-aa45ac307d5e', '20000000-0000-0000-0000-000000000001', 'avenue', 'avenida', 211, 'noun') on conflict (id) do nothing;
insert into vocabulary(id,course_id,word,translation,frequency_rank,part_of_speech) values ('1d7ee134-1e2c-50f7-80d1-264baa9a158c', '20000000-0000-0000-0000-000000000001', 'bridge', 'puente', 212, 'noun') on conflict (id) do nothing;
insert into vocabulary(id,course_id,word,translation,frequency_rank,part_of_speech) values ('6efaa53b-9462-587e-bb34-f536d4f60284', '20000000-0000-0000-0000-000000000001', 'sidewalk', 'acera', 213, 'noun') on conflict (id) do nothing;
insert into vocabulary(id,course_id,word,translation,frequency_rank,part_of_speech) values ('ffc67757-72ac-520e-8949-62640187f657', '20000000-0000-0000-0000-000000000001', 'downtown', 'centro', 214, 'noun') on conflict (id) do nothing;
insert into vocabulary(id,course_id,word,translation,frequency_rank,part_of_speech) values ('915f253f-efb4-50d2-bc53-7cc93f670a41', '20000000-0000-0000-0000-000000000001', 'square', 'plaza', 215, 'noun') on conflict (id) do nothing;
insert into vocabulary(id,course_id,word,translation,frequency_rank,part_of_speech) values ('41e3ddb4-1341-5f86-a052-1cbe85d7ba52', '20000000-0000-0000-0000-000000000001', 'building', 'edificio', 216, 'noun') on conflict (id) do nothing;
insert into vocabulary(id,course_id,word,translation,frequency_rank,part_of_speech) values ('f2ffe8a9-f4aa-5800-b8a7-8e779d51154b', '20000000-0000-0000-0000-000000000001', 'corner', 'esquina', 217, 'noun') on conflict (id) do nothing;
insert into vocabulary(id,course_id,word,translation,frequency_rank,part_of_speech) values ('a9f8307b-ccb3-5b2a-9472-0734e86214f3', '20000000-0000-0000-0000-000000000001', 'traffic', 'tráfico', 218, 'noun') on conflict (id) do nothing;
insert into vocabulary(id,course_id,word,translation,frequency_rank,part_of_speech) values ('fefdf31c-718f-5870-bb25-925d5ae603d0', '20000000-0000-0000-0000-000000000001', 'street', 'calle', 219, 'noun') on conflict (id) do nothing;
insert into vocabulary(id,course_id,word,translation,frequency_rank,part_of_speech) values ('65494c61-6edf-5435-bd17-3cd130b4bcf3', '20000000-0000-0000-0000-000000000001', 'road', 'carretera', 220, 'noun') on conflict (id) do nothing;
insert into vocabulary(id,course_id,word,translation,frequency_rank,part_of_speech) values ('1ec5c484-4931-529b-9e7d-fc9548b2f323', '20000000-0000-0000-0000-000000000001', 'library', 'biblioteca', 221, 'noun') on conflict (id) do nothing;
insert into vocabulary(id,course_id,word,translation,frequency_rank,part_of_speech) values ('e4fec2fc-8b7d-5eb2-8533-d406658f6e71', '20000000-0000-0000-0000-000000000001', 'church', 'iglesia', 210, 'noun') on conflict (id) do nothing;
insert into vocabulary(id,course_id,word,translation,frequency_rank,part_of_speech) values ('e171061a-df4e-57ed-8fb2-9e168aa2ab34', '20000000-0000-0000-0000-000000000001', 'market', 'mercado', 211, 'noun') on conflict (id) do nothing;
insert into vocabulary(id,course_id,word,translation,frequency_rank,part_of_speech) values ('aafbe7ca-27b6-56d7-8c51-5e3ad7a7c928', '20000000-0000-0000-0000-000000000001', 'museum', 'museo', 212, 'noun') on conflict (id) do nothing;
insert into vocabulary(id,course_id,word,translation,frequency_rank,part_of_speech) values ('872c339d-70fd-51b5-b65f-0b12301b0204', '20000000-0000-0000-0000-000000000001', 'crosswalk', 'paso de peatones', 213, 'noun') on conflict (id) do nothing;
insert into vocabulary(id,course_id,word,translation,frequency_rank,part_of_speech) values ('b76e9267-bc32-5faa-bf68-69917cda8158', '20000000-0000-0000-0000-000000000001', 'roundabout', 'rotonda', 214, 'noun') on conflict (id) do nothing;
insert into vocabulary(id,course_id,word,translation,frequency_rank,part_of_speech) values ('90d330ab-a06d-5fb2-8396-3730dd6fe6e7', '20000000-0000-0000-0000-000000000001', 'skyscraper', 'rascacielos', 215, 'noun') on conflict (id) do nothing;
insert into vocabulary(id,course_id,word,translation,frequency_rank,part_of_speech) values ('f5879ffe-cd43-55a8-8c84-afdc33fc16bc', '20000000-0000-0000-0000-000000000001', 'tunnel', 'túnel', 216, 'noun') on conflict (id) do nothing;
insert into vocabulary(id,course_id,word,translation,frequency_rank,part_of_speech) values ('3748046a-cb4d-55ee-9f5a-4b911d43b0c2', '20000000-0000-0000-0000-000000000001', 'fountain', 'fuente', 217, 'noun') on conflict (id) do nothing;
insert into vocabulary(id,course_id,word,translation,frequency_rank,part_of_speech) values ('eac2aaa1-46f5-571c-ac0a-0a506f622075', '20000000-0000-0000-0000-000000000001', 'subway', 'metro', 218, 'noun') on conflict (id) do nothing;
insert into vocabulary(id,course_id,word,translation,frequency_rank,part_of_speech) values ('c7fa90be-fb49-558e-892f-b13d4c4c0eba', '20000000-0000-0000-0000-000000000001', 'cross', 'cruzar', 219, 'verb') on conflict (id) do nothing;
insert into vocabulary(id,course_id,word,translation,frequency_rank,part_of_speech) values ('50718d67-d7f0-5555-87cd-de8bac11ec78', '20000000-0000-0000-0000-000000000001', 'turn', 'doblar', 220, 'verb') on conflict (id) do nothing;
insert into vocabulary(id,course_id,word,translation,frequency_rank,part_of_speech) values ('0cf303b8-b5ca-5994-874f-de8c674edca5', '20000000-0000-0000-0000-000000000001', 'intersection', 'cruce', 221, 'noun') on conflict (id) do nothing;
insert into vocabulary(id,course_id,word,translation,frequency_rank,part_of_speech) values ('9fd0ce5b-dc31-55a7-a5a8-bd1ce456f4c2', '20000000-0000-0000-0000-000000000001', 'furniture', 'muebles', 240, 'noun') on conflict (id) do nothing;
insert into vocabulary(id,course_id,word,translation,frequency_rank,part_of_speech) values ('02de3baa-b43b-56c1-99e9-90b082d0a78c', '20000000-0000-0000-0000-000000000001', 'drawer', 'cajón', 241, 'noun') on conflict (id) do nothing;
insert into vocabulary(id,course_id,word,translation,frequency_rank,part_of_speech) values ('e734f9db-2618-5200-902c-0be366edb051', '20000000-0000-0000-0000-000000000001', 'shelf', 'estante', 242, 'noun') on conflict (id) do nothing;
insert into vocabulary(id,course_id,word,translation,frequency_rank,part_of_speech) values ('df10bb7f-1c70-5284-8a50-dc3d19fcf8ca', '20000000-0000-0000-0000-000000000001', 'blanket', 'manta', 243, 'noun') on conflict (id) do nothing;
insert into vocabulary(id,course_id,word,translation,frequency_rank,part_of_speech) values ('2c5d2328-ab26-5f4b-b4fe-be751f7a8fa1', '20000000-0000-0000-0000-000000000001', 'pillow', 'almohada', 244, 'noun') on conflict (id) do nothing;
insert into vocabulary(id,course_id,word,translation,frequency_rank,part_of_speech) values ('023379d7-7782-5322-b1f0-9661695a431b', '20000000-0000-0000-0000-000000000001', 'sink', 'fregadero', 245, 'noun') on conflict (id) do nothing;
insert into vocabulary(id,course_id,word,translation,frequency_rank,part_of_speech) values ('414f7c1e-f7e5-59a0-9c19-b5a9766bb28c', '20000000-0000-0000-0000-000000000001', 'ceiling', 'techo', 246, 'noun') on conflict (id) do nothing;
insert into vocabulary(id,course_id,word,translation,frequency_rank,part_of_speech) values ('efd0ab16-c0da-5890-ae3c-588eaddb7a71', '20000000-0000-0000-0000-000000000001', 'towel', 'toalla', 247, 'noun') on conflict (id) do nothing;
insert into vocabulary(id,course_id,word,translation,frequency_rank,part_of_speech) values ('bdbd779b-315c-58eb-8e4b-5e982b9010c9', '20000000-0000-0000-0000-000000000001', 'bin', 'cubo de basura', 248, 'noun') on conflict (id) do nothing;
insert into vocabulary(id,course_id,word,translation,frequency_rank,part_of_speech) values ('bf4d0150-fbfb-567c-b9a9-a5d64c01e770', '20000000-0000-0000-0000-000000000001', 'laundry', 'colada', 249, 'noun') on conflict (id) do nothing;
insert into vocabulary(id,course_id,word,translation,frequency_rank,part_of_speech) values ('61e7cb05-14f9-5e77-b63c-040ac3ebcebe', '20000000-0000-0000-0000-000000000001', 'curtain', 'cortina', 250, 'noun') on conflict (id) do nothing;
insert into vocabulary(id,course_id,word,translation,frequency_rank,part_of_speech) values ('51a232e1-916b-5100-8b6b-086b270a3e67', '20000000-0000-0000-0000-000000000001', 'mattress', 'colchón', 251, 'noun') on conflict (id) do nothing;
insert into vocabulary(id,course_id,word,translation,frequency_rank,part_of_speech) values ('e2fc6f98-1dd8-57ed-aa43-af9b15acc0b6', '20000000-0000-0000-0000-000000000001', 'wardrobe', 'armario', 240, 'noun') on conflict (id) do nothing;
insert into vocabulary(id,course_id,word,translation,frequency_rank,part_of_speech) values ('8b644786-fa70-5534-bf68-64203f0ae66e', '20000000-0000-0000-0000-000000000001', 'vacuum cleaner', 'aspiradora', 241, 'noun') on conflict (id) do nothing;
insert into vocabulary(id,course_id,word,translation,frequency_rank,part_of_speech) values ('28ae9d98-1799-5dde-b962-b4f2765eb57d', '20000000-0000-0000-0000-000000000001', 'broom', 'escoba', 242, 'noun') on conflict (id) do nothing;
insert into vocabulary(id,course_id,word,translation,frequency_rank,part_of_speech) values ('ddc93f49-e5e5-55da-b676-ce59fbc174cc', '20000000-0000-0000-0000-000000000001', 'stairs', 'escaleras', 243, 'noun') on conflict (id) do nothing;
insert into vocabulary(id,course_id,word,translation,frequency_rank,part_of_speech) values ('1a96ed71-e93b-55ad-8122-052b66640f21', '20000000-0000-0000-0000-000000000001', 'to sweep', 'barrer', 244, 'verb') on conflict (id) do nothing;
insert into vocabulary(id,course_id,word,translation,frequency_rank,part_of_speech) values ('27b235a5-20ef-536c-83f8-d402103d33a7', '20000000-0000-0000-0000-000000000001', 'tidy', 'ordenar', 245, 'verb') on conflict (id) do nothing;
insert into vocabulary(id,course_id,word,translation,frequency_rank,part_of_speech) values ('2b247c58-aec9-5d1b-b3b9-5e5d053120c5', '20000000-0000-0000-0000-000000000001', 'to dust', 'quitar el polvo', 246, 'verb') on conflict (id) do nothing;
insert into vocabulary(id,course_id,word,translation,frequency_rank,part_of_speech) values ('a8ca7fc4-0046-5e0f-a399-284d852db74a', '20000000-0000-0000-0000-000000000001', 'to plug in', 'enchufar', 247, 'verb') on conflict (id) do nothing;
insert into vocabulary(id,course_id,word,translation,frequency_rank,part_of_speech) values ('c40d8dc8-3188-5f30-8bc7-11af5bb5f60e', '20000000-0000-0000-0000-000000000001', 'hang', 'colgar', 248, 'verb') on conflict (id) do nothing;
insert into vocabulary(id,course_id,word,translation,frequency_rank,part_of_speech) values ('464d37b0-5ef4-5024-af9d-90adcd8a790f', '20000000-0000-0000-0000-000000000001', 'to iron', 'planchar', 249, 'verb') on conflict (id) do nothing;
insert into vocabulary(id,course_id,word,translation,frequency_rank,part_of_speech) values ('7ed403ce-3587-592d-8820-dda460fd6208', '20000000-0000-0000-0000-000000000001', 'messy', 'desordenado', 250, 'adjective') on conflict (id) do nothing;
insert into vocabulary(id,course_id,word,translation,frequency_rank,part_of_speech) values ('70572058-6348-5e5d-8ae7-adf3a8d0a2f6', '20000000-0000-0000-0000-000000000001', 'cosy', 'acogedor', 251, 'adjective') on conflict (id) do nothing;
insert into vocabulary(id,course_id,word,translation,frequency_rank,part_of_speech) values ('60a82c72-2015-5edf-9206-b50747e9b000', '20000000-0000-0000-0000-000000000001', 'onion', 'cebolla', 270, 'noun') on conflict (id) do nothing;
insert into vocabulary(id,course_id,word,translation,frequency_rank,part_of_speech) values ('f87f4f7d-438d-5c08-89df-271bb4d7d32d', '20000000-0000-0000-0000-000000000001', 'garlic', 'ajo', 271, 'noun') on conflict (id) do nothing;
insert into vocabulary(id,course_id,word,translation,frequency_rank,part_of_speech) values ('6bb75bc1-9403-5f32-ba64-bd94f8038c68', '20000000-0000-0000-0000-000000000001', 'salt', 'sal', 272, 'noun') on conflict (id) do nothing;
insert into vocabulary(id,course_id,word,translation,frequency_rank,part_of_speech) values ('ab7547fd-8b4d-5201-817d-ddacd82c449b', '20000000-0000-0000-0000-000000000001', 'pepper', 'pimienta', 273, 'noun') on conflict (id) do nothing;
insert into vocabulary(id,course_id,word,translation,frequency_rank,part_of_speech) values ('0dba88fe-bfff-5a78-899d-c40df6d9b548', '20000000-0000-0000-0000-000000000001', 'egg', 'huevo', 274, 'noun') on conflict (id) do nothing;
insert into vocabulary(id,course_id,word,translation,frequency_rank,part_of_speech) values ('4386c5bb-5654-5eef-9846-584f90d80d35', '20000000-0000-0000-0000-000000000001', 'chicken', 'pollo', 275, 'noun') on conflict (id) do nothing;
insert into vocabulary(id,course_id,word,translation,frequency_rank,part_of_speech) values ('d4cb99aa-8911-5d18-a91f-ec68ef5c69f9', '20000000-0000-0000-0000-000000000001', 'beef', 'carne de res', 276, 'noun') on conflict (id) do nothing;
insert into vocabulary(id,course_id,word,translation,frequency_rank,part_of_speech) values ('ec01f5e3-7bbc-5f23-b76d-eed6755def8e', '20000000-0000-0000-0000-000000000001', 'rice', 'arroz', 277, 'noun') on conflict (id) do nothing;
insert into vocabulary(id,course_id,word,translation,frequency_rank,part_of_speech) values ('0922acb8-e4f3-5523-a86c-fb16089afdc8', '20000000-0000-0000-0000-000000000001', 'cheese', 'queso', 278, 'noun') on conflict (id) do nothing;
insert into vocabulary(id,course_id,word,translation,frequency_rank,part_of_speech) values ('53d7a997-7599-5818-a457-88fa10f0ae5c', '20000000-0000-0000-0000-000000000001', 'butter', 'mantequilla', 279, 'noun') on conflict (id) do nothing;
insert into vocabulary(id,course_id,word,translation,frequency_rank,part_of_speech) values ('9ee1a947-565e-5ad0-9e8c-4e4b190b0779', '20000000-0000-0000-0000-000000000001', 'flour', 'harina', 280, 'noun') on conflict (id) do nothing;
insert into vocabulary(id,course_id,word,translation,frequency_rank,part_of_speech) values ('aa1a2048-6726-5dc6-b94a-51bea7630da7', '20000000-0000-0000-0000-000000000001', 'sugar', 'azúcar', 281, 'noun') on conflict (id) do nothing;
insert into vocabulary(id,course_id,word,translation,frequency_rank,part_of_speech) values ('3672b60c-6831-5465-ba2a-a0b2ec1a0b0c', '20000000-0000-0000-0000-000000000001', 'knife', 'cuchillo', 270, 'noun') on conflict (id) do nothing;
insert into vocabulary(id,course_id,word,translation,frequency_rank,part_of_speech) values ('3443e2b8-f2aa-59b8-ab3b-b28343a67b1f', '20000000-0000-0000-0000-000000000001', 'spoon', 'cuchara', 271, 'noun') on conflict (id) do nothing;
insert into vocabulary(id,course_id,word,translation,frequency_rank,part_of_speech) values ('0bf770f8-465d-53e6-a574-f837ce10eebf', '20000000-0000-0000-0000-000000000001', 'fork', 'tenedor', 272, 'noun') on conflict (id) do nothing;
insert into vocabulary(id,course_id,word,translation,frequency_rank,part_of_speech) values ('d578d9f3-c541-59d6-aa72-c2082a194caf', '20000000-0000-0000-0000-000000000001', 'plate', 'plato', 273, 'noun') on conflict (id) do nothing;
insert into vocabulary(id,course_id,word,translation,frequency_rank,part_of_speech) values ('ade4c25e-c6f0-571c-907b-3bc76616244c', '20000000-0000-0000-0000-000000000001', 'meal', 'comida', 274, 'noun') on conflict (id) do nothing;
insert into vocabulary(id,course_id,word,translation,frequency_rank,part_of_speech) values ('b190fc51-da80-5e02-b2d2-9f9ff23db412', '20000000-0000-0000-0000-000000000001', 'spicy', 'picante', 275, 'adjective') on conflict (id) do nothing;
insert into vocabulary(id,course_id,word,translation,frequency_rank,part_of_speech) values ('b975b3de-c52a-5a98-949d-c2891c3e1af6', '20000000-0000-0000-0000-000000000001', 'sweet', 'dulce', 276, 'adjective') on conflict (id) do nothing;
insert into vocabulary(id,course_id,word,translation,frequency_rank,part_of_speech) values ('466b29fa-7adb-52aa-8501-c7f64ba9c5e2', '20000000-0000-0000-0000-000000000001', 'to boil', 'hervir', 277, 'verb') on conflict (id) do nothing;
insert into vocabulary(id,course_id,word,translation,frequency_rank,part_of_speech) values ('ed4b4df5-471d-5ee1-8dcd-6bab139f38c2', '20000000-0000-0000-0000-000000000001', 'to fry', 'freír', 278, 'verb') on conflict (id) do nothing;
insert into vocabulary(id,course_id,word,translation,frequency_rank,part_of_speech) values ('615eb664-58e0-5e83-aa60-e854c6d9848d', '20000000-0000-0000-0000-000000000001', 'to bake', 'hornear', 279, 'verb') on conflict (id) do nothing;
insert into vocabulary(id,course_id,word,translation,frequency_rank,part_of_speech) values ('a458c30d-a6ed-5b34-b380-83cf9fa71651', '20000000-0000-0000-0000-000000000001', 'to chop', 'picar', 280, 'verb') on conflict (id) do nothing;
insert into vocabulary(id,course_id,word,translation,frequency_rank,part_of_speech) values ('ac104b2d-eecb-52a5-9f89-162ae69f052d', '20000000-0000-0000-0000-000000000001', 'taste', 'probar', 281, 'verb') on conflict (id) do nothing;
insert into vocabulary(id,course_id,word,translation,frequency_rank,part_of_speech) values ('c7591650-7c90-51d9-9a60-6b49cb07bf20', '20000000-0000-0000-0000-000000000001', 'suitcase', 'maleta', 300, 'noun') on conflict (id) do nothing;
insert into vocabulary(id,course_id,word,translation,frequency_rank,part_of_speech) values ('273433d1-e762-5a5e-b239-2fc6052b451f', '20000000-0000-0000-0000-000000000001', 'platform', 'andén', 301, 'noun') on conflict (id) do nothing;
insert into vocabulary(id,course_id,word,translation,frequency_rank,part_of_speech) values ('14ff2a3f-803e-5d39-bcd8-c60c06cf97d9', '20000000-0000-0000-0000-000000000001', 'gate', 'puerta', 302, 'noun') on conflict (id) do nothing;
insert into vocabulary(id,course_id,word,translation,frequency_rank,part_of_speech) values ('c482cf78-f915-5dff-9321-a619106ce7d9', '20000000-0000-0000-0000-000000000001', 'board', 'abordar', 303, 'verb') on conflict (id) do nothing;
insert into vocabulary(id,course_id,word,translation,frequency_rank,part_of_speech) values ('486a9f6f-dd20-5e2b-9fd3-c9496119845e', '20000000-0000-0000-0000-000000000001', 'to pack', 'empacar', 304, 'verb') on conflict (id) do nothing;
insert into vocabulary(id,course_id,word,translation,frequency_rank,part_of_speech) values ('398e651a-890f-53ad-b0a3-c11e4597de97', '20000000-0000-0000-0000-000000000001', 'departure', 'salida', 305, 'noun') on conflict (id) do nothing;
insert into vocabulary(id,course_id,word,translation,frequency_rank,part_of_speech) values ('6ae588dc-bae0-53c1-a985-1a9c2859effc', '20000000-0000-0000-0000-000000000001', 'arrival', 'llegada', 306, 'noun') on conflict (id) do nothing;
insert into vocabulary(id,course_id,word,translation,frequency_rank,part_of_speech) values ('60269f59-366d-5016-a393-b033449fa8d2', '20000000-0000-0000-0000-000000000001', 'destination', 'destino', 307, 'noun') on conflict (id) do nothing;
insert into vocabulary(id,course_id,word,translation,frequency_rank,part_of_speech) values ('72ab7fae-5a01-55bc-b81d-20d30fc44f9d', '20000000-0000-0000-0000-000000000001', 'crew', 'tripulación', 308, 'noun') on conflict (id) do nothing;
insert into vocabulary(id,course_id,word,translation,frequency_rank,part_of_speech) values ('c8dfa166-d7a0-51fc-85f0-e30d94366917', '20000000-0000-0000-0000-000000000001', 'seat', 'asiento', 309, 'noun') on conflict (id) do nothing;
insert into vocabulary(id,course_id,word,translation,frequency_rank,part_of_speech) values ('31e23b00-9ce2-5ccc-871f-d7ef3b7fe051', '20000000-0000-0000-0000-000000000001', 'backpack', 'mochila', 310, 'noun') on conflict (id) do nothing;
insert into vocabulary(id,course_id,word,translation,frequency_rank,part_of_speech) values ('64c0e54c-d3eb-5a00-bd3e-b1eafc045a53', '20000000-0000-0000-0000-000000000001', 'tourist', 'turista', 300, 'noun') on conflict (id) do nothing;
insert into vocabulary(id,course_id,word,translation,frequency_rank,part_of_speech) values ('6b13f66d-3573-572d-9689-25fe1776540d', '20000000-0000-0000-0000-000000000001', 'customs', 'aduana', 301, 'noun') on conflict (id) do nothing;
insert into vocabulary(id,course_id,word,translation,frequency_rank,part_of_speech) values ('911d709c-9925-5682-a3a6-df4b0acf24f8', '20000000-0000-0000-0000-000000000001', 'cabin', 'cabina', 302, 'noun') on conflict (id) do nothing;
insert into vocabulary(id,course_id,word,translation,frequency_rank,part_of_speech) values ('086abe4d-2683-55ee-90e7-6400b2356371', '20000000-0000-0000-0000-000000000001', 'runway', 'pista', 303, 'noun') on conflict (id) do nothing;
insert into vocabulary(id,course_id,word,translation,frequency_rank,part_of_speech) values ('3e678cf0-c6df-554a-9045-dbc078469f0e', '20000000-0000-0000-0000-000000000001', 'layover', 'escala', 304, 'noun') on conflict (id) do nothing;
insert into vocabulary(id,course_id,word,translation,frequency_rank,part_of_speech) values ('06506879-3c6a-5073-9059-361c568afb1a', '20000000-0000-0000-0000-000000000001', 'ferry', 'transbordador', 305, 'noun') on conflict (id) do nothing;
insert into vocabulary(id,course_id,word,translation,frequency_rank,part_of_speech) values ('6f18a5d8-3927-5c4c-9eca-c49e301fce13', '20000000-0000-0000-0000-000000000001', 'highway', 'autopista', 306, 'noun') on conflict (id) do nothing;
insert into vocabulary(id,course_id,word,translation,frequency_rank,part_of_speech) values ('6e422b4f-cefe-507c-85d0-8619ba5d8fc3', '20000000-0000-0000-0000-000000000001', 'fare', 'tarifa', 307, 'noun') on conflict (id) do nothing;
insert into vocabulary(id,course_id,word,translation,frequency_rank,part_of_speech) values ('bf33f1d9-5489-5fad-b3e2-ffb99dd16f19', '20000000-0000-0000-0000-000000000001', 'land', 'aterrizar', 308, 'verb') on conflict (id) do nothing;
insert into vocabulary(id,course_id,word,translation,frequency_rank,part_of_speech) values ('37be32a7-eb9a-5010-a9f5-341db58f7233', '20000000-0000-0000-0000-000000000001', 'lane', 'carril', 309, 'noun') on conflict (id) do nothing;
insert into vocabulary(id,course_id,word,translation,frequency_rank,part_of_speech) values ('776bdedb-a029-55b0-8686-2c08227e7ca5', '20000000-0000-0000-0000-000000000001', 'receipt', 'recibo', 330, 'noun') on conflict (id) do nothing;
insert into vocabulary(id,course_id,word,translation,frequency_rank,part_of_speech) values ('777cef98-afa3-5a4e-b66e-16c14439957c', '20000000-0000-0000-0000-000000000001', 'discount', 'descuento', 331, 'noun') on conflict (id) do nothing;
insert into vocabulary(id,course_id,word,translation,frequency_rank,part_of_speech) values ('c29473aa-5612-5c83-8e0d-dec5fa2116c9', '20000000-0000-0000-0000-000000000001', 'cash', 'efectivo', 332, 'noun') on conflict (id) do nothing;
insert into vocabulary(id,course_id,word,translation,frequency_rank,part_of_speech) values ('7bced19f-53c2-5bbf-ab65-493ac63eaa6b', '20000000-0000-0000-0000-000000000001', 'to spend', 'gastar', 333, 'verb') on conflict (id) do nothing;
insert into vocabulary(id,course_id,word,translation,frequency_rank,part_of_speech) values ('e20a7f97-3e1d-590d-a87e-8f692a432034', '20000000-0000-0000-0000-000000000001', 'brand', 'marca', 334, 'noun') on conflict (id) do nothing;
insert into vocabulary(id,course_id,word,translation,frequency_rank,part_of_speech) values ('990d0f50-26b4-5f3e-9e73-f02d756f603f', '20000000-0000-0000-0000-000000000001', 'aisle', 'pasillo', 335, 'noun') on conflict (id) do nothing;
insert into vocabulary(id,course_id,word,translation,frequency_rank,part_of_speech) values ('707d3857-13dd-5070-9f61-11dcae0abdf7', '20000000-0000-0000-0000-000000000001', 'checkout', 'caja', 336, 'noun') on conflict (id) do nothing;
insert into vocabulary(id,course_id,word,translation,frequency_rank,part_of_speech) values ('be71bbf4-b8a7-5900-acd4-c9da60b417f3', '20000000-0000-0000-0000-000000000001', 'sale', 'rebaja', 337, 'noun') on conflict (id) do nothing;
insert into vocabulary(id,course_id,word,translation,frequency_rank,part_of_speech) values ('1e9d5462-1a04-5446-8100-466c941b0349', '20000000-0000-0000-0000-000000000001', 'customer', 'cliente', 338, 'noun') on conflict (id) do nothing;
insert into vocabulary(id,course_id,word,translation,frequency_rank,part_of_speech) values ('d35fff77-a7c4-5140-a725-9cead4578641', '20000000-0000-0000-0000-000000000001', 'price', 'precio', 339, 'noun') on conflict (id) do nothing;
insert into vocabulary(id,course_id,word,translation,frequency_rank,part_of_speech) values ('b31419e3-0950-58b1-856e-c05132d4f7c4', '20000000-0000-0000-0000-000000000001', 'pay', 'pagar', 340, 'verb') on conflict (id) do nothing;
insert into vocabulary(id,course_id,word,translation,frequency_rank,part_of_speech) values ('5639365a-9a1d-5ed5-a458-348b649ba90d', '20000000-0000-0000-0000-000000000001', 'coin', 'moneda', 341, 'noun') on conflict (id) do nothing;
insert into vocabulary(id,course_id,word,translation,frequency_rank,part_of_speech) values ('baac552f-aa4d-5b27-a69b-8b669cc84c8c', '20000000-0000-0000-0000-000000000001', 'wallet', 'billetera', 330, 'noun') on conflict (id) do nothing;
insert into vocabulary(id,course_id,word,translation,frequency_rank,part_of_speech) values ('df844f68-c7e0-57f1-870f-5292fc11c10c', '20000000-0000-0000-0000-000000000001', 'cart', 'carrito', 331, 'noun') on conflict (id) do nothing;
insert into vocabulary(id,course_id,word,translation,frequency_rank,part_of_speech) values ('01ab0f00-2a61-51de-9810-d9f588d7f5cf', '20000000-0000-0000-0000-000000000001', 'mall', 'centro comercial', 332, 'noun') on conflict (id) do nothing;
insert into vocabulary(id,course_id,word,translation,frequency_rank,part_of_speech) values ('90f4d16a-3c2b-59af-a02a-e5fc05ab4e9b', '20000000-0000-0000-0000-000000000001', 'to buy', 'comprar', 333, 'verb') on conflict (id) do nothing;
insert into vocabulary(id,course_id,word,translation,frequency_rank,part_of_speech) values ('e32ec011-987a-5bba-a885-d4aa0fddbae9', '20000000-0000-0000-0000-000000000001', 'sell', 'vender', 334, 'verb') on conflict (id) do nothing;
insert into vocabulary(id,course_id,word,translation,frequency_rank,part_of_speech) values ('1a1db3dc-969e-5582-9aea-fc213cc5f52c', '20000000-0000-0000-0000-000000000001', 'cost', 'costar', 335, 'verb') on conflict (id) do nothing;
insert into vocabulary(id,course_id,word,translation,frequency_rank,part_of_speech) values ('e0865e04-6cc6-59e0-be9b-8584792ab4c0', '20000000-0000-0000-0000-000000000001', 'bargain', 'ganga', 336, 'noun') on conflict (id) do nothing;
insert into vocabulary(id,course_id,word,translation,frequency_rank,part_of_speech) values ('895e7a3f-e663-526e-935a-6fb9938d1b1c', '20000000-0000-0000-0000-000000000001', 'tax', 'impuesto', 337, 'noun') on conflict (id) do nothing;
insert into vocabulary(id,course_id,word,translation,frequency_rank,part_of_speech) values ('eb3a1969-cfd2-52ce-921a-5a334ff499c9', '20000000-0000-0000-0000-000000000001', 'save', 'ahorrar', 338, 'verb') on conflict (id) do nothing;
insert into vocabulary(id,course_id,word,translation,frequency_rank,part_of_speech) values ('1f572878-30d9-533d-86b8-a80d6cb5e272', '20000000-0000-0000-0000-000000000001', 'product', 'producto', 339, 'noun') on conflict (id) do nothing;
insert into vocabulary(id,course_id,word,translation,frequency_rank,part_of_speech) values ('3d2053d8-9fe6-5d05-b9e4-9000a9450efe', '20000000-0000-0000-0000-000000000001', 'cashier', 'cajero', 340, 'noun') on conflict (id) do nothing;
insert into vocabulary(id,course_id,word,translation,frequency_rank,part_of_speech) values ('231cb37a-4bb5-5903-8331-568b667daa6e', '20000000-0000-0000-0000-000000000001', 'schedule', 'horario', 360, 'noun') on conflict (id) do nothing;
insert into vocabulary(id,course_id,word,translation,frequency_rank,part_of_speech) values ('b96704a7-538a-5788-9f79-595c32663448', '20000000-0000-0000-0000-000000000001', 'weekday', 'día laborable', 361, 'noun') on conflict (id) do nothing;
insert into vocabulary(id,course_id,word,translation,frequency_rank,part_of_speech) values ('ea88eb1b-a04b-5d1c-9fd5-5d8a964648e1', '20000000-0000-0000-0000-000000000001', 'wake up', 'despertarse', 362, 'verb') on conflict (id) do nothing;
insert into vocabulary(id,course_id,word,translation,frequency_rank,part_of_speech) values ('489a5627-3277-59d3-8042-dc11aa5da06f', '20000000-0000-0000-0000-000000000001', 'rarely', 'rara vez', 363, 'adverb') on conflict (id) do nothing;
insert into vocabulary(id,course_id,word,translation,frequency_rank,part_of_speech) values ('a3758368-a7ce-5ec5-90c2-783dc6dacbb0', '20000000-0000-0000-0000-000000000001', 'meanwhile', 'mientras tanto', 364, 'adverb') on conflict (id) do nothing;
insert into vocabulary(id,course_id,word,translation,frequency_rank,part_of_speech) values ('7f683c09-cb22-591f-9804-e09837e173fe', '20000000-0000-0000-0000-000000000001', 'nowadays', 'hoy en día', 365, 'adverb') on conflict (id) do nothing;
insert into vocabulary(id,course_id,word,translation,frequency_rank,part_of_speech) values ('e7298d4a-71c7-5cae-b869-1121a01ba816', '20000000-0000-0000-0000-000000000001', 'to be late', 'llegar tarde', 366, 'verb') on conflict (id) do nothing;
insert into vocabulary(id,course_id,word,translation,frequency_rank,part_of_speech) values ('ce8a870e-afc5-5782-b865-54a26d0e0717', '20000000-0000-0000-0000-000000000001', 'often', 'a menudo', 367, 'adverb') on conflict (id) do nothing;
insert into vocabulary(id,course_id,word,translation,frequency_rank,part_of_speech) values ('3145ea19-ac71-5c6e-afb0-ca108718b316', '20000000-0000-0000-0000-000000000001', 'always', 'siempre', 368, 'adverb') on conflict (id) do nothing;
insert into vocabulary(id,course_id,word,translation,frequency_rank,part_of_speech) values ('d0acf122-b05b-55f7-8364-b76f0f4cea48', '20000000-0000-0000-0000-000000000001', 'usually', 'normalmente', 369, 'adverb') on conflict (id) do nothing;
insert into vocabulary(id,course_id,word,translation,frequency_rank,part_of_speech) values ('a55993e9-d81e-5d6d-8bf7-dbc70429cfb4', '20000000-0000-0000-0000-000000000001', 'sometimes', 'a veces', 370, 'adverb') on conflict (id) do nothing;
insert into vocabulary(id,course_id,word,translation,frequency_rank,part_of_speech) values ('38d18bb2-b0db-5a02-b220-b283a53783cd', '20000000-0000-0000-0000-000000000001', 'midnight', 'medianoche', 371, 'noun') on conflict (id) do nothing;
insert into vocabulary(id,course_id,word,translation,frequency_rank,part_of_speech) values ('262bd6cc-0839-5a98-ad4e-1753f596440c', '20000000-0000-0000-0000-000000000001', 'noon', 'mediodía', 360, 'noun') on conflict (id) do nothing;
insert into vocabulary(id,course_id,word,translation,frequency_rank,part_of_speech) values ('6db04f04-2d8f-58db-9462-8d7f784109dc', '20000000-0000-0000-0000-000000000001', 'daily', 'diario', 361, 'adjective') on conflict (id) do nothing;
insert into vocabulary(id,course_id,word,translation,frequency_rank,part_of_speech) values ('bfc99c52-0e8b-529b-95ba-e36a7283fce3', '20000000-0000-0000-0000-000000000001', 'weekly', 'semanal', 362, 'adjective') on conflict (id) do nothing;
insert into vocabulary(id,course_id,word,translation,frequency_rank,part_of_speech) values ('a4ecb52e-b6d1-5179-b1a2-22e65a768c49', '20000000-0000-0000-0000-000000000001', 'monthly', 'mensual', 363, 'adjective') on conflict (id) do nothing;
insert into vocabulary(id,course_id,word,translation,frequency_rank,part_of_speech) values ('17ecaf21-8484-5c4f-a0b4-a3588a2f4ffd', '20000000-0000-0000-0000-000000000001', 'to postpone', 'posponer', 364, 'verb') on conflict (id) do nothing;
insert into vocabulary(id,course_id,word,translation,frequency_rank,part_of_speech) values ('332bcd26-f0fd-5d2d-aeca-f08f36f68521', '20000000-0000-0000-0000-000000000001', 'to hurry', 'apresurarse', 365, 'verb') on conflict (id) do nothing;
insert into vocabulary(id,course_id,word,translation,frequency_rank,part_of_speech) values ('6b9efb14-64ca-5d26-998c-d91257d85730', '20000000-0000-0000-0000-000000000001', 'eventually', 'finalmente', 366, 'adverb') on conflict (id) do nothing;
insert into vocabulary(id,course_id,word,translation,frequency_rank,part_of_speech) values ('90619197-c38b-5159-880d-d05a1ac9e5dd', '20000000-0000-0000-0000-000000000001', 'currently', 'actualmente', 367, 'adverb') on conflict (id) do nothing;
insert into vocabulary(id,course_id,word,translation,frequency_rank,part_of_speech) values ('afadf52a-7ee9-566f-bae6-930ca33720a9', '20000000-0000-0000-0000-000000000001', 'shift', 'turno', 368, 'noun') on conflict (id) do nothing;
insert into vocabulary(id,course_id,word,translation,frequency_rank,part_of_speech) values ('b205dd27-c031-5ecf-9612-29bad87167df', '20000000-0000-0000-0000-000000000001', 'alarm', 'alarma', 369, 'noun') on conflict (id) do nothing;
insert into vocabulary(id,course_id,word,translation,frequency_rank,part_of_speech) values ('c9fb0842-b2ff-5f13-9abc-470a329f0a21', '20000000-0000-0000-0000-000000000001', 'bedtime', 'hora de dormir', 370, 'noun') on conflict (id) do nothing;
insert into vocabulary(id,course_id,word,translation,frequency_rank,part_of_speech) values ('be70701f-5118-52e1-b0ab-d7e1dea080a7', '20000000-0000-0000-0000-000000000001', 'cough', 'tos', 390, 'noun') on conflict (id) do nothing;
insert into vocabulary(id,course_id,word,translation,frequency_rank,part_of_speech) values ('3c39b952-f82d-5613-accd-fcded44a3521', '20000000-0000-0000-0000-000000000001', 'fever', 'fiebre', 391, 'noun') on conflict (id) do nothing;
insert into vocabulary(id,course_id,word,translation,frequency_rank,part_of_speech) values ('929acd6d-a806-5671-be2d-857bcff58b6d', '20000000-0000-0000-0000-000000000001', 'pill', 'pastilla', 392, 'noun') on conflict (id) do nothing;
insert into vocabulary(id,course_id,word,translation,frequency_rank,part_of_speech) values ('d8e7b93a-de69-5b01-8ff6-bd1d0440e72e', '20000000-0000-0000-0000-000000000001', 'sneeze', 'estornudar', 393, 'verb') on conflict (id) do nothing;
insert into vocabulary(id,course_id,word,translation,frequency_rank,part_of_speech) values ('de9187b5-96b9-5690-806e-dfbe276a47db', '20000000-0000-0000-0000-000000000001', 'injury', 'lesión', 394, 'noun') on conflict (id) do nothing;
insert into vocabulary(id,course_id,word,translation,frequency_rank,part_of_speech) values ('6757de4f-3eb2-5311-baf9-f01f1e01e0f1', '20000000-0000-0000-0000-000000000001', 'to recover', 'recuperarse', 395, 'verb') on conflict (id) do nothing;
insert into vocabulary(id,course_id,word,translation,frequency_rank,part_of_speech) values ('a0df740b-072c-52e3-9b49-22ae3b4c18da', '20000000-0000-0000-0000-000000000001', 'bandage', 'venda', 396, 'noun') on conflict (id) do nothing;
insert into vocabulary(id,course_id,word,translation,frequency_rank,part_of_speech) values ('a57aacf3-2391-5d8e-b192-fde19967d3ae', '20000000-0000-0000-0000-000000000001', 'breath', 'respiración', 397, 'noun') on conflict (id) do nothing;
insert into vocabulary(id,course_id,word,translation,frequency_rank,part_of_speech) values ('48c54425-369d-57a7-9ab7-9f5765bb5060', '20000000-0000-0000-0000-000000000001', 'cold', 'resfriado', 398, 'noun') on conflict (id) do nothing;
insert into vocabulary(id,course_id,word,translation,frequency_rank,part_of_speech) values ('ff91d97b-e79b-542e-98cf-4d48591209f8', '20000000-0000-0000-0000-000000000001', 'wound', 'herida', 399, 'noun') on conflict (id) do nothing;
insert into vocabulary(id,course_id,word,translation,frequency_rank,part_of_speech) values ('c176ace5-cf23-5f8f-ad2c-78510ddb32ca', '20000000-0000-0000-0000-000000000001', 'blood', 'sangre', 400, 'noun') on conflict (id) do nothing;
insert into vocabulary(id,course_id,word,translation,frequency_rank,part_of_speech) values ('542a2577-d56a-53e7-aed3-03d46bda3b08', '20000000-0000-0000-0000-000000000001', 'bone', 'hueso', 401, 'noun') on conflict (id) do nothing;
insert into vocabulary(id,course_id,word,translation,frequency_rank,part_of_speech) values ('59d01521-c723-5b84-9d3e-8a76f866c0b8', '20000000-0000-0000-0000-000000000001', 'skin', 'piel', 390, 'noun') on conflict (id) do nothing;
insert into vocabulary(id,course_id,word,translation,frequency_rank,part_of_speech) values ('5627eef8-3ec0-5ca0-90a9-57e8bf7b2123', '20000000-0000-0000-0000-000000000001', 'knee', 'rodilla', 391, 'noun') on conflict (id) do nothing;
insert into vocabulary(id,course_id,word,translation,frequency_rank,part_of_speech) values ('b537510c-fd83-5340-a06a-0d24dfc69cf8', '20000000-0000-0000-0000-000000000001', 'throat', 'garganta', 392, 'noun') on conflict (id) do nothing;
insert into vocabulary(id,course_id,word,translation,frequency_rank,part_of_speech) values ('d27181ba-1231-56e5-981f-3c0b340d1499', '20000000-0000-0000-0000-000000000001', 'chest', 'pecho', 393, 'noun') on conflict (id) do nothing;
insert into vocabulary(id,course_id,word,translation,frequency_rank,part_of_speech) values ('f43a0e44-9780-5c6a-b3e1-c9afdf9053c1', '20000000-0000-0000-0000-000000000001', 'nurse', 'enfermera', 394, 'noun') on conflict (id) do nothing;
insert into vocabulary(id,course_id,word,translation,frequency_rank,part_of_speech) values ('7b7d1221-93df-56a0-ad5d-47f41b3da06e', '20000000-0000-0000-0000-000000000001', 'to bleed', 'sangrar', 395, 'verb') on conflict (id) do nothing;
insert into vocabulary(id,course_id,word,translation,frequency_rank,part_of_speech) values ('41ea67b4-2331-542c-8343-ba10a255c69e', '20000000-0000-0000-0000-000000000001', 'to breathe', 'respirar', 396, 'verb') on conflict (id) do nothing;
insert into vocabulary(id,course_id,word,translation,frequency_rank,part_of_speech) values ('dcfb5272-b9a9-5230-8bf6-5eb204838658', '20000000-0000-0000-0000-000000000001', 'dizzy', 'mareado', 397, 'adjective') on conflict (id) do nothing;
insert into vocabulary(id,course_id,word,translation,frequency_rank,part_of_speech) values ('27bbd4f8-65be-5d19-8993-dd835329dd63', '20000000-0000-0000-0000-000000000001', 'swollen', 'hinchado', 398, 'adjective') on conflict (id) do nothing;
insert into vocabulary(id,course_id,word,translation,frequency_rank,part_of_speech) values ('2e85f5ed-ab65-591c-91f1-4c167d7cbbd3', '20000000-0000-0000-0000-000000000001', 'heal', 'sanar', 399, 'verb') on conflict (id) do nothing;
insert into vocabulary(id,course_id,word,translation,frequency_rank,part_of_speech) values ('de896015-13a8-586c-9593-2c964b2aca0b', '20000000-0000-0000-0000-000000000001', 'treatment', 'tratamiento', 400, 'noun') on conflict (id) do nothing;
insert into vocabulary(id,course_id,word,translation,frequency_rank,part_of_speech) values ('4f238027-6638-5ae6-b421-a6621e30babb', '20000000-0000-0000-0000-000000000001', 'muscle', 'músculo', 401, 'noun') on conflict (id) do nothing;
insert into vocabulary(id,course_id,word,translation,frequency_rank,part_of_speech) values ('caaa443c-85a1-5af7-98c4-e41227cab22b', '20000000-0000-0000-0000-000000000001', 'boss', 'jefe', 420, 'noun') on conflict (id) do nothing;
insert into vocabulary(id,course_id,word,translation,frequency_rank,part_of_speech) values ('3a4d9f71-3f0a-54d3-ba85-5c250a956e1b', '20000000-0000-0000-0000-000000000001', 'employee', 'empleado', 421, 'noun') on conflict (id) do nothing;
insert into vocabulary(id,course_id,word,translation,frequency_rank,part_of_speech) values ('bee7e6ef-6305-5931-a27b-d49070c19ea2', '20000000-0000-0000-0000-000000000001', 'employer', 'empleador', 422, 'noun') on conflict (id) do nothing;
insert into vocabulary(id,course_id,word,translation,frequency_rank,part_of_speech) values ('24cb9e88-5d1c-5c33-b5c7-fd6925b32824', '20000000-0000-0000-0000-000000000001', 'to hire', 'contratar', 423, 'verb') on conflict (id) do nothing;
insert into vocabulary(id,course_id,word,translation,frequency_rank,part_of_speech) values ('77faa197-0132-59cc-b8ea-31fde437d347', '20000000-0000-0000-0000-000000000001', 'to fire', 'despedir', 424, 'verb') on conflict (id) do nothing;
insert into vocabulary(id,course_id,word,translation,frequency_rank,part_of_speech) values ('0d1660f0-fa16-57c2-a89e-07b0bcd042ca', '20000000-0000-0000-0000-000000000001', 'staff', 'personal', 425, 'noun') on conflict (id) do nothing;
insert into vocabulary(id,course_id,word,translation,frequency_rank,part_of_speech) values ('bf9096ee-25a4-5815-b70a-754572d7e793', '20000000-0000-0000-0000-000000000001', 'task', 'tarea', 426, 'noun') on conflict (id) do nothing;
insert into vocabulary(id,course_id,word,translation,frequency_rank,part_of_speech) values ('c09d38d3-3dee-5d76-a6f5-1be948447499', '20000000-0000-0000-0000-000000000001', 'meeting', 'reunión', 427, 'noun') on conflict (id) do nothing;
insert into vocabulary(id,course_id,word,translation,frequency_rank,part_of_speech) values ('9c1abf32-6cf2-5ecd-850e-bfbe08c037b7', '20000000-0000-0000-0000-000000000001', 'wage', 'sueldo', 428, 'noun') on conflict (id) do nothing;
insert into vocabulary(id,course_id,word,translation,frequency_rank,part_of_speech) values ('d54fc59b-c5ac-5adc-b308-8881404bd251', '20000000-0000-0000-0000-000000000001', 'office', 'oficina', 429, 'noun') on conflict (id) do nothing;
insert into vocabulary(id,course_id,word,translation,frequency_rank,part_of_speech) values ('05a2cf66-14cc-5b37-aede-f95b67e66be4', '20000000-0000-0000-0000-000000000001', 'desk', 'escritorio', 430, 'noun') on conflict (id) do nothing;
insert into vocabulary(id,course_id,word,translation,frequency_rank,part_of_speech) values ('60494031-c52a-5e49-96d8-e802900696b6', '20000000-0000-0000-0000-000000000001', 'coworker', 'compañero de trabajo', 420, 'noun') on conflict (id) do nothing;
insert into vocabulary(id,course_id,word,translation,frequency_rank,part_of_speech) values ('fcc0506b-1766-59f4-985a-a45c5e0be9fe', '20000000-0000-0000-0000-000000000001', 'project', 'proyecto', 421, 'noun') on conflict (id) do nothing;
insert into vocabulary(id,course_id,word,translation,frequency_rank,part_of_speech) values ('b66c3290-5967-5ba5-b3f4-52a5248f38c8', '20000000-0000-0000-0000-000000000001', 'to resign', 'renunciar', 422, 'verb') on conflict (id) do nothing;
insert into vocabulary(id,course_id,word,translation,frequency_rank,part_of_speech) values ('0e3e6c01-e381-5333-949c-1d737172970d', '20000000-0000-0000-0000-000000000001', 'to earn', 'ganar', 423, 'verb') on conflict (id) do nothing;
insert into vocabulary(id,course_id,word,translation,frequency_rank,part_of_speech) values ('8c87f19b-59b1-5380-b986-d2a3a093904e', '20000000-0000-0000-0000-000000000001', 'contract', 'contrato', 424, 'noun') on conflict (id) do nothing;
insert into vocabulary(id,course_id,word,translation,frequency_rank,part_of_speech) values ('10674198-dc95-58da-9590-fbd047b8e835', '20000000-0000-0000-0000-000000000001', 'break', 'descanso', 425, 'noun') on conflict (id) do nothing;
insert into vocabulary(id,course_id,word,translation,frequency_rank,part_of_speech) values ('9e89b009-5fca-5fde-92a2-8bc576b175e9', '20000000-0000-0000-0000-000000000001', 'team', 'equipo', 426, 'noun') on conflict (id) do nothing;
insert into vocabulary(id,course_id,word,translation,frequency_rank,part_of_speech) values ('4e19ed68-955a-5654-bee3-92f941389340', '20000000-0000-0000-0000-000000000001', 'to manage', 'gestionar', 427, 'verb') on conflict (id) do nothing;
insert into vocabulary(id,course_id,word,translation,frequency_rank,part_of_speech) values ('19835b88-7771-5d66-8e16-8f63e7c31d23', '20000000-0000-0000-0000-000000000001', 'workload', 'carga de trabajo', 428, 'noun') on conflict (id) do nothing;
insert into vocabulary(id,course_id,word,translation,frequency_rank,part_of_speech) values ('71c1d821-061a-5f0b-bd70-028a258ad620', '20000000-0000-0000-0000-000000000001', 'workplace', 'lugar de trabajo', 429, 'noun') on conflict (id) do nothing;
insert into vocabulary(id,course_id,word,translation,frequency_rank,part_of_speech) values ('476d2884-a675-54e9-87cc-d264659d3b54', '20000000-0000-0000-0000-000000000001', 'thunder', 'trueno', 450, 'noun') on conflict (id) do nothing;
insert into vocabulary(id,course_id,word,translation,frequency_rank,part_of_speech) values ('fd976c98-fe43-58cd-a5e2-58e2d99349a1', '20000000-0000-0000-0000-000000000001', 'breeze', 'brisa', 451, 'noun') on conflict (id) do nothing;
insert into vocabulary(id,course_id,word,translation,frequency_rank,part_of_speech) values ('5a0ebaf2-adc0-5265-9195-3c787347d695', '20000000-0000-0000-0000-000000000001', 'flood', 'inundación', 452, 'noun') on conflict (id) do nothing;
insert into vocabulary(id,course_id,word,translation,frequency_rank,part_of_speech) values ('cc38792e-bba5-5345-a688-59334bf7c90f', '20000000-0000-0000-0000-000000000001', 'to freeze', 'congelar', 453, 'verb') on conflict (id) do nothing;
insert into vocabulary(id,course_id,word,translation,frequency_rank,part_of_speech) values ('95fac608-fc52-5c34-ace1-331afd13726a', '20000000-0000-0000-0000-000000000001', 'soil', 'tierra', 454, 'noun') on conflict (id) do nothing;
insert into vocabulary(id,course_id,word,translation,frequency_rank,part_of_speech) values ('73b10521-93ce-5fe9-a1e3-fdba63f41a36', '20000000-0000-0000-0000-000000000001', 'dawn', 'amanecer', 455, 'noun') on conflict (id) do nothing;
insert into vocabulary(id,course_id,word,translation,frequency_rank,part_of_speech) values ('2704a0b5-e0ae-571a-8f20-a6c67da610cd', '20000000-0000-0000-0000-000000000001', 'shore', 'orilla', 456, 'noun') on conflict (id) do nothing;
insert into vocabulary(id,course_id,word,translation,frequency_rank,part_of_speech) values ('176cf9dd-5a41-5b18-851c-7d57e8f2355f', '20000000-0000-0000-0000-000000000001', 'storm', 'tormenta', 457, 'noun') on conflict (id) do nothing;
insert into vocabulary(id,course_id,word,translation,frequency_rank,part_of_speech) values ('4a1f748a-1b77-55ca-93e4-0a5a93267d93', '20000000-0000-0000-0000-000000000001', 'fog', 'niebla', 458, 'noun') on conflict (id) do nothing;
insert into vocabulary(id,course_id,word,translation,frequency_rank,part_of_speech) values ('6da0290a-839d-5d2f-bb52-1ffca0989dd8', '20000000-0000-0000-0000-000000000001', 'mud', 'barro', 459, 'noun') on conflict (id) do nothing;
insert into vocabulary(id,course_id,word,translation,frequency_rank,part_of_speech) values ('f087e808-ab43-5cd3-b775-94abaf99d4f5', '20000000-0000-0000-0000-000000000001', 'wave', 'ola', 460, 'noun') on conflict (id) do nothing;
insert into vocabulary(id,course_id,word,translation,frequency_rank,part_of_speech) values ('98d4a346-33c2-5ec0-bf66-e8df7a543415', '20000000-0000-0000-0000-000000000001', 'hill', 'colina', 461, 'noun') on conflict (id) do nothing;
insert into vocabulary(id,course_id,word,translation,frequency_rank,part_of_speech) values ('3b43cd46-bb8f-55c6-89a2-d876b0b13f4c', '20000000-0000-0000-0000-000000000001', 'rainbow', 'arcoíris', 450, 'noun') on conflict (id) do nothing;
insert into vocabulary(id,course_id,word,translation,frequency_rank,part_of_speech) values ('6f1f7108-1b55-54fc-b2a5-e26c7d7a6d10', '20000000-0000-0000-0000-000000000001', 'lightning', 'relámpago', 451, 'noun') on conflict (id) do nothing;
insert into vocabulary(id,course_id,word,translation,frequency_rank,part_of_speech) values ('7f58d317-c8fc-57a6-8a67-592cfb7694b2', '20000000-0000-0000-0000-000000000001', 'drought', 'sequía', 452, 'noun') on conflict (id) do nothing;
insert into vocabulary(id,course_id,word,translation,frequency_rank,part_of_speech) values ('d3710b0c-bcab-5ac5-8894-f7fe03adc2eb', '20000000-0000-0000-0000-000000000001', 'cloud', 'nube', 453, 'noun') on conflict (id) do nothing;
insert into vocabulary(id,course_id,word,translation,frequency_rank,part_of_speech) values ('a499c4e7-d46a-51ad-aa5a-c83e5e514e55', '20000000-0000-0000-0000-000000000001', 'wind', 'viento', 454, 'noun') on conflict (id) do nothing;
insert into vocabulary(id,course_id,word,translation,frequency_rank,part_of_speech) values ('169a6d3e-137a-51c6-8e68-e003c8765948', '20000000-0000-0000-0000-000000000001', 'snowfall', 'nevada', 455, 'noun') on conflict (id) do nothing;
insert into vocabulary(id,course_id,word,translation,frequency_rank,part_of_speech) values ('d39d12d6-1e68-54e6-a137-d47cc852918a', '20000000-0000-0000-0000-000000000001', 'stream', 'arroyo', 456, 'noun') on conflict (id) do nothing;
insert into vocabulary(id,course_id,word,translation,frequency_rank,part_of_speech) values ('b9e20c2d-3dbd-5099-b707-6d45d1bde181', '20000000-0000-0000-0000-000000000001', 'valley', 'valle', 457, 'noun') on conflict (id) do nothing;
insert into vocabulary(id,course_id,word,translation,frequency_rank,part_of_speech) values ('4789e7c9-ef95-5998-85aa-584b7c402af5', '20000000-0000-0000-0000-000000000001', 'forest', 'bosque', 458, 'noun') on conflict (id) do nothing;
insert into vocabulary(id,course_id,word,translation,frequency_rank,part_of_speech) values ('021d5803-4cb9-5dfd-b882-b19454e20f4c', '20000000-0000-0000-0000-000000000001', 'tide', 'marea', 459, 'noun') on conflict (id) do nothing;
insert into vocabulary(id,course_id,word,translation,frequency_rank,part_of_speech) values ('523969be-0ba0-59a8-a9f8-c1728816d900', '20000000-0000-0000-0000-000000000001', 'frost', 'escarcha', 460, 'noun') on conflict (id) do nothing;
insert into vocabulary(id,course_id,word,translation,frequency_rank,part_of_speech) values ('369d922b-a37f-56d1-b376-708aa459124e', '20000000-0000-0000-0000-000000000001', 'sunshine', 'luz del sol', 461, 'noun') on conflict (id) do nothing;
insert into vocabulary(id,course_id,word,translation,frequency_rank,part_of_speech) values ('d5dcb6ed-4d6e-54f1-adc6-026e1e0215dd', '20000000-0000-0000-0000-000000000001', 'confident', 'seguro', 480, 'adjective') on conflict (id) do nothing;
insert into vocabulary(id,course_id,word,translation,frequency_rank,part_of_speech) values ('1053de04-0710-5ea5-9cb8-071ae0e5aace', '20000000-0000-0000-0000-000000000001', 'shy', 'tímido', 481, 'adjective') on conflict (id) do nothing;
insert into vocabulary(id,course_id,word,translation,frequency_rank,part_of_speech) values ('40628af5-8b0f-58d5-b1f6-12513151888a', '20000000-0000-0000-0000-000000000001', 'generous', 'generoso', 482, 'adjective') on conflict (id) do nothing;
insert into vocabulary(id,course_id,word,translation,frequency_rank,part_of_speech) values ('1282521e-359a-5250-bab0-46977325911d', '20000000-0000-0000-0000-000000000001', 'upset', 'molesto', 483, 'adjective') on conflict (id) do nothing;
insert into vocabulary(id,course_id,word,translation,frequency_rank,part_of_speech) values ('1ecdf9b1-8daf-511f-973e-20357a5d2cd9', '20000000-0000-0000-0000-000000000001', 'proud', 'orgulloso', 484, 'adjective') on conflict (id) do nothing;
insert into vocabulary(id,course_id,word,translation,frequency_rank,part_of_speech) values ('103d3149-7fac-52f0-9f86-5db09fd253a7', '20000000-0000-0000-0000-000000000001', 'honest', 'honesto', 485, 'adjective') on conflict (id) do nothing;
insert into vocabulary(id,course_id,word,translation,frequency_rank,part_of_speech) values ('bfbc35fa-a89e-5d3a-b041-f3b1edff6c23', '20000000-0000-0000-0000-000000000001', 'jealous', 'celoso', 486, 'adjective') on conflict (id) do nothing;
insert into vocabulary(id,course_id,word,translation,frequency_rank,part_of_speech) values ('12cfe485-b21c-533e-b51f-6de55299df65', '20000000-0000-0000-0000-000000000001', 'brave', 'valiente', 487, 'adjective') on conflict (id) do nothing;
insert into vocabulary(id,course_id,word,translation,frequency_rank,part_of_speech) values ('6b674ba8-9a4d-5ec0-a0e3-8a089d062141', '20000000-0000-0000-0000-000000000001', 'lazy', 'perezoso', 488, 'adjective') on conflict (id) do nothing;
insert into vocabulary(id,course_id,word,translation,frequency_rank,part_of_speech) values ('1168ffd6-d785-5807-a60a-a9a3e2ace198', '20000000-0000-0000-0000-000000000001', 'selfish', 'egoísta', 489, 'adjective') on conflict (id) do nothing;
insert into vocabulary(id,course_id,word,translation,frequency_rank,part_of_speech) values ('112faae4-95f2-58f7-aff2-000b06503b0f', '20000000-0000-0000-0000-000000000001', 'nervous', 'nervioso', 490, 'adjective') on conflict (id) do nothing;
insert into vocabulary(id,course_id,word,translation,frequency_rank,part_of_speech) values ('c8bcefe8-45c7-537f-bb96-91a045d69a64', '20000000-0000-0000-0000-000000000001', 'scared', 'asustado', 491, 'adjective') on conflict (id) do nothing;
insert into vocabulary(id,course_id,word,translation,frequency_rank,part_of_speech) values ('3d6b77f1-d351-52ce-9123-25734d8e18b2', '20000000-0000-0000-0000-000000000001', 'angry', 'enojado', 480, 'adjective') on conflict (id) do nothing;
insert into vocabulary(id,course_id,word,translation,frequency_rank,part_of_speech) values ('8e112498-bece-5025-afee-9b6dadb4b63b', '20000000-0000-0000-0000-000000000001', 'calm', 'tranquilo', 481, 'adjective') on conflict (id) do nothing;
insert into vocabulary(id,course_id,word,translation,frequency_rank,part_of_speech) values ('82f79d11-e07e-58c3-8ff4-307c27ff3c19', '20000000-0000-0000-0000-000000000001', 'rude', 'grosero', 482, 'adjective') on conflict (id) do nothing;
insert into vocabulary(id,course_id,word,translation,frequency_rank,part_of_speech) values ('1b6e6ab0-a248-5df6-a196-47abaaff8787', '20000000-0000-0000-0000-000000000001', 'polite', 'educado', 483, 'adjective') on conflict (id) do nothing;
insert into vocabulary(id,course_id,word,translation,frequency_rank,part_of_speech) values ('47206275-82e8-5b21-9321-05f50a6dbd4d', '20000000-0000-0000-0000-000000000001', 'patient', 'paciente', 484, 'adjective') on conflict (id) do nothing;
insert into vocabulary(id,course_id,word,translation,frequency_rank,part_of_speech) values ('2117f6d4-b6c4-53f8-b7e4-ac4d28c8ef69', '20000000-0000-0000-0000-000000000001', 'cheerful', 'alegre', 485, 'adjective') on conflict (id) do nothing;
insert into vocabulary(id,course_id,word,translation,frequency_rank,part_of_speech) values ('653334a6-82ea-55fe-b243-aa57605d46c1', '20000000-0000-0000-0000-000000000001', 'sad', 'triste', 486, 'adjective') on conflict (id) do nothing;
insert into vocabulary(id,course_id,word,translation,frequency_rank,part_of_speech) values ('d2f59758-d666-5fe3-969a-e4844a595830', '20000000-0000-0000-0000-000000000001', 'clever', 'listo', 487, 'adjective') on conflict (id) do nothing;
insert into vocabulary(id,course_id,word,translation,frequency_rank,part_of_speech) values ('9705b2c0-1448-56eb-9218-dd09b565145e', '20000000-0000-0000-0000-000000000001', 'stubborn', 'terco', 488, 'adjective') on conflict (id) do nothing;
insert into vocabulary(id,course_id,word,translation,frequency_rank,part_of_speech) values ('ed3606e1-8b3e-5229-b978-1baf7cbaab92', '20000000-0000-0000-0000-000000000001', 'sensitive', 'sensible', 489, 'adjective') on conflict (id) do nothing;
insert into vocabulary(id,course_id,word,translation,frequency_rank,part_of_speech) values ('1dfe948b-de84-5ee1-9e19-9685f1e18662', '20000000-0000-0000-0000-000000000001', 'mood', 'ánimo', 490, 'noun') on conflict (id) do nothing;
insert into vocabulary(id,course_id,word,translation,frequency_rank,part_of_speech) values ('f2ca3863-eb5f-5173-9321-2cf15fab625e', '20000000-0000-0000-0000-000000000001', 'trust', 'confiar', 491, 'verb') on conflict (id) do nothing;

-- 2) content_items (cloze con audio + match)
insert into content_items(id,course_id,cefr_level,skill,type,prompt,payload,correct_answer,difficulty,tags) values ('d4531c92-643e-56d1-9668-b73e67aa3f2b', '20000000-0000-0000-0000-000000000001', 'A2', 'writing', 'cloze', 'Completa la frase con la palabra que falta.', '{"text": "I grew up in a quiet neighborhood near the park.", "audio_url": "https://wiauinufpbkmjlbqlkxo.supabase.co/storage/v1/object/public/audio/items/d4531c92-643e-56d1-9668-b73e67aa3f2b.mp3"}'::jsonb, '{"value": "neighborhood", "accepted": ["neighborhood"]}'::jsonb, 0.35, array['vocab_f1','writing']) on conflict (id) do nothing;
insert into content_items(id,course_id,cefr_level,skill,type,prompt,payload,correct_answer,difficulty,tags) values ('b997177d-e295-5c11-8830-109567a503b1', '20000000-0000-0000-0000-000000000001', 'A2', 'writing', 'cloze', 'Completa la frase con la palabra que falta.', '{"text": "They live on a wide, tree-lined avenue.", "audio_url": "https://wiauinufpbkmjlbqlkxo.supabase.co/storage/v1/object/public/audio/items/b997177d-e295-5c11-8830-109567a503b1.mp3"}'::jsonb, '{"value": "avenue", "accepted": ["avenue"]}'::jsonb, 0.35, array['vocab_f1','writing']) on conflict (id) do nothing;
insert into content_items(id,course_id,cefr_level,skill,type,prompt,payload,correct_answer,difficulty,tags) values ('128e2b2d-dda5-54fd-9bad-c1c2776c2f9d', '20000000-0000-0000-0000-000000000001', 'A2', 'writing', 'cloze', 'Completa la frase con la palabra que falta.', '{"text": "We walked across the old stone bridge.", "audio_url": "https://wiauinufpbkmjlbqlkxo.supabase.co/storage/v1/object/public/audio/items/128e2b2d-dda5-54fd-9bad-c1c2776c2f9d.mp3"}'::jsonb, '{"value": "bridge", "accepted": ["bridge"]}'::jsonb, 0.35, array['vocab_f1','writing']) on conflict (id) do nothing;
insert into content_items(id,course_id,cefr_level,skill,type,prompt,payload,correct_answer,difficulty,tags) values ('aef06e9d-5205-5c2a-8228-2c7116a5f802', '20000000-0000-0000-0000-000000000001', 'A2', 'writing', 'cloze', 'Completa la frase con la palabra que falta.', '{"text": "Children were playing on the sidewalk outside.", "audio_url": "https://wiauinufpbkmjlbqlkxo.supabase.co/storage/v1/object/public/audio/items/aef06e9d-5205-5c2a-8228-2c7116a5f802.mp3"}'::jsonb, '{"value": "sidewalk", "accepted": ["sidewalk"]}'::jsonb, 0.35, array['vocab_f1','writing']) on conflict (id) do nothing;
insert into content_items(id,course_id,cefr_level,skill,type,prompt,payload,correct_answer,difficulty,tags) values ('be46085f-9fd2-5fbc-892f-f65779eb9bc2', '20000000-0000-0000-0000-000000000001', 'A2', 'writing', 'cloze', 'Completa la frase con la palabra que falta.', '{"text": "My office is located downtown by the river.", "audio_url": "https://wiauinufpbkmjlbqlkxo.supabase.co/storage/v1/object/public/audio/items/be46085f-9fd2-5fbc-892f-f65779eb9bc2.mp3"}'::jsonb, '{"value": "downtown", "accepted": ["downtown"]}'::jsonb, 0.35, array['vocab_f1','writing']) on conflict (id) do nothing;
insert into content_items(id,course_id,cefr_level,skill,type,prompt,payload,correct_answer,difficulty,tags) values ('111dc29c-184e-52c4-9e41-4c2979816d1f', '20000000-0000-0000-0000-000000000001', 'A2', 'writing', 'cloze', 'Completa la frase con la palabra que falta.', '{"text": "Tourists gathered in the main square all afternoon.", "audio_url": "https://wiauinufpbkmjlbqlkxo.supabase.co/storage/v1/object/public/audio/items/111dc29c-184e-52c4-9e41-4c2979816d1f.mp3"}'::jsonb, '{"value": "square", "accepted": ["square"]}'::jsonb, 0.35, array['vocab_f1','writing']) on conflict (id) do nothing;
insert into content_items(id,course_id,cefr_level,skill,type,prompt,payload,correct_answer,difficulty,tags) values ('5d6fa588-b279-539d-bf01-e4ea92546dd9', '20000000-0000-0000-0000-000000000001', 'A2', 'writing', 'cloze', 'Completa la frase con la palabra que falta.', '{"text": "That tall building has forty floors.", "audio_url": "https://wiauinufpbkmjlbqlkxo.supabase.co/storage/v1/object/public/audio/items/5d6fa588-b279-539d-bf01-e4ea92546dd9.mp3"}'::jsonb, '{"value": "building", "accepted": ["building"]}'::jsonb, 0.35, array['vocab_f1','writing']) on conflict (id) do nothing;
insert into content_items(id,course_id,cefr_level,skill,type,prompt,payload,correct_answer,difficulty,tags) values ('b36826af-48a6-566a-8f45-169c25f53c4c', '20000000-0000-0000-0000-000000000001', 'A2', 'writing', 'cloze', 'Completa la frase con la palabra que falta.', '{"text": "The bakery is on the corner of my street.", "audio_url": "https://wiauinufpbkmjlbqlkxo.supabase.co/storage/v1/object/public/audio/items/b36826af-48a6-566a-8f45-169c25f53c4c.mp3"}'::jsonb, '{"value": "corner", "accepted": ["corner"]}'::jsonb, 0.35, array['vocab_f1','writing']) on conflict (id) do nothing;
insert into content_items(id,course_id,cefr_level,skill,type,prompt,payload,correct_answer,difficulty,tags) values ('82ac93e7-57b6-5eea-a8a2-44b8781eab6e', '20000000-0000-0000-0000-000000000001', 'A2', 'writing', 'cloze', 'Completa la frase con la palabra que falta.', '{"text": "There was heavy traffic on the highway this morning.", "audio_url": "https://wiauinufpbkmjlbqlkxo.supabase.co/storage/v1/object/public/audio/items/82ac93e7-57b6-5eea-a8a2-44b8781eab6e.mp3"}'::jsonb, '{"value": "traffic", "accepted": ["traffic"]}'::jsonb, 0.35, array['vocab_f1','writing']) on conflict (id) do nothing;
insert into content_items(id,course_id,cefr_level,skill,type,prompt,payload,correct_answer,difficulty,tags) values ('49d50502-b79c-50e1-8e4c-1c08d5df206f', '20000000-0000-0000-0000-000000000001', 'A2', 'writing', 'cloze', 'Completa la frase con la palabra que falta.', '{"text": "She lives on a narrow street in the city.", "audio_url": "https://wiauinufpbkmjlbqlkxo.supabase.co/storage/v1/object/public/audio/items/49d50502-b79c-50e1-8e4c-1c08d5df206f.mp3"}'::jsonb, '{"value": "street", "accepted": ["street"]}'::jsonb, 0.35, array['vocab_f1','writing']) on conflict (id) do nothing;
insert into content_items(id,course_id,cefr_level,skill,type,prompt,payload,correct_answer,difficulty,tags) values ('8ba1157b-6d2e-5386-a0fe-7d9f9df7edb5', '20000000-0000-0000-0000-000000000001', 'A2', 'writing', 'cloze', 'Completa la frase con la palabra que falta.', '{"text": "This road leads to the next town.", "audio_url": "https://wiauinufpbkmjlbqlkxo.supabase.co/storage/v1/object/public/audio/items/8ba1157b-6d2e-5386-a0fe-7d9f9df7edb5.mp3"}'::jsonb, '{"value": "road", "accepted": ["road"]}'::jsonb, 0.35, array['vocab_f1','writing']) on conflict (id) do nothing;
insert into content_items(id,course_id,cefr_level,skill,type,prompt,payload,correct_answer,difficulty,tags) values ('6f722284-3a24-5bdb-a3f4-4d869a59c942', '20000000-0000-0000-0000-000000000001', 'A2', 'writing', 'cloze', 'Completa la frase con la palabra que falta.', '{"text": "I borrowed three books from the public library.", "audio_url": "https://wiauinufpbkmjlbqlkxo.supabase.co/storage/v1/object/public/audio/items/6f722284-3a24-5bdb-a3f4-4d869a59c942.mp3"}'::jsonb, '{"value": "library", "accepted": ["library"]}'::jsonb, 0.35, array['vocab_f1','writing']) on conflict (id) do nothing;
insert into content_items(id,course_id,cefr_level,skill,type,prompt,payload,correct_answer,difficulty,tags) values ('5d5436c5-4d1e-59dc-ade3-886434636836', '20000000-0000-0000-0000-000000000001', 'A2', 'reading', 'match', 'Empareja cada palabra con su traducción.', '{"pairs": [{"en": "neighborhood", "es": "barrio"}, {"en": "avenue", "es": "avenida"}, {"en": "bridge", "es": "puente"}, {"en": "sidewalk", "es": "acera"}, {"en": "downtown", "es": "centro"}]}'::jsonb, '{"pairs": [["neighborhood", "barrio"], ["avenue", "avenida"], ["bridge", "puente"], ["sidewalk", "acera"], ["downtown", "centro"]]}'::jsonb, 0.15, array['vocab_f1','reading']) on conflict (id) do nothing;
insert into content_items(id,course_id,cefr_level,skill,type,prompt,payload,correct_answer,difficulty,tags) values ('874ac887-0d2d-5bb0-b902-8398d9cf2aff', '20000000-0000-0000-0000-000000000001', 'A2', 'reading', 'match', 'Empareja cada palabra con su traducción.', '{"pairs": [{"en": "square", "es": "plaza"}, {"en": "building", "es": "edificio"}, {"en": "corner", "es": "esquina"}, {"en": "traffic", "es": "tráfico"}, {"en": "street", "es": "calle"}]}'::jsonb, '{"pairs": [["square", "plaza"], ["building", "edificio"], ["corner", "esquina"], ["traffic", "tráfico"], ["street", "calle"]]}'::jsonb, 0.15, array['vocab_f1','reading']) on conflict (id) do nothing;
insert into content_items(id,course_id,cefr_level,skill,type,prompt,payload,correct_answer,difficulty,tags) values ('65102f4d-4fb1-5c32-ac20-80221b9d065f', '20000000-0000-0000-0000-000000000001', 'A2', 'reading', 'match', 'Empareja cada palabra con su traducción.', '{"pairs": [{"en": "road", "es": "carretera"}, {"en": "library", "es": "biblioteca"}]}'::jsonb, '{"pairs": [["road", "carretera"], ["library", "biblioteca"]]}'::jsonb, 0.15, array['vocab_f1','reading']) on conflict (id) do nothing;
insert into content_items(id,course_id,cefr_level,skill,type,prompt,payload,correct_answer,difficulty,tags) values ('62377e1f-6aa4-5b6c-8354-ece531e6ebb9', '20000000-0000-0000-0000-000000000001', 'A2', 'writing', 'cloze', 'Completa la frase con la palabra que falta.', '{"text": "The old church has beautiful stained glass windows.", "audio_url": "https://wiauinufpbkmjlbqlkxo.supabase.co/storage/v1/object/public/audio/items/62377e1f-6aa4-5b6c-8354-ece531e6ebb9.mp3"}'::jsonb, '{"value": "church", "accepted": ["church"]}'::jsonb, 0.35, array['vocab_f1','writing']) on conflict (id) do nothing;
insert into content_items(id,course_id,cefr_level,skill,type,prompt,payload,correct_answer,difficulty,tags) values ('ccec592a-6873-54e6-bdb9-39feb7a4a26c', '20000000-0000-0000-0000-000000000001', 'A2', 'writing', 'cloze', 'Completa la frase con la palabra que falta.', '{"text": "We buy fresh vegetables at the local market.", "audio_url": "https://wiauinufpbkmjlbqlkxo.supabase.co/storage/v1/object/public/audio/items/ccec592a-6873-54e6-bdb9-39feb7a4a26c.mp3"}'::jsonb, '{"value": "market", "accepted": ["market"]}'::jsonb, 0.35, array['vocab_f1','writing']) on conflict (id) do nothing;
insert into content_items(id,course_id,cefr_level,skill,type,prompt,payload,correct_answer,difficulty,tags) values ('65f8ac71-ac26-5f86-884b-e25de100c0e2', '20000000-0000-0000-0000-000000000001', 'A2', 'writing', 'cloze', 'Completa la frase con la palabra que falta.', '{"text": "The art museum opens at nine every day.", "audio_url": "https://wiauinufpbkmjlbqlkxo.supabase.co/storage/v1/object/public/audio/items/65f8ac71-ac26-5f86-884b-e25de100c0e2.mp3"}'::jsonb, '{"value": "museum", "accepted": ["museum"]}'::jsonb, 0.35, array['vocab_f1','writing']) on conflict (id) do nothing;
insert into content_items(id,course_id,cefr_level,skill,type,prompt,payload,correct_answer,difficulty,tags) values ('c1f51f6c-5f5f-5d4d-8f03-53c153ddc5e2', '20000000-0000-0000-0000-000000000001', 'A2', 'writing', 'cloze', 'Completa la frase con la palabra que falta.', '{"text": "Always wait for the light at the crosswalk.", "audio_url": "https://wiauinufpbkmjlbqlkxo.supabase.co/storage/v1/object/public/audio/items/c1f51f6c-5f5f-5d4d-8f03-53c153ddc5e2.mp3"}'::jsonb, '{"value": "crosswalk", "accepted": ["crosswalk"]}'::jsonb, 0.35, array['vocab_f1','writing']) on conflict (id) do nothing;
insert into content_items(id,course_id,cefr_level,skill,type,prompt,payload,correct_answer,difficulty,tags) values ('8f8886dc-1dfa-51e7-a4f0-7bbdce909a05', '20000000-0000-0000-0000-000000000001', 'A2', 'writing', 'cloze', 'Completa la frase con la palabra que falta.', '{"text": "Take the second exit at the roundabout.", "audio_url": "https://wiauinufpbkmjlbqlkxo.supabase.co/storage/v1/object/public/audio/items/8f8886dc-1dfa-51e7-a4f0-7bbdce909a05.mp3"}'::jsonb, '{"value": "roundabout", "accepted": ["roundabout"]}'::jsonb, 0.35, array['vocab_f1','writing']) on conflict (id) do nothing;
insert into content_items(id,course_id,cefr_level,skill,type,prompt,payload,correct_answer,difficulty,tags) values ('30d21f0b-d6c3-5753-9e95-dc0c5150749a', '20000000-0000-0000-0000-000000000001', 'A2', 'writing', 'cloze', 'Completa la frase con la palabra que falta.', '{"text": "The glass skyscraper towers over the whole city.", "audio_url": "https://wiauinufpbkmjlbqlkxo.supabase.co/storage/v1/object/public/audio/items/30d21f0b-d6c3-5753-9e95-dc0c5150749a.mp3"}'::jsonb, '{"value": "skyscraper", "accepted": ["skyscraper"]}'::jsonb, 0.35, array['vocab_f1','writing']) on conflict (id) do nothing;
insert into content_items(id,course_id,cefr_level,skill,type,prompt,payload,correct_answer,difficulty,tags) values ('84575e0b-88bd-5afd-960d-244d5278f63c', '20000000-0000-0000-0000-000000000001', 'A2', 'writing', 'cloze', 'Completa la frase con la palabra que falta.', '{"text": "The train passed through a long, dark tunnel.", "audio_url": "https://wiauinufpbkmjlbqlkxo.supabase.co/storage/v1/object/public/audio/items/84575e0b-88bd-5afd-960d-244d5278f63c.mp3"}'::jsonb, '{"value": "tunnel", "accepted": ["tunnel"]}'::jsonb, 0.35, array['vocab_f1','writing']) on conflict (id) do nothing;
insert into content_items(id,course_id,cefr_level,skill,type,prompt,payload,correct_answer,difficulty,tags) values ('2ecd2c88-7579-5842-bb16-ec98eafe2b9c', '20000000-0000-0000-0000-000000000001', 'A2', 'writing', 'cloze', 'Completa la frase con la palabra que falta.', '{"text": "Coins sparkled in the water fountain.", "audio_url": "https://wiauinufpbkmjlbqlkxo.supabase.co/storage/v1/object/public/audio/items/2ecd2c88-7579-5842-bb16-ec98eafe2b9c.mp3"}'::jsonb, '{"value": "fountain", "accepted": ["fountain"]}'::jsonb, 0.35, array['vocab_f1','writing']) on conflict (id) do nothing;
insert into content_items(id,course_id,cefr_level,skill,type,prompt,payload,correct_answer,difficulty,tags) values ('8dd56529-157b-50b1-8326-cddd8d47b16e', '20000000-0000-0000-0000-000000000001', 'A2', 'writing', 'cloze', 'Completa la frase con la palabra que falta.', '{"text": "I take the subway to work every day.", "audio_url": "https://wiauinufpbkmjlbqlkxo.supabase.co/storage/v1/object/public/audio/items/8dd56529-157b-50b1-8326-cddd8d47b16e.mp3"}'::jsonb, '{"value": "subway", "accepted": ["subway"]}'::jsonb, 0.35, array['vocab_f1','writing']) on conflict (id) do nothing;
insert into content_items(id,course_id,cefr_level,skill,type,prompt,payload,correct_answer,difficulty,tags) values ('2576d4ac-c7af-5272-ac0d-87ca639f5536', '20000000-0000-0000-0000-000000000001', 'A2', 'writing', 'cloze', 'Completa la frase con la palabra que falta.', '{"text": "Look both ways before you cross the road.", "audio_url": "https://wiauinufpbkmjlbqlkxo.supabase.co/storage/v1/object/public/audio/items/2576d4ac-c7af-5272-ac0d-87ca639f5536.mp3"}'::jsonb, '{"value": "cross", "accepted": ["cross"]}'::jsonb, 0.35, array['vocab_f1','writing']) on conflict (id) do nothing;
insert into content_items(id,course_id,cefr_level,skill,type,prompt,payload,correct_answer,difficulty,tags) values ('fae7e1ff-d7ce-5a0a-b615-2626ad3fdd90', '20000000-0000-0000-0000-000000000001', 'A2', 'writing', 'cloze', 'Completa la frase con la palabra que falta.', '{"text": "Turn left at the next traffic light.", "audio_url": "https://wiauinufpbkmjlbqlkxo.supabase.co/storage/v1/object/public/audio/items/fae7e1ff-d7ce-5a0a-b615-2626ad3fdd90.mp3"}'::jsonb, '{"value": "turn", "accepted": ["turn"]}'::jsonb, 0.35, array['vocab_f1','writing']) on conflict (id) do nothing;
insert into content_items(id,course_id,cefr_level,skill,type,prompt,payload,correct_answer,difficulty,tags) values ('027c6b2b-38c8-5a15-97d6-e8524ad37c13', '20000000-0000-0000-0000-000000000001', 'A2', 'writing', 'cloze', 'Completa la frase con la palabra que falta.', '{"text": "The accident happened at a busy intersection.", "audio_url": "https://wiauinufpbkmjlbqlkxo.supabase.co/storage/v1/object/public/audio/items/027c6b2b-38c8-5a15-97d6-e8524ad37c13.mp3"}'::jsonb, '{"value": "intersection", "accepted": ["intersection"]}'::jsonb, 0.35, array['vocab_f1','writing']) on conflict (id) do nothing;
insert into content_items(id,course_id,cefr_level,skill,type,prompt,payload,correct_answer,difficulty,tags) values ('59f313be-685c-5c94-abe1-b8d0242ebda3', '20000000-0000-0000-0000-000000000001', 'A2', 'reading', 'match', 'Empareja cada palabra con su traducción.', '{"pairs": [{"en": "church", "es": "iglesia"}, {"en": "market", "es": "mercado"}, {"en": "museum", "es": "museo"}, {"en": "crosswalk", "es": "paso de peatones"}, {"en": "roundabout", "es": "rotonda"}]}'::jsonb, '{"pairs": [["church", "iglesia"], ["market", "mercado"], ["museum", "museo"], ["crosswalk", "paso de peatones"], ["roundabout", "rotonda"]]}'::jsonb, 0.15, array['vocab_f1','reading']) on conflict (id) do nothing;
insert into content_items(id,course_id,cefr_level,skill,type,prompt,payload,correct_answer,difficulty,tags) values ('e79b1b51-b724-5b1d-b727-899edb3a0926', '20000000-0000-0000-0000-000000000001', 'A2', 'reading', 'match', 'Empareja cada palabra con su traducción.', '{"pairs": [{"en": "skyscraper", "es": "rascacielos"}, {"en": "tunnel", "es": "túnel"}, {"en": "fountain", "es": "fuente"}, {"en": "subway", "es": "metro"}, {"en": "cross", "es": "cruzar"}]}'::jsonb, '{"pairs": [["skyscraper", "rascacielos"], ["tunnel", "túnel"], ["fountain", "fuente"], ["subway", "metro"], ["cross", "cruzar"]]}'::jsonb, 0.15, array['vocab_f1','reading']) on conflict (id) do nothing;
insert into content_items(id,course_id,cefr_level,skill,type,prompt,payload,correct_answer,difficulty,tags) values ('423eb589-be62-5ecb-b6ad-3261dbf4116a', '20000000-0000-0000-0000-000000000001', 'A2', 'reading', 'match', 'Empareja cada palabra con su traducción.', '{"pairs": [{"en": "turn", "es": "doblar"}, {"en": "intersection", "es": "cruce"}]}'::jsonb, '{"pairs": [["turn", "doblar"], ["intersection", "cruce"]]}'::jsonb, 0.15, array['vocab_f1','reading']) on conflict (id) do nothing;
insert into content_items(id,course_id,cefr_level,skill,type,prompt,payload,correct_answer,difficulty,tags) values ('4278777f-b189-5838-94aa-6e3379599abd', '20000000-0000-0000-0000-000000000001', 'A2', 'writing', 'cloze', 'Completa la frase con la palabra que falta.', '{"text": "We bought new furniture for the living room.", "audio_url": "https://wiauinufpbkmjlbqlkxo.supabase.co/storage/v1/object/public/audio/items/4278777f-b189-5838-94aa-6e3379599abd.mp3"}'::jsonb, '{"value": "furniture", "accepted": ["furniture"]}'::jsonb, 0.35, array['vocab_f1','writing']) on conflict (id) do nothing;
insert into content_items(id,course_id,cefr_level,skill,type,prompt,payload,correct_answer,difficulty,tags) values ('523e919e-7781-521e-b20b-098aec07450b', '20000000-0000-0000-0000-000000000001', 'A2', 'writing', 'cloze', 'Completa la frase con la palabra que falta.', '{"text": "She keeps her socks in the top drawer.", "audio_url": "https://wiauinufpbkmjlbqlkxo.supabase.co/storage/v1/object/public/audio/items/523e919e-7781-521e-b20b-098aec07450b.mp3"}'::jsonb, '{"value": "drawer", "accepted": ["drawer"]}'::jsonb, 0.35, array['vocab_f1','writing']) on conflict (id) do nothing;
insert into content_items(id,course_id,cefr_level,skill,type,prompt,payload,correct_answer,difficulty,tags) values ('458e26e5-b671-5b40-a5a6-178cd5b47b20', '20000000-0000-0000-0000-000000000001', 'A2', 'writing', 'cloze', 'Completa la frase con la palabra que falta.', '{"text": "Put the books back on the shelf, please.", "audio_url": "https://wiauinufpbkmjlbqlkxo.supabase.co/storage/v1/object/public/audio/items/458e26e5-b671-5b40-a5a6-178cd5b47b20.mp3"}'::jsonb, '{"value": "shelf", "accepted": ["shelf"]}'::jsonb, 0.35, array['vocab_f1','writing']) on conflict (id) do nothing;
insert into content_items(id,course_id,cefr_level,skill,type,prompt,payload,correct_answer,difficulty,tags) values ('825ca7a8-4def-5a8a-8f44-7758d0015bd8', '20000000-0000-0000-0000-000000000001', 'A2', 'writing', 'cloze', 'Completa la frase con la palabra que falta.', '{"text": "It was cold, so I grabbed a warm blanket.", "audio_url": "https://wiauinufpbkmjlbqlkxo.supabase.co/storage/v1/object/public/audio/items/825ca7a8-4def-5a8a-8f44-7758d0015bd8.mp3"}'::jsonb, '{"value": "blanket", "accepted": ["blanket"]}'::jsonb, 0.35, array['vocab_f1','writing']) on conflict (id) do nothing;
insert into content_items(id,course_id,cefr_level,skill,type,prompt,payload,correct_answer,difficulty,tags) values ('c1976a86-be75-538a-867c-87cffc4321d2', '20000000-0000-0000-0000-000000000001', 'A2', 'writing', 'cloze', 'Completa la frase con la palabra que falta.', '{"text": "My pillow is too soft to sleep well.", "audio_url": "https://wiauinufpbkmjlbqlkxo.supabase.co/storage/v1/object/public/audio/items/c1976a86-be75-538a-867c-87cffc4321d2.mp3"}'::jsonb, '{"value": "pillow", "accepted": ["pillow"]}'::jsonb, 0.35, array['vocab_f1','writing']) on conflict (id) do nothing;
insert into content_items(id,course_id,cefr_level,skill,type,prompt,payload,correct_answer,difficulty,tags) values ('21e6a6bf-ac35-5693-ab16-9bd726334003', '20000000-0000-0000-0000-000000000001', 'A2', 'writing', 'cloze', 'Completa la frase con la palabra que falta.', '{"text": "There are dirty dishes in the kitchen sink.", "audio_url": "https://wiauinufpbkmjlbqlkxo.supabase.co/storage/v1/object/public/audio/items/21e6a6bf-ac35-5693-ab16-9bd726334003.mp3"}'::jsonb, '{"value": "sink", "accepted": ["sink"]}'::jsonb, 0.35, array['vocab_f1','writing']) on conflict (id) do nothing;
insert into content_items(id,course_id,cefr_level,skill,type,prompt,payload,correct_answer,difficulty,tags) values ('cdd8b032-a73f-5e00-8b1d-35243f6bd5c8', '20000000-0000-0000-0000-000000000001', 'A2', 'writing', 'cloze', 'Completa la frase con la palabra que falta.', '{"text": "The lamp hangs from the ceiling above the table.", "audio_url": "https://wiauinufpbkmjlbqlkxo.supabase.co/storage/v1/object/public/audio/items/cdd8b032-a73f-5e00-8b1d-35243f6bd5c8.mp3"}'::jsonb, '{"value": "ceiling", "accepted": ["ceiling"]}'::jsonb, 0.35, array['vocab_f1','writing']) on conflict (id) do nothing;
insert into content_items(id,course_id,cefr_level,skill,type,prompt,payload,correct_answer,difficulty,tags) values ('af44bb22-2222-584b-bda7-300c2787e7fa', '20000000-0000-0000-0000-000000000001', 'A2', 'writing', 'cloze', 'Completa la frase con la palabra que falta.', '{"text": "He dried his hands with a clean towel.", "audio_url": "https://wiauinufpbkmjlbqlkxo.supabase.co/storage/v1/object/public/audio/items/af44bb22-2222-584b-bda7-300c2787e7fa.mp3"}'::jsonb, '{"value": "towel", "accepted": ["towel"]}'::jsonb, 0.35, array['vocab_f1','writing']) on conflict (id) do nothing;
insert into content_items(id,course_id,cefr_level,skill,type,prompt,payload,correct_answer,difficulty,tags) values ('b68aa189-4075-55b2-8d7d-4cf862b0f108', '20000000-0000-0000-0000-000000000001', 'A2', 'writing', 'cloze', 'Completa la frase con la palabra que falta.', '{"text": "Please throw the wrapper in the bin.", "audio_url": "https://wiauinufpbkmjlbqlkxo.supabase.co/storage/v1/object/public/audio/items/b68aa189-4075-55b2-8d7d-4cf862b0f108.mp3"}'::jsonb, '{"value": "bin", "accepted": ["bin"]}'::jsonb, 0.35, array['vocab_f1','writing']) on conflict (id) do nothing;
insert into content_items(id,course_id,cefr_level,skill,type,prompt,payload,correct_answer,difficulty,tags) values ('66392298-0c41-5ea4-97bc-d0bce0d07aaa', '20000000-0000-0000-0000-000000000001', 'A2', 'writing', 'cloze', 'Completa la frase con la palabra que falta.', '{"text": "I do the laundry every Saturday morning.", "audio_url": "https://wiauinufpbkmjlbqlkxo.supabase.co/storage/v1/object/public/audio/items/66392298-0c41-5ea4-97bc-d0bce0d07aaa.mp3"}'::jsonb, '{"value": "laundry", "accepted": ["laundry"]}'::jsonb, 0.35, array['vocab_f1','writing']) on conflict (id) do nothing;
insert into content_items(id,course_id,cefr_level,skill,type,prompt,payload,correct_answer,difficulty,tags) values ('2a800db2-25a1-5163-8cab-7cf65b8f6742', '20000000-0000-0000-0000-000000000001', 'A2', 'writing', 'cloze', 'Completa la frase con la palabra que falta.', '{"text": "She opened the curtain to let sunlight in.", "audio_url": "https://wiauinufpbkmjlbqlkxo.supabase.co/storage/v1/object/public/audio/items/2a800db2-25a1-5163-8cab-7cf65b8f6742.mp3"}'::jsonb, '{"value": "curtain", "accepted": ["curtain"]}'::jsonb, 0.35, array['vocab_f1','writing']) on conflict (id) do nothing;
insert into content_items(id,course_id,cefr_level,skill,type,prompt,payload,correct_answer,difficulty,tags) values ('03c7d737-2b29-5f26-b664-0a36607dd46b', '20000000-0000-0000-0000-000000000001', 'A2', 'writing', 'cloze', 'Completa la frase con la palabra que falta.', '{"text": "The new mattress is firm and very comfortable.", "audio_url": "https://wiauinufpbkmjlbqlkxo.supabase.co/storage/v1/object/public/audio/items/03c7d737-2b29-5f26-b664-0a36607dd46b.mp3"}'::jsonb, '{"value": "mattress", "accepted": ["mattress"]}'::jsonb, 0.35, array['vocab_f1','writing']) on conflict (id) do nothing;
insert into content_items(id,course_id,cefr_level,skill,type,prompt,payload,correct_answer,difficulty,tags) values ('bb1145e3-8d77-52f4-9e78-399cf138e17b', '20000000-0000-0000-0000-000000000001', 'A2', 'reading', 'match', 'Empareja cada palabra con su traducción.', '{"pairs": [{"en": "furniture", "es": "muebles"}, {"en": "drawer", "es": "cajón"}, {"en": "shelf", "es": "estante"}, {"en": "blanket", "es": "manta"}, {"en": "pillow", "es": "almohada"}]}'::jsonb, '{"pairs": [["furniture", "muebles"], ["drawer", "cajón"], ["shelf", "estante"], ["blanket", "manta"], ["pillow", "almohada"]]}'::jsonb, 0.15, array['vocab_f1','reading']) on conflict (id) do nothing;
insert into content_items(id,course_id,cefr_level,skill,type,prompt,payload,correct_answer,difficulty,tags) values ('ea93f723-37bd-5086-8697-ddf9da66822e', '20000000-0000-0000-0000-000000000001', 'A2', 'reading', 'match', 'Empareja cada palabra con su traducción.', '{"pairs": [{"en": "sink", "es": "fregadero"}, {"en": "ceiling", "es": "techo"}, {"en": "towel", "es": "toalla"}, {"en": "bin", "es": "cubo de basura"}, {"en": "laundry", "es": "colada"}]}'::jsonb, '{"pairs": [["sink", "fregadero"], ["ceiling", "techo"], ["towel", "toalla"], ["bin", "cubo de basura"], ["laundry", "colada"]]}'::jsonb, 0.15, array['vocab_f1','reading']) on conflict (id) do nothing;
insert into content_items(id,course_id,cefr_level,skill,type,prompt,payload,correct_answer,difficulty,tags) values ('73f241a9-2d91-5b40-ab60-d07a46317982', '20000000-0000-0000-0000-000000000001', 'A2', 'reading', 'match', 'Empareja cada palabra con su traducción.', '{"pairs": [{"en": "curtain", "es": "cortina"}, {"en": "mattress", "es": "colchón"}]}'::jsonb, '{"pairs": [["curtain", "cortina"], ["mattress", "colchón"]]}'::jsonb, 0.15, array['vocab_f1','reading']) on conflict (id) do nothing;
insert into content_items(id,course_id,cefr_level,skill,type,prompt,payload,correct_answer,difficulty,tags) values ('9c512dc4-8514-588d-9595-434064301710', '20000000-0000-0000-0000-000000000001', 'A2', 'writing', 'cloze', 'Completa la frase con la palabra que falta.', '{"text": "Hang your coat inside the bedroom wardrobe.", "audio_url": "https://wiauinufpbkmjlbqlkxo.supabase.co/storage/v1/object/public/audio/items/9c512dc4-8514-588d-9595-434064301710.mp3"}'::jsonb, '{"value": "wardrobe", "accepted": ["wardrobe"]}'::jsonb, 0.35, array['vocab_f1','writing']) on conflict (id) do nothing;
insert into content_items(id,course_id,cefr_level,skill,type,prompt,payload,correct_answer,difficulty,tags) values ('74fce823-66aa-5d27-970a-fa1d4447df7a', '20000000-0000-0000-0000-000000000001', 'A2', 'writing', 'cloze', 'Completa la frase con la palabra que falta.', '{"text": "The vacuum cleaner is broken again this week.", "audio_url": "https://wiauinufpbkmjlbqlkxo.supabase.co/storage/v1/object/public/audio/items/74fce823-66aa-5d27-970a-fa1d4447df7a.mp3"}'::jsonb, '{"value": "vacuum cleaner", "accepted": ["vacuum cleaner"]}'::jsonb, 0.35, array['vocab_f1','writing']) on conflict (id) do nothing;
insert into content_items(id,course_id,cefr_level,skill,type,prompt,payload,correct_answer,difficulty,tags) values ('666561d7-b70f-5d4f-b923-865691da2346', '20000000-0000-0000-0000-000000000001', 'A2', 'writing', 'cloze', 'Completa la frase con la palabra que falta.', '{"text": "He swept the floor with an old broom.", "audio_url": "https://wiauinufpbkmjlbqlkxo.supabase.co/storage/v1/object/public/audio/items/666561d7-b70f-5d4f-b923-865691da2346.mp3"}'::jsonb, '{"value": "broom", "accepted": ["broom"]}'::jsonb, 0.35, array['vocab_f1','writing']) on conflict (id) do nothing;
insert into content_items(id,course_id,cefr_level,skill,type,prompt,payload,correct_answer,difficulty,tags) values ('fb7fe012-b957-544e-8aea-1c502e0bf69c', '20000000-0000-0000-0000-000000000001', 'A2', 'writing', 'cloze', 'Completa la frase con la palabra que falta.', '{"text": "The bathroom is up the stairs on the left.", "audio_url": "https://wiauinufpbkmjlbqlkxo.supabase.co/storage/v1/object/public/audio/items/fb7fe012-b957-544e-8aea-1c502e0bf69c.mp3"}'::jsonb, '{"value": "stairs", "accepted": ["stairs"]}'::jsonb, 0.35, array['vocab_f1','writing']) on conflict (id) do nothing;
insert into content_items(id,course_id,cefr_level,skill,type,prompt,payload,correct_answer,difficulty,tags) values ('9cccb1f9-f572-5926-91be-2a1e7c9e4c8f', '20000000-0000-0000-0000-000000000001', 'A2', 'writing', 'cloze', 'Completa la frase con la palabra que falta.', '{"text": "I need to sweep the kitchen after dinner.", "audio_url": "https://wiauinufpbkmjlbqlkxo.supabase.co/storage/v1/object/public/audio/items/9cccb1f9-f572-5926-91be-2a1e7c9e4c8f.mp3"}'::jsonb, '{"value": "to sweep", "accepted": ["to sweep"]}'::jsonb, 0.35, array['vocab_f1','writing']) on conflict (id) do nothing;
insert into content_items(id,course_id,cefr_level,skill,type,prompt,payload,correct_answer,difficulty,tags) values ('8dbbe9e2-6919-5ba1-8d3b-83f5696550d8', '20000000-0000-0000-0000-000000000001', 'A2', 'writing', 'cloze', 'Completa la frase con la palabra que falta.', '{"text": "Please tidy your room before your friends arrive.", "audio_url": "https://wiauinufpbkmjlbqlkxo.supabase.co/storage/v1/object/public/audio/items/8dbbe9e2-6919-5ba1-8d3b-83f5696550d8.mp3"}'::jsonb, '{"value": "tidy", "accepted": ["tidy"]}'::jsonb, 0.35, array['vocab_f1','writing']) on conflict (id) do nothing;
insert into content_items(id,course_id,cefr_level,skill,type,prompt,payload,correct_answer,difficulty,tags) values ('262675bc-5969-509a-b8f7-b64ced13dea9', '20000000-0000-0000-0000-000000000001', 'A2', 'writing', 'cloze', 'Completa la frase con la palabra que falta.', '{"text": "She likes to dust the shelves on Sundays.", "audio_url": "https://wiauinufpbkmjlbqlkxo.supabase.co/storage/v1/object/public/audio/items/262675bc-5969-509a-b8f7-b64ced13dea9.mp3"}'::jsonb, '{"value": "to dust", "accepted": ["to dust"]}'::jsonb, 0.35, array['vocab_f1','writing']) on conflict (id) do nothing;
insert into content_items(id,course_id,cefr_level,skill,type,prompt,payload,correct_answer,difficulty,tags) values ('06c2bbaa-a973-5ca1-965b-67a94dc22b98', '20000000-0000-0000-0000-000000000001', 'A2', 'writing', 'cloze', 'Completa la frase con la palabra que falta.', '{"text": "Remember to plug in your phone tonight.", "audio_url": "https://wiauinufpbkmjlbqlkxo.supabase.co/storage/v1/object/public/audio/items/06c2bbaa-a973-5ca1-965b-67a94dc22b98.mp3"}'::jsonb, '{"value": "to plug in", "accepted": ["to plug in"]}'::jsonb, 0.35, array['vocab_f1','writing']) on conflict (id) do nothing;
insert into content_items(id,course_id,cefr_level,skill,type,prompt,payload,correct_answer,difficulty,tags) values ('81342744-5c65-531a-8118-3bfd76c4df57', '20000000-0000-0000-0000-000000000001', 'A2', 'writing', 'cloze', 'Completa la frase con la palabra que falta.', '{"text": "Please hang your coat in the wardrobe.", "audio_url": "https://wiauinufpbkmjlbqlkxo.supabase.co/storage/v1/object/public/audio/items/81342744-5c65-531a-8118-3bfd76c4df57.mp3"}'::jsonb, '{"value": "hang", "accepted": ["hang"]}'::jsonb, 0.35, array['vocab_f1','writing']) on conflict (id) do nothing;
insert into content_items(id,course_id,cefr_level,skill,type,prompt,payload,correct_answer,difficulty,tags) values ('3cfa602b-33cf-5104-8d7c-80f887d7ee22', '20000000-0000-0000-0000-000000000001', 'A2', 'writing', 'cloze', 'Completa la frase con la palabra que falta.', '{"text": "He forgot to iron his shirt this morning.", "audio_url": "https://wiauinufpbkmjlbqlkxo.supabase.co/storage/v1/object/public/audio/items/3cfa602b-33cf-5104-8d7c-80f887d7ee22.mp3"}'::jsonb, '{"value": "to iron", "accepted": ["to iron"]}'::jsonb, 0.35, array['vocab_f1','writing']) on conflict (id) do nothing;
insert into content_items(id,course_id,cefr_level,skill,type,prompt,payload,correct_answer,difficulty,tags) values ('f99718e1-8bdf-5624-8290-4453da1164f4', '20000000-0000-0000-0000-000000000001', 'A2', 'writing', 'cloze', 'Completa la frase con la palabra que falta.', '{"text": "The kids left the whole house very messy.", "audio_url": "https://wiauinufpbkmjlbqlkxo.supabase.co/storage/v1/object/public/audio/items/f99718e1-8bdf-5624-8290-4453da1164f4.mp3"}'::jsonb, '{"value": "messy", "accepted": ["messy"]}'::jsonb, 0.35, array['vocab_f1','writing']) on conflict (id) do nothing;
insert into content_items(id,course_id,cefr_level,skill,type,prompt,payload,correct_answer,difficulty,tags) values ('80868b11-269c-5b54-95b7-fb10b8b660c1', '20000000-0000-0000-0000-000000000001', 'A2', 'writing', 'cloze', 'Completa la frase con la palabra que falta.', '{"text": "Their small flat feels warm and cosy.", "audio_url": "https://wiauinufpbkmjlbqlkxo.supabase.co/storage/v1/object/public/audio/items/80868b11-269c-5b54-95b7-fb10b8b660c1.mp3"}'::jsonb, '{"value": "cosy", "accepted": ["cosy"]}'::jsonb, 0.35, array['vocab_f1','writing']) on conflict (id) do nothing;
insert into content_items(id,course_id,cefr_level,skill,type,prompt,payload,correct_answer,difficulty,tags) values ('639e9e48-890b-5498-93db-4d54e1fd53db', '20000000-0000-0000-0000-000000000001', 'A2', 'reading', 'match', 'Empareja cada palabra con su traducción.', '{"pairs": [{"en": "wardrobe", "es": "armario"}, {"en": "vacuum cleaner", "es": "aspiradora"}, {"en": "broom", "es": "escoba"}, {"en": "stairs", "es": "escaleras"}, {"en": "to sweep", "es": "barrer"}]}'::jsonb, '{"pairs": [["wardrobe", "armario"], ["vacuum cleaner", "aspiradora"], ["broom", "escoba"], ["stairs", "escaleras"], ["to sweep", "barrer"]]}'::jsonb, 0.15, array['vocab_f1','reading']) on conflict (id) do nothing;
insert into content_items(id,course_id,cefr_level,skill,type,prompt,payload,correct_answer,difficulty,tags) values ('95a13abe-c11d-5b71-9aa3-fbc4b3bc6ff2', '20000000-0000-0000-0000-000000000001', 'A2', 'reading', 'match', 'Empareja cada palabra con su traducción.', '{"pairs": [{"en": "tidy", "es": "ordenar"}, {"en": "to dust", "es": "quitar el polvo"}, {"en": "to plug in", "es": "enchufar"}, {"en": "hang", "es": "colgar"}, {"en": "to iron", "es": "planchar"}]}'::jsonb, '{"pairs": [["tidy", "ordenar"], ["to dust", "quitar el polvo"], ["to plug in", "enchufar"], ["hang", "colgar"], ["to iron", "planchar"]]}'::jsonb, 0.15, array['vocab_f1','reading']) on conflict (id) do nothing;
insert into content_items(id,course_id,cefr_level,skill,type,prompt,payload,correct_answer,difficulty,tags) values ('28a256e9-0b27-5158-bf40-c33f92ad43e8', '20000000-0000-0000-0000-000000000001', 'A2', 'reading', 'match', 'Empareja cada palabra con su traducción.', '{"pairs": [{"en": "messy", "es": "desordenado"}, {"en": "cosy", "es": "acogedor"}]}'::jsonb, '{"pairs": [["messy", "desordenado"], ["cosy", "acogedor"]]}'::jsonb, 0.15, array['vocab_f1','reading']) on conflict (id) do nothing;
insert into content_items(id,course_id,cefr_level,skill,type,prompt,payload,correct_answer,difficulty,tags) values ('777ae9f9-04a4-5082-a1e9-c80c3182f9f6', '20000000-0000-0000-0000-000000000001', 'A2', 'writing', 'cloze', 'Completa la frase con la palabra que falta.', '{"text": "I always cry when I cut an onion.", "audio_url": "https://wiauinufpbkmjlbqlkxo.supabase.co/storage/v1/object/public/audio/items/777ae9f9-04a4-5082-a1e9-c80c3182f9f6.mp3"}'::jsonb, '{"value": "onion", "accepted": ["onion"]}'::jsonb, 0.35, array['vocab_f1','writing']) on conflict (id) do nothing;
insert into content_items(id,course_id,cefr_level,skill,type,prompt,payload,correct_answer,difficulty,tags) values ('b70fd70c-b5fd-546e-b67a-ce1d13df51a8', '20000000-0000-0000-0000-000000000001', 'A2', 'writing', 'cloze', 'Completa la frase con la palabra que falta.', '{"text": "This sauce needs more garlic and salt.", "audio_url": "https://wiauinufpbkmjlbqlkxo.supabase.co/storage/v1/object/public/audio/items/b70fd70c-b5fd-546e-b67a-ce1d13df51a8.mp3"}'::jsonb, '{"value": "garlic", "accepted": ["garlic"]}'::jsonb, 0.35, array['vocab_f1','writing']) on conflict (id) do nothing;
insert into content_items(id,course_id,cefr_level,skill,type,prompt,payload,correct_answer,difficulty,tags) values ('7c986d12-53c4-5585-8fa2-cf569fd72895', '20000000-0000-0000-0000-000000000001', 'A2', 'writing', 'cloze', 'Completa la frase con la palabra que falta.', '{"text": "Please add a little salt to the soup.", "audio_url": "https://wiauinufpbkmjlbqlkxo.supabase.co/storage/v1/object/public/audio/items/7c986d12-53c4-5585-8fa2-cf569fd72895.mp3"}'::jsonb, '{"value": "salt", "accepted": ["salt"]}'::jsonb, 0.35, array['vocab_f1','writing']) on conflict (id) do nothing;
insert into content_items(id,course_id,cefr_level,skill,type,prompt,payload,correct_answer,difficulty,tags) values ('86c1fb01-d4fa-5b77-8501-5000df44a098', '20000000-0000-0000-0000-000000000001', 'A2', 'writing', 'cloze', 'Completa la frase con la palabra que falta.', '{"text": "I like black pepper on my eggs.", "audio_url": "https://wiauinufpbkmjlbqlkxo.supabase.co/storage/v1/object/public/audio/items/86c1fb01-d4fa-5b77-8501-5000df44a098.mp3"}'::jsonb, '{"value": "pepper", "accepted": ["pepper"]}'::jsonb, 0.35, array['vocab_f1','writing']) on conflict (id) do nothing;
insert into content_items(id,course_id,cefr_level,skill,type,prompt,payload,correct_answer,difficulty,tags) values ('dbde3e53-8ebe-5991-8168-7f7c7001e0a2', '20000000-0000-0000-0000-000000000001', 'A2', 'writing', 'cloze', 'Completa la frase con la palabra que falta.', '{"text": "She fried one egg for breakfast.", "audio_url": "https://wiauinufpbkmjlbqlkxo.supabase.co/storage/v1/object/public/audio/items/dbde3e53-8ebe-5991-8168-7f7c7001e0a2.mp3"}'::jsonb, '{"value": "egg", "accepted": ["egg"]}'::jsonb, 0.35, array['vocab_f1','writing']) on conflict (id) do nothing;
insert into content_items(id,course_id,cefr_level,skill,type,prompt,payload,correct_answer,difficulty,tags) values ('aee9597f-a3e0-5aef-9c50-37a207a38c8e', '20000000-0000-0000-0000-000000000001', 'A2', 'writing', 'cloze', 'Completa la frase con la palabra que falta.', '{"text": "We had roast chicken with rice.", "audio_url": "https://wiauinufpbkmjlbqlkxo.supabase.co/storage/v1/object/public/audio/items/aee9597f-a3e0-5aef-9c50-37a207a38c8e.mp3"}'::jsonb, '{"value": "chicken", "accepted": ["chicken"]}'::jsonb, 0.35, array['vocab_f1','writing']) on conflict (id) do nothing;
insert into content_items(id,course_id,cefr_level,skill,type,prompt,payload,correct_answer,difficulty,tags) values ('8eb1cd95-f2fd-5181-9af3-d086991d42b9', '20000000-0000-0000-0000-000000000001', 'A2', 'writing', 'cloze', 'Completa la frase con la palabra que falta.', '{"text": "This soup is made with beef and onions.", "audio_url": "https://wiauinufpbkmjlbqlkxo.supabase.co/storage/v1/object/public/audio/items/8eb1cd95-f2fd-5181-9af3-d086991d42b9.mp3"}'::jsonb, '{"value": "beef", "accepted": ["beef"]}'::jsonb, 0.35, array['vocab_f1','writing']) on conflict (id) do nothing;
insert into content_items(id,course_id,cefr_level,skill,type,prompt,payload,correct_answer,difficulty,tags) values ('66c58dde-387f-573e-b7b4-702e94511022', '20000000-0000-0000-0000-000000000001', 'A2', 'writing', 'cloze', 'Completa la frase con la palabra que falta.', '{"text": "In Peru, people eat rice every day.", "audio_url": "https://wiauinufpbkmjlbqlkxo.supabase.co/storage/v1/object/public/audio/items/66c58dde-387f-573e-b7b4-702e94511022.mp3"}'::jsonb, '{"value": "rice", "accepted": ["rice"]}'::jsonb, 0.35, array['vocab_f1','writing']) on conflict (id) do nothing;
insert into content_items(id,course_id,cefr_level,skill,type,prompt,payload,correct_answer,difficulty,tags) values ('f44904b0-b2f6-53ed-b0a0-4c07b56fb210', '20000000-0000-0000-0000-000000000001', 'A2', 'writing', 'cloze', 'Completa la frase con la palabra que falta.', '{"text": "I want more cheese on my pizza.", "audio_url": "https://wiauinufpbkmjlbqlkxo.supabase.co/storage/v1/object/public/audio/items/f44904b0-b2f6-53ed-b0a0-4c07b56fb210.mp3"}'::jsonb, '{"value": "cheese", "accepted": ["cheese"]}'::jsonb, 0.35, array['vocab_f1','writing']) on conflict (id) do nothing;
insert into content_items(id,course_id,cefr_level,skill,type,prompt,payload,correct_answer,difficulty,tags) values ('f5a1e99c-30c4-5aad-bc2d-db4fb0681530', '20000000-0000-0000-0000-000000000001', 'A2', 'writing', 'cloze', 'Completa la frase con la palabra que falta.', '{"text": "Spread some butter on the warm bread.", "audio_url": "https://wiauinufpbkmjlbqlkxo.supabase.co/storage/v1/object/public/audio/items/f5a1e99c-30c4-5aad-bc2d-db4fb0681530.mp3"}'::jsonb, '{"value": "butter", "accepted": ["butter"]}'::jsonb, 0.35, array['vocab_f1','writing']) on conflict (id) do nothing;
insert into content_items(id,course_id,cefr_level,skill,type,prompt,payload,correct_answer,difficulty,tags) values ('ae07d785-aa33-5e5d-aff2-07d5fb1ded6a', '20000000-0000-0000-0000-000000000001', 'A2', 'writing', 'cloze', 'Completa la frase con la palabra que falta.', '{"text": "You need flour to make the cake.", "audio_url": "https://wiauinufpbkmjlbqlkxo.supabase.co/storage/v1/object/public/audio/items/ae07d785-aa33-5e5d-aff2-07d5fb1ded6a.mp3"}'::jsonb, '{"value": "flour", "accepted": ["flour"]}'::jsonb, 0.35, array['vocab_f1','writing']) on conflict (id) do nothing;
insert into content_items(id,course_id,cefr_level,skill,type,prompt,payload,correct_answer,difficulty,tags) values ('0031158e-e5cc-52d1-b0f5-6b0dcd272060', '20000000-0000-0000-0000-000000000001', 'A2', 'writing', 'cloze', 'Completa la frase con la palabra que falta.', '{"text": "Do you take sugar in your coffee?", "audio_url": "https://wiauinufpbkmjlbqlkxo.supabase.co/storage/v1/object/public/audio/items/0031158e-e5cc-52d1-b0f5-6b0dcd272060.mp3"}'::jsonb, '{"value": "sugar", "accepted": ["sugar"]}'::jsonb, 0.35, array['vocab_f1','writing']) on conflict (id) do nothing;
insert into content_items(id,course_id,cefr_level,skill,type,prompt,payload,correct_answer,difficulty,tags) values ('8b92f954-3f21-5654-ae51-3e87342f0d57', '20000000-0000-0000-0000-000000000001', 'A2', 'reading', 'match', 'Empareja cada palabra con su traducción.', '{"pairs": [{"en": "onion", "es": "cebolla"}, {"en": "garlic", "es": "ajo"}, {"en": "salt", "es": "sal"}, {"en": "pepper", "es": "pimienta"}, {"en": "egg", "es": "huevo"}]}'::jsonb, '{"pairs": [["onion", "cebolla"], ["garlic", "ajo"], ["salt", "sal"], ["pepper", "pimienta"], ["egg", "huevo"]]}'::jsonb, 0.15, array['vocab_f1','reading']) on conflict (id) do nothing;
insert into content_items(id,course_id,cefr_level,skill,type,prompt,payload,correct_answer,difficulty,tags) values ('0aa6a9c8-1c0d-5a0e-affc-6dd77b284e05', '20000000-0000-0000-0000-000000000001', 'A2', 'reading', 'match', 'Empareja cada palabra con su traducción.', '{"pairs": [{"en": "chicken", "es": "pollo"}, {"en": "beef", "es": "carne de res"}, {"en": "rice", "es": "arroz"}, {"en": "cheese", "es": "queso"}, {"en": "butter", "es": "mantequilla"}]}'::jsonb, '{"pairs": [["chicken", "pollo"], ["beef", "carne de res"], ["rice", "arroz"], ["cheese", "queso"], ["butter", "mantequilla"]]}'::jsonb, 0.15, array['vocab_f1','reading']) on conflict (id) do nothing;
insert into content_items(id,course_id,cefr_level,skill,type,prompt,payload,correct_answer,difficulty,tags) values ('878d69de-b017-580d-94fd-269b809ba237', '20000000-0000-0000-0000-000000000001', 'A2', 'reading', 'match', 'Empareja cada palabra con su traducción.', '{"pairs": [{"en": "flour", "es": "harina"}, {"en": "sugar", "es": "azúcar"}]}'::jsonb, '{"pairs": [["flour", "harina"], ["sugar", "azúcar"]]}'::jsonb, 0.15, array['vocab_f1','reading']) on conflict (id) do nothing;
insert into content_items(id,course_id,cefr_level,skill,type,prompt,payload,correct_answer,difficulty,tags) values ('c69f7b6f-19c8-5cae-a80e-9ba4909a64f0', '20000000-0000-0000-0000-000000000001', 'A2', 'writing', 'cloze', 'Completa la frase con la palabra que falta.', '{"text": "Be careful with that sharp knife.", "audio_url": "https://wiauinufpbkmjlbqlkxo.supabase.co/storage/v1/object/public/audio/items/c69f7b6f-19c8-5cae-a80e-9ba4909a64f0.mp3"}'::jsonb, '{"value": "knife", "accepted": ["knife"]}'::jsonb, 0.35, array['vocab_f1','writing']) on conflict (id) do nothing;
insert into content_items(id,course_id,cefr_level,skill,type,prompt,payload,correct_answer,difficulty,tags) values ('f04e282f-4e02-57a0-9f3a-24e0aa77325f', '20000000-0000-0000-0000-000000000001', 'A2', 'writing', 'cloze', 'Completa la frase con la palabra que falta.', '{"text": "I need a clean spoon for the soup.", "audio_url": "https://wiauinufpbkmjlbqlkxo.supabase.co/storage/v1/object/public/audio/items/f04e282f-4e02-57a0-9f3a-24e0aa77325f.mp3"}'::jsonb, '{"value": "spoon", "accepted": ["spoon"]}'::jsonb, 0.35, array['vocab_f1','writing']) on conflict (id) do nothing;
insert into content_items(id,course_id,cefr_level,skill,type,prompt,payload,correct_answer,difficulty,tags) values ('3bd9520a-561b-583a-b251-47451940df2e', '20000000-0000-0000-0000-000000000001', 'A2', 'writing', 'cloze', 'Completa la frase con la palabra que falta.', '{"text": "She eats her salad with a fork.", "audio_url": "https://wiauinufpbkmjlbqlkxo.supabase.co/storage/v1/object/public/audio/items/3bd9520a-561b-583a-b251-47451940df2e.mp3"}'::jsonb, '{"value": "fork", "accepted": ["fork"]}'::jsonb, 0.35, array['vocab_f1','writing']) on conflict (id) do nothing;
insert into content_items(id,course_id,cefr_level,skill,type,prompt,payload,correct_answer,difficulty,tags) values ('cf0eb685-bed5-54bf-bd07-088887ac0c2d', '20000000-0000-0000-0000-000000000001', 'A2', 'writing', 'cloze', 'Completa la frase con la palabra que falta.', '{"text": "He put the fish on a white plate.", "audio_url": "https://wiauinufpbkmjlbqlkxo.supabase.co/storage/v1/object/public/audio/items/cf0eb685-bed5-54bf-bd07-088887ac0c2d.mp3"}'::jsonb, '{"value": "plate", "accepted": ["plate"]}'::jsonb, 0.35, array['vocab_f1','writing']) on conflict (id) do nothing;
insert into content_items(id,course_id,cefr_level,skill,type,prompt,payload,correct_answer,difficulty,tags) values ('d51fca06-1033-5335-8b13-c95f75b201f1', '20000000-0000-0000-0000-000000000001', 'A2', 'writing', 'cloze', 'Completa la frase con la palabra que falta.', '{"text": "Dinner is my favourite meal of the day.", "audio_url": "https://wiauinufpbkmjlbqlkxo.supabase.co/storage/v1/object/public/audio/items/d51fca06-1033-5335-8b13-c95f75b201f1.mp3"}'::jsonb, '{"value": "meal", "accepted": ["meal"]}'::jsonb, 0.35, array['vocab_f1','writing']) on conflict (id) do nothing;
insert into content_items(id,course_id,cefr_level,skill,type,prompt,payload,correct_answer,difficulty,tags) values ('7377ca7e-9722-599b-ae6a-2bcc210e00ac', '20000000-0000-0000-0000-000000000001', 'A2', 'writing', 'cloze', 'Completa la frase con la palabra que falta.', '{"text": "This curry is too spicy for me.", "audio_url": "https://wiauinufpbkmjlbqlkxo.supabase.co/storage/v1/object/public/audio/items/7377ca7e-9722-599b-ae6a-2bcc210e00ac.mp3"}'::jsonb, '{"value": "spicy", "accepted": ["spicy"]}'::jsonb, 0.35, array['vocab_f1','writing']) on conflict (id) do nothing;
insert into content_items(id,course_id,cefr_level,skill,type,prompt,payload,correct_answer,difficulty,tags) values ('d55ca113-bbf8-5778-81d5-dc01ee95e636', '20000000-0000-0000-0000-000000000001', 'A2', 'writing', 'cloze', 'Completa la frase con la palabra que falta.', '{"text": "The cake was very sweet and soft.", "audio_url": "https://wiauinufpbkmjlbqlkxo.supabase.co/storage/v1/object/public/audio/items/d55ca113-bbf8-5778-81d5-dc01ee95e636.mp3"}'::jsonb, '{"value": "sweet", "accepted": ["sweet"]}'::jsonb, 0.35, array['vocab_f1','writing']) on conflict (id) do nothing;
insert into content_items(id,course_id,cefr_level,skill,type,prompt,payload,correct_answer,difficulty,tags) values ('bb366080-f78a-5179-988e-3613596f8a87', '20000000-0000-0000-0000-000000000001', 'A2', 'writing', 'cloze', 'Completa la frase con la palabra que falta.', '{"text": "You need to boil the water first.", "audio_url": "https://wiauinufpbkmjlbqlkxo.supabase.co/storage/v1/object/public/audio/items/bb366080-f78a-5179-988e-3613596f8a87.mp3"}'::jsonb, '{"value": "to boil", "accepted": ["to boil"]}'::jsonb, 0.35, array['vocab_f1','writing']) on conflict (id) do nothing;
insert into content_items(id,course_id,cefr_level,skill,type,prompt,payload,correct_answer,difficulty,tags) values ('9c3cac5d-22ce-5fac-9b52-88fb4f420c43', '20000000-0000-0000-0000-000000000001', 'A2', 'writing', 'cloze', 'Completa la frase con la palabra que falta.', '{"text": "I like to fry the eggs in oil.", "audio_url": "https://wiauinufpbkmjlbqlkxo.supabase.co/storage/v1/object/public/audio/items/9c3cac5d-22ce-5fac-9b52-88fb4f420c43.mp3"}'::jsonb, '{"value": "to fry", "accepted": ["to fry"]}'::jsonb, 0.35, array['vocab_f1','writing']) on conflict (id) do nothing;
insert into content_items(id,course_id,cefr_level,skill,type,prompt,payload,correct_answer,difficulty,tags) values ('06e58b5d-32aa-5b1b-843c-819545c171f4', '20000000-0000-0000-0000-000000000001', 'A2', 'writing', 'cloze', 'Completa la frase con la palabra que falta.', '{"text": "She wants to bake a chocolate cake.", "audio_url": "https://wiauinufpbkmjlbqlkxo.supabase.co/storage/v1/object/public/audio/items/06e58b5d-32aa-5b1b-843c-819545c171f4.mp3"}'::jsonb, '{"value": "to bake", "accepted": ["to bake"]}'::jsonb, 0.35, array['vocab_f1','writing']) on conflict (id) do nothing;
insert into content_items(id,course_id,cefr_level,skill,type,prompt,payload,correct_answer,difficulty,tags) values ('22b4cf20-8674-5a6e-ab60-9049428be988', '20000000-0000-0000-0000-000000000001', 'A2', 'writing', 'cloze', 'Completa la frase con la palabra que falta.', '{"text": "Use a knife to chop the vegetables.", "audio_url": "https://wiauinufpbkmjlbqlkxo.supabase.co/storage/v1/object/public/audio/items/22b4cf20-8674-5a6e-ab60-9049428be988.mp3"}'::jsonb, '{"value": "to chop", "accepted": ["to chop"]}'::jsonb, 0.35, array['vocab_f1','writing']) on conflict (id) do nothing;
insert into content_items(id,course_id,cefr_level,skill,type,prompt,payload,correct_answer,difficulty,tags) values ('f58e68cf-6838-52ab-908c-86446e419164', '20000000-0000-0000-0000-000000000001', 'A2', 'writing', 'cloze', 'Completa la frase con la palabra que falta.', '{"text": "Let me taste the sauce before dinner.", "audio_url": "https://wiauinufpbkmjlbqlkxo.supabase.co/storage/v1/object/public/audio/items/f58e68cf-6838-52ab-908c-86446e419164.mp3"}'::jsonb, '{"value": "taste", "accepted": ["taste"]}'::jsonb, 0.35, array['vocab_f1','writing']) on conflict (id) do nothing;
insert into content_items(id,course_id,cefr_level,skill,type,prompt,payload,correct_answer,difficulty,tags) values ('31a9742a-555f-5583-9cca-8bb7afe1f6af', '20000000-0000-0000-0000-000000000001', 'A2', 'reading', 'match', 'Empareja cada palabra con su traducción.', '{"pairs": [{"en": "knife", "es": "cuchillo"}, {"en": "spoon", "es": "cuchara"}, {"en": "fork", "es": "tenedor"}, {"en": "plate", "es": "plato"}, {"en": "meal", "es": "comida"}]}'::jsonb, '{"pairs": [["knife", "cuchillo"], ["spoon", "cuchara"], ["fork", "tenedor"], ["plate", "plato"], ["meal", "comida"]]}'::jsonb, 0.15, array['vocab_f1','reading']) on conflict (id) do nothing;
insert into content_items(id,course_id,cefr_level,skill,type,prompt,payload,correct_answer,difficulty,tags) values ('a9d877cc-18f8-52f1-a3d2-0222691b14d4', '20000000-0000-0000-0000-000000000001', 'A2', 'reading', 'match', 'Empareja cada palabra con su traducción.', '{"pairs": [{"en": "spicy", "es": "picante"}, {"en": "sweet", "es": "dulce"}, {"en": "to boil", "es": "hervir"}, {"en": "to fry", "es": "freír"}, {"en": "to bake", "es": "hornear"}]}'::jsonb, '{"pairs": [["spicy", "picante"], ["sweet", "dulce"], ["to boil", "hervir"], ["to fry", "freír"], ["to bake", "hornear"]]}'::jsonb, 0.15, array['vocab_f1','reading']) on conflict (id) do nothing;
insert into content_items(id,course_id,cefr_level,skill,type,prompt,payload,correct_answer,difficulty,tags) values ('da531b4a-1cdd-5e60-a80b-41995533c941', '20000000-0000-0000-0000-000000000001', 'A2', 'reading', 'match', 'Empareja cada palabra con su traducción.', '{"pairs": [{"en": "to chop", "es": "picar"}, {"en": "taste", "es": "probar"}]}'::jsonb, '{"pairs": [["to chop", "picar"], ["taste", "probar"]]}'::jsonb, 0.15, array['vocab_f1','reading']) on conflict (id) do nothing;
insert into content_items(id,course_id,cefr_level,skill,type,prompt,payload,correct_answer,difficulty,tags) values ('0ddb3fe2-dfa8-5966-a385-87337876ba85', '20000000-0000-0000-0000-000000000001', 'A2', 'writing', 'cloze', 'Completa la frase con la palabra que falta.', '{"text": "I packed my heavy suitcase for the trip.", "audio_url": "https://wiauinufpbkmjlbqlkxo.supabase.co/storage/v1/object/public/audio/items/0ddb3fe2-dfa8-5966-a385-87337876ba85.mp3"}'::jsonb, '{"value": "suitcase", "accepted": ["suitcase"]}'::jsonb, 0.35, array['vocab_f1','writing']) on conflict (id) do nothing;
insert into content_items(id,course_id,cefr_level,skill,type,prompt,payload,correct_answer,difficulty,tags) values ('fe126d3e-fe51-522f-af2e-9182ed76fbd6', '20000000-0000-0000-0000-000000000001', 'A2', 'writing', 'cloze', 'Completa la frase con la palabra que falta.', '{"text": "The train leaves from platform number three.", "audio_url": "https://wiauinufpbkmjlbqlkxo.supabase.co/storage/v1/object/public/audio/items/fe126d3e-fe51-522f-af2e-9182ed76fbd6.mp3"}'::jsonb, '{"value": "platform", "accepted": ["platform"]}'::jsonb, 0.35, array['vocab_f1','writing']) on conflict (id) do nothing;
insert into content_items(id,course_id,cefr_level,skill,type,prompt,payload,correct_answer,difficulty,tags) values ('d63236bc-a979-5ed3-b7f3-72b043e4ea99', '20000000-0000-0000-0000-000000000001', 'A2', 'writing', 'cloze', 'Completa la frase con la palabra que falta.', '{"text": "Passengers must wait at the departure gate.", "audio_url": "https://wiauinufpbkmjlbqlkxo.supabase.co/storage/v1/object/public/audio/items/d63236bc-a979-5ed3-b7f3-72b043e4ea99.mp3"}'::jsonb, '{"value": "gate", "accepted": ["gate"]}'::jsonb, 0.35, array['vocab_f1','writing']) on conflict (id) do nothing;
insert into content_items(id,course_id,cefr_level,skill,type,prompt,payload,correct_answer,difficulty,tags) values ('6feb9ea4-3f4b-5e92-96ed-7e77e0d2f899', '20000000-0000-0000-0000-000000000001', 'A2', 'writing', 'cloze', 'Completa la frase con la palabra que falta.', '{"text": "We will board the plane in ten minutes.", "audio_url": "https://wiauinufpbkmjlbqlkxo.supabase.co/storage/v1/object/public/audio/items/6feb9ea4-3f4b-5e92-96ed-7e77e0d2f899.mp3"}'::jsonb, '{"value": "board", "accepted": ["board"]}'::jsonb, 0.35, array['vocab_f1','writing']) on conflict (id) do nothing;
insert into content_items(id,course_id,cefr_level,skill,type,prompt,payload,correct_answer,difficulty,tags) values ('54343631-5ead-5843-b7f1-18319b21e715', '20000000-0000-0000-0000-000000000001', 'A2', 'writing', 'cloze', 'Completa la frase con la palabra que falta.', '{"text": "Remember to pack warm clothes for the mountains.", "audio_url": "https://wiauinufpbkmjlbqlkxo.supabase.co/storage/v1/object/public/audio/items/54343631-5ead-5843-b7f1-18319b21e715.mp3"}'::jsonb, '{"value": "to pack", "accepted": ["to pack"]}'::jsonb, 0.35, array['vocab_f1','writing']) on conflict (id) do nothing;
insert into content_items(id,course_id,cefr_level,skill,type,prompt,payload,correct_answer,difficulty,tags) values ('aa0f6fed-805b-5f26-b61b-f9772a7123e2', '20000000-0000-0000-0000-000000000001', 'A2', 'writing', 'cloze', 'Completa la frase con la palabra que falta.', '{"text": "The departure of our flight was announced.", "audio_url": "https://wiauinufpbkmjlbqlkxo.supabase.co/storage/v1/object/public/audio/items/aa0f6fed-805b-5f26-b61b-f9772a7123e2.mp3"}'::jsonb, '{"value": "departure", "accepted": ["departure"]}'::jsonb, 0.35, array['vocab_f1','writing']) on conflict (id) do nothing;
insert into content_items(id,course_id,cefr_level,skill,type,prompt,payload,correct_answer,difficulty,tags) values ('0ea37d84-aa86-5863-b128-7885f7c2fcf4', '20000000-0000-0000-0000-000000000001', 'A2', 'writing', 'cloze', 'Completa la frase con la palabra que falta.', '{"text": "Our arrival in Rome was late at night.", "audio_url": "https://wiauinufpbkmjlbqlkxo.supabase.co/storage/v1/object/public/audio/items/0ea37d84-aa86-5863-b128-7885f7c2fcf4.mp3"}'::jsonb, '{"value": "arrival", "accepted": ["arrival"]}'::jsonb, 0.35, array['vocab_f1','writing']) on conflict (id) do nothing;
insert into content_items(id,course_id,cefr_level,skill,type,prompt,payload,correct_answer,difficulty,tags) values ('031c2fad-0a63-5b1d-aff4-8f808f9ed6e7', '20000000-0000-0000-0000-000000000001', 'A2', 'writing', 'cloze', 'Completa la frase con la palabra que falta.', '{"text": "Paris is a very popular travel destination.", "audio_url": "https://wiauinufpbkmjlbqlkxo.supabase.co/storage/v1/object/public/audio/items/031c2fad-0a63-5b1d-aff4-8f808f9ed6e7.mp3"}'::jsonb, '{"value": "destination", "accepted": ["destination"]}'::jsonb, 0.35, array['vocab_f1','writing']) on conflict (id) do nothing;
insert into content_items(id,course_id,cefr_level,skill,type,prompt,payload,correct_answer,difficulty,tags) values ('5c35e2ac-13ba-5f3b-b316-b0e68809f9c4', '20000000-0000-0000-0000-000000000001', 'A2', 'writing', 'cloze', 'Completa la frase con la palabra que falta.', '{"text": "The friendly crew served drinks on the plane.", "audio_url": "https://wiauinufpbkmjlbqlkxo.supabase.co/storage/v1/object/public/audio/items/5c35e2ac-13ba-5f3b-b316-b0e68809f9c4.mp3"}'::jsonb, '{"value": "crew", "accepted": ["crew"]}'::jsonb, 0.35, array['vocab_f1','writing']) on conflict (id) do nothing;
insert into content_items(id,course_id,cefr_level,skill,type,prompt,payload,correct_answer,difficulty,tags) values ('2d634214-1d33-5e63-914e-a6320471eb04', '20000000-0000-0000-0000-000000000001', 'A2', 'writing', 'cloze', 'Completa la frase con la palabra que falta.', '{"text": "Please return to your seat and sit down.", "audio_url": "https://wiauinufpbkmjlbqlkxo.supabase.co/storage/v1/object/public/audio/items/2d634214-1d33-5e63-914e-a6320471eb04.mp3"}'::jsonb, '{"value": "seat", "accepted": ["seat"]}'::jsonb, 0.35, array['vocab_f1','writing']) on conflict (id) do nothing;
insert into content_items(id,course_id,cefr_level,skill,type,prompt,payload,correct_answer,difficulty,tags) values ('352c73b9-eb73-5f5a-a901-0350568d57ff', '20000000-0000-0000-0000-000000000001', 'A2', 'writing', 'cloze', 'Completa la frase con la palabra que falta.', '{"text": "She carried her small backpack onto the bus.", "audio_url": "https://wiauinufpbkmjlbqlkxo.supabase.co/storage/v1/object/public/audio/items/352c73b9-eb73-5f5a-a901-0350568d57ff.mp3"}'::jsonb, '{"value": "backpack", "accepted": ["backpack"]}'::jsonb, 0.35, array['vocab_f1','writing']) on conflict (id) do nothing;
insert into content_items(id,course_id,cefr_level,skill,type,prompt,payload,correct_answer,difficulty,tags) values ('63eb36f9-eacb-5d27-b3bf-9b1262e33787', '20000000-0000-0000-0000-000000000001', 'A2', 'reading', 'match', 'Empareja cada palabra con su traducción.', '{"pairs": [{"en": "suitcase", "es": "maleta"}, {"en": "platform", "es": "andén"}, {"en": "gate", "es": "puerta"}, {"en": "board", "es": "abordar"}, {"en": "to pack", "es": "empacar"}]}'::jsonb, '{"pairs": [["suitcase", "maleta"], ["platform", "andén"], ["gate", "puerta"], ["board", "abordar"], ["to pack", "empacar"]]}'::jsonb, 0.15, array['vocab_f1','reading']) on conflict (id) do nothing;
insert into content_items(id,course_id,cefr_level,skill,type,prompt,payload,correct_answer,difficulty,tags) values ('61599b49-6142-58b8-8bbe-f04dd25fc955', '20000000-0000-0000-0000-000000000001', 'A2', 'reading', 'match', 'Empareja cada palabra con su traducción.', '{"pairs": [{"en": "departure", "es": "salida"}, {"en": "arrival", "es": "llegada"}, {"en": "destination", "es": "destino"}, {"en": "crew", "es": "tripulación"}, {"en": "seat", "es": "asiento"}]}'::jsonb, '{"pairs": [["departure", "salida"], ["arrival", "llegada"], ["destination", "destino"], ["crew", "tripulación"], ["seat", "asiento"]]}'::jsonb, 0.15, array['vocab_f1','reading']) on conflict (id) do nothing;
insert into content_items(id,course_id,cefr_level,skill,type,prompt,payload,correct_answer,difficulty,tags) values ('f976d7c6-4fb4-5284-a657-adb7e99a8998', '20000000-0000-0000-0000-000000000001', 'A2', 'writing', 'cloze', 'Completa la frase con la palabra que falta.', '{"text": "Every tourist takes photos of the old tower.", "audio_url": "https://wiauinufpbkmjlbqlkxo.supabase.co/storage/v1/object/public/audio/items/f976d7c6-4fb4-5284-a657-adb7e99a8998.mp3"}'::jsonb, '{"value": "tourist", "accepted": ["tourist"]}'::jsonb, 0.35, array['vocab_f1','writing']) on conflict (id) do nothing;
insert into content_items(id,course_id,cefr_level,skill,type,prompt,payload,correct_answer,difficulty,tags) values ('62be0d1f-7792-5996-bce9-79cca52b686b', '20000000-0000-0000-0000-000000000001', 'A2', 'writing', 'cloze', 'Completa la frase con la palabra que falta.', '{"text": "We showed our bags at customs after landing.", "audio_url": "https://wiauinufpbkmjlbqlkxo.supabase.co/storage/v1/object/public/audio/items/62be0d1f-7792-5996-bce9-79cca52b686b.mp3"}'::jsonb, '{"value": "customs", "accepted": ["customs"]}'::jsonb, 0.35, array['vocab_f1','writing']) on conflict (id) do nothing;
insert into content_items(id,course_id,cefr_level,skill,type,prompt,payload,correct_answer,difficulty,tags) values ('72070c16-3edf-5050-b046-6098470d7c14', '20000000-0000-0000-0000-000000000001', 'A2', 'writing', 'cloze', 'Completa la frase con la palabra que falta.', '{"text": "The cabin was cold during the long flight.", "audio_url": "https://wiauinufpbkmjlbqlkxo.supabase.co/storage/v1/object/public/audio/items/72070c16-3edf-5050-b046-6098470d7c14.mp3"}'::jsonb, '{"value": "cabin", "accepted": ["cabin"]}'::jsonb, 0.35, array['vocab_f1','writing']) on conflict (id) do nothing;
insert into content_items(id,course_id,cefr_level,skill,type,prompt,payload,correct_answer,difficulty,tags) values ('7506f1d9-010c-5b9e-b901-659678cc1b78', '20000000-0000-0000-0000-000000000001', 'A2', 'writing', 'cloze', 'Completa la frase con la palabra que falta.', '{"text": "The plane sped down the runway before takeoff.", "audio_url": "https://wiauinufpbkmjlbqlkxo.supabase.co/storage/v1/object/public/audio/items/7506f1d9-010c-5b9e-b901-659678cc1b78.mp3"}'::jsonb, '{"value": "runway", "accepted": ["runway"]}'::jsonb, 0.35, array['vocab_f1','writing']) on conflict (id) do nothing;
insert into content_items(id,course_id,cefr_level,skill,type,prompt,payload,correct_answer,difficulty,tags) values ('5a9dcead-8b19-57fe-a408-2ea9f250d179', '20000000-0000-0000-0000-000000000001', 'A2', 'writing', 'cloze', 'Completa la frase con la palabra que falta.', '{"text": "We had a short layover in Madrid.", "audio_url": "https://wiauinufpbkmjlbqlkxo.supabase.co/storage/v1/object/public/audio/items/5a9dcead-8b19-57fe-a408-2ea9f250d179.mp3"}'::jsonb, '{"value": "layover", "accepted": ["layover"]}'::jsonb, 0.35, array['vocab_f1','writing']) on conflict (id) do nothing;
insert into content_items(id,course_id,cefr_level,skill,type,prompt,payload,correct_answer,difficulty,tags) values ('57f83a67-f15a-5f59-9023-e1d0fb2ccfba', '20000000-0000-0000-0000-000000000001', 'A2', 'writing', 'cloze', 'Completa la frase con la palabra que falta.', '{"text": "We took the ferry across the wide river.", "audio_url": "https://wiauinufpbkmjlbqlkxo.supabase.co/storage/v1/object/public/audio/items/57f83a67-f15a-5f59-9023-e1d0fb2ccfba.mp3"}'::jsonb, '{"value": "ferry", "accepted": ["ferry"]}'::jsonb, 0.35, array['vocab_f1','writing']) on conflict (id) do nothing;
insert into content_items(id,course_id,cefr_level,skill,type,prompt,payload,correct_answer,difficulty,tags) values ('98d8de62-4216-5f74-b331-3e16e7852801', '20000000-0000-0000-0000-000000000001', 'A2', 'writing', 'cloze', 'Completa la frase con la palabra que falta.', '{"text": "We drove for hours on the busy highway.", "audio_url": "https://wiauinufpbkmjlbqlkxo.supabase.co/storage/v1/object/public/audio/items/98d8de62-4216-5f74-b331-3e16e7852801.mp3"}'::jsonb, '{"value": "highway", "accepted": ["highway"]}'::jsonb, 0.35, array['vocab_f1','writing']) on conflict (id) do nothing;
insert into content_items(id,course_id,cefr_level,skill,type,prompt,payload,correct_answer,difficulty,tags) values ('ef904b9d-531e-5024-839a-7e4d60e03fcb', '20000000-0000-0000-0000-000000000001', 'A2', 'writing', 'cloze', 'Completa la frase con la palabra que falta.', '{"text": "The bus fare went up again this year.", "audio_url": "https://wiauinufpbkmjlbqlkxo.supabase.co/storage/v1/object/public/audio/items/ef904b9d-531e-5024-839a-7e4d60e03fcb.mp3"}'::jsonb, '{"value": "fare", "accepted": ["fare"]}'::jsonb, 0.35, array['vocab_f1','writing']) on conflict (id) do nothing;
insert into content_items(id,course_id,cefr_level,skill,type,prompt,payload,correct_answer,difficulty,tags) values ('66377a8a-1c7e-5784-ab45-685765bcc80e', '20000000-0000-0000-0000-000000000001', 'A2', 'writing', 'cloze', 'Completa la frase con la palabra que falta.', '{"text": "The plane will land in twenty minutes.", "audio_url": "https://wiauinufpbkmjlbqlkxo.supabase.co/storage/v1/object/public/audio/items/66377a8a-1c7e-5784-ab45-685765bcc80e.mp3"}'::jsonb, '{"value": "land", "accepted": ["land"]}'::jsonb, 0.35, array['vocab_f1','writing']) on conflict (id) do nothing;
insert into content_items(id,course_id,cefr_level,skill,type,prompt,payload,correct_answer,difficulty,tags) values ('0f2b53f8-2a4e-5026-b1e8-20dc96401fe6', '20000000-0000-0000-0000-000000000001', 'A2', 'writing', 'cloze', 'Completa la frase con la palabra que falta.', '{"text": "Move into the left lane to turn.", "audio_url": "https://wiauinufpbkmjlbqlkxo.supabase.co/storage/v1/object/public/audio/items/0f2b53f8-2a4e-5026-b1e8-20dc96401fe6.mp3"}'::jsonb, '{"value": "lane", "accepted": ["lane"]}'::jsonb, 0.35, array['vocab_f1','writing']) on conflict (id) do nothing;
insert into content_items(id,course_id,cefr_level,skill,type,prompt,payload,correct_answer,difficulty,tags) values ('fe8c77f0-06bf-5c63-836b-67aef238a39a', '20000000-0000-0000-0000-000000000001', 'A2', 'reading', 'match', 'Empareja cada palabra con su traducción.', '{"pairs": [{"en": "tourist", "es": "turista"}, {"en": "customs", "es": "aduana"}, {"en": "cabin", "es": "cabina"}, {"en": "runway", "es": "pista"}, {"en": "layover", "es": "escala"}]}'::jsonb, '{"pairs": [["tourist", "turista"], ["customs", "aduana"], ["cabin", "cabina"], ["runway", "pista"], ["layover", "escala"]]}'::jsonb, 0.15, array['vocab_f1','reading']) on conflict (id) do nothing;
insert into content_items(id,course_id,cefr_level,skill,type,prompt,payload,correct_answer,difficulty,tags) values ('63206f04-cdf4-587a-8fab-f6fee6f8f711', '20000000-0000-0000-0000-000000000001', 'A2', 'reading', 'match', 'Empareja cada palabra con su traducción.', '{"pairs": [{"en": "ferry", "es": "transbordador"}, {"en": "highway", "es": "autopista"}, {"en": "fare", "es": "tarifa"}, {"en": "land", "es": "aterrizar"}, {"en": "lane", "es": "carril"}]}'::jsonb, '{"pairs": [["ferry", "transbordador"], ["highway", "autopista"], ["fare", "tarifa"], ["land", "aterrizar"], ["lane", "carril"]]}'::jsonb, 0.15, array['vocab_f1','reading']) on conflict (id) do nothing;
insert into content_items(id,course_id,cefr_level,skill,type,prompt,payload,correct_answer,difficulty,tags) values ('6309b6da-b955-57a9-a11e-e45f2b7ca3f9', '20000000-0000-0000-0000-000000000001', 'A2', 'writing', 'cloze', 'Completa la frase con la palabra que falta.', '{"text": "Keep the receipt in case you return it.", "audio_url": "https://wiauinufpbkmjlbqlkxo.supabase.co/storage/v1/object/public/audio/items/6309b6da-b955-57a9-a11e-e45f2b7ca3f9.mp3"}'::jsonb, '{"value": "receipt", "accepted": ["receipt"]}'::jsonb, 0.35, array['vocab_f1','writing']) on conflict (id) do nothing;
insert into content_items(id,course_id,cefr_level,skill,type,prompt,payload,correct_answer,difficulty,tags) values ('60154620-7649-590c-936b-38891d94bdeb', '20000000-0000-0000-0000-000000000001', 'A2', 'writing', 'cloze', 'Completa la frase con la palabra que falta.', '{"text": "Students get a discount on all the books.", "audio_url": "https://wiauinufpbkmjlbqlkxo.supabase.co/storage/v1/object/public/audio/items/60154620-7649-590c-936b-38891d94bdeb.mp3"}'::jsonb, '{"value": "discount", "accepted": ["discount"]}'::jsonb, 0.35, array['vocab_f1','writing']) on conflict (id) do nothing;
insert into content_items(id,course_id,cefr_level,skill,type,prompt,payload,correct_answer,difficulty,tags) values ('bf4ffeba-cacb-5376-9062-e79664c6e7ed', '20000000-0000-0000-0000-000000000001', 'A2', 'writing', 'cloze', 'Completa la frase con la palabra que falta.', '{"text": "I paid in cash because I forgot my card.", "audio_url": "https://wiauinufpbkmjlbqlkxo.supabase.co/storage/v1/object/public/audio/items/bf4ffeba-cacb-5376-9062-e79664c6e7ed.mp3"}'::jsonb, '{"value": "cash", "accepted": ["cash"]}'::jsonb, 0.35, array['vocab_f1','writing']) on conflict (id) do nothing;
insert into content_items(id,course_id,cefr_level,skill,type,prompt,payload,correct_answer,difficulty,tags) values ('169b86f8-5e37-529a-a0cc-9ef81c43ac9f', '20000000-0000-0000-0000-000000000001', 'A2', 'writing', 'cloze', 'Completa la frase con la palabra que falta.', '{"text": "Try not to spend too much money today.", "audio_url": "https://wiauinufpbkmjlbqlkxo.supabase.co/storage/v1/object/public/audio/items/169b86f8-5e37-529a-a0cc-9ef81c43ac9f.mp3"}'::jsonb, '{"value": "to spend", "accepted": ["to spend"]}'::jsonb, 0.35, array['vocab_f1','writing']) on conflict (id) do nothing;
insert into content_items(id,course_id,cefr_level,skill,type,prompt,payload,correct_answer,difficulty,tags) values ('aa155c82-9b3f-5b5f-bdba-7a63582312e8', '20000000-0000-0000-0000-000000000001', 'A2', 'writing', 'cloze', 'Completa la frase con la palabra que falta.', '{"text": "This brand of coffee is my favourite one.", "audio_url": "https://wiauinufpbkmjlbqlkxo.supabase.co/storage/v1/object/public/audio/items/aa155c82-9b3f-5b5f-bdba-7a63582312e8.mp3"}'::jsonb, '{"value": "brand", "accepted": ["brand"]}'::jsonb, 0.35, array['vocab_f1','writing']) on conflict (id) do nothing;
insert into content_items(id,course_id,cefr_level,skill,type,prompt,payload,correct_answer,difficulty,tags) values ('099df348-7ded-5e99-9aa3-933304dfb0d1', '20000000-0000-0000-0000-000000000001', 'A2', 'writing', 'cloze', 'Completa la frase con la palabra que falta.', '{"text": "The milk is in the last aisle on the left.", "audio_url": "https://wiauinufpbkmjlbqlkxo.supabase.co/storage/v1/object/public/audio/items/099df348-7ded-5e99-9aa3-933304dfb0d1.mp3"}'::jsonb, '{"value": "aisle", "accepted": ["aisle"]}'::jsonb, 0.35, array['vocab_f1','writing']) on conflict (id) do nothing;
insert into content_items(id,course_id,cefr_level,skill,type,prompt,payload,correct_answer,difficulty,tags) values ('bb9198c7-0baa-50d9-8861-1f74578b92ca', '20000000-0000-0000-0000-000000000001', 'A2', 'writing', 'cloze', 'Completa la frase con la palabra que falta.', '{"text": "There was a long line at the checkout today.", "audio_url": "https://wiauinufpbkmjlbqlkxo.supabase.co/storage/v1/object/public/audio/items/bb9198c7-0baa-50d9-8861-1f74578b92ca.mp3"}'::jsonb, '{"value": "checkout", "accepted": ["checkout"]}'::jsonb, 0.35, array['vocab_f1','writing']) on conflict (id) do nothing;
insert into content_items(id,course_id,cefr_level,skill,type,prompt,payload,correct_answer,difficulty,tags) values ('c281749c-e195-5777-b37f-31d58a95c60e', '20000000-0000-0000-0000-000000000001', 'A2', 'writing', 'cloze', 'Completa la frase con la palabra que falta.', '{"text": "These jeans are on sale until Sunday.", "audio_url": "https://wiauinufpbkmjlbqlkxo.supabase.co/storage/v1/object/public/audio/items/c281749c-e195-5777-b37f-31d58a95c60e.mp3"}'::jsonb, '{"value": "sale", "accepted": ["sale"]}'::jsonb, 0.35, array['vocab_f1','writing']) on conflict (id) do nothing;
insert into content_items(id,course_id,cefr_level,skill,type,prompt,payload,correct_answer,difficulty,tags) values ('6a4d96c7-1deb-5725-a681-d42e1992f62d', '20000000-0000-0000-0000-000000000001', 'A2', 'writing', 'cloze', 'Completa la frase con la palabra que falta.', '{"text": "The customer asked for a smaller size.", "audio_url": "https://wiauinufpbkmjlbqlkxo.supabase.co/storage/v1/object/public/audio/items/6a4d96c7-1deb-5725-a681-d42e1992f62d.mp3"}'::jsonb, '{"value": "customer", "accepted": ["customer"]}'::jsonb, 0.35, array['vocab_f1','writing']) on conflict (id) do nothing;
insert into content_items(id,course_id,cefr_level,skill,type,prompt,payload,correct_answer,difficulty,tags) values ('941e9c23-3150-55d2-b717-dc25f00f966d', '20000000-0000-0000-0000-000000000001', 'A2', 'writing', 'cloze', 'Completa la frase con la palabra que falta.', '{"text": "The price of bread has gone up again.", "audio_url": "https://wiauinufpbkmjlbqlkxo.supabase.co/storage/v1/object/public/audio/items/941e9c23-3150-55d2-b717-dc25f00f966d.mp3"}'::jsonb, '{"value": "price", "accepted": ["price"]}'::jsonb, 0.35, array['vocab_f1','writing']) on conflict (id) do nothing;
insert into content_items(id,course_id,cefr_level,skill,type,prompt,payload,correct_answer,difficulty,tags) values ('33adbe3f-18f2-5dac-a8a4-e0d9836f5265', '20000000-0000-0000-0000-000000000001', 'A2', 'writing', 'cloze', 'Completa la frase con la palabra que falta.', '{"text": "You can pay with your card at the counter.", "audio_url": "https://wiauinufpbkmjlbqlkxo.supabase.co/storage/v1/object/public/audio/items/33adbe3f-18f2-5dac-a8a4-e0d9836f5265.mp3"}'::jsonb, '{"value": "pay", "accepted": ["pay"]}'::jsonb, 0.35, array['vocab_f1','writing']) on conflict (id) do nothing;
insert into content_items(id,course_id,cefr_level,skill,type,prompt,payload,correct_answer,difficulty,tags) values ('0eecf4c5-5f3b-5931-8bd3-e732c0dece95', '20000000-0000-0000-0000-000000000001', 'A2', 'writing', 'cloze', 'Completa la frase con la palabra que falta.', '{"text": "She dropped a coin under the table.", "audio_url": "https://wiauinufpbkmjlbqlkxo.supabase.co/storage/v1/object/public/audio/items/0eecf4c5-5f3b-5931-8bd3-e732c0dece95.mp3"}'::jsonb, '{"value": "coin", "accepted": ["coin"]}'::jsonb, 0.35, array['vocab_f1','writing']) on conflict (id) do nothing;
insert into content_items(id,course_id,cefr_level,skill,type,prompt,payload,correct_answer,difficulty,tags) values ('006a27c0-4ee5-5d76-9544-b4476d66b07f', '20000000-0000-0000-0000-000000000001', 'A2', 'reading', 'match', 'Empareja cada palabra con su traducción.', '{"pairs": [{"en": "receipt", "es": "recibo"}, {"en": "discount", "es": "descuento"}, {"en": "cash", "es": "efectivo"}, {"en": "to spend", "es": "gastar"}, {"en": "brand", "es": "marca"}]}'::jsonb, '{"pairs": [["receipt", "recibo"], ["discount", "descuento"], ["cash", "efectivo"], ["to spend", "gastar"], ["brand", "marca"]]}'::jsonb, 0.15, array['vocab_f1','reading']) on conflict (id) do nothing;
insert into content_items(id,course_id,cefr_level,skill,type,prompt,payload,correct_answer,difficulty,tags) values ('946bcf4c-8d2e-579a-88d6-b7f3d07fa3c1', '20000000-0000-0000-0000-000000000001', 'A2', 'reading', 'match', 'Empareja cada palabra con su traducción.', '{"pairs": [{"en": "aisle", "es": "pasillo"}, {"en": "checkout", "es": "caja"}, {"en": "sale", "es": "rebaja"}, {"en": "customer", "es": "cliente"}, {"en": "price", "es": "precio"}]}'::jsonb, '{"pairs": [["aisle", "pasillo"], ["checkout", "caja"], ["sale", "rebaja"], ["customer", "cliente"], ["price", "precio"]]}'::jsonb, 0.15, array['vocab_f1','reading']) on conflict (id) do nothing;
insert into content_items(id,course_id,cefr_level,skill,type,prompt,payload,correct_answer,difficulty,tags) values ('8cdcd63e-6014-5403-be44-f6e1a9271ffa', '20000000-0000-0000-0000-000000000001', 'A2', 'reading', 'match', 'Empareja cada palabra con su traducción.', '{"pairs": [{"en": "pay", "es": "pagar"}, {"en": "coin", "es": "moneda"}]}'::jsonb, '{"pairs": [["pay", "pagar"], ["coin", "moneda"]]}'::jsonb, 0.15, array['vocab_f1','reading']) on conflict (id) do nothing;
insert into content_items(id,course_id,cefr_level,skill,type,prompt,payload,correct_answer,difficulty,tags) values ('86853c10-7353-5c02-9398-38cc2170ce97', '20000000-0000-0000-0000-000000000001', 'A2', 'writing', 'cloze', 'Completa la frase con la palabra que falta.', '{"text": "He kept his cards inside a brown wallet.", "audio_url": "https://wiauinufpbkmjlbqlkxo.supabase.co/storage/v1/object/public/audio/items/86853c10-7353-5c02-9398-38cc2170ce97.mp3"}'::jsonb, '{"value": "wallet", "accepted": ["wallet"]}'::jsonb, 0.35, array['vocab_f1','writing']) on conflict (id) do nothing;
insert into content_items(id,course_id,cefr_level,skill,type,prompt,payload,correct_answer,difficulty,tags) values ('345d9016-096a-5754-9c21-85ad0e5e7261', '20000000-0000-0000-0000-000000000001', 'A2', 'writing', 'cloze', 'Completa la frase con la palabra que falta.', '{"text": "Put the vegetables in the cart, please.", "audio_url": "https://wiauinufpbkmjlbqlkxo.supabase.co/storage/v1/object/public/audio/items/345d9016-096a-5754-9c21-85ad0e5e7261.mp3"}'::jsonb, '{"value": "cart", "accepted": ["cart"]}'::jsonb, 0.35, array['vocab_f1','writing']) on conflict (id) do nothing;
insert into content_items(id,course_id,cefr_level,skill,type,prompt,payload,correct_answer,difficulty,tags) values ('82631b57-bbff-5980-bc9b-faeab22413d5', '20000000-0000-0000-0000-000000000001', 'A2', 'writing', 'cloze', 'Completa la frase con la palabra que falta.', '{"text": "We spent the whole afternoon at the mall.", "audio_url": "https://wiauinufpbkmjlbqlkxo.supabase.co/storage/v1/object/public/audio/items/82631b57-bbff-5980-bc9b-faeab22413d5.mp3"}'::jsonb, '{"value": "mall", "accepted": ["mall"]}'::jsonb, 0.35, array['vocab_f1','writing']) on conflict (id) do nothing;
insert into content_items(id,course_id,cefr_level,skill,type,prompt,payload,correct_answer,difficulty,tags) values ('cd8884d8-24aa-5eb3-9a06-a817c9bb7a12', '20000000-0000-0000-0000-000000000001', 'A2', 'writing', 'cloze', 'Completa la frase con la palabra que falta.', '{"text": "I need to buy a gift for my sister.", "audio_url": "https://wiauinufpbkmjlbqlkxo.supabase.co/storage/v1/object/public/audio/items/cd8884d8-24aa-5eb3-9a06-a817c9bb7a12.mp3"}'::jsonb, '{"value": "to buy", "accepted": ["to buy"]}'::jsonb, 0.35, array['vocab_f1','writing']) on conflict (id) do nothing;
insert into content_items(id,course_id,cefr_level,skill,type,prompt,payload,correct_answer,difficulty,tags) values ('d778ea38-f580-539a-b1dc-109cfd3652ad', '20000000-0000-0000-0000-000000000001', 'A2', 'writing', 'cloze', 'Completa la frase con la palabra que falta.', '{"text": "That store doesn''t sell shoes anymore.", "audio_url": "https://wiauinufpbkmjlbqlkxo.supabase.co/storage/v1/object/public/audio/items/d778ea38-f580-539a-b1dc-109cfd3652ad.mp3"}'::jsonb, '{"value": "sell", "accepted": ["sell"]}'::jsonb, 0.35, array['vocab_f1','writing']) on conflict (id) do nothing;
insert into content_items(id,course_id,cefr_level,skill,type,prompt,payload,correct_answer,difficulty,tags) values ('043cd483-c9ab-5428-abda-cf6677ad50f2', '20000000-0000-0000-0000-000000000001', 'A2', 'writing', 'cloze', 'Completa la frase con la palabra que falta.', '{"text": "How much does this jacket cost?", "audio_url": "https://wiauinufpbkmjlbqlkxo.supabase.co/storage/v1/object/public/audio/items/043cd483-c9ab-5428-abda-cf6677ad50f2.mp3"}'::jsonb, '{"value": "cost", "accepted": ["cost"]}'::jsonb, 0.35, array['vocab_f1','writing']) on conflict (id) do nothing;
insert into content_items(id,course_id,cefr_level,skill,type,prompt,payload,correct_answer,difficulty,tags) values ('6d830c23-de43-5457-8abe-dcf67b67b1a2', '20000000-0000-0000-0000-000000000001', 'A2', 'writing', 'cloze', 'Completa la frase con la palabra que falta.', '{"text": "The old lamp was a real bargain.", "audio_url": "https://wiauinufpbkmjlbqlkxo.supabase.co/storage/v1/object/public/audio/items/6d830c23-de43-5457-8abe-dcf67b67b1a2.mp3"}'::jsonb, '{"value": "bargain", "accepted": ["bargain"]}'::jsonb, 0.35, array['vocab_f1','writing']) on conflict (id) do nothing;
insert into content_items(id,course_id,cefr_level,skill,type,prompt,payload,correct_answer,difficulty,tags) values ('9cb9b7f8-b492-54b9-80b9-9870869f7dcc', '20000000-0000-0000-0000-000000000001', 'A2', 'writing', 'cloze', 'Completa la frase con la palabra que falta.', '{"text": "The final price already includes the tax.", "audio_url": "https://wiauinufpbkmjlbqlkxo.supabase.co/storage/v1/object/public/audio/items/9cb9b7f8-b492-54b9-80b9-9870869f7dcc.mp3"}'::jsonb, '{"value": "tax", "accepted": ["tax"]}'::jsonb, 0.35, array['vocab_f1','writing']) on conflict (id) do nothing;
insert into content_items(id,course_id,cefr_level,skill,type,prompt,payload,correct_answer,difficulty,tags) values ('d524f289-a6d5-58f3-b1e6-9b3cb9127d65', '20000000-0000-0000-0000-000000000001', 'A2', 'writing', 'cloze', 'Completa la frase con la palabra que falta.', '{"text": "We save money by shopping during the sales.", "audio_url": "https://wiauinufpbkmjlbqlkxo.supabase.co/storage/v1/object/public/audio/items/d524f289-a6d5-58f3-b1e6-9b3cb9127d65.mp3"}'::jsonb, '{"value": "save", "accepted": ["save"]}'::jsonb, 0.35, array['vocab_f1','writing']) on conflict (id) do nothing;
insert into content_items(id,course_id,cefr_level,skill,type,prompt,payload,correct_answer,difficulty,tags) values ('66596859-e36f-5efd-9cc4-7e58e477d20e', '20000000-0000-0000-0000-000000000001', 'A2', 'writing', 'cloze', 'Completa la frase con la palabra que falta.', '{"text": "This product is cheaper in the other store.", "audio_url": "https://wiauinufpbkmjlbqlkxo.supabase.co/storage/v1/object/public/audio/items/66596859-e36f-5efd-9cc4-7e58e477d20e.mp3"}'::jsonb, '{"value": "product", "accepted": ["product"]}'::jsonb, 0.35, array['vocab_f1','writing']) on conflict (id) do nothing;
insert into content_items(id,course_id,cefr_level,skill,type,prompt,payload,correct_answer,difficulty,tags) values ('7eaf851c-2b79-542c-9240-ad73d72c5b56', '20000000-0000-0000-0000-000000000001', 'A2', 'writing', 'cloze', 'Completa la frase con la palabra que falta.', '{"text": "The cashier gave me the wrong change.", "audio_url": "https://wiauinufpbkmjlbqlkxo.supabase.co/storage/v1/object/public/audio/items/7eaf851c-2b79-542c-9240-ad73d72c5b56.mp3"}'::jsonb, '{"value": "cashier", "accepted": ["cashier"]}'::jsonb, 0.35, array['vocab_f1','writing']) on conflict (id) do nothing;
insert into content_items(id,course_id,cefr_level,skill,type,prompt,payload,correct_answer,difficulty,tags) values ('66a9677c-7ae7-5846-8765-0ef30f544a86', '20000000-0000-0000-0000-000000000001', 'A2', 'reading', 'match', 'Empareja cada palabra con su traducción.', '{"pairs": [{"en": "wallet", "es": "billetera"}, {"en": "cart", "es": "carrito"}, {"en": "mall", "es": "centro comercial"}, {"en": "to buy", "es": "comprar"}, {"en": "sell", "es": "vender"}]}'::jsonb, '{"pairs": [["wallet", "billetera"], ["cart", "carrito"], ["mall", "centro comercial"], ["to buy", "comprar"], ["sell", "vender"]]}'::jsonb, 0.15, array['vocab_f1','reading']) on conflict (id) do nothing;
insert into content_items(id,course_id,cefr_level,skill,type,prompt,payload,correct_answer,difficulty,tags) values ('e2ff522f-08b3-5c40-8250-c5a6db1dd451', '20000000-0000-0000-0000-000000000001', 'A2', 'reading', 'match', 'Empareja cada palabra con su traducción.', '{"pairs": [{"en": "cost", "es": "costar"}, {"en": "bargain", "es": "ganga"}, {"en": "tax", "es": "impuesto"}, {"en": "save", "es": "ahorrar"}, {"en": "product", "es": "producto"}]}'::jsonb, '{"pairs": [["cost", "costar"], ["bargain", "ganga"], ["tax", "impuesto"], ["save", "ahorrar"], ["product", "producto"]]}'::jsonb, 0.15, array['vocab_f1','reading']) on conflict (id) do nothing;
insert into content_items(id,course_id,cefr_level,skill,type,prompt,payload,correct_answer,difficulty,tags) values ('e10c23f7-6130-58ae-9d8a-a2cb28f77d8c', '20000000-0000-0000-0000-000000000001', 'A2', 'writing', 'cloze', 'Completa la frase con la palabra que falta.', '{"text": "I checked my schedule before planning the trip.", "audio_url": "https://wiauinufpbkmjlbqlkxo.supabase.co/storage/v1/object/public/audio/items/e10c23f7-6130-58ae-9d8a-a2cb28f77d8c.mp3"}'::jsonb, '{"value": "schedule", "accepted": ["schedule"]}'::jsonb, 0.35, array['vocab_f1','writing']) on conflict (id) do nothing;
insert into content_items(id,course_id,cefr_level,skill,type,prompt,payload,correct_answer,difficulty,tags) values ('d4683713-f67d-5166-a0cc-e1586f54e811', '20000000-0000-0000-0000-000000000001', 'A2', 'writing', 'cloze', 'Completa la frase con la palabra que falta.', '{"text": "I wake up early on every weekday.", "audio_url": "https://wiauinufpbkmjlbqlkxo.supabase.co/storage/v1/object/public/audio/items/d4683713-f67d-5166-a0cc-e1586f54e811.mp3"}'::jsonb, '{"value": "weekday", "accepted": ["weekday"]}'::jsonb, 0.35, array['vocab_f1','writing']) on conflict (id) do nothing;
insert into content_items(id,course_id,cefr_level,skill,type,prompt,payload,correct_answer,difficulty,tags) values ('a3b74bc2-543a-5fca-a1d4-147fa191440a', '20000000-0000-0000-0000-000000000001', 'A2', 'writing', 'cloze', 'Completa la frase con la palabra que falta.', '{"text": "I usually wake up before the alarm rings.", "audio_url": "https://wiauinufpbkmjlbqlkxo.supabase.co/storage/v1/object/public/audio/items/a3b74bc2-543a-5fca-a1d4-147fa191440a.mp3"}'::jsonb, '{"value": "wake up", "accepted": ["wake up"]}'::jsonb, 0.35, array['vocab_f1','writing']) on conflict (id) do nothing;
insert into content_items(id,course_id,cefr_level,skill,type,prompt,payload,correct_answer,difficulty,tags) values ('c35fd569-ea70-554e-80a1-fb58c277b187', '20000000-0000-0000-0000-000000000001', 'A2', 'writing', 'cloze', 'Completa la frase con la palabra que falta.', '{"text": "She rarely eats breakfast before leaving for work.", "audio_url": "https://wiauinufpbkmjlbqlkxo.supabase.co/storage/v1/object/public/audio/items/c35fd569-ea70-554e-80a1-fb58c277b187.mp3"}'::jsonb, '{"value": "rarely", "accepted": ["rarely"]}'::jsonb, 0.35, array['vocab_f1','writing']) on conflict (id) do nothing;
insert into content_items(id,course_id,cefr_level,skill,type,prompt,payload,correct_answer,difficulty,tags) values ('58eeafd7-a4e7-55f0-a911-cfea896c75c9', '20000000-0000-0000-0000-000000000001', 'A2', 'writing', 'cloze', 'Completa la frase con la palabra que falta.', '{"text": "He cooked dinner; meanwhile, I set the table.", "audio_url": "https://wiauinufpbkmjlbqlkxo.supabase.co/storage/v1/object/public/audio/items/58eeafd7-a4e7-55f0-a911-cfea896c75c9.mp3"}'::jsonb, '{"value": "meanwhile", "accepted": ["meanwhile"]}'::jsonb, 0.35, array['vocab_f1','writing']) on conflict (id) do nothing;
insert into content_items(id,course_id,cefr_level,skill,type,prompt,payload,correct_answer,difficulty,tags) values ('8da532e9-e6c0-5192-881c-fa79b6e31a50', '20000000-0000-0000-0000-000000000001', 'A2', 'writing', 'cloze', 'Completa la frase con la palabra que falta.', '{"text": "Nowadays, most people check their phones every morning.", "audio_url": "https://wiauinufpbkmjlbqlkxo.supabase.co/storage/v1/object/public/audio/items/8da532e9-e6c0-5192-881c-fa79b6e31a50.mp3"}'::jsonb, '{"value": "nowadays", "accepted": ["nowadays"]}'::jsonb, 0.35, array['vocab_f1','writing']) on conflict (id) do nothing;
insert into content_items(id,course_id,cefr_level,skill,type,prompt,payload,correct_answer,difficulty,tags) values ('83f4d716-59e5-52b4-ac80-0a777f41b1c4', '20000000-0000-0000-0000-000000000001', 'A2', 'writing', 'cloze', 'Completa la frase con la palabra que falta.', '{"text": "I don''t want to be late for class.", "audio_url": "https://wiauinufpbkmjlbqlkxo.supabase.co/storage/v1/object/public/audio/items/83f4d716-59e5-52b4-ac80-0a777f41b1c4.mp3"}'::jsonb, '{"value": "to be late", "accepted": ["to be late"]}'::jsonb, 0.35, array['vocab_f1','writing']) on conflict (id) do nothing;
insert into content_items(id,course_id,cefr_level,skill,type,prompt,payload,correct_answer,difficulty,tags) values ('0deb04ac-e391-5b3e-b3ba-6d7b1760cb63', '20000000-0000-0000-0000-000000000001', 'A2', 'writing', 'cloze', 'Completa la frase con la palabra que falta.', '{"text": "We often go for a walk after lunch.", "audio_url": "https://wiauinufpbkmjlbqlkxo.supabase.co/storage/v1/object/public/audio/items/0deb04ac-e391-5b3e-b3ba-6d7b1760cb63.mp3"}'::jsonb, '{"value": "often", "accepted": ["often"]}'::jsonb, 0.35, array['vocab_f1','writing']) on conflict (id) do nothing;
insert into content_items(id,course_id,cefr_level,skill,type,prompt,payload,correct_answer,difficulty,tags) values ('292e86ce-62be-5bd5-8024-f1ff97858947', '20000000-0000-0000-0000-000000000001', 'A2', 'writing', 'cloze', 'Completa la frase con la palabra que falta.', '{"text": "She always arrives ten minutes before the meeting.", "audio_url": "https://wiauinufpbkmjlbqlkxo.supabase.co/storage/v1/object/public/audio/items/292e86ce-62be-5bd5-8024-f1ff97858947.mp3"}'::jsonb, '{"value": "always", "accepted": ["always"]}'::jsonb, 0.35, array['vocab_f1','writing']) on conflict (id) do nothing;
insert into content_items(id,course_id,cefr_level,skill,type,prompt,payload,correct_answer,difficulty,tags) values ('39fd84c7-e424-532b-9e5a-58371f266dd1', '20000000-0000-0000-0000-000000000001', 'A2', 'writing', 'cloze', 'Completa la frase con la palabra que falta.', '{"text": "I usually have coffee at eight o''clock.", "audio_url": "https://wiauinufpbkmjlbqlkxo.supabase.co/storage/v1/object/public/audio/items/39fd84c7-e424-532b-9e5a-58371f266dd1.mp3"}'::jsonb, '{"value": "usually", "accepted": ["usually"]}'::jsonb, 0.35, array['vocab_f1','writing']) on conflict (id) do nothing;
insert into content_items(id,course_id,cefr_level,skill,type,prompt,payload,correct_answer,difficulty,tags) values ('30a65c0a-0dc6-5ffb-b407-9c94140928be', '20000000-0000-0000-0000-000000000001', 'A2', 'writing', 'cloze', 'Completa la frase con la palabra que falta.', '{"text": "Sometimes I work late into the evening.", "audio_url": "https://wiauinufpbkmjlbqlkxo.supabase.co/storage/v1/object/public/audio/items/30a65c0a-0dc6-5ffb-b407-9c94140928be.mp3"}'::jsonb, '{"value": "sometimes", "accepted": ["sometimes"]}'::jsonb, 0.35, array['vocab_f1','writing']) on conflict (id) do nothing;
insert into content_items(id,course_id,cefr_level,skill,type,prompt,payload,correct_answer,difficulty,tags) values ('651ad26c-377c-5442-8da5-f77891873e38', '20000000-0000-0000-0000-000000000001', 'A2', 'writing', 'cloze', 'Completa la frase con la palabra que falta.', '{"text": "The party lasted until well past midnight.", "audio_url": "https://wiauinufpbkmjlbqlkxo.supabase.co/storage/v1/object/public/audio/items/651ad26c-377c-5442-8da5-f77891873e38.mp3"}'::jsonb, '{"value": "midnight", "accepted": ["midnight"]}'::jsonb, 0.35, array['vocab_f1','writing']) on conflict (id) do nothing;
insert into content_items(id,course_id,cefr_level,skill,type,prompt,payload,correct_answer,difficulty,tags) values ('5143bae0-602e-5dcb-8eb4-9af8de291f55', '20000000-0000-0000-0000-000000000001', 'A2', 'reading', 'match', 'Empareja cada palabra con su traducción.', '{"pairs": [{"en": "schedule", "es": "horario"}, {"en": "weekday", "es": "día laborable"}, {"en": "wake up", "es": "despertarse"}, {"en": "rarely", "es": "rara vez"}, {"en": "meanwhile", "es": "mientras tanto"}]}'::jsonb, '{"pairs": [["schedule", "horario"], ["weekday", "día laborable"], ["wake up", "despertarse"], ["rarely", "rara vez"], ["meanwhile", "mientras tanto"]]}'::jsonb, 0.15, array['vocab_f1','reading']) on conflict (id) do nothing;
insert into content_items(id,course_id,cefr_level,skill,type,prompt,payload,correct_answer,difficulty,tags) values ('d8c8659c-1e38-53fc-ad0e-f8e614f5aa38', '20000000-0000-0000-0000-000000000001', 'A2', 'reading', 'match', 'Empareja cada palabra con su traducción.', '{"pairs": [{"en": "nowadays", "es": "hoy en día"}, {"en": "to be late", "es": "llegar tarde"}, {"en": "often", "es": "a menudo"}, {"en": "always", "es": "siempre"}, {"en": "usually", "es": "normalmente"}]}'::jsonb, '{"pairs": [["nowadays", "hoy en día"], ["to be late", "llegar tarde"], ["often", "a menudo"], ["always", "siempre"], ["usually", "normalmente"]]}'::jsonb, 0.15, array['vocab_f1','reading']) on conflict (id) do nothing;
insert into content_items(id,course_id,cefr_level,skill,type,prompt,payload,correct_answer,difficulty,tags) values ('18d09126-82a7-5f06-9c17-9ff35b057c63', '20000000-0000-0000-0000-000000000001', 'A2', 'reading', 'match', 'Empareja cada palabra con su traducción.', '{"pairs": [{"en": "sometimes", "es": "a veces"}, {"en": "midnight", "es": "medianoche"}]}'::jsonb, '{"pairs": [["sometimes", "a veces"], ["midnight", "medianoche"]]}'::jsonb, 0.15, array['vocab_f1','reading']) on conflict (id) do nothing;
insert into content_items(id,course_id,cefr_level,skill,type,prompt,payload,correct_answer,difficulty,tags) values ('bd6ff26e-f6a8-5a51-91b2-f42f81f09a71', '20000000-0000-0000-0000-000000000001', 'A2', 'writing', 'cloze', 'Completa la frase con la palabra que falta.', '{"text": "We usually eat lunch around noon.", "audio_url": "https://wiauinufpbkmjlbqlkxo.supabase.co/storage/v1/object/public/audio/items/bd6ff26e-f6a8-5a51-91b2-f42f81f09a71.mp3"}'::jsonb, '{"value": "noon", "accepted": ["noon"]}'::jsonb, 0.35, array['vocab_f1','writing']) on conflict (id) do nothing;
insert into content_items(id,course_id,cefr_level,skill,type,prompt,payload,correct_answer,difficulty,tags) values ('e7b22a19-1f19-5dee-980c-1b7b09deb4bc', '20000000-0000-0000-0000-000000000001', 'A2', 'writing', 'cloze', 'Completa la frase con la palabra que falta.', '{"text": "Exercise is now part of my daily routine.", "audio_url": "https://wiauinufpbkmjlbqlkxo.supabase.co/storage/v1/object/public/audio/items/e7b22a19-1f19-5dee-980c-1b7b09deb4bc.mp3"}'::jsonb, '{"value": "daily", "accepted": ["daily"]}'::jsonb, 0.35, array['vocab_f1','writing']) on conflict (id) do nothing;
insert into content_items(id,course_id,cefr_level,skill,type,prompt,payload,correct_answer,difficulty,tags) values ('b92af321-a4af-5f37-9523-529427835164', '20000000-0000-0000-0000-000000000001', 'A2', 'writing', 'cloze', 'Completa la frase con la palabra que falta.', '{"text": "We have a weekly meeting every Monday morning.", "audio_url": "https://wiauinufpbkmjlbqlkxo.supabase.co/storage/v1/object/public/audio/items/b92af321-a4af-5f37-9523-529427835164.mp3"}'::jsonb, '{"value": "weekly", "accepted": ["weekly"]}'::jsonb, 0.35, array['vocab_f1','writing']) on conflict (id) do nothing;
insert into content_items(id,course_id,cefr_level,skill,type,prompt,payload,correct_answer,difficulty,tags) values ('ac1eb09c-53d7-5004-aaee-3267090f42e4', '20000000-0000-0000-0000-000000000001', 'A2', 'writing', 'cloze', 'Completa la frase con la palabra que falta.', '{"text": "She pays her rent on a monthly basis.", "audio_url": "https://wiauinufpbkmjlbqlkxo.supabase.co/storage/v1/object/public/audio/items/ac1eb09c-53d7-5004-aaee-3267090f42e4.mp3"}'::jsonb, '{"value": "monthly", "accepted": ["monthly"]}'::jsonb, 0.35, array['vocab_f1','writing']) on conflict (id) do nothing;
insert into content_items(id,course_id,cefr_level,skill,type,prompt,payload,correct_answer,difficulty,tags) values ('9c159231-f766-591c-a9d9-cf9126ced318', '20000000-0000-0000-0000-000000000001', 'A2', 'writing', 'cloze', 'Completa la frase con la palabra que falta.', '{"text": "They decided to postpone the meeting until Friday.", "audio_url": "https://wiauinufpbkmjlbqlkxo.supabase.co/storage/v1/object/public/audio/items/9c159231-f766-591c-a9d9-cf9126ced318.mp3"}'::jsonb, '{"value": "to postpone", "accepted": ["to postpone"]}'::jsonb, 0.35, array['vocab_f1','writing']) on conflict (id) do nothing;
insert into content_items(id,course_id,cefr_level,skill,type,prompt,payload,correct_answer,difficulty,tags) values ('fa1f3916-c065-5132-a51f-c348275fe98a', '20000000-0000-0000-0000-000000000001', 'A2', 'writing', 'cloze', 'Completa la frase con la palabra que falta.', '{"text": "We need to hurry or we''ll miss the bus.", "audio_url": "https://wiauinufpbkmjlbqlkxo.supabase.co/storage/v1/object/public/audio/items/fa1f3916-c065-5132-a51f-c348275fe98a.mp3"}'::jsonb, '{"value": "to hurry", "accepted": ["to hurry"]}'::jsonb, 0.35, array['vocab_f1','writing']) on conflict (id) do nothing;
insert into content_items(id,course_id,cefr_level,skill,type,prompt,payload,correct_answer,difficulty,tags) values ('ae9826ad-d8ce-5a9f-bd3f-a6cb80a6c0cc', '20000000-0000-0000-0000-000000000001', 'A2', 'writing', 'cloze', 'Completa la frase con la palabra que falta.', '{"text": "He eventually finished all his homework at night.", "audio_url": "https://wiauinufpbkmjlbqlkxo.supabase.co/storage/v1/object/public/audio/items/ae9826ad-d8ce-5a9f-bd3f-a6cb80a6c0cc.mp3"}'::jsonb, '{"value": "eventually", "accepted": ["eventually"]}'::jsonb, 0.35, array['vocab_f1','writing']) on conflict (id) do nothing;
insert into content_items(id,course_id,cefr_level,skill,type,prompt,payload,correct_answer,difficulty,tags) values ('f80d10c7-7c49-5dda-ba8b-5390244517fb', '20000000-0000-0000-0000-000000000001', 'A2', 'writing', 'cloze', 'Completa la frase con la palabra que falta.', '{"text": "I am currently working on a new project.", "audio_url": "https://wiauinufpbkmjlbqlkxo.supabase.co/storage/v1/object/public/audio/items/f80d10c7-7c49-5dda-ba8b-5390244517fb.mp3"}'::jsonb, '{"value": "currently", "accepted": ["currently"]}'::jsonb, 0.35, array['vocab_f1','writing']) on conflict (id) do nothing;
insert into content_items(id,course_id,cefr_level,skill,type,prompt,payload,correct_answer,difficulty,tags) values ('71c2cda3-d333-5452-8b08-de0bf4b34e5d', '20000000-0000-0000-0000-000000000001', 'A2', 'writing', 'cloze', 'Completa la frase con la palabra que falta.', '{"text": "She works the night shift at the hospital.", "audio_url": "https://wiauinufpbkmjlbqlkxo.supabase.co/storage/v1/object/public/audio/items/71c2cda3-d333-5452-8b08-de0bf4b34e5d.mp3"}'::jsonb, '{"value": "shift", "accepted": ["shift"]}'::jsonb, 0.35, array['vocab_f1','writing']) on conflict (id) do nothing;
insert into content_items(id,course_id,cefr_level,skill,type,prompt,payload,correct_answer,difficulty,tags) values ('f92be7d2-2825-5ee4-8b35-d19180378451', '20000000-0000-0000-0000-000000000001', 'A2', 'writing', 'cloze', 'Completa la frase con la palabra que falta.', '{"text": "My alarm rings at six every morning.", "audio_url": "https://wiauinufpbkmjlbqlkxo.supabase.co/storage/v1/object/public/audio/items/f92be7d2-2825-5ee4-8b35-d19180378451.mp3"}'::jsonb, '{"value": "alarm", "accepted": ["alarm"]}'::jsonb, 0.35, array['vocab_f1','writing']) on conflict (id) do nothing;
insert into content_items(id,course_id,cefr_level,skill,type,prompt,payload,correct_answer,difficulty,tags) values ('f17fa0ae-4bdd-5299-8bed-f4bf988f411a', '20000000-0000-0000-0000-000000000001', 'A2', 'writing', 'cloze', 'Completa la frase con la palabra que falta.', '{"text": "The children read a book before bedtime.", "audio_url": "https://wiauinufpbkmjlbqlkxo.supabase.co/storage/v1/object/public/audio/items/f17fa0ae-4bdd-5299-8bed-f4bf988f411a.mp3"}'::jsonb, '{"value": "bedtime", "accepted": ["bedtime"]}'::jsonb, 0.35, array['vocab_f1','writing']) on conflict (id) do nothing;
insert into content_items(id,course_id,cefr_level,skill,type,prompt,payload,correct_answer,difficulty,tags) values ('26a2df91-66bb-5ad7-a2bf-91c617f85cf1', '20000000-0000-0000-0000-000000000001', 'A2', 'reading', 'match', 'Empareja cada palabra con su traducción.', '{"pairs": [{"en": "noon", "es": "mediodía"}, {"en": "daily", "es": "diario"}, {"en": "weekly", "es": "semanal"}, {"en": "monthly", "es": "mensual"}, {"en": "to postpone", "es": "posponer"}]}'::jsonb, '{"pairs": [["noon", "mediodía"], ["daily", "diario"], ["weekly", "semanal"], ["monthly", "mensual"], ["to postpone", "posponer"]]}'::jsonb, 0.15, array['vocab_f1','reading']) on conflict (id) do nothing;
insert into content_items(id,course_id,cefr_level,skill,type,prompt,payload,correct_answer,difficulty,tags) values ('24ff5859-4f51-5c15-8b8d-0524f0b8b23d', '20000000-0000-0000-0000-000000000001', 'A2', 'reading', 'match', 'Empareja cada palabra con su traducción.', '{"pairs": [{"en": "to hurry", "es": "apresurarse"}, {"en": "eventually", "es": "finalmente"}, {"en": "currently", "es": "actualmente"}, {"en": "shift", "es": "turno"}, {"en": "alarm", "es": "alarma"}]}'::jsonb, '{"pairs": [["to hurry", "apresurarse"], ["eventually", "finalmente"], ["currently", "actualmente"], ["shift", "turno"], ["alarm", "alarma"]]}'::jsonb, 0.15, array['vocab_f1','reading']) on conflict (id) do nothing;
insert into content_items(id,course_id,cefr_level,skill,type,prompt,payload,correct_answer,difficulty,tags) values ('9d633751-bc13-55ba-9852-895d91f816fb', '20000000-0000-0000-0000-000000000001', 'B1', 'writing', 'cloze', 'Completa la frase con la palabra que falta.', '{"text": "I have a bad cough and a sore throat.", "audio_url": "https://wiauinufpbkmjlbqlkxo.supabase.co/storage/v1/object/public/audio/items/9d633751-bc13-55ba-9852-895d91f816fb.mp3"}'::jsonb, '{"value": "cough", "accepted": ["cough"]}'::jsonb, 0.35, array['vocab_f1','writing']) on conflict (id) do nothing;
insert into content_items(id,course_id,cefr_level,skill,type,prompt,payload,correct_answer,difficulty,tags) values ('987010d7-c5c1-55f6-bbdf-ae7c0bceab7d', '20000000-0000-0000-0000-000000000001', 'B1', 'writing', 'cloze', 'Completa la frase con la palabra que falta.', '{"text": "The child has a high fever tonight.", "audio_url": "https://wiauinufpbkmjlbqlkxo.supabase.co/storage/v1/object/public/audio/items/987010d7-c5c1-55f6-bbdf-ae7c0bceab7d.mp3"}'::jsonb, '{"value": "fever", "accepted": ["fever"]}'::jsonb, 0.35, array['vocab_f1','writing']) on conflict (id) do nothing;
insert into content_items(id,course_id,cefr_level,skill,type,prompt,payload,correct_answer,difficulty,tags) values ('d6d02a2e-462e-52f0-8b7e-8ddd51388607', '20000000-0000-0000-0000-000000000001', 'B1', 'writing', 'cloze', 'Completa la frase con la palabra que falta.', '{"text": "Take one pill every morning after breakfast.", "audio_url": "https://wiauinufpbkmjlbqlkxo.supabase.co/storage/v1/object/public/audio/items/d6d02a2e-462e-52f0-8b7e-8ddd51388607.mp3"}'::jsonb, '{"value": "pill", "accepted": ["pill"]}'::jsonb, 0.35, array['vocab_f1','writing']) on conflict (id) do nothing;
insert into content_items(id,course_id,cefr_level,skill,type,prompt,payload,correct_answer,difficulty,tags) values ('a121904a-5828-5dde-a717-f51cbca076d6', '20000000-0000-0000-0000-000000000001', 'B1', 'writing', 'cloze', 'Completa la frase con la palabra que falta.', '{"text": "Dust makes me sneeze all the time.", "audio_url": "https://wiauinufpbkmjlbqlkxo.supabase.co/storage/v1/object/public/audio/items/a121904a-5828-5dde-a717-f51cbca076d6.mp3"}'::jsonb, '{"value": "sneeze", "accepted": ["sneeze"]}'::jsonb, 0.35, array['vocab_f1','writing']) on conflict (id) do nothing;
insert into content_items(id,course_id,cefr_level,skill,type,prompt,payload,correct_answer,difficulty,tags) values ('7a608a9e-690d-58b4-8e74-356767ab01c0', '20000000-0000-0000-0000-000000000001', 'B1', 'writing', 'cloze', 'Completa la frase con la palabra que falta.', '{"text": "His knee injury kept him off work.", "audio_url": "https://wiauinufpbkmjlbqlkxo.supabase.co/storage/v1/object/public/audio/items/7a608a9e-690d-58b4-8e74-356767ab01c0.mp3"}'::jsonb, '{"value": "injury", "accepted": ["injury"]}'::jsonb, 0.35, array['vocab_f1','writing']) on conflict (id) do nothing;
insert into content_items(id,course_id,cefr_level,skill,type,prompt,payload,correct_answer,difficulty,tags) values ('e11035b4-c975-5de4-a8f2-7e6e27d873af', '20000000-0000-0000-0000-000000000001', 'B1', 'writing', 'cloze', 'Completa la frase con la palabra que falta.', '{"text": "She needs time to recover from the flu.", "audio_url": "https://wiauinufpbkmjlbqlkxo.supabase.co/storage/v1/object/public/audio/items/e11035b4-c975-5de4-a8f2-7e6e27d873af.mp3"}'::jsonb, '{"value": "to recover", "accepted": ["to recover"]}'::jsonb, 0.35, array['vocab_f1','writing']) on conflict (id) do nothing;
insert into content_items(id,course_id,cefr_level,skill,type,prompt,payload,correct_answer,difficulty,tags) values ('c0a988ce-521a-5336-b5dc-c5b812b205a5', '20000000-0000-0000-0000-000000000001', 'B1', 'writing', 'cloze', 'Completa la frase con la palabra que falta.', '{"text": "The nurse put a clean bandage on it.", "audio_url": "https://wiauinufpbkmjlbqlkxo.supabase.co/storage/v1/object/public/audio/items/c0a988ce-521a-5336-b5dc-c5b812b205a5.mp3"}'::jsonb, '{"value": "bandage", "accepted": ["bandage"]}'::jsonb, 0.35, array['vocab_f1','writing']) on conflict (id) do nothing;
insert into content_items(id,course_id,cefr_level,skill,type,prompt,payload,correct_answer,difficulty,tags) values ('b5f1be0d-2f58-5886-b946-72093a019995', '20000000-0000-0000-0000-000000000001', 'B1', 'writing', 'cloze', 'Completa la frase con la palabra que falta.', '{"text": "He took a deep breath before speaking.", "audio_url": "https://wiauinufpbkmjlbqlkxo.supabase.co/storage/v1/object/public/audio/items/b5f1be0d-2f58-5886-b946-72093a019995.mp3"}'::jsonb, '{"value": "breath", "accepted": ["breath"]}'::jsonb, 0.35, array['vocab_f1','writing']) on conflict (id) do nothing;
insert into content_items(id,course_id,cefr_level,skill,type,prompt,payload,correct_answer,difficulty,tags) values ('f237e635-2c5d-571b-b519-3f604c130833', '20000000-0000-0000-0000-000000000001', 'B1', 'writing', 'cloze', 'Completa la frase con la palabra que falta.', '{"text": "I caught a cold and feel awful today.", "audio_url": "https://wiauinufpbkmjlbqlkxo.supabase.co/storage/v1/object/public/audio/items/f237e635-2c5d-571b-b519-3f604c130833.mp3"}'::jsonb, '{"value": "cold", "accepted": ["cold"]}'::jsonb, 0.35, array['vocab_f1','writing']) on conflict (id) do nothing;
insert into content_items(id,course_id,cefr_level,skill,type,prompt,payload,correct_answer,difficulty,tags) values ('8ac3931e-35d3-589c-9d4d-c13cc98cefd8', '20000000-0000-0000-0000-000000000001', 'B1', 'writing', 'cloze', 'Completa la frase con la palabra que falta.', '{"text": "The doctor cleaned the wound very carefully.", "audio_url": "https://wiauinufpbkmjlbqlkxo.supabase.co/storage/v1/object/public/audio/items/8ac3931e-35d3-589c-9d4d-c13cc98cefd8.mp3"}'::jsonb, '{"value": "wound", "accepted": ["wound"]}'::jsonb, 0.35, array['vocab_f1','writing']) on conflict (id) do nothing;
insert into content_items(id,course_id,cefr_level,skill,type,prompt,payload,correct_answer,difficulty,tags) values ('0c1e5acb-cc4f-5043-a7a5-f65750a8273b', '20000000-0000-0000-0000-000000000001', 'B1', 'writing', 'cloze', 'Completa la frase con la palabra que falta.', '{"text": "The nurse took some blood for tests.", "audio_url": "https://wiauinufpbkmjlbqlkxo.supabase.co/storage/v1/object/public/audio/items/0c1e5acb-cc4f-5043-a7a5-f65750a8273b.mp3"}'::jsonb, '{"value": "blood", "accepted": ["blood"]}'::jsonb, 0.35, array['vocab_f1','writing']) on conflict (id) do nothing;
insert into content_items(id,course_id,cefr_level,skill,type,prompt,payload,correct_answer,difficulty,tags) values ('b3de80af-fbcd-5ea8-9f59-aac2e6b450bd', '20000000-0000-0000-0000-000000000001', 'B1', 'writing', 'cloze', 'Completa la frase con la palabra que falta.', '{"text": "He broke a bone in his arm.", "audio_url": "https://wiauinufpbkmjlbqlkxo.supabase.co/storage/v1/object/public/audio/items/b3de80af-fbcd-5ea8-9f59-aac2e6b450bd.mp3"}'::jsonb, '{"value": "bone", "accepted": ["bone"]}'::jsonb, 0.35, array['vocab_f1','writing']) on conflict (id) do nothing;
insert into content_items(id,course_id,cefr_level,skill,type,prompt,payload,correct_answer,difficulty,tags) values ('47a08d9c-d8e7-54f4-b7b3-3f0410727249', '20000000-0000-0000-0000-000000000001', 'B1', 'reading', 'match', 'Empareja cada palabra con su traducción.', '{"pairs": [{"en": "cough", "es": "tos"}, {"en": "fever", "es": "fiebre"}, {"en": "pill", "es": "pastilla"}, {"en": "sneeze", "es": "estornudar"}, {"en": "injury", "es": "lesión"}]}'::jsonb, '{"pairs": [["cough", "tos"], ["fever", "fiebre"], ["pill", "pastilla"], ["sneeze", "estornudar"], ["injury", "lesión"]]}'::jsonb, 0.15, array['vocab_f1','reading']) on conflict (id) do nothing;
insert into content_items(id,course_id,cefr_level,skill,type,prompt,payload,correct_answer,difficulty,tags) values ('645ca0b3-8d14-5193-800d-7bd8fee90cc7', '20000000-0000-0000-0000-000000000001', 'B1', 'reading', 'match', 'Empareja cada palabra con su traducción.', '{"pairs": [{"en": "to recover", "es": "recuperarse"}, {"en": "bandage", "es": "venda"}, {"en": "breath", "es": "respiración"}, {"en": "cold", "es": "resfriado"}, {"en": "wound", "es": "herida"}]}'::jsonb, '{"pairs": [["to recover", "recuperarse"], ["bandage", "venda"], ["breath", "respiración"], ["cold", "resfriado"], ["wound", "herida"]]}'::jsonb, 0.15, array['vocab_f1','reading']) on conflict (id) do nothing;
insert into content_items(id,course_id,cefr_level,skill,type,prompt,payload,correct_answer,difficulty,tags) values ('58ecfee3-92a2-5542-9600-b40fdcf1fec0', '20000000-0000-0000-0000-000000000001', 'B1', 'reading', 'match', 'Empareja cada palabra con su traducción.', '{"pairs": [{"en": "blood", "es": "sangre"}, {"en": "bone", "es": "hueso"}]}'::jsonb, '{"pairs": [["blood", "sangre"], ["bone", "hueso"]]}'::jsonb, 0.15, array['vocab_f1','reading']) on conflict (id) do nothing;
insert into content_items(id,course_id,cefr_level,skill,type,prompt,payload,correct_answer,difficulty,tags) values ('6aaee7d2-2357-5730-be52-4d61db3c8892', '20000000-0000-0000-0000-000000000001', 'B1', 'writing', 'cloze', 'Completa la frase con la palabra que falta.', '{"text": "This cream keeps your skin soft and smooth.", "audio_url": "https://wiauinufpbkmjlbqlkxo.supabase.co/storage/v1/object/public/audio/items/6aaee7d2-2357-5730-be52-4d61db3c8892.mp3"}'::jsonb, '{"value": "skin", "accepted": ["skin"]}'::jsonb, 0.35, array['vocab_f1','writing']) on conflict (id) do nothing;
insert into content_items(id,course_id,cefr_level,skill,type,prompt,payload,correct_answer,difficulty,tags) values ('cac20e2d-75c9-58ce-99c9-0dcb9c496ba6', '20000000-0000-0000-0000-000000000001', 'B1', 'writing', 'cloze', 'Completa la frase con la palabra que falta.', '{"text": "I hurt my knee while playing football.", "audio_url": "https://wiauinufpbkmjlbqlkxo.supabase.co/storage/v1/object/public/audio/items/cac20e2d-75c9-58ce-99c9-0dcb9c496ba6.mp3"}'::jsonb, '{"value": "knee", "accepted": ["knee"]}'::jsonb, 0.35, array['vocab_f1','writing']) on conflict (id) do nothing;
insert into content_items(id,course_id,cefr_level,skill,type,prompt,payload,correct_answer,difficulty,tags) values ('6cea6b83-6f48-5df1-8a36-bef297a935c2', '20000000-0000-0000-0000-000000000001', 'B1', 'writing', 'cloze', 'Completa la frase con la palabra que falta.', '{"text": "My throat hurts when I swallow food.", "audio_url": "https://wiauinufpbkmjlbqlkxo.supabase.co/storage/v1/object/public/audio/items/6cea6b83-6f48-5df1-8a36-bef297a935c2.mp3"}'::jsonb, '{"value": "throat", "accepted": ["throat"]}'::jsonb, 0.35, array['vocab_f1','writing']) on conflict (id) do nothing;
insert into content_items(id,course_id,cefr_level,skill,type,prompt,payload,correct_answer,difficulty,tags) values ('c5e22035-f186-58ff-ae44-6c0ef88099ea', '20000000-0000-0000-0000-000000000001', 'B1', 'writing', 'cloze', 'Completa la frase con la palabra que falta.', '{"text": "She felt a sharp pain in her chest.", "audio_url": "https://wiauinufpbkmjlbqlkxo.supabase.co/storage/v1/object/public/audio/items/c5e22035-f186-58ff-ae44-6c0ef88099ea.mp3"}'::jsonb, '{"value": "chest", "accepted": ["chest"]}'::jsonb, 0.35, array['vocab_f1','writing']) on conflict (id) do nothing;
insert into content_items(id,course_id,cefr_level,skill,type,prompt,payload,correct_answer,difficulty,tags) values ('61882441-59b0-5ce7-abc9-13d047a35573', '20000000-0000-0000-0000-000000000001', 'B1', 'writing', 'cloze', 'Completa la frase con la palabra que falta.', '{"text": "The nurse checked my temperature every hour.", "audio_url": "https://wiauinufpbkmjlbqlkxo.supabase.co/storage/v1/object/public/audio/items/61882441-59b0-5ce7-abc9-13d047a35573.mp3"}'::jsonb, '{"value": "nurse", "accepted": ["nurse"]}'::jsonb, 0.35, array['vocab_f1','writing']) on conflict (id) do nothing;
insert into content_items(id,course_id,cefr_level,skill,type,prompt,payload,correct_answer,difficulty,tags) values ('8cf032f9-5be6-54ea-b0e1-fcfbef9a8d2b', '20000000-0000-0000-0000-000000000001', 'B1', 'writing', 'cloze', 'Completa la frase con la palabra que falta.', '{"text": "The deep cut started to bleed again.", "audio_url": "https://wiauinufpbkmjlbqlkxo.supabase.co/storage/v1/object/public/audio/items/8cf032f9-5be6-54ea-b0e1-fcfbef9a8d2b.mp3"}'::jsonb, '{"value": "to bleed", "accepted": ["to bleed"]}'::jsonb, 0.35, array['vocab_f1','writing']) on conflict (id) do nothing;
insert into content_items(id,course_id,cefr_level,skill,type,prompt,payload,correct_answer,difficulty,tags) values ('196289fa-534b-5d0a-b605-d1c200068055', '20000000-0000-0000-0000-000000000001', 'B1', 'writing', 'cloze', 'Completa la frase con la palabra que falta.', '{"text": "It''s hard to breathe with a blocked nose.", "audio_url": "https://wiauinufpbkmjlbqlkxo.supabase.co/storage/v1/object/public/audio/items/196289fa-534b-5d0a-b605-d1c200068055.mp3"}'::jsonb, '{"value": "to breathe", "accepted": ["to breathe"]}'::jsonb, 0.35, array['vocab_f1','writing']) on conflict (id) do nothing;
insert into content_items(id,course_id,cefr_level,skill,type,prompt,payload,correct_answer,difficulty,tags) values ('777dd1fc-618b-5818-8646-0072008ae216', '20000000-0000-0000-0000-000000000001', 'B1', 'writing', 'cloze', 'Completa la frase con la palabra que falta.', '{"text": "I feel dizzy when I stand up quickly.", "audio_url": "https://wiauinufpbkmjlbqlkxo.supabase.co/storage/v1/object/public/audio/items/777dd1fc-618b-5818-8646-0072008ae216.mp3"}'::jsonb, '{"value": "dizzy", "accepted": ["dizzy"]}'::jsonb, 0.35, array['vocab_f1','writing']) on conflict (id) do nothing;
insert into content_items(id,course_id,cefr_level,skill,type,prompt,payload,correct_answer,difficulty,tags) values ('536cebca-e9f8-55e0-97c4-074008a8daf0', '20000000-0000-0000-0000-000000000001', 'B1', 'writing', 'cloze', 'Completa la frase con la palabra que falta.', '{"text": "Her ankle looks red and swollen today.", "audio_url": "https://wiauinufpbkmjlbqlkxo.supabase.co/storage/v1/object/public/audio/items/536cebca-e9f8-55e0-97c4-074008a8daf0.mp3"}'::jsonb, '{"value": "swollen", "accepted": ["swollen"]}'::jsonb, 0.35, array['vocab_f1','writing']) on conflict (id) do nothing;
insert into content_items(id,course_id,cefr_level,skill,type,prompt,payload,correct_answer,difficulty,tags) values ('f93dbb99-0707-591a-b0f0-8a9602c56db7', '20000000-0000-0000-0000-000000000001', 'B1', 'writing', 'cloze', 'Completa la frase con la palabra que falta.', '{"text": "The wound will heal in a few days.", "audio_url": "https://wiauinufpbkmjlbqlkxo.supabase.co/storage/v1/object/public/audio/items/f93dbb99-0707-591a-b0f0-8a9602c56db7.mp3"}'::jsonb, '{"value": "heal", "accepted": ["heal"]}'::jsonb, 0.35, array['vocab_f1','writing']) on conflict (id) do nothing;
insert into content_items(id,course_id,cefr_level,skill,type,prompt,payload,correct_answer,difficulty,tags) values ('570dc839-5da0-5855-b60c-6ad16f3de973', '20000000-0000-0000-0000-000000000001', 'B1', 'writing', 'cloze', 'Completa la frase con la palabra que falta.', '{"text": "The new treatment worked really well for her.", "audio_url": "https://wiauinufpbkmjlbqlkxo.supabase.co/storage/v1/object/public/audio/items/570dc839-5da0-5855-b60c-6ad16f3de973.mp3"}'::jsonb, '{"value": "treatment", "accepted": ["treatment"]}'::jsonb, 0.35, array['vocab_f1','writing']) on conflict (id) do nothing;
insert into content_items(id,course_id,cefr_level,skill,type,prompt,payload,correct_answer,difficulty,tags) values ('19f8ac8c-df78-5f3a-a17d-9328a1f6e9b2', '20000000-0000-0000-0000-000000000001', 'B1', 'writing', 'cloze', 'Completa la frase con la palabra que falta.', '{"text": "I pulled a muscle during the workout.", "audio_url": "https://wiauinufpbkmjlbqlkxo.supabase.co/storage/v1/object/public/audio/items/19f8ac8c-df78-5f3a-a17d-9328a1f6e9b2.mp3"}'::jsonb, '{"value": "muscle", "accepted": ["muscle"]}'::jsonb, 0.35, array['vocab_f1','writing']) on conflict (id) do nothing;
insert into content_items(id,course_id,cefr_level,skill,type,prompt,payload,correct_answer,difficulty,tags) values ('122c4e97-f651-56b9-a6d7-f76e292abf52', '20000000-0000-0000-0000-000000000001', 'B1', 'reading', 'match', 'Empareja cada palabra con su traducción.', '{"pairs": [{"en": "skin", "es": "piel"}, {"en": "knee", "es": "rodilla"}, {"en": "throat", "es": "garganta"}, {"en": "chest", "es": "pecho"}, {"en": "nurse", "es": "enfermera"}]}'::jsonb, '{"pairs": [["skin", "piel"], ["knee", "rodilla"], ["throat", "garganta"], ["chest", "pecho"], ["nurse", "enfermera"]]}'::jsonb, 0.15, array['vocab_f1','reading']) on conflict (id) do nothing;
insert into content_items(id,course_id,cefr_level,skill,type,prompt,payload,correct_answer,difficulty,tags) values ('5870dfde-1275-55c1-b31f-77afd739b2f6', '20000000-0000-0000-0000-000000000001', 'B1', 'reading', 'match', 'Empareja cada palabra con su traducción.', '{"pairs": [{"en": "to bleed", "es": "sangrar"}, {"en": "to breathe", "es": "respirar"}, {"en": "dizzy", "es": "mareado"}, {"en": "swollen", "es": "hinchado"}, {"en": "heal", "es": "sanar"}]}'::jsonb, '{"pairs": [["to bleed", "sangrar"], ["to breathe", "respirar"], ["dizzy", "mareado"], ["swollen", "hinchado"], ["heal", "sanar"]]}'::jsonb, 0.15, array['vocab_f1','reading']) on conflict (id) do nothing;
insert into content_items(id,course_id,cefr_level,skill,type,prompt,payload,correct_answer,difficulty,tags) values ('acbe10d9-1683-5b39-b36e-1aaf0c559e4f', '20000000-0000-0000-0000-000000000001', 'B1', 'reading', 'match', 'Empareja cada palabra con su traducción.', '{"pairs": [{"en": "treatment", "es": "tratamiento"}, {"en": "muscle", "es": "músculo"}]}'::jsonb, '{"pairs": [["treatment", "tratamiento"], ["muscle", "músculo"]]}'::jsonb, 0.15, array['vocab_f1','reading']) on conflict (id) do nothing;
insert into content_items(id,course_id,cefr_level,skill,type,prompt,payload,correct_answer,difficulty,tags) values ('8eff8b35-ceb3-597c-abd9-fe5dad7dc627', '20000000-0000-0000-0000-000000000001', 'B1', 'writing', 'cloze', 'Completa la frase con la palabra que falta.', '{"text": "My boss asked me to finish the report today.", "audio_url": "https://wiauinufpbkmjlbqlkxo.supabase.co/storage/v1/object/public/audio/items/8eff8b35-ceb3-597c-abd9-fe5dad7dc627.mp3"}'::jsonb, '{"value": "boss", "accepted": ["boss"]}'::jsonb, 0.35, array['vocab_f1','writing']) on conflict (id) do nothing;
insert into content_items(id,course_id,cefr_level,skill,type,prompt,payload,correct_answer,difficulty,tags) values ('0cbacdaa-d4d1-5ec4-b70d-81192b796645', '20000000-0000-0000-0000-000000000001', 'B1', 'writing', 'cloze', 'Completa la frase con la palabra que falta.', '{"text": "Every employee must sign in before nine o''clock.", "audio_url": "https://wiauinufpbkmjlbqlkxo.supabase.co/storage/v1/object/public/audio/items/0cbacdaa-d4d1-5ec4-b70d-81192b796645.mp3"}'::jsonb, '{"value": "employee", "accepted": ["employee"]}'::jsonb, 0.35, array['vocab_f1','writing']) on conflict (id) do nothing;
insert into content_items(id,course_id,cefr_level,skill,type,prompt,payload,correct_answer,difficulty,tags) values ('d2d26ca3-9b7b-5f40-984f-1d768c9eec4f', '20000000-0000-0000-0000-000000000001', 'B1', 'writing', 'cloze', 'Completa la frase con la palabra que falta.', '{"text": "Her employer offers good benefits and flexible hours.", "audio_url": "https://wiauinufpbkmjlbqlkxo.supabase.co/storage/v1/object/public/audio/items/d2d26ca3-9b7b-5f40-984f-1d768c9eec4f.mp3"}'::jsonb, '{"value": "employer", "accepted": ["employer"]}'::jsonb, 0.35, array['vocab_f1','writing']) on conflict (id) do nothing;
insert into content_items(id,course_id,cefr_level,skill,type,prompt,payload,correct_answer,difficulty,tags) values ('cd483a4b-d40f-54ba-9b51-392c676f4e17', '20000000-0000-0000-0000-000000000001', 'B1', 'writing', 'cloze', 'Completa la frase con la palabra que falta.', '{"text": "The company decided to hire three new engineers.", "audio_url": "https://wiauinufpbkmjlbqlkxo.supabase.co/storage/v1/object/public/audio/items/cd483a4b-d40f-54ba-9b51-392c676f4e17.mp3"}'::jsonb, '{"value": "to hire", "accepted": ["to hire"]}'::jsonb, 0.35, array['vocab_f1','writing']) on conflict (id) do nothing;
insert into content_items(id,course_id,cefr_level,skill,type,prompt,payload,correct_answer,difficulty,tags) values ('d1fd43bb-13f1-5dbe-8439-e81c713790ad', '20000000-0000-0000-0000-000000000001', 'B1', 'writing', 'cloze', 'Completa la frase con la palabra que falta.', '{"text": "They had to fire him for arriving late.", "audio_url": "https://wiauinufpbkmjlbqlkxo.supabase.co/storage/v1/object/public/audio/items/d1fd43bb-13f1-5dbe-8439-e81c713790ad.mp3"}'::jsonb, '{"value": "to fire", "accepted": ["to fire"]}'::jsonb, 0.35, array['vocab_f1','writing']) on conflict (id) do nothing;
insert into content_items(id,course_id,cefr_level,skill,type,prompt,payload,correct_answer,difficulty,tags) values ('e1d3dabf-0485-51a6-aa7b-5e009385a588', '20000000-0000-0000-0000-000000000001', 'B1', 'writing', 'cloze', 'Completa la frase con la palabra que falta.', '{"text": "The whole staff met to discuss the changes.", "audio_url": "https://wiauinufpbkmjlbqlkxo.supabase.co/storage/v1/object/public/audio/items/e1d3dabf-0485-51a6-aa7b-5e009385a588.mp3"}'::jsonb, '{"value": "staff", "accepted": ["staff"]}'::jsonb, 0.35, array['vocab_f1','writing']) on conflict (id) do nothing;
insert into content_items(id,course_id,cefr_level,skill,type,prompt,payload,correct_answer,difficulty,tags) values ('16e54459-0cb3-5bbe-a37f-096c2681e8fe', '20000000-0000-0000-0000-000000000001', 'B1', 'writing', 'cloze', 'Completa la frase con la palabra que falta.', '{"text": "This task will take about two hours to finish.", "audio_url": "https://wiauinufpbkmjlbqlkxo.supabase.co/storage/v1/object/public/audio/items/16e54459-0cb3-5bbe-a37f-096c2681e8fe.mp3"}'::jsonb, '{"value": "task", "accepted": ["task"]}'::jsonb, 0.35, array['vocab_f1','writing']) on conflict (id) do nothing;
insert into content_items(id,course_id,cefr_level,skill,type,prompt,payload,correct_answer,difficulty,tags) values ('c33d6cab-8edb-5f5d-9732-ec17e87565c4', '20000000-0000-0000-0000-000000000001', 'B1', 'writing', 'cloze', 'Completa la frase con la palabra que falta.', '{"text": "We have an important meeting at ten tomorrow.", "audio_url": "https://wiauinufpbkmjlbqlkxo.supabase.co/storage/v1/object/public/audio/items/c33d6cab-8edb-5f5d-9732-ec17e87565c4.mp3"}'::jsonb, '{"value": "meeting", "accepted": ["meeting"]}'::jsonb, 0.35, array['vocab_f1','writing']) on conflict (id) do nothing;
insert into content_items(id,course_id,cefr_level,skill,type,prompt,payload,correct_answer,difficulty,tags) values ('59221f16-5ffc-5197-a100-2039b973f787', '20000000-0000-0000-0000-000000000001', 'B1', 'writing', 'cloze', 'Completa la frase con la palabra que falta.', '{"text": "The workers asked for a higher wage this year.", "audio_url": "https://wiauinufpbkmjlbqlkxo.supabase.co/storage/v1/object/public/audio/items/59221f16-5ffc-5197-a100-2039b973f787.mp3"}'::jsonb, '{"value": "wage", "accepted": ["wage"]}'::jsonb, 0.35, array['vocab_f1','writing']) on conflict (id) do nothing;
insert into content_items(id,course_id,cefr_level,skill,type,prompt,payload,correct_answer,difficulty,tags) values ('753b9078-9cc1-54f1-ab15-0277d514d4ae', '20000000-0000-0000-0000-000000000001', 'B1', 'writing', 'cloze', 'Completa la frase con la palabra que falta.', '{"text": "She leaves the office at six every evening.", "audio_url": "https://wiauinufpbkmjlbqlkxo.supabase.co/storage/v1/object/public/audio/items/753b9078-9cc1-54f1-ab15-0277d514d4ae.mp3"}'::jsonb, '{"value": "office", "accepted": ["office"]}'::jsonb, 0.35, array['vocab_f1','writing']) on conflict (id) do nothing;
insert into content_items(id,course_id,cefr_level,skill,type,prompt,payload,correct_answer,difficulty,tags) values ('61986fb3-c6b7-569f-a86f-97da12107f1b', '20000000-0000-0000-0000-000000000001', 'B1', 'writing', 'cloze', 'Completa la frase con la palabra que falta.', '{"text": "My laptop is always on the desk near the window.", "audio_url": "https://wiauinufpbkmjlbqlkxo.supabase.co/storage/v1/object/public/audio/items/61986fb3-c6b7-569f-a86f-97da12107f1b.mp3"}'::jsonb, '{"value": "desk", "accepted": ["desk"]}'::jsonb, 0.35, array['vocab_f1','writing']) on conflict (id) do nothing;
insert into content_items(id,course_id,cefr_level,skill,type,prompt,payload,correct_answer,difficulty,tags) values ('2f679324-774d-5653-b74c-6f68678050cc', '20000000-0000-0000-0000-000000000001', 'B1', 'reading', 'match', 'Empareja cada palabra con su traducción.', '{"pairs": [{"en": "boss", "es": "jefe"}, {"en": "employee", "es": "empleado"}, {"en": "employer", "es": "empleador"}, {"en": "to hire", "es": "contratar"}, {"en": "to fire", "es": "despedir"}]}'::jsonb, '{"pairs": [["boss", "jefe"], ["employee", "empleado"], ["employer", "empleador"], ["to hire", "contratar"], ["to fire", "despedir"]]}'::jsonb, 0.15, array['vocab_f1','reading']) on conflict (id) do nothing;
insert into content_items(id,course_id,cefr_level,skill,type,prompt,payload,correct_answer,difficulty,tags) values ('e5b10b0e-ca15-526a-a81b-9ccdd47e1ddd', '20000000-0000-0000-0000-000000000001', 'B1', 'reading', 'match', 'Empareja cada palabra con su traducción.', '{"pairs": [{"en": "staff", "es": "personal"}, {"en": "task", "es": "tarea"}, {"en": "meeting", "es": "reunión"}, {"en": "wage", "es": "sueldo"}, {"en": "office", "es": "oficina"}]}'::jsonb, '{"pairs": [["staff", "personal"], ["task", "tarea"], ["meeting", "reunión"], ["wage", "sueldo"], ["office", "oficina"]]}'::jsonb, 0.15, array['vocab_f1','reading']) on conflict (id) do nothing;
insert into content_items(id,course_id,cefr_level,skill,type,prompt,payload,correct_answer,difficulty,tags) values ('316ddfef-b59e-590a-88a8-7c71543a5e96', '20000000-0000-0000-0000-000000000001', 'B1', 'writing', 'cloze', 'Completa la frase con la palabra que falta.', '{"text": "My coworker helped me solve the problem quickly.", "audio_url": "https://wiauinufpbkmjlbqlkxo.supabase.co/storage/v1/object/public/audio/items/316ddfef-b59e-590a-88a8-7c71543a5e96.mp3"}'::jsonb, '{"value": "coworker", "accepted": ["coworker"]}'::jsonb, 0.35, array['vocab_f1','writing']) on conflict (id) do nothing;
insert into content_items(id,course_id,cefr_level,skill,type,prompt,payload,correct_answer,difficulty,tags) values ('acd8a99c-9234-53c0-a99c-4726cd92b00d', '20000000-0000-0000-0000-000000000001', 'B1', 'writing', 'cloze', 'Completa la frase con la palabra que falta.', '{"text": "Our team finished the project ahead of time.", "audio_url": "https://wiauinufpbkmjlbqlkxo.supabase.co/storage/v1/object/public/audio/items/acd8a99c-9234-53c0-a99c-4726cd92b00d.mp3"}'::jsonb, '{"value": "project", "accepted": ["project"]}'::jsonb, 0.35, array['vocab_f1','writing']) on conflict (id) do nothing;
insert into content_items(id,course_id,cefr_level,skill,type,prompt,payload,correct_answer,difficulty,tags) values ('c07ef00d-d31e-592d-8319-dbe9bb2c0cfe', '20000000-0000-0000-0000-000000000001', 'B1', 'writing', 'cloze', 'Completa la frase con la palabra que falta.', '{"text": "He decided to resign after five difficult years.", "audio_url": "https://wiauinufpbkmjlbqlkxo.supabase.co/storage/v1/object/public/audio/items/c07ef00d-d31e-592d-8319-dbe9bb2c0cfe.mp3"}'::jsonb, '{"value": "to resign", "accepted": ["to resign"]}'::jsonb, 0.35, array['vocab_f1','writing']) on conflict (id) do nothing;
insert into content_items(id,course_id,cefr_level,skill,type,prompt,payload,correct_answer,difficulty,tags) values ('16294608-b187-56fb-a44f-2098b5ecfc24', '20000000-0000-0000-0000-000000000001', 'B1', 'writing', 'cloze', 'Completa la frase con la palabra que falta.', '{"text": "She wants to earn more money in her new role.", "audio_url": "https://wiauinufpbkmjlbqlkxo.supabase.co/storage/v1/object/public/audio/items/16294608-b187-56fb-a44f-2098b5ecfc24.mp3"}'::jsonb, '{"value": "to earn", "accepted": ["to earn"]}'::jsonb, 0.35, array['vocab_f1','writing']) on conflict (id) do nothing;
insert into content_items(id,course_id,cefr_level,skill,type,prompt,payload,correct_answer,difficulty,tags) values ('eba6f1c4-bf18-5cf2-8b30-10f61b43e824', '20000000-0000-0000-0000-000000000001', 'B1', 'writing', 'cloze', 'Completa la frase con la palabra que falta.', '{"text": "I signed a one-year contract with the company.", "audio_url": "https://wiauinufpbkmjlbqlkxo.supabase.co/storage/v1/object/public/audio/items/eba6f1c4-bf18-5cf2-8b30-10f61b43e824.mp3"}'::jsonb, '{"value": "contract", "accepted": ["contract"]}'::jsonb, 0.35, array['vocab_f1','writing']) on conflict (id) do nothing;
insert into content_items(id,course_id,cefr_level,skill,type,prompt,payload,correct_answer,difficulty,tags) values ('d0b22451-0a15-5436-b9ab-2168d1f3b0c3', '20000000-0000-0000-0000-000000000001', 'B1', 'writing', 'cloze', 'Completa la frase con la palabra que falta.', '{"text": "Let''s take a short break and drink some coffee.", "audio_url": "https://wiauinufpbkmjlbqlkxo.supabase.co/storage/v1/object/public/audio/items/d0b22451-0a15-5436-b9ab-2168d1f3b0c3.mp3"}'::jsonb, '{"value": "break", "accepted": ["break"]}'::jsonb, 0.35, array['vocab_f1','writing']) on conflict (id) do nothing;
insert into content_items(id,course_id,cefr_level,skill,type,prompt,payload,correct_answer,difficulty,tags) values ('74786023-ecf3-5051-9b6f-ebaa48edf008', '20000000-0000-0000-0000-000000000001', 'B1', 'writing', 'cloze', 'Completa la frase con la palabra que falta.', '{"text": "Our team works together on every new client.", "audio_url": "https://wiauinufpbkmjlbqlkxo.supabase.co/storage/v1/object/public/audio/items/74786023-ecf3-5051-9b6f-ebaa48edf008.mp3"}'::jsonb, '{"value": "team", "accepted": ["team"]}'::jsonb, 0.35, array['vocab_f1','writing']) on conflict (id) do nothing;
insert into content_items(id,course_id,cefr_level,skill,type,prompt,payload,correct_answer,difficulty,tags) values ('855ea5a1-9e16-5993-a9b3-0bf799db781e', '20000000-0000-0000-0000-000000000001', 'B1', 'writing', 'cloze', 'Completa la frase con la palabra que falta.', '{"text": "She has to manage a large team of designers.", "audio_url": "https://wiauinufpbkmjlbqlkxo.supabase.co/storage/v1/object/public/audio/items/855ea5a1-9e16-5993-a9b3-0bf799db781e.mp3"}'::jsonb, '{"value": "to manage", "accepted": ["to manage"]}'::jsonb, 0.35, array['vocab_f1','writing']) on conflict (id) do nothing;
insert into content_items(id,course_id,cefr_level,skill,type,prompt,payload,correct_answer,difficulty,tags) values ('d672aa7f-e01d-593d-b576-2fa826164734', '20000000-0000-0000-0000-000000000001', 'B1', 'writing', 'cloze', 'Completa la frase con la palabra que falta.', '{"text": "My workload is heavier at the end of the month.", "audio_url": "https://wiauinufpbkmjlbqlkxo.supabase.co/storage/v1/object/public/audio/items/d672aa7f-e01d-593d-b576-2fa826164734.mp3"}'::jsonb, '{"value": "workload", "accepted": ["workload"]}'::jsonb, 0.35, array['vocab_f1','writing']) on conflict (id) do nothing;
insert into content_items(id,course_id,cefr_level,skill,type,prompt,payload,correct_answer,difficulty,tags) values ('2fbca50b-be9b-557b-8261-9c32f6145693', '20000000-0000-0000-0000-000000000001', 'B1', 'writing', 'cloze', 'Completa la frase con la palabra que falta.', '{"text": "Safety is very important in every workplace.", "audio_url": "https://wiauinufpbkmjlbqlkxo.supabase.co/storage/v1/object/public/audio/items/2fbca50b-be9b-557b-8261-9c32f6145693.mp3"}'::jsonb, '{"value": "workplace", "accepted": ["workplace"]}'::jsonb, 0.35, array['vocab_f1','writing']) on conflict (id) do nothing;
insert into content_items(id,course_id,cefr_level,skill,type,prompt,payload,correct_answer,difficulty,tags) values ('dabbc232-e086-528d-8131-19bbf206ce6d', '20000000-0000-0000-0000-000000000001', 'B1', 'reading', 'match', 'Empareja cada palabra con su traducción.', '{"pairs": [{"en": "coworker", "es": "compañero de trabajo"}, {"en": "project", "es": "proyecto"}, {"en": "to resign", "es": "renunciar"}, {"en": "to earn", "es": "ganar"}, {"en": "contract", "es": "contrato"}]}'::jsonb, '{"pairs": [["coworker", "compañero de trabajo"], ["project", "proyecto"], ["to resign", "renunciar"], ["to earn", "ganar"], ["contract", "contrato"]]}'::jsonb, 0.15, array['vocab_f1','reading']) on conflict (id) do nothing;
insert into content_items(id,course_id,cefr_level,skill,type,prompt,payload,correct_answer,difficulty,tags) values ('4034da4e-6243-5248-9238-2a07c4f2ba82', '20000000-0000-0000-0000-000000000001', 'B1', 'reading', 'match', 'Empareja cada palabra con su traducción.', '{"pairs": [{"en": "break", "es": "descanso"}, {"en": "team", "es": "equipo"}, {"en": "to manage", "es": "gestionar"}, {"en": "workload", "es": "carga de trabajo"}, {"en": "workplace", "es": "lugar de trabajo"}]}'::jsonb, '{"pairs": [["break", "descanso"], ["team", "equipo"], ["to manage", "gestionar"], ["workload", "carga de trabajo"], ["workplace", "lugar de trabajo"]]}'::jsonb, 0.15, array['vocab_f1','reading']) on conflict (id) do nothing;
insert into content_items(id,course_id,cefr_level,skill,type,prompt,payload,correct_answer,difficulty,tags) values ('a61d7ee7-1dd3-5b58-9a52-ff072e01e039', '20000000-0000-0000-0000-000000000001', 'B1', 'writing', 'cloze', 'Completa la frase con la palabra que falta.', '{"text": "We heard loud thunder during the summer storm.", "audio_url": "https://wiauinufpbkmjlbqlkxo.supabase.co/storage/v1/object/public/audio/items/a61d7ee7-1dd3-5b58-9a52-ff072e01e039.mp3"}'::jsonb, '{"value": "thunder", "accepted": ["thunder"]}'::jsonb, 0.35, array['vocab_f1','writing']) on conflict (id) do nothing;
insert into content_items(id,course_id,cefr_level,skill,type,prompt,payload,correct_answer,difficulty,tags) values ('bf28fb78-ab78-5fbb-8fad-74ff2d9db225', '20000000-0000-0000-0000-000000000001', 'B1', 'writing', 'cloze', 'Completa la frase con la palabra que falta.', '{"text": "A cool breeze blew across the quiet beach.", "audio_url": "https://wiauinufpbkmjlbqlkxo.supabase.co/storage/v1/object/public/audio/items/bf28fb78-ab78-5fbb-8fad-74ff2d9db225.mp3"}'::jsonb, '{"value": "breeze", "accepted": ["breeze"]}'::jsonb, 0.35, array['vocab_f1','writing']) on conflict (id) do nothing;
insert into content_items(id,course_id,cefr_level,skill,type,prompt,payload,correct_answer,difficulty,tags) values ('37641fbd-ee36-5e10-8fc1-8e8beef1f6c7', '20000000-0000-0000-0000-000000000001', 'B1', 'writing', 'cloze', 'Completa la frase con la palabra que falta.', '{"text": "The heavy rain caused a terrible flood downtown.", "audio_url": "https://wiauinufpbkmjlbqlkxo.supabase.co/storage/v1/object/public/audio/items/37641fbd-ee36-5e10-8fc1-8e8beef1f6c7.mp3"}'::jsonb, '{"value": "flood", "accepted": ["flood"]}'::jsonb, 0.35, array['vocab_f1','writing']) on conflict (id) do nothing;
insert into content_items(id,course_id,cefr_level,skill,type,prompt,payload,correct_answer,difficulty,tags) values ('698ff763-b9f4-5a96-8208-4f4c0a431241', '20000000-0000-0000-0000-000000000001', 'B1', 'writing', 'cloze', 'Completa la frase con la palabra que falta.', '{"text": "The lake starts to freeze in December.", "audio_url": "https://wiauinufpbkmjlbqlkxo.supabase.co/storage/v1/object/public/audio/items/698ff763-b9f4-5a96-8208-4f4c0a431241.mp3"}'::jsonb, '{"value": "to freeze", "accepted": ["to freeze"]}'::jsonb, 0.35, array['vocab_f1','writing']) on conflict (id) do nothing;
insert into content_items(id,course_id,cefr_level,skill,type,prompt,payload,correct_answer,difficulty,tags) values ('31809ac4-08f7-5de6-abb6-d381b24be8d2', '20000000-0000-0000-0000-000000000001', 'B1', 'writing', 'cloze', 'Completa la frase con la palabra que falta.', '{"text": "These plants grow well in rich, dark soil.", "audio_url": "https://wiauinufpbkmjlbqlkxo.supabase.co/storage/v1/object/public/audio/items/31809ac4-08f7-5de6-abb6-d381b24be8d2.mp3"}'::jsonb, '{"value": "soil", "accepted": ["soil"]}'::jsonb, 0.35, array['vocab_f1','writing']) on conflict (id) do nothing;
insert into content_items(id,course_id,cefr_level,skill,type,prompt,payload,correct_answer,difficulty,tags) values ('4a9d1257-90df-5e45-ac8d-3879d15358f0', '20000000-0000-0000-0000-000000000001', 'B1', 'writing', 'cloze', 'Completa la frase con la palabra que falta.', '{"text": "The birds began singing at dawn.", "audio_url": "https://wiauinufpbkmjlbqlkxo.supabase.co/storage/v1/object/public/audio/items/4a9d1257-90df-5e45-ac8d-3879d15358f0.mp3"}'::jsonb, '{"value": "dawn", "accepted": ["dawn"]}'::jsonb, 0.35, array['vocab_f1','writing']) on conflict (id) do nothing;
insert into content_items(id,course_id,cefr_level,skill,type,prompt,payload,correct_answer,difficulty,tags) values ('e24ccccf-4424-580c-ae55-e055e71023ac', '20000000-0000-0000-0000-000000000001', 'B1', 'writing', 'cloze', 'Completa la frase con la palabra que falta.', '{"text": "We walked along the shore collecting shells.", "audio_url": "https://wiauinufpbkmjlbqlkxo.supabase.co/storage/v1/object/public/audio/items/e24ccccf-4424-580c-ae55-e055e71023ac.mp3"}'::jsonb, '{"value": "shore", "accepted": ["shore"]}'::jsonb, 0.35, array['vocab_f1','writing']) on conflict (id) do nothing;
insert into content_items(id,course_id,cefr_level,skill,type,prompt,payload,correct_answer,difficulty,tags) values ('e915b75e-11f8-52b3-b449-0a8bd2e22836', '20000000-0000-0000-0000-000000000001', 'B1', 'writing', 'cloze', 'Completa la frase con la palabra que falta.', '{"text": "A strong storm knocked down several trees.", "audio_url": "https://wiauinufpbkmjlbqlkxo.supabase.co/storage/v1/object/public/audio/items/e915b75e-11f8-52b3-b449-0a8bd2e22836.mp3"}'::jsonb, '{"value": "storm", "accepted": ["storm"]}'::jsonb, 0.35, array['vocab_f1','writing']) on conflict (id) do nothing;
insert into content_items(id,course_id,cefr_level,skill,type,prompt,payload,correct_answer,difficulty,tags) values ('10cab014-25ec-5f84-9372-25812cc606b8', '20000000-0000-0000-0000-000000000001', 'B1', 'writing', 'cloze', 'Completa la frase con la palabra que falta.', '{"text": "Thick fog made it hard to drive.", "audio_url": "https://wiauinufpbkmjlbqlkxo.supabase.co/storage/v1/object/public/audio/items/10cab014-25ec-5f84-9372-25812cc606b8.mp3"}'::jsonb, '{"value": "fog", "accepted": ["fog"]}'::jsonb, 0.35, array['vocab_f1','writing']) on conflict (id) do nothing;
insert into content_items(id,course_id,cefr_level,skill,type,prompt,payload,correct_answer,difficulty,tags) values ('84775587-6978-5188-ac6c-29823712f1a5', '20000000-0000-0000-0000-000000000001', 'B1', 'writing', 'cloze', 'Completa la frase con la palabra que falta.', '{"text": "The children played happily in the mud.", "audio_url": "https://wiauinufpbkmjlbqlkxo.supabase.co/storage/v1/object/public/audio/items/84775587-6978-5188-ac6c-29823712f1a5.mp3"}'::jsonb, '{"value": "mud", "accepted": ["mud"]}'::jsonb, 0.35, array['vocab_f1','writing']) on conflict (id) do nothing;
insert into content_items(id,course_id,cefr_level,skill,type,prompt,payload,correct_answer,difficulty,tags) values ('e654d42d-56ac-5581-8414-86de490a4c73', '20000000-0000-0000-0000-000000000001', 'B1', 'writing', 'cloze', 'Completa la frase con la palabra que falta.', '{"text": "A huge wave crashed onto the rocks.", "audio_url": "https://wiauinufpbkmjlbqlkxo.supabase.co/storage/v1/object/public/audio/items/e654d42d-56ac-5581-8414-86de490a4c73.mp3"}'::jsonb, '{"value": "wave", "accepted": ["wave"]}'::jsonb, 0.35, array['vocab_f1','writing']) on conflict (id) do nothing;
insert into content_items(id,course_id,cefr_level,skill,type,prompt,payload,correct_answer,difficulty,tags) values ('55dbc4da-9792-54ed-80d3-4507caa93b84', '20000000-0000-0000-0000-000000000001', 'B1', 'writing', 'cloze', 'Completa la frase con la palabra que falta.', '{"text": "Our house sits on top of a green hill.", "audio_url": "https://wiauinufpbkmjlbqlkxo.supabase.co/storage/v1/object/public/audio/items/55dbc4da-9792-54ed-80d3-4507caa93b84.mp3"}'::jsonb, '{"value": "hill", "accepted": ["hill"]}'::jsonb, 0.35, array['vocab_f1','writing']) on conflict (id) do nothing;
insert into content_items(id,course_id,cefr_level,skill,type,prompt,payload,correct_answer,difficulty,tags) values ('910f1e86-e9b3-5589-b82e-3acf1c50c530', '20000000-0000-0000-0000-000000000001', 'B1', 'reading', 'match', 'Empareja cada palabra con su traducción.', '{"pairs": [{"en": "thunder", "es": "trueno"}, {"en": "breeze", "es": "brisa"}, {"en": "flood", "es": "inundación"}, {"en": "to freeze", "es": "congelar"}, {"en": "soil", "es": "tierra"}]}'::jsonb, '{"pairs": [["thunder", "trueno"], ["breeze", "brisa"], ["flood", "inundación"], ["to freeze", "congelar"], ["soil", "tierra"]]}'::jsonb, 0.15, array['vocab_f1','reading']) on conflict (id) do nothing;
insert into content_items(id,course_id,cefr_level,skill,type,prompt,payload,correct_answer,difficulty,tags) values ('616a4a63-1076-5328-95ac-70dc35d2f874', '20000000-0000-0000-0000-000000000001', 'B1', 'reading', 'match', 'Empareja cada palabra con su traducción.', '{"pairs": [{"en": "dawn", "es": "amanecer"}, {"en": "shore", "es": "orilla"}, {"en": "storm", "es": "tormenta"}, {"en": "fog", "es": "niebla"}, {"en": "mud", "es": "barro"}]}'::jsonb, '{"pairs": [["dawn", "amanecer"], ["shore", "orilla"], ["storm", "tormenta"], ["fog", "niebla"], ["mud", "barro"]]}'::jsonb, 0.15, array['vocab_f1','reading']) on conflict (id) do nothing;
insert into content_items(id,course_id,cefr_level,skill,type,prompt,payload,correct_answer,difficulty,tags) values ('8951683e-2ff6-5317-adee-d9ecfd0ae6c8', '20000000-0000-0000-0000-000000000001', 'B1', 'reading', 'match', 'Empareja cada palabra con su traducción.', '{"pairs": [{"en": "wave", "es": "ola"}, {"en": "hill", "es": "colina"}]}'::jsonb, '{"pairs": [["wave", "ola"], ["hill", "colina"]]}'::jsonb, 0.15, array['vocab_f1','reading']) on conflict (id) do nothing;
insert into content_items(id,course_id,cefr_level,skill,type,prompt,payload,correct_answer,difficulty,tags) values ('0522263c-13c2-512b-ba56-293a2966c1ea', '20000000-0000-0000-0000-000000000001', 'B1', 'writing', 'cloze', 'Completa la frase con la palabra que falta.', '{"text": "A beautiful rainbow appeared after the rain.", "audio_url": "https://wiauinufpbkmjlbqlkxo.supabase.co/storage/v1/object/public/audio/items/0522263c-13c2-512b-ba56-293a2966c1ea.mp3"}'::jsonb, '{"value": "rainbow", "accepted": ["rainbow"]}'::jsonb, 0.35, array['vocab_f1','writing']) on conflict (id) do nothing;
insert into content_items(id,course_id,cefr_level,skill,type,prompt,payload,correct_answer,difficulty,tags) values ('62152d98-f9e3-52f2-a81f-039ce02c43d3', '20000000-0000-0000-0000-000000000001', 'B1', 'writing', 'cloze', 'Completa la frase con la palabra que falta.', '{"text": "The lightning lit up the whole night sky.", "audio_url": "https://wiauinufpbkmjlbqlkxo.supabase.co/storage/v1/object/public/audio/items/62152d98-f9e3-52f2-a81f-039ce02c43d3.mp3"}'::jsonb, '{"value": "lightning", "accepted": ["lightning"]}'::jsonb, 0.35, array['vocab_f1','writing']) on conflict (id) do nothing;
insert into content_items(id,course_id,cefr_level,skill,type,prompt,payload,correct_answer,difficulty,tags) values ('fd0ab3da-528d-508a-a903-e0a051814726', '20000000-0000-0000-0000-000000000001', 'B1', 'writing', 'cloze', 'Completa la frase con la palabra que falta.', '{"text": "The long drought dried up the river.", "audio_url": "https://wiauinufpbkmjlbqlkxo.supabase.co/storage/v1/object/public/audio/items/fd0ab3da-528d-508a-a903-e0a051814726.mp3"}'::jsonb, '{"value": "drought", "accepted": ["drought"]}'::jsonb, 0.35, array['vocab_f1','writing']) on conflict (id) do nothing;
insert into content_items(id,course_id,cefr_level,skill,type,prompt,payload,correct_answer,difficulty,tags) values ('6f88b023-fbad-5b31-a8e8-fd578acc7df6', '20000000-0000-0000-0000-000000000001', 'B1', 'writing', 'cloze', 'Completa la frase con la palabra que falta.', '{"text": "A single white cloud floated in the sky.", "audio_url": "https://wiauinufpbkmjlbqlkxo.supabase.co/storage/v1/object/public/audio/items/6f88b023-fbad-5b31-a8e8-fd578acc7df6.mp3"}'::jsonb, '{"value": "cloud", "accepted": ["cloud"]}'::jsonb, 0.35, array['vocab_f1','writing']) on conflict (id) do nothing;
insert into content_items(id,course_id,cefr_level,skill,type,prompt,payload,correct_answer,difficulty,tags) values ('c81a7d55-ab08-5558-999c-280cc6e21c00', '20000000-0000-0000-0000-000000000001', 'B1', 'writing', 'cloze', 'Completa la frase con la palabra que falta.', '{"text": "The strong wind blew my hat away.", "audio_url": "https://wiauinufpbkmjlbqlkxo.supabase.co/storage/v1/object/public/audio/items/c81a7d55-ab08-5558-999c-280cc6e21c00.mp3"}'::jsonb, '{"value": "wind", "accepted": ["wind"]}'::jsonb, 0.35, array['vocab_f1','writing']) on conflict (id) do nothing;
insert into content_items(id,course_id,cefr_level,skill,type,prompt,payload,correct_answer,difficulty,tags) values ('f72a6dff-5806-5276-b139-fe6e1397de76', '20000000-0000-0000-0000-000000000001', 'B1', 'writing', 'cloze', 'Completa la frase con la palabra que falta.', '{"text": "The first snowfall covered the whole town.", "audio_url": "https://wiauinufpbkmjlbqlkxo.supabase.co/storage/v1/object/public/audio/items/f72a6dff-5806-5276-b139-fe6e1397de76.mp3"}'::jsonb, '{"value": "snowfall", "accepted": ["snowfall"]}'::jsonb, 0.35, array['vocab_f1','writing']) on conflict (id) do nothing;
insert into content_items(id,course_id,cefr_level,skill,type,prompt,payload,correct_answer,difficulty,tags) values ('d1b05c54-42df-5414-a469-dcc59a578cc0', '20000000-0000-0000-0000-000000000001', 'B1', 'writing', 'cloze', 'Completa la frase con la palabra que falta.', '{"text": "A small stream runs through the forest.", "audio_url": "https://wiauinufpbkmjlbqlkxo.supabase.co/storage/v1/object/public/audio/items/d1b05c54-42df-5414-a469-dcc59a578cc0.mp3"}'::jsonb, '{"value": "stream", "accepted": ["stream"]}'::jsonb, 0.35, array['vocab_f1','writing']) on conflict (id) do nothing;
insert into content_items(id,course_id,cefr_level,skill,type,prompt,payload,correct_answer,difficulty,tags) values ('7fa71df0-f2ea-5c5c-a535-2ad4742e2481', '20000000-0000-0000-0000-000000000001', 'B1', 'writing', 'cloze', 'Completa la frase con la palabra que falta.', '{"text": "The village lies in a peaceful green valley.", "audio_url": "https://wiauinufpbkmjlbqlkxo.supabase.co/storage/v1/object/public/audio/items/7fa71df0-f2ea-5c5c-a535-2ad4742e2481.mp3"}'::jsonb, '{"value": "valley", "accepted": ["valley"]}'::jsonb, 0.35, array['vocab_f1','writing']) on conflict (id) do nothing;
insert into content_items(id,course_id,cefr_level,skill,type,prompt,payload,correct_answer,difficulty,tags) values ('2cb51252-8f3d-5a5e-9ce7-fbde8eca6e75', '20000000-0000-0000-0000-000000000001', 'B1', 'writing', 'cloze', 'Completa la frase con la palabra que falta.', '{"text": "We went hiking through a thick forest.", "audio_url": "https://wiauinufpbkmjlbqlkxo.supabase.co/storage/v1/object/public/audio/items/2cb51252-8f3d-5a5e-9ce7-fbde8eca6e75.mp3"}'::jsonb, '{"value": "forest", "accepted": ["forest"]}'::jsonb, 0.35, array['vocab_f1','writing']) on conflict (id) do nothing;
insert into content_items(id,course_id,cefr_level,skill,type,prompt,payload,correct_answer,difficulty,tags) values ('2f64dab1-c357-5d47-bff2-cfb5fff1f3d1', '20000000-0000-0000-0000-000000000001', 'B1', 'writing', 'cloze', 'Completa la frase con la palabra que falta.', '{"text": "The high tide covered the sandy beach.", "audio_url": "https://wiauinufpbkmjlbqlkxo.supabase.co/storage/v1/object/public/audio/items/2f64dab1-c357-5d47-bff2-cfb5fff1f3d1.mp3"}'::jsonb, '{"value": "tide", "accepted": ["tide"]}'::jsonb, 0.35, array['vocab_f1','writing']) on conflict (id) do nothing;
insert into content_items(id,course_id,cefr_level,skill,type,prompt,payload,correct_answer,difficulty,tags) values ('7b8ad7c3-472f-54dc-b92c-7e80a91bdcba', '20000000-0000-0000-0000-000000000001', 'B1', 'writing', 'cloze', 'Completa la frase con la palabra que falta.', '{"text": "White frost covered the grass this morning.", "audio_url": "https://wiauinufpbkmjlbqlkxo.supabase.co/storage/v1/object/public/audio/items/7b8ad7c3-472f-54dc-b92c-7e80a91bdcba.mp3"}'::jsonb, '{"value": "frost", "accepted": ["frost"]}'::jsonb, 0.35, array['vocab_f1','writing']) on conflict (id) do nothing;
insert into content_items(id,course_id,cefr_level,skill,type,prompt,payload,correct_answer,difficulty,tags) values ('15584ed9-844d-58a7-937c-fc781c4bd179', '20000000-0000-0000-0000-000000000001', 'B1', 'writing', 'cloze', 'Completa la frase con la palabra que falta.', '{"text": "We enjoyed the warm sunshine in the park.", "audio_url": "https://wiauinufpbkmjlbqlkxo.supabase.co/storage/v1/object/public/audio/items/15584ed9-844d-58a7-937c-fc781c4bd179.mp3"}'::jsonb, '{"value": "sunshine", "accepted": ["sunshine"]}'::jsonb, 0.35, array['vocab_f1','writing']) on conflict (id) do nothing;
insert into content_items(id,course_id,cefr_level,skill,type,prompt,payload,correct_answer,difficulty,tags) values ('915b9bed-02b2-57f4-bb26-aab626173f3b', '20000000-0000-0000-0000-000000000001', 'B1', 'reading', 'match', 'Empareja cada palabra con su traducción.', '{"pairs": [{"en": "rainbow", "es": "arcoíris"}, {"en": "lightning", "es": "relámpago"}, {"en": "drought", "es": "sequía"}, {"en": "cloud", "es": "nube"}, {"en": "wind", "es": "viento"}]}'::jsonb, '{"pairs": [["rainbow", "arcoíris"], ["lightning", "relámpago"], ["drought", "sequía"], ["cloud", "nube"], ["wind", "viento"]]}'::jsonb, 0.15, array['vocab_f1','reading']) on conflict (id) do nothing;
insert into content_items(id,course_id,cefr_level,skill,type,prompt,payload,correct_answer,difficulty,tags) values ('527fe9b6-bdee-5b50-9ea8-66b6371af774', '20000000-0000-0000-0000-000000000001', 'B1', 'reading', 'match', 'Empareja cada palabra con su traducción.', '{"pairs": [{"en": "snowfall", "es": "nevada"}, {"en": "stream", "es": "arroyo"}, {"en": "valley", "es": "valle"}, {"en": "forest", "es": "bosque"}, {"en": "tide", "es": "marea"}]}'::jsonb, '{"pairs": [["snowfall", "nevada"], ["stream", "arroyo"], ["valley", "valle"], ["forest", "bosque"], ["tide", "marea"]]}'::jsonb, 0.15, array['vocab_f1','reading']) on conflict (id) do nothing;
insert into content_items(id,course_id,cefr_level,skill,type,prompt,payload,correct_answer,difficulty,tags) values ('4ed852bd-3521-5149-b3d5-b7b36e5d82fe', '20000000-0000-0000-0000-000000000001', 'B1', 'reading', 'match', 'Empareja cada palabra con su traducción.', '{"pairs": [{"en": "frost", "es": "escarcha"}, {"en": "sunshine", "es": "luz del sol"}]}'::jsonb, '{"pairs": [["frost", "escarcha"], ["sunshine", "luz del sol"]]}'::jsonb, 0.15, array['vocab_f1','reading']) on conflict (id) do nothing;
insert into content_items(id,course_id,cefr_level,skill,type,prompt,payload,correct_answer,difficulty,tags) values ('25dfc07f-1a1d-5ec9-9a1f-5e0ce01b4b61', '20000000-0000-0000-0000-000000000001', 'B1', 'writing', 'cloze', 'Completa la frase con la palabra que falta.', '{"text": "She feels confident before every important exam.", "audio_url": "https://wiauinufpbkmjlbqlkxo.supabase.co/storage/v1/object/public/audio/items/25dfc07f-1a1d-5ec9-9a1f-5e0ce01b4b61.mp3"}'::jsonb, '{"value": "confident", "accepted": ["confident"]}'::jsonb, 0.35, array['vocab_f1','writing']) on conflict (id) do nothing;
insert into content_items(id,course_id,cefr_level,skill,type,prompt,payload,correct_answer,difficulty,tags) values ('49c51093-610f-52b4-9040-c1c5a1532cb2', '20000000-0000-0000-0000-000000000001', 'B1', 'writing', 'cloze', 'Completa la frase con la palabra que falta.', '{"text": "He was too shy to speak in class.", "audio_url": "https://wiauinufpbkmjlbqlkxo.supabase.co/storage/v1/object/public/audio/items/49c51093-610f-52b4-9040-c1c5a1532cb2.mp3"}'::jsonb, '{"value": "shy", "accepted": ["shy"]}'::jsonb, 0.35, array['vocab_f1','writing']) on conflict (id) do nothing;
insert into content_items(id,course_id,cefr_level,skill,type,prompt,payload,correct_answer,difficulty,tags) values ('03e2945b-5aa2-5211-9e58-0361847e0e5e', '20000000-0000-0000-0000-000000000001', 'B1', 'writing', 'cloze', 'Completa la frase con la palabra que falta.', '{"text": "My grandmother is very generous with her time.", "audio_url": "https://wiauinufpbkmjlbqlkxo.supabase.co/storage/v1/object/public/audio/items/03e2945b-5aa2-5211-9e58-0361847e0e5e.mp3"}'::jsonb, '{"value": "generous", "accepted": ["generous"]}'::jsonb, 0.35, array['vocab_f1','writing']) on conflict (id) do nothing;
insert into content_items(id,course_id,cefr_level,skill,type,prompt,payload,correct_answer,difficulty,tags) values ('c655ba91-3756-562a-9f51-41aa8c2dcfe5', '20000000-0000-0000-0000-000000000001', 'B1', 'writing', 'cloze', 'Completa la frase con la palabra que falta.', '{"text": "She was upset about the rude comment.", "audio_url": "https://wiauinufpbkmjlbqlkxo.supabase.co/storage/v1/object/public/audio/items/c655ba91-3756-562a-9f51-41aa8c2dcfe5.mp3"}'::jsonb, '{"value": "upset", "accepted": ["upset"]}'::jsonb, 0.35, array['vocab_f1','writing']) on conflict (id) do nothing;
insert into content_items(id,course_id,cefr_level,skill,type,prompt,payload,correct_answer,difficulty,tags) values ('d330f541-527c-5eff-8d2f-8737b7fa1bb6', '20000000-0000-0000-0000-000000000001', 'B1', 'writing', 'cloze', 'Completa la frase con la palabra que falta.', '{"text": "His parents are proud of his good grades.", "audio_url": "https://wiauinufpbkmjlbqlkxo.supabase.co/storage/v1/object/public/audio/items/d330f541-527c-5eff-8d2f-8737b7fa1bb6.mp3"}'::jsonb, '{"value": "proud", "accepted": ["proud"]}'::jsonb, 0.35, array['vocab_f1','writing']) on conflict (id) do nothing;
insert into content_items(id,course_id,cefr_level,skill,type,prompt,payload,correct_answer,difficulty,tags) values ('d359ea83-287f-5f97-a006-0fc02a4822dd', '20000000-0000-0000-0000-000000000001', 'B1', 'writing', 'cloze', 'Completa la frase con la palabra que falta.', '{"text": "Please be honest and tell me the truth.", "audio_url": "https://wiauinufpbkmjlbqlkxo.supabase.co/storage/v1/object/public/audio/items/d359ea83-287f-5f97-a006-0fc02a4822dd.mp3"}'::jsonb, '{"value": "honest", "accepted": ["honest"]}'::jsonb, 0.35, array['vocab_f1','writing']) on conflict (id) do nothing;
insert into content_items(id,course_id,cefr_level,skill,type,prompt,payload,correct_answer,difficulty,tags) values ('024af54f-aae5-5bfc-818e-0cbc8fc8d98a', '20000000-0000-0000-0000-000000000001', 'B1', 'writing', 'cloze', 'Completa la frase con la palabra que falta.', '{"text": "He gets jealous when she talks to others.", "audio_url": "https://wiauinufpbkmjlbqlkxo.supabase.co/storage/v1/object/public/audio/items/024af54f-aae5-5bfc-818e-0cbc8fc8d98a.mp3"}'::jsonb, '{"value": "jealous", "accepted": ["jealous"]}'::jsonb, 0.35, array['vocab_f1','writing']) on conflict (id) do nothing;
insert into content_items(id,course_id,cefr_level,skill,type,prompt,payload,correct_answer,difficulty,tags) values ('988e37e4-1a77-5e4e-9971-42d05cada46e', '20000000-0000-0000-0000-000000000001', 'B1', 'writing', 'cloze', 'Completa la frase con la palabra que falta.', '{"text": "The brave firefighter saved the whole family.", "audio_url": "https://wiauinufpbkmjlbqlkxo.supabase.co/storage/v1/object/public/audio/items/988e37e4-1a77-5e4e-9971-42d05cada46e.mp3"}'::jsonb, '{"value": "brave", "accepted": ["brave"]}'::jsonb, 0.35, array['vocab_f1','writing']) on conflict (id) do nothing;
insert into content_items(id,course_id,cefr_level,skill,type,prompt,payload,correct_answer,difficulty,tags) values ('cb28bbde-ed69-5e88-ac9d-da1de6bea092', '20000000-0000-0000-0000-000000000001', 'B1', 'writing', 'cloze', 'Completa la frase con la palabra que falta.', '{"text": "My brother is too lazy to clean his room.", "audio_url": "https://wiauinufpbkmjlbqlkxo.supabase.co/storage/v1/object/public/audio/items/cb28bbde-ed69-5e88-ac9d-da1de6bea092.mp3"}'::jsonb, '{"value": "lazy", "accepted": ["lazy"]}'::jsonb, 0.35, array['vocab_f1','writing']) on conflict (id) do nothing;
insert into content_items(id,course_id,cefr_level,skill,type,prompt,payload,correct_answer,difficulty,tags) values ('def8f09f-961e-5684-a082-38ed7893ecbe', '20000000-0000-0000-0000-000000000001', 'B1', 'writing', 'cloze', 'Completa la frase con la palabra que falta.', '{"text": "It was selfish of him to keep everything.", "audio_url": "https://wiauinufpbkmjlbqlkxo.supabase.co/storage/v1/object/public/audio/items/def8f09f-961e-5684-a082-38ed7893ecbe.mp3"}'::jsonb, '{"value": "selfish", "accepted": ["selfish"]}'::jsonb, 0.35, array['vocab_f1','writing']) on conflict (id) do nothing;
insert into content_items(id,course_id,cefr_level,skill,type,prompt,payload,correct_answer,difficulty,tags) values ('50b2ff93-18b3-5b5a-b533-7f3b6ce37389', '20000000-0000-0000-0000-000000000001', 'B1', 'writing', 'cloze', 'Completa la frase con la palabra que falta.', '{"text": "I always feel nervous before a job interview.", "audio_url": "https://wiauinufpbkmjlbqlkxo.supabase.co/storage/v1/object/public/audio/items/50b2ff93-18b3-5b5a-b533-7f3b6ce37389.mp3"}'::jsonb, '{"value": "nervous", "accepted": ["nervous"]}'::jsonb, 0.35, array['vocab_f1','writing']) on conflict (id) do nothing;
insert into content_items(id,course_id,cefr_level,skill,type,prompt,payload,correct_answer,difficulty,tags) values ('1268c2ec-4a99-5a93-b5a9-0612d9d97e7f', '20000000-0000-0000-0000-000000000001', 'B1', 'writing', 'cloze', 'Completa la frase con la palabra que falta.', '{"text": "The little boy was scared of the dark.", "audio_url": "https://wiauinufpbkmjlbqlkxo.supabase.co/storage/v1/object/public/audio/items/1268c2ec-4a99-5a93-b5a9-0612d9d97e7f.mp3"}'::jsonb, '{"value": "scared", "accepted": ["scared"]}'::jsonb, 0.35, array['vocab_f1','writing']) on conflict (id) do nothing;
insert into content_items(id,course_id,cefr_level,skill,type,prompt,payload,correct_answer,difficulty,tags) values ('f89ccb59-4110-5d34-a05a-1c85ad8778d0', '20000000-0000-0000-0000-000000000001', 'B1', 'reading', 'match', 'Empareja cada palabra con su traducción.', '{"pairs": [{"en": "confident", "es": "seguro"}, {"en": "shy", "es": "tímido"}, {"en": "generous", "es": "generoso"}, {"en": "upset", "es": "molesto"}, {"en": "proud", "es": "orgulloso"}]}'::jsonb, '{"pairs": [["confident", "seguro"], ["shy", "tímido"], ["generous", "generoso"], ["upset", "molesto"], ["proud", "orgulloso"]]}'::jsonb, 0.15, array['vocab_f1','reading']) on conflict (id) do nothing;
insert into content_items(id,course_id,cefr_level,skill,type,prompt,payload,correct_answer,difficulty,tags) values ('859714bf-4e6f-512d-ba88-3b79dc1a7f95', '20000000-0000-0000-0000-000000000001', 'B1', 'reading', 'match', 'Empareja cada palabra con su traducción.', '{"pairs": [{"en": "honest", "es": "honesto"}, {"en": "jealous", "es": "celoso"}, {"en": "brave", "es": "valiente"}, {"en": "lazy", "es": "perezoso"}, {"en": "selfish", "es": "egoísta"}]}'::jsonb, '{"pairs": [["honest", "honesto"], ["jealous", "celoso"], ["brave", "valiente"], ["lazy", "perezoso"], ["selfish", "egoísta"]]}'::jsonb, 0.15, array['vocab_f1','reading']) on conflict (id) do nothing;
insert into content_items(id,course_id,cefr_level,skill,type,prompt,payload,correct_answer,difficulty,tags) values ('e443ba6e-346c-5966-a3ef-5cccb7195144', '20000000-0000-0000-0000-000000000001', 'B1', 'reading', 'match', 'Empareja cada palabra con su traducción.', '{"pairs": [{"en": "nervous", "es": "nervioso"}, {"en": "scared", "es": "asustado"}]}'::jsonb, '{"pairs": [["nervous", "nervioso"], ["scared", "asustado"]]}'::jsonb, 0.15, array['vocab_f1','reading']) on conflict (id) do nothing;
insert into content_items(id,course_id,cefr_level,skill,type,prompt,payload,correct_answer,difficulty,tags) values ('c0b82ffa-0b34-5330-bfda-e5ec394c3068', '20000000-0000-0000-0000-000000000001', 'B1', 'writing', 'cloze', 'Completa la frase con la palabra que falta.', '{"text": "She got angry when they arrived late again.", "audio_url": "https://wiauinufpbkmjlbqlkxo.supabase.co/storage/v1/object/public/audio/items/c0b82ffa-0b34-5330-bfda-e5ec394c3068.mp3"}'::jsonb, '{"value": "angry", "accepted": ["angry"]}'::jsonb, 0.35, array['vocab_f1','writing']) on conflict (id) do nothing;
insert into content_items(id,course_id,cefr_level,skill,type,prompt,payload,correct_answer,difficulty,tags) values ('98058d8b-5334-55a1-8cec-49d6b8874543', '20000000-0000-0000-0000-000000000001', 'B1', 'writing', 'cloze', 'Completa la frase con la palabra que falta.', '{"text": "Try to stay calm during the difficult meeting.", "audio_url": "https://wiauinufpbkmjlbqlkxo.supabase.co/storage/v1/object/public/audio/items/98058d8b-5334-55a1-8cec-49d6b8874543.mp3"}'::jsonb, '{"value": "calm", "accepted": ["calm"]}'::jsonb, 0.35, array['vocab_f1','writing']) on conflict (id) do nothing;
insert into content_items(id,course_id,cefr_level,skill,type,prompt,payload,correct_answer,difficulty,tags) values ('6f2063a7-308f-575d-98e5-28c5c9b98294', '20000000-0000-0000-0000-000000000001', 'B1', 'writing', 'cloze', 'Completa la frase con la palabra que falta.', '{"text": "It is rude to interrupt while others talk.", "audio_url": "https://wiauinufpbkmjlbqlkxo.supabase.co/storage/v1/object/public/audio/items/6f2063a7-308f-575d-98e5-28c5c9b98294.mp3"}'::jsonb, '{"value": "rude", "accepted": ["rude"]}'::jsonb, 0.35, array['vocab_f1','writing']) on conflict (id) do nothing;
insert into content_items(id,course_id,cefr_level,skill,type,prompt,payload,correct_answer,difficulty,tags) values ('4980fae4-36c3-5241-aa99-8eea3045555d', '20000000-0000-0000-0000-000000000001', 'B1', 'writing', 'cloze', 'Completa la frase con la palabra que falta.', '{"text": "The waiter was friendly and very polite.", "audio_url": "https://wiauinufpbkmjlbqlkxo.supabase.co/storage/v1/object/public/audio/items/4980fae4-36c3-5241-aa99-8eea3045555d.mp3"}'::jsonb, '{"value": "polite", "accepted": ["polite"]}'::jsonb, 0.35, array['vocab_f1','writing']) on conflict (id) do nothing;
insert into content_items(id,course_id,cefr_level,skill,type,prompt,payload,correct_answer,difficulty,tags) values ('497e7ff7-9fa9-5d61-b177-53d9ae68cd09', '20000000-0000-0000-0000-000000000001', 'B1', 'writing', 'cloze', 'Completa la frase con la palabra que falta.', '{"text": "A good teacher must be patient with students.", "audio_url": "https://wiauinufpbkmjlbqlkxo.supabase.co/storage/v1/object/public/audio/items/497e7ff7-9fa9-5d61-b177-53d9ae68cd09.mp3"}'::jsonb, '{"value": "patient", "accepted": ["patient"]}'::jsonb, 0.35, array['vocab_f1','writing']) on conflict (id) do nothing;
insert into content_items(id,course_id,cefr_level,skill,type,prompt,payload,correct_answer,difficulty,tags) values ('f927b01f-d043-5b79-9889-9686bed12d85', '20000000-0000-0000-0000-000000000001', 'B1', 'writing', 'cloze', 'Completa la frase con la palabra que falta.', '{"text": "She gave me a cheerful smile this morning.", "audio_url": "https://wiauinufpbkmjlbqlkxo.supabase.co/storage/v1/object/public/audio/items/f927b01f-d043-5b79-9889-9686bed12d85.mp3"}'::jsonb, '{"value": "cheerful", "accepted": ["cheerful"]}'::jsonb, 0.35, array['vocab_f1','writing']) on conflict (id) do nothing;
insert into content_items(id,course_id,cefr_level,skill,type,prompt,payload,correct_answer,difficulty,tags) values ('950025c4-a96d-563d-b5be-bf266b654bc2', '20000000-0000-0000-0000-000000000001', 'B1', 'writing', 'cloze', 'Completa la frase con la palabra que falta.', '{"text": "He felt sad after his best friend left.", "audio_url": "https://wiauinufpbkmjlbqlkxo.supabase.co/storage/v1/object/public/audio/items/950025c4-a96d-563d-b5be-bf266b654bc2.mp3"}'::jsonb, '{"value": "sad", "accepted": ["sad"]}'::jsonb, 0.35, array['vocab_f1','writing']) on conflict (id) do nothing;
insert into content_items(id,course_id,cefr_level,skill,type,prompt,payload,correct_answer,difficulty,tags) values ('10474b5f-2bcc-5df6-8ada-d05427354cbd', '20000000-0000-0000-0000-000000000001', 'B1', 'writing', 'cloze', 'Completa la frase con la palabra que falta.', '{"text": "That was a clever way to solve it.", "audio_url": "https://wiauinufpbkmjlbqlkxo.supabase.co/storage/v1/object/public/audio/items/10474b5f-2bcc-5df6-8ada-d05427354cbd.mp3"}'::jsonb, '{"value": "clever", "accepted": ["clever"]}'::jsonb, 0.35, array['vocab_f1','writing']) on conflict (id) do nothing;
insert into content_items(id,course_id,cefr_level,skill,type,prompt,payload,correct_answer,difficulty,tags) values ('7fdda3e5-9870-54be-aad5-6fdcb9a466c3', '20000000-0000-0000-0000-000000000001', 'B1', 'writing', 'cloze', 'Completa la frase con la palabra que falta.', '{"text": "My uncle is stubborn and never changes his mind.", "audio_url": "https://wiauinufpbkmjlbqlkxo.supabase.co/storage/v1/object/public/audio/items/7fdda3e5-9870-54be-aad5-6fdcb9a466c3.mp3"}'::jsonb, '{"value": "stubborn", "accepted": ["stubborn"]}'::jsonb, 0.35, array['vocab_f1','writing']) on conflict (id) do nothing;
insert into content_items(id,course_id,cefr_level,skill,type,prompt,payload,correct_answer,difficulty,tags) values ('651e6714-cd11-566a-8de7-6dd64542b749', '20000000-0000-0000-0000-000000000001', 'B1', 'writing', 'cloze', 'Completa la frase con la palabra que falta.', '{"text": "She is very sensitive and cries during sad films.", "audio_url": "https://wiauinufpbkmjlbqlkxo.supabase.co/storage/v1/object/public/audio/items/651e6714-cd11-566a-8de7-6dd64542b749.mp3"}'::jsonb, '{"value": "sensitive", "accepted": ["sensitive"]}'::jsonb, 0.35, array['vocab_f1','writing']) on conflict (id) do nothing;
insert into content_items(id,course_id,cefr_level,skill,type,prompt,payload,correct_answer,difficulty,tags) values ('0f40cb31-654f-5ab5-9210-29b3f4121b47', '20000000-0000-0000-0000-000000000001', 'B1', 'writing', 'cloze', 'Completa la frase con la palabra que falta.', '{"text": "He is in a good mood today.", "audio_url": "https://wiauinufpbkmjlbqlkxo.supabase.co/storage/v1/object/public/audio/items/0f40cb31-654f-5ab5-9210-29b3f4121b47.mp3"}'::jsonb, '{"value": "mood", "accepted": ["mood"]}'::jsonb, 0.35, array['vocab_f1','writing']) on conflict (id) do nothing;
insert into content_items(id,course_id,cefr_level,skill,type,prompt,payload,correct_answer,difficulty,tags) values ('f780e3a0-c32a-5fbe-8942-f96e76c41795', '20000000-0000-0000-0000-000000000001', 'B1', 'writing', 'cloze', 'Completa la frase con la palabra que falta.', '{"text": "You can trust her with any secret.", "audio_url": "https://wiauinufpbkmjlbqlkxo.supabase.co/storage/v1/object/public/audio/items/f780e3a0-c32a-5fbe-8942-f96e76c41795.mp3"}'::jsonb, '{"value": "trust", "accepted": ["trust"]}'::jsonb, 0.35, array['vocab_f1','writing']) on conflict (id) do nothing;
insert into content_items(id,course_id,cefr_level,skill,type,prompt,payload,correct_answer,difficulty,tags) values ('61505610-c5b9-5846-84b0-6be5daebada6', '20000000-0000-0000-0000-000000000001', 'B1', 'reading', 'match', 'Empareja cada palabra con su traducción.', '{"pairs": [{"en": "angry", "es": "enojado"}, {"en": "calm", "es": "tranquilo"}, {"en": "rude", "es": "grosero"}, {"en": "polite", "es": "educado"}, {"en": "patient", "es": "paciente"}]}'::jsonb, '{"pairs": [["angry", "enojado"], ["calm", "tranquilo"], ["rude", "grosero"], ["polite", "educado"], ["patient", "paciente"]]}'::jsonb, 0.15, array['vocab_f1','reading']) on conflict (id) do nothing;
insert into content_items(id,course_id,cefr_level,skill,type,prompt,payload,correct_answer,difficulty,tags) values ('405d94b4-6807-5e7f-9c96-259176be716a', '20000000-0000-0000-0000-000000000001', 'B1', 'reading', 'match', 'Empareja cada palabra con su traducción.', '{"pairs": [{"en": "cheerful", "es": "alegre"}, {"en": "sad", "es": "triste"}, {"en": "clever", "es": "listo"}, {"en": "stubborn", "es": "terco"}, {"en": "sensitive", "es": "sensible"}]}'::jsonb, '{"pairs": [["cheerful", "alegre"], ["sad", "triste"], ["clever", "listo"], ["stubborn", "terco"], ["sensitive", "sensible"]]}'::jsonb, 0.15, array['vocab_f1','reading']) on conflict (id) do nothing;
insert into content_items(id,course_id,cefr_level,skill,type,prompt,payload,correct_answer,difficulty,tags) values ('63ed8aad-3297-5954-9d4c-2ee720b2f099', '20000000-0000-0000-0000-000000000001', 'B1', 'reading', 'match', 'Empareja cada palabra con su traducción.', '{"pairs": [{"en": "mood", "es": "ánimo"}, {"en": "trust", "es": "confiar"}]}'::jsonb, '{"pairs": [["mood", "ánimo"], ["trust", "confiar"]]}'::jsonb, 0.15, array['vocab_f1','reading']) on conflict (id) do nothing;

-- 3) lecciones de vocabulario + lesson_items (antes del checkpoint)
do $$
declare v_unit uuid; v_c int;
begin
  if exists (select 1 from lessons where id='d64b9d35-c2aa-5b77-975e-ca9130e8fdbf') then return; end if;
  select id into v_unit from units where course_id='20000000-0000-0000-0000-000000000001' and order_index=7;
  if v_unit is null then return; end if;
  select min(order_index) into v_c from lessons where unit_id=v_unit and type='checkpoint';
  if v_c is null then select max(order_index)+1 into v_c from lessons where unit_id=v_unit; end if;
  update lessons set order_index=order_index+1000 where unit_id=v_unit and order_index>=v_c;
  insert into lessons(id,unit_id,order_index,title,description,type,xp_reward) values ('d64b9d35-c2aa-5b77-975e-ca9130e8fdbf', v_unit, v_c+0, 'Vocabulario: la ciudad 1', 'Aprende palabras nuevas de alta frecuencia con ejemplos y audio.', 'lesson', 15) on conflict (id) do nothing;
  insert into lesson_items(lesson_id,item_id,order_index) values ('d64b9d35-c2aa-5b77-975e-ca9130e8fdbf', '65102f4d-4fb1-5c32-ac20-80221b9d065f', 0) on conflict do nothing;
  insert into lesson_items(lesson_id,item_id,order_index) values ('d64b9d35-c2aa-5b77-975e-ca9130e8fdbf', '874ac887-0d2d-5bb0-b902-8398d9cf2aff', 1) on conflict do nothing;
  insert into lesson_items(lesson_id,item_id,order_index) values ('d64b9d35-c2aa-5b77-975e-ca9130e8fdbf', '5d5436c5-4d1e-59dc-ade3-886434636836', 2) on conflict do nothing;
  insert into lesson_items(lesson_id,item_id,order_index) values ('d64b9d35-c2aa-5b77-975e-ca9130e8fdbf', 'd4531c92-643e-56d1-9668-b73e67aa3f2b', 3) on conflict do nothing;
  insert into lesson_items(lesson_id,item_id,order_index) values ('d64b9d35-c2aa-5b77-975e-ca9130e8fdbf', 'b997177d-e295-5c11-8830-109567a503b1', 4) on conflict do nothing;
  insert into lesson_items(lesson_id,item_id,order_index) values ('d64b9d35-c2aa-5b77-975e-ca9130e8fdbf', '128e2b2d-dda5-54fd-9bad-c1c2776c2f9d', 5) on conflict do nothing;
  insert into lesson_items(lesson_id,item_id,order_index) values ('d64b9d35-c2aa-5b77-975e-ca9130e8fdbf', 'aef06e9d-5205-5c2a-8228-2c7116a5f802', 6) on conflict do nothing;
  insert into lesson_items(lesson_id,item_id,order_index) values ('d64b9d35-c2aa-5b77-975e-ca9130e8fdbf', 'be46085f-9fd2-5fbc-892f-f65779eb9bc2', 7) on conflict do nothing;
  insert into lesson_items(lesson_id,item_id,order_index) values ('d64b9d35-c2aa-5b77-975e-ca9130e8fdbf', '111dc29c-184e-52c4-9e41-4c2979816d1f', 8) on conflict do nothing;
  insert into lesson_items(lesson_id,item_id,order_index) values ('d64b9d35-c2aa-5b77-975e-ca9130e8fdbf', '5d6fa588-b279-539d-bf01-e4ea92546dd9', 9) on conflict do nothing;
  insert into lesson_items(lesson_id,item_id,order_index) values ('d64b9d35-c2aa-5b77-975e-ca9130e8fdbf', 'b36826af-48a6-566a-8f45-169c25f53c4c', 10) on conflict do nothing;
  insert into lesson_items(lesson_id,item_id,order_index) values ('d64b9d35-c2aa-5b77-975e-ca9130e8fdbf', '82ac93e7-57b6-5eea-a8a2-44b8781eab6e', 11) on conflict do nothing;
  insert into lesson_items(lesson_id,item_id,order_index) values ('d64b9d35-c2aa-5b77-975e-ca9130e8fdbf', '49d50502-b79c-50e1-8e4c-1c08d5df206f', 12) on conflict do nothing;
  insert into lesson_items(lesson_id,item_id,order_index) values ('d64b9d35-c2aa-5b77-975e-ca9130e8fdbf', '8ba1157b-6d2e-5386-a0fe-7d9f9df7edb5', 13) on conflict do nothing;
  insert into lesson_items(lesson_id,item_id,order_index) values ('d64b9d35-c2aa-5b77-975e-ca9130e8fdbf', '6f722284-3a24-5bdb-a3f4-4d869a59c942', 14) on conflict do nothing;
  insert into lessons(id,unit_id,order_index,title,description,type,xp_reward) values ('81f15b4a-0a2e-5157-9875-b4977e98cd12', v_unit, v_c+1, 'Vocabulario: la ciudad 2', 'Aprende palabras nuevas de alta frecuencia con ejemplos y audio.', 'lesson', 15) on conflict (id) do nothing;
  insert into lesson_items(lesson_id,item_id,order_index) values ('81f15b4a-0a2e-5157-9875-b4977e98cd12', '423eb589-be62-5ecb-b6ad-3261dbf4116a', 0) on conflict do nothing;
  insert into lesson_items(lesson_id,item_id,order_index) values ('81f15b4a-0a2e-5157-9875-b4977e98cd12', 'e79b1b51-b724-5b1d-b727-899edb3a0926', 1) on conflict do nothing;
  insert into lesson_items(lesson_id,item_id,order_index) values ('81f15b4a-0a2e-5157-9875-b4977e98cd12', '59f313be-685c-5c94-abe1-b8d0242ebda3', 2) on conflict do nothing;
  insert into lesson_items(lesson_id,item_id,order_index) values ('81f15b4a-0a2e-5157-9875-b4977e98cd12', '62377e1f-6aa4-5b6c-8354-ece531e6ebb9', 3) on conflict do nothing;
  insert into lesson_items(lesson_id,item_id,order_index) values ('81f15b4a-0a2e-5157-9875-b4977e98cd12', 'ccec592a-6873-54e6-bdb9-39feb7a4a26c', 4) on conflict do nothing;
  insert into lesson_items(lesson_id,item_id,order_index) values ('81f15b4a-0a2e-5157-9875-b4977e98cd12', '65f8ac71-ac26-5f86-884b-e25de100c0e2', 5) on conflict do nothing;
  insert into lesson_items(lesson_id,item_id,order_index) values ('81f15b4a-0a2e-5157-9875-b4977e98cd12', 'c1f51f6c-5f5f-5d4d-8f03-53c153ddc5e2', 6) on conflict do nothing;
  insert into lesson_items(lesson_id,item_id,order_index) values ('81f15b4a-0a2e-5157-9875-b4977e98cd12', '8f8886dc-1dfa-51e7-a4f0-7bbdce909a05', 7) on conflict do nothing;
  insert into lesson_items(lesson_id,item_id,order_index) values ('81f15b4a-0a2e-5157-9875-b4977e98cd12', '30d21f0b-d6c3-5753-9e95-dc0c5150749a', 8) on conflict do nothing;
  insert into lesson_items(lesson_id,item_id,order_index) values ('81f15b4a-0a2e-5157-9875-b4977e98cd12', '84575e0b-88bd-5afd-960d-244d5278f63c', 9) on conflict do nothing;
  insert into lesson_items(lesson_id,item_id,order_index) values ('81f15b4a-0a2e-5157-9875-b4977e98cd12', '2ecd2c88-7579-5842-bb16-ec98eafe2b9c', 10) on conflict do nothing;
  insert into lesson_items(lesson_id,item_id,order_index) values ('81f15b4a-0a2e-5157-9875-b4977e98cd12', '8dd56529-157b-50b1-8326-cddd8d47b16e', 11) on conflict do nothing;
  insert into lesson_items(lesson_id,item_id,order_index) values ('81f15b4a-0a2e-5157-9875-b4977e98cd12', '2576d4ac-c7af-5272-ac0d-87ca639f5536', 12) on conflict do nothing;
  insert into lesson_items(lesson_id,item_id,order_index) values ('81f15b4a-0a2e-5157-9875-b4977e98cd12', 'fae7e1ff-d7ce-5a0a-b615-2626ad3fdd90', 13) on conflict do nothing;
  insert into lesson_items(lesson_id,item_id,order_index) values ('81f15b4a-0a2e-5157-9875-b4977e98cd12', '027c6b2b-38c8-5a15-97d6-e8524ad37c13', 14) on conflict do nothing;
  update lessons set order_index=order_index-1000+2 where unit_id=v_unit and order_index>=1000;
end $$;

do $$
declare v_unit uuid; v_c int;
begin
  if exists (select 1 from lessons where id='51ab9121-823a-5c49-b091-e86f3c566368') then return; end if;
  select id into v_unit from units where course_id='20000000-0000-0000-0000-000000000001' and order_index=8;
  if v_unit is null then return; end if;
  select min(order_index) into v_c from lessons where unit_id=v_unit and type='checkpoint';
  if v_c is null then select max(order_index)+1 into v_c from lessons where unit_id=v_unit; end if;
  update lessons set order_index=order_index+1000 where unit_id=v_unit and order_index>=v_c;
  insert into lessons(id,unit_id,order_index,title,description,type,xp_reward) values ('51ab9121-823a-5c49-b091-e86f3c566368', v_unit, v_c+0, 'Vocabulario: el hogar 1', 'Aprende palabras nuevas de alta frecuencia con ejemplos y audio.', 'lesson', 15) on conflict (id) do nothing;
  insert into lesson_items(lesson_id,item_id,order_index) values ('51ab9121-823a-5c49-b091-e86f3c566368', '73f241a9-2d91-5b40-ab60-d07a46317982', 0) on conflict do nothing;
  insert into lesson_items(lesson_id,item_id,order_index) values ('51ab9121-823a-5c49-b091-e86f3c566368', 'ea93f723-37bd-5086-8697-ddf9da66822e', 1) on conflict do nothing;
  insert into lesson_items(lesson_id,item_id,order_index) values ('51ab9121-823a-5c49-b091-e86f3c566368', 'bb1145e3-8d77-52f4-9e78-399cf138e17b', 2) on conflict do nothing;
  insert into lesson_items(lesson_id,item_id,order_index) values ('51ab9121-823a-5c49-b091-e86f3c566368', '4278777f-b189-5838-94aa-6e3379599abd', 3) on conflict do nothing;
  insert into lesson_items(lesson_id,item_id,order_index) values ('51ab9121-823a-5c49-b091-e86f3c566368', '523e919e-7781-521e-b20b-098aec07450b', 4) on conflict do nothing;
  insert into lesson_items(lesson_id,item_id,order_index) values ('51ab9121-823a-5c49-b091-e86f3c566368', '458e26e5-b671-5b40-a5a6-178cd5b47b20', 5) on conflict do nothing;
  insert into lesson_items(lesson_id,item_id,order_index) values ('51ab9121-823a-5c49-b091-e86f3c566368', '825ca7a8-4def-5a8a-8f44-7758d0015bd8', 6) on conflict do nothing;
  insert into lesson_items(lesson_id,item_id,order_index) values ('51ab9121-823a-5c49-b091-e86f3c566368', 'c1976a86-be75-538a-867c-87cffc4321d2', 7) on conflict do nothing;
  insert into lesson_items(lesson_id,item_id,order_index) values ('51ab9121-823a-5c49-b091-e86f3c566368', '21e6a6bf-ac35-5693-ab16-9bd726334003', 8) on conflict do nothing;
  insert into lesson_items(lesson_id,item_id,order_index) values ('51ab9121-823a-5c49-b091-e86f3c566368', 'cdd8b032-a73f-5e00-8b1d-35243f6bd5c8', 9) on conflict do nothing;
  insert into lesson_items(lesson_id,item_id,order_index) values ('51ab9121-823a-5c49-b091-e86f3c566368', 'af44bb22-2222-584b-bda7-300c2787e7fa', 10) on conflict do nothing;
  insert into lesson_items(lesson_id,item_id,order_index) values ('51ab9121-823a-5c49-b091-e86f3c566368', 'b68aa189-4075-55b2-8d7d-4cf862b0f108', 11) on conflict do nothing;
  insert into lesson_items(lesson_id,item_id,order_index) values ('51ab9121-823a-5c49-b091-e86f3c566368', '66392298-0c41-5ea4-97bc-d0bce0d07aaa', 12) on conflict do nothing;
  insert into lesson_items(lesson_id,item_id,order_index) values ('51ab9121-823a-5c49-b091-e86f3c566368', '2a800db2-25a1-5163-8cab-7cf65b8f6742', 13) on conflict do nothing;
  insert into lesson_items(lesson_id,item_id,order_index) values ('51ab9121-823a-5c49-b091-e86f3c566368', '03c7d737-2b29-5f26-b664-0a36607dd46b', 14) on conflict do nothing;
  insert into lessons(id,unit_id,order_index,title,description,type,xp_reward) values ('cc27d1a6-6006-587f-bc74-cc79511374bb', v_unit, v_c+1, 'Vocabulario: el hogar 2', 'Aprende palabras nuevas de alta frecuencia con ejemplos y audio.', 'lesson', 15) on conflict (id) do nothing;
  insert into lesson_items(lesson_id,item_id,order_index) values ('cc27d1a6-6006-587f-bc74-cc79511374bb', '28a256e9-0b27-5158-bf40-c33f92ad43e8', 0) on conflict do nothing;
  insert into lesson_items(lesson_id,item_id,order_index) values ('cc27d1a6-6006-587f-bc74-cc79511374bb', '95a13abe-c11d-5b71-9aa3-fbc4b3bc6ff2', 1) on conflict do nothing;
  insert into lesson_items(lesson_id,item_id,order_index) values ('cc27d1a6-6006-587f-bc74-cc79511374bb', '639e9e48-890b-5498-93db-4d54e1fd53db', 2) on conflict do nothing;
  insert into lesson_items(lesson_id,item_id,order_index) values ('cc27d1a6-6006-587f-bc74-cc79511374bb', '9c512dc4-8514-588d-9595-434064301710', 3) on conflict do nothing;
  insert into lesson_items(lesson_id,item_id,order_index) values ('cc27d1a6-6006-587f-bc74-cc79511374bb', '74fce823-66aa-5d27-970a-fa1d4447df7a', 4) on conflict do nothing;
  insert into lesson_items(lesson_id,item_id,order_index) values ('cc27d1a6-6006-587f-bc74-cc79511374bb', '666561d7-b70f-5d4f-b923-865691da2346', 5) on conflict do nothing;
  insert into lesson_items(lesson_id,item_id,order_index) values ('cc27d1a6-6006-587f-bc74-cc79511374bb', 'fb7fe012-b957-544e-8aea-1c502e0bf69c', 6) on conflict do nothing;
  insert into lesson_items(lesson_id,item_id,order_index) values ('cc27d1a6-6006-587f-bc74-cc79511374bb', '9cccb1f9-f572-5926-91be-2a1e7c9e4c8f', 7) on conflict do nothing;
  insert into lesson_items(lesson_id,item_id,order_index) values ('cc27d1a6-6006-587f-bc74-cc79511374bb', '8dbbe9e2-6919-5ba1-8d3b-83f5696550d8', 8) on conflict do nothing;
  insert into lesson_items(lesson_id,item_id,order_index) values ('cc27d1a6-6006-587f-bc74-cc79511374bb', '262675bc-5969-509a-b8f7-b64ced13dea9', 9) on conflict do nothing;
  insert into lesson_items(lesson_id,item_id,order_index) values ('cc27d1a6-6006-587f-bc74-cc79511374bb', '06c2bbaa-a973-5ca1-965b-67a94dc22b98', 10) on conflict do nothing;
  insert into lesson_items(lesson_id,item_id,order_index) values ('cc27d1a6-6006-587f-bc74-cc79511374bb', '81342744-5c65-531a-8118-3bfd76c4df57', 11) on conflict do nothing;
  insert into lesson_items(lesson_id,item_id,order_index) values ('cc27d1a6-6006-587f-bc74-cc79511374bb', '3cfa602b-33cf-5104-8d7c-80f887d7ee22', 12) on conflict do nothing;
  insert into lesson_items(lesson_id,item_id,order_index) values ('cc27d1a6-6006-587f-bc74-cc79511374bb', 'f99718e1-8bdf-5624-8290-4453da1164f4', 13) on conflict do nothing;
  insert into lesson_items(lesson_id,item_id,order_index) values ('cc27d1a6-6006-587f-bc74-cc79511374bb', '80868b11-269c-5b54-95b7-fb10b8b660c1', 14) on conflict do nothing;
  update lessons set order_index=order_index-1000+2 where unit_id=v_unit and order_index>=1000;
end $$;

do $$
declare v_unit uuid; v_c int;
begin
  if exists (select 1 from lessons where id='f4708014-694e-505d-9782-97cc84d7ba95') then return; end if;
  select id into v_unit from units where course_id='20000000-0000-0000-0000-000000000001' and order_index=9;
  if v_unit is null then return; end if;
  select min(order_index) into v_c from lessons where unit_id=v_unit and type='checkpoint';
  if v_c is null then select max(order_index)+1 into v_c from lessons where unit_id=v_unit; end if;
  update lessons set order_index=order_index+1000 where unit_id=v_unit and order_index>=v_c;
  insert into lessons(id,unit_id,order_index,title,description,type,xp_reward) values ('f4708014-694e-505d-9782-97cc84d7ba95', v_unit, v_c+0, 'Vocabulario: la comida 1', 'Aprende palabras nuevas de alta frecuencia con ejemplos y audio.', 'lesson', 15) on conflict (id) do nothing;
  insert into lesson_items(lesson_id,item_id,order_index) values ('f4708014-694e-505d-9782-97cc84d7ba95', '878d69de-b017-580d-94fd-269b809ba237', 0) on conflict do nothing;
  insert into lesson_items(lesson_id,item_id,order_index) values ('f4708014-694e-505d-9782-97cc84d7ba95', '0aa6a9c8-1c0d-5a0e-affc-6dd77b284e05', 1) on conflict do nothing;
  insert into lesson_items(lesson_id,item_id,order_index) values ('f4708014-694e-505d-9782-97cc84d7ba95', '8b92f954-3f21-5654-ae51-3e87342f0d57', 2) on conflict do nothing;
  insert into lesson_items(lesson_id,item_id,order_index) values ('f4708014-694e-505d-9782-97cc84d7ba95', '777ae9f9-04a4-5082-a1e9-c80c3182f9f6', 3) on conflict do nothing;
  insert into lesson_items(lesson_id,item_id,order_index) values ('f4708014-694e-505d-9782-97cc84d7ba95', 'b70fd70c-b5fd-546e-b67a-ce1d13df51a8', 4) on conflict do nothing;
  insert into lesson_items(lesson_id,item_id,order_index) values ('f4708014-694e-505d-9782-97cc84d7ba95', '7c986d12-53c4-5585-8fa2-cf569fd72895', 5) on conflict do nothing;
  insert into lesson_items(lesson_id,item_id,order_index) values ('f4708014-694e-505d-9782-97cc84d7ba95', '86c1fb01-d4fa-5b77-8501-5000df44a098', 6) on conflict do nothing;
  insert into lesson_items(lesson_id,item_id,order_index) values ('f4708014-694e-505d-9782-97cc84d7ba95', 'dbde3e53-8ebe-5991-8168-7f7c7001e0a2', 7) on conflict do nothing;
  insert into lesson_items(lesson_id,item_id,order_index) values ('f4708014-694e-505d-9782-97cc84d7ba95', 'aee9597f-a3e0-5aef-9c50-37a207a38c8e', 8) on conflict do nothing;
  insert into lesson_items(lesson_id,item_id,order_index) values ('f4708014-694e-505d-9782-97cc84d7ba95', '8eb1cd95-f2fd-5181-9af3-d086991d42b9', 9) on conflict do nothing;
  insert into lesson_items(lesson_id,item_id,order_index) values ('f4708014-694e-505d-9782-97cc84d7ba95', '66c58dde-387f-573e-b7b4-702e94511022', 10) on conflict do nothing;
  insert into lesson_items(lesson_id,item_id,order_index) values ('f4708014-694e-505d-9782-97cc84d7ba95', 'f44904b0-b2f6-53ed-b0a0-4c07b56fb210', 11) on conflict do nothing;
  insert into lesson_items(lesson_id,item_id,order_index) values ('f4708014-694e-505d-9782-97cc84d7ba95', 'f5a1e99c-30c4-5aad-bc2d-db4fb0681530', 12) on conflict do nothing;
  insert into lesson_items(lesson_id,item_id,order_index) values ('f4708014-694e-505d-9782-97cc84d7ba95', 'ae07d785-aa33-5e5d-aff2-07d5fb1ded6a', 13) on conflict do nothing;
  insert into lesson_items(lesson_id,item_id,order_index) values ('f4708014-694e-505d-9782-97cc84d7ba95', '0031158e-e5cc-52d1-b0f5-6b0dcd272060', 14) on conflict do nothing;
  insert into lessons(id,unit_id,order_index,title,description,type,xp_reward) values ('d413a41e-7de4-5899-ae3b-3a301a6f896e', v_unit, v_c+1, 'Vocabulario: la comida 2', 'Aprende palabras nuevas de alta frecuencia con ejemplos y audio.', 'lesson', 15) on conflict (id) do nothing;
  insert into lesson_items(lesson_id,item_id,order_index) values ('d413a41e-7de4-5899-ae3b-3a301a6f896e', 'da531b4a-1cdd-5e60-a80b-41995533c941', 0) on conflict do nothing;
  insert into lesson_items(lesson_id,item_id,order_index) values ('d413a41e-7de4-5899-ae3b-3a301a6f896e', 'a9d877cc-18f8-52f1-a3d2-0222691b14d4', 1) on conflict do nothing;
  insert into lesson_items(lesson_id,item_id,order_index) values ('d413a41e-7de4-5899-ae3b-3a301a6f896e', '31a9742a-555f-5583-9cca-8bb7afe1f6af', 2) on conflict do nothing;
  insert into lesson_items(lesson_id,item_id,order_index) values ('d413a41e-7de4-5899-ae3b-3a301a6f896e', 'c69f7b6f-19c8-5cae-a80e-9ba4909a64f0', 3) on conflict do nothing;
  insert into lesson_items(lesson_id,item_id,order_index) values ('d413a41e-7de4-5899-ae3b-3a301a6f896e', 'f04e282f-4e02-57a0-9f3a-24e0aa77325f', 4) on conflict do nothing;
  insert into lesson_items(lesson_id,item_id,order_index) values ('d413a41e-7de4-5899-ae3b-3a301a6f896e', '3bd9520a-561b-583a-b251-47451940df2e', 5) on conflict do nothing;
  insert into lesson_items(lesson_id,item_id,order_index) values ('d413a41e-7de4-5899-ae3b-3a301a6f896e', 'cf0eb685-bed5-54bf-bd07-088887ac0c2d', 6) on conflict do nothing;
  insert into lesson_items(lesson_id,item_id,order_index) values ('d413a41e-7de4-5899-ae3b-3a301a6f896e', 'd51fca06-1033-5335-8b13-c95f75b201f1', 7) on conflict do nothing;
  insert into lesson_items(lesson_id,item_id,order_index) values ('d413a41e-7de4-5899-ae3b-3a301a6f896e', '7377ca7e-9722-599b-ae6a-2bcc210e00ac', 8) on conflict do nothing;
  insert into lesson_items(lesson_id,item_id,order_index) values ('d413a41e-7de4-5899-ae3b-3a301a6f896e', 'd55ca113-bbf8-5778-81d5-dc01ee95e636', 9) on conflict do nothing;
  insert into lesson_items(lesson_id,item_id,order_index) values ('d413a41e-7de4-5899-ae3b-3a301a6f896e', 'bb366080-f78a-5179-988e-3613596f8a87', 10) on conflict do nothing;
  insert into lesson_items(lesson_id,item_id,order_index) values ('d413a41e-7de4-5899-ae3b-3a301a6f896e', '9c3cac5d-22ce-5fac-9b52-88fb4f420c43', 11) on conflict do nothing;
  insert into lesson_items(lesson_id,item_id,order_index) values ('d413a41e-7de4-5899-ae3b-3a301a6f896e', '06e58b5d-32aa-5b1b-843c-819545c171f4', 12) on conflict do nothing;
  insert into lesson_items(lesson_id,item_id,order_index) values ('d413a41e-7de4-5899-ae3b-3a301a6f896e', '22b4cf20-8674-5a6e-ab60-9049428be988', 13) on conflict do nothing;
  insert into lesson_items(lesson_id,item_id,order_index) values ('d413a41e-7de4-5899-ae3b-3a301a6f896e', 'f58e68cf-6838-52ab-908c-86446e419164', 14) on conflict do nothing;
  update lessons set order_index=order_index-1000+2 where unit_id=v_unit and order_index>=1000;
end $$;

do $$
declare v_unit uuid; v_c int;
begin
  if exists (select 1 from lessons where id='eb11e699-8ce1-58bb-bd2b-31faa5b9f99d') then return; end if;
  select id into v_unit from units where course_id='20000000-0000-0000-0000-000000000001' and order_index=10;
  if v_unit is null then return; end if;
  select min(order_index) into v_c from lessons where unit_id=v_unit and type='checkpoint';
  if v_c is null then select max(order_index)+1 into v_c from lessons where unit_id=v_unit; end if;
  update lessons set order_index=order_index+1000 where unit_id=v_unit and order_index>=v_c;
  insert into lessons(id,unit_id,order_index,title,description,type,xp_reward) values ('eb11e699-8ce1-58bb-bd2b-31faa5b9f99d', v_unit, v_c+0, 'Vocabulario: viajar 1', 'Aprende palabras nuevas de alta frecuencia con ejemplos y audio.', 'lesson', 15) on conflict (id) do nothing;
  insert into lesson_items(lesson_id,item_id,order_index) values ('eb11e699-8ce1-58bb-bd2b-31faa5b9f99d', '61599b49-6142-58b8-8bbe-f04dd25fc955', 0) on conflict do nothing;
  insert into lesson_items(lesson_id,item_id,order_index) values ('eb11e699-8ce1-58bb-bd2b-31faa5b9f99d', '63eb36f9-eacb-5d27-b3bf-9b1262e33787', 1) on conflict do nothing;
  insert into lesson_items(lesson_id,item_id,order_index) values ('eb11e699-8ce1-58bb-bd2b-31faa5b9f99d', '0ddb3fe2-dfa8-5966-a385-87337876ba85', 2) on conflict do nothing;
  insert into lesson_items(lesson_id,item_id,order_index) values ('eb11e699-8ce1-58bb-bd2b-31faa5b9f99d', 'fe126d3e-fe51-522f-af2e-9182ed76fbd6', 3) on conflict do nothing;
  insert into lesson_items(lesson_id,item_id,order_index) values ('eb11e699-8ce1-58bb-bd2b-31faa5b9f99d', 'd63236bc-a979-5ed3-b7f3-72b043e4ea99', 4) on conflict do nothing;
  insert into lesson_items(lesson_id,item_id,order_index) values ('eb11e699-8ce1-58bb-bd2b-31faa5b9f99d', '6feb9ea4-3f4b-5e92-96ed-7e77e0d2f899', 5) on conflict do nothing;
  insert into lesson_items(lesson_id,item_id,order_index) values ('eb11e699-8ce1-58bb-bd2b-31faa5b9f99d', '54343631-5ead-5843-b7f1-18319b21e715', 6) on conflict do nothing;
  insert into lesson_items(lesson_id,item_id,order_index) values ('eb11e699-8ce1-58bb-bd2b-31faa5b9f99d', 'aa0f6fed-805b-5f26-b61b-f9772a7123e2', 7) on conflict do nothing;
  insert into lesson_items(lesson_id,item_id,order_index) values ('eb11e699-8ce1-58bb-bd2b-31faa5b9f99d', '0ea37d84-aa86-5863-b128-7885f7c2fcf4', 8) on conflict do nothing;
  insert into lesson_items(lesson_id,item_id,order_index) values ('eb11e699-8ce1-58bb-bd2b-31faa5b9f99d', '031c2fad-0a63-5b1d-aff4-8f808f9ed6e7', 9) on conflict do nothing;
  insert into lesson_items(lesson_id,item_id,order_index) values ('eb11e699-8ce1-58bb-bd2b-31faa5b9f99d', '5c35e2ac-13ba-5f3b-b316-b0e68809f9c4', 10) on conflict do nothing;
  insert into lesson_items(lesson_id,item_id,order_index) values ('eb11e699-8ce1-58bb-bd2b-31faa5b9f99d', '2d634214-1d33-5e63-914e-a6320471eb04', 11) on conflict do nothing;
  insert into lesson_items(lesson_id,item_id,order_index) values ('eb11e699-8ce1-58bb-bd2b-31faa5b9f99d', '352c73b9-eb73-5f5a-a901-0350568d57ff', 12) on conflict do nothing;
  insert into lessons(id,unit_id,order_index,title,description,type,xp_reward) values ('e3f8ca4b-a69a-5e7f-ae95-4a35d8b25e01', v_unit, v_c+1, 'Vocabulario: viajar 2', 'Aprende palabras nuevas de alta frecuencia con ejemplos y audio.', 'lesson', 15) on conflict (id) do nothing;
  insert into lesson_items(lesson_id,item_id,order_index) values ('e3f8ca4b-a69a-5e7f-ae95-4a35d8b25e01', '63206f04-cdf4-587a-8fab-f6fee6f8f711', 0) on conflict do nothing;
  insert into lesson_items(lesson_id,item_id,order_index) values ('e3f8ca4b-a69a-5e7f-ae95-4a35d8b25e01', 'fe8c77f0-06bf-5c63-836b-67aef238a39a', 1) on conflict do nothing;
  insert into lesson_items(lesson_id,item_id,order_index) values ('e3f8ca4b-a69a-5e7f-ae95-4a35d8b25e01', 'f976d7c6-4fb4-5284-a657-adb7e99a8998', 2) on conflict do nothing;
  insert into lesson_items(lesson_id,item_id,order_index) values ('e3f8ca4b-a69a-5e7f-ae95-4a35d8b25e01', '62be0d1f-7792-5996-bce9-79cca52b686b', 3) on conflict do nothing;
  insert into lesson_items(lesson_id,item_id,order_index) values ('e3f8ca4b-a69a-5e7f-ae95-4a35d8b25e01', '72070c16-3edf-5050-b046-6098470d7c14', 4) on conflict do nothing;
  insert into lesson_items(lesson_id,item_id,order_index) values ('e3f8ca4b-a69a-5e7f-ae95-4a35d8b25e01', '7506f1d9-010c-5b9e-b901-659678cc1b78', 5) on conflict do nothing;
  insert into lesson_items(lesson_id,item_id,order_index) values ('e3f8ca4b-a69a-5e7f-ae95-4a35d8b25e01', '5a9dcead-8b19-57fe-a408-2ea9f250d179', 6) on conflict do nothing;
  insert into lesson_items(lesson_id,item_id,order_index) values ('e3f8ca4b-a69a-5e7f-ae95-4a35d8b25e01', '57f83a67-f15a-5f59-9023-e1d0fb2ccfba', 7) on conflict do nothing;
  insert into lesson_items(lesson_id,item_id,order_index) values ('e3f8ca4b-a69a-5e7f-ae95-4a35d8b25e01', '98d8de62-4216-5f74-b331-3e16e7852801', 8) on conflict do nothing;
  insert into lesson_items(lesson_id,item_id,order_index) values ('e3f8ca4b-a69a-5e7f-ae95-4a35d8b25e01', 'ef904b9d-531e-5024-839a-7e4d60e03fcb', 9) on conflict do nothing;
  insert into lesson_items(lesson_id,item_id,order_index) values ('e3f8ca4b-a69a-5e7f-ae95-4a35d8b25e01', '66377a8a-1c7e-5784-ab45-685765bcc80e', 10) on conflict do nothing;
  insert into lesson_items(lesson_id,item_id,order_index) values ('e3f8ca4b-a69a-5e7f-ae95-4a35d8b25e01', '0f2b53f8-2a4e-5026-b1e8-20dc96401fe6', 11) on conflict do nothing;
  update lessons set order_index=order_index-1000+2 where unit_id=v_unit and order_index>=1000;
end $$;

do $$
declare v_unit uuid; v_c int;
begin
  if exists (select 1 from lessons where id='ab19534e-3e2b-516e-a3fb-8296c934964b') then return; end if;
  select id into v_unit from units where course_id='20000000-0000-0000-0000-000000000001' and order_index=11;
  if v_unit is null then return; end if;
  select min(order_index) into v_c from lessons where unit_id=v_unit and type='checkpoint';
  if v_c is null then select max(order_index)+1 into v_c from lessons where unit_id=v_unit; end if;
  update lessons set order_index=order_index+1000 where unit_id=v_unit and order_index>=v_c;
  insert into lessons(id,unit_id,order_index,title,description,type,xp_reward) values ('ab19534e-3e2b-516e-a3fb-8296c934964b', v_unit, v_c+0, 'Vocabulario: las compras 1', 'Aprende palabras nuevas de alta frecuencia con ejemplos y audio.', 'lesson', 15) on conflict (id) do nothing;
  insert into lesson_items(lesson_id,item_id,order_index) values ('ab19534e-3e2b-516e-a3fb-8296c934964b', '8cdcd63e-6014-5403-be44-f6e1a9271ffa', 0) on conflict do nothing;
  insert into lesson_items(lesson_id,item_id,order_index) values ('ab19534e-3e2b-516e-a3fb-8296c934964b', '946bcf4c-8d2e-579a-88d6-b7f3d07fa3c1', 1) on conflict do nothing;
  insert into lesson_items(lesson_id,item_id,order_index) values ('ab19534e-3e2b-516e-a3fb-8296c934964b', '006a27c0-4ee5-5d76-9544-b4476d66b07f', 2) on conflict do nothing;
  insert into lesson_items(lesson_id,item_id,order_index) values ('ab19534e-3e2b-516e-a3fb-8296c934964b', '6309b6da-b955-57a9-a11e-e45f2b7ca3f9', 3) on conflict do nothing;
  insert into lesson_items(lesson_id,item_id,order_index) values ('ab19534e-3e2b-516e-a3fb-8296c934964b', '60154620-7649-590c-936b-38891d94bdeb', 4) on conflict do nothing;
  insert into lesson_items(lesson_id,item_id,order_index) values ('ab19534e-3e2b-516e-a3fb-8296c934964b', 'bf4ffeba-cacb-5376-9062-e79664c6e7ed', 5) on conflict do nothing;
  insert into lesson_items(lesson_id,item_id,order_index) values ('ab19534e-3e2b-516e-a3fb-8296c934964b', '169b86f8-5e37-529a-a0cc-9ef81c43ac9f', 6) on conflict do nothing;
  insert into lesson_items(lesson_id,item_id,order_index) values ('ab19534e-3e2b-516e-a3fb-8296c934964b', 'aa155c82-9b3f-5b5f-bdba-7a63582312e8', 7) on conflict do nothing;
  insert into lesson_items(lesson_id,item_id,order_index) values ('ab19534e-3e2b-516e-a3fb-8296c934964b', '099df348-7ded-5e99-9aa3-933304dfb0d1', 8) on conflict do nothing;
  insert into lesson_items(lesson_id,item_id,order_index) values ('ab19534e-3e2b-516e-a3fb-8296c934964b', 'bb9198c7-0baa-50d9-8861-1f74578b92ca', 9) on conflict do nothing;
  insert into lesson_items(lesson_id,item_id,order_index) values ('ab19534e-3e2b-516e-a3fb-8296c934964b', 'c281749c-e195-5777-b37f-31d58a95c60e', 10) on conflict do nothing;
  insert into lesson_items(lesson_id,item_id,order_index) values ('ab19534e-3e2b-516e-a3fb-8296c934964b', '6a4d96c7-1deb-5725-a681-d42e1992f62d', 11) on conflict do nothing;
  insert into lesson_items(lesson_id,item_id,order_index) values ('ab19534e-3e2b-516e-a3fb-8296c934964b', '941e9c23-3150-55d2-b717-dc25f00f966d', 12) on conflict do nothing;
  insert into lesson_items(lesson_id,item_id,order_index) values ('ab19534e-3e2b-516e-a3fb-8296c934964b', '33adbe3f-18f2-5dac-a8a4-e0d9836f5265', 13) on conflict do nothing;
  insert into lesson_items(lesson_id,item_id,order_index) values ('ab19534e-3e2b-516e-a3fb-8296c934964b', '0eecf4c5-5f3b-5931-8bd3-e732c0dece95', 14) on conflict do nothing;
  insert into lessons(id,unit_id,order_index,title,description,type,xp_reward) values ('d41b33a0-06dd-590f-b10d-d6274fbab913', v_unit, v_c+1, 'Vocabulario: las compras 2', 'Aprende palabras nuevas de alta frecuencia con ejemplos y audio.', 'lesson', 15) on conflict (id) do nothing;
  insert into lesson_items(lesson_id,item_id,order_index) values ('d41b33a0-06dd-590f-b10d-d6274fbab913', 'e2ff522f-08b3-5c40-8250-c5a6db1dd451', 0) on conflict do nothing;
  insert into lesson_items(lesson_id,item_id,order_index) values ('d41b33a0-06dd-590f-b10d-d6274fbab913', '66a9677c-7ae7-5846-8765-0ef30f544a86', 1) on conflict do nothing;
  insert into lesson_items(lesson_id,item_id,order_index) values ('d41b33a0-06dd-590f-b10d-d6274fbab913', '86853c10-7353-5c02-9398-38cc2170ce97', 2) on conflict do nothing;
  insert into lesson_items(lesson_id,item_id,order_index) values ('d41b33a0-06dd-590f-b10d-d6274fbab913', '345d9016-096a-5754-9c21-85ad0e5e7261', 3) on conflict do nothing;
  insert into lesson_items(lesson_id,item_id,order_index) values ('d41b33a0-06dd-590f-b10d-d6274fbab913', '82631b57-bbff-5980-bc9b-faeab22413d5', 4) on conflict do nothing;
  insert into lesson_items(lesson_id,item_id,order_index) values ('d41b33a0-06dd-590f-b10d-d6274fbab913', 'cd8884d8-24aa-5eb3-9a06-a817c9bb7a12', 5) on conflict do nothing;
  insert into lesson_items(lesson_id,item_id,order_index) values ('d41b33a0-06dd-590f-b10d-d6274fbab913', 'd778ea38-f580-539a-b1dc-109cfd3652ad', 6) on conflict do nothing;
  insert into lesson_items(lesson_id,item_id,order_index) values ('d41b33a0-06dd-590f-b10d-d6274fbab913', '043cd483-c9ab-5428-abda-cf6677ad50f2', 7) on conflict do nothing;
  insert into lesson_items(lesson_id,item_id,order_index) values ('d41b33a0-06dd-590f-b10d-d6274fbab913', '6d830c23-de43-5457-8abe-dcf67b67b1a2', 8) on conflict do nothing;
  insert into lesson_items(lesson_id,item_id,order_index) values ('d41b33a0-06dd-590f-b10d-d6274fbab913', '9cb9b7f8-b492-54b9-80b9-9870869f7dcc', 9) on conflict do nothing;
  insert into lesson_items(lesson_id,item_id,order_index) values ('d41b33a0-06dd-590f-b10d-d6274fbab913', 'd524f289-a6d5-58f3-b1e6-9b3cb9127d65', 10) on conflict do nothing;
  insert into lesson_items(lesson_id,item_id,order_index) values ('d41b33a0-06dd-590f-b10d-d6274fbab913', '66596859-e36f-5efd-9cc4-7e58e477d20e', 11) on conflict do nothing;
  insert into lesson_items(lesson_id,item_id,order_index) values ('d41b33a0-06dd-590f-b10d-d6274fbab913', '7eaf851c-2b79-542c-9240-ad73d72c5b56', 12) on conflict do nothing;
  update lessons set order_index=order_index-1000+2 where unit_id=v_unit and order_index>=1000;
end $$;

do $$
declare v_unit uuid; v_c int;
begin
  if exists (select 1 from lessons where id='3cfd90d3-53cf-5d8b-8d8d-b1eae11e9575') then return; end if;
  select id into v_unit from units where course_id='20000000-0000-0000-0000-000000000001' and order_index=12;
  if v_unit is null then return; end if;
  select min(order_index) into v_c from lessons where unit_id=v_unit and type='checkpoint';
  if v_c is null then select max(order_index)+1 into v_c from lessons where unit_id=v_unit; end if;
  update lessons set order_index=order_index+1000 where unit_id=v_unit and order_index>=v_c;
  insert into lessons(id,unit_id,order_index,title,description,type,xp_reward) values ('3cfd90d3-53cf-5d8b-8d8d-b1eae11e9575', v_unit, v_c+0, 'Vocabulario: el tiempo 1', 'Aprende palabras nuevas de alta frecuencia con ejemplos y audio.', 'lesson', 15) on conflict (id) do nothing;
  insert into lesson_items(lesson_id,item_id,order_index) values ('3cfd90d3-53cf-5d8b-8d8d-b1eae11e9575', '18d09126-82a7-5f06-9c17-9ff35b057c63', 0) on conflict do nothing;
  insert into lesson_items(lesson_id,item_id,order_index) values ('3cfd90d3-53cf-5d8b-8d8d-b1eae11e9575', 'd8c8659c-1e38-53fc-ad0e-f8e614f5aa38', 1) on conflict do nothing;
  insert into lesson_items(lesson_id,item_id,order_index) values ('3cfd90d3-53cf-5d8b-8d8d-b1eae11e9575', '5143bae0-602e-5dcb-8eb4-9af8de291f55', 2) on conflict do nothing;
  insert into lesson_items(lesson_id,item_id,order_index) values ('3cfd90d3-53cf-5d8b-8d8d-b1eae11e9575', 'e10c23f7-6130-58ae-9d8a-a2cb28f77d8c', 3) on conflict do nothing;
  insert into lesson_items(lesson_id,item_id,order_index) values ('3cfd90d3-53cf-5d8b-8d8d-b1eae11e9575', 'd4683713-f67d-5166-a0cc-e1586f54e811', 4) on conflict do nothing;
  insert into lesson_items(lesson_id,item_id,order_index) values ('3cfd90d3-53cf-5d8b-8d8d-b1eae11e9575', 'a3b74bc2-543a-5fca-a1d4-147fa191440a', 5) on conflict do nothing;
  insert into lesson_items(lesson_id,item_id,order_index) values ('3cfd90d3-53cf-5d8b-8d8d-b1eae11e9575', 'c35fd569-ea70-554e-80a1-fb58c277b187', 6) on conflict do nothing;
  insert into lesson_items(lesson_id,item_id,order_index) values ('3cfd90d3-53cf-5d8b-8d8d-b1eae11e9575', '58eeafd7-a4e7-55f0-a911-cfea896c75c9', 7) on conflict do nothing;
  insert into lesson_items(lesson_id,item_id,order_index) values ('3cfd90d3-53cf-5d8b-8d8d-b1eae11e9575', '8da532e9-e6c0-5192-881c-fa79b6e31a50', 8) on conflict do nothing;
  insert into lesson_items(lesson_id,item_id,order_index) values ('3cfd90d3-53cf-5d8b-8d8d-b1eae11e9575', '83f4d716-59e5-52b4-ac80-0a777f41b1c4', 9) on conflict do nothing;
  insert into lesson_items(lesson_id,item_id,order_index) values ('3cfd90d3-53cf-5d8b-8d8d-b1eae11e9575', '0deb04ac-e391-5b3e-b3ba-6d7b1760cb63', 10) on conflict do nothing;
  insert into lesson_items(lesson_id,item_id,order_index) values ('3cfd90d3-53cf-5d8b-8d8d-b1eae11e9575', '292e86ce-62be-5bd5-8024-f1ff97858947', 11) on conflict do nothing;
  insert into lesson_items(lesson_id,item_id,order_index) values ('3cfd90d3-53cf-5d8b-8d8d-b1eae11e9575', '39fd84c7-e424-532b-9e5a-58371f266dd1', 12) on conflict do nothing;
  insert into lesson_items(lesson_id,item_id,order_index) values ('3cfd90d3-53cf-5d8b-8d8d-b1eae11e9575', '30a65c0a-0dc6-5ffb-b407-9c94140928be', 13) on conflict do nothing;
  insert into lesson_items(lesson_id,item_id,order_index) values ('3cfd90d3-53cf-5d8b-8d8d-b1eae11e9575', '651ad26c-377c-5442-8da5-f77891873e38', 14) on conflict do nothing;
  insert into lessons(id,unit_id,order_index,title,description,type,xp_reward) values ('61bc79dc-90db-519a-9335-e40a816ed82c', v_unit, v_c+1, 'Vocabulario: el tiempo 2', 'Aprende palabras nuevas de alta frecuencia con ejemplos y audio.', 'lesson', 15) on conflict (id) do nothing;
  insert into lesson_items(lesson_id,item_id,order_index) values ('61bc79dc-90db-519a-9335-e40a816ed82c', '24ff5859-4f51-5c15-8b8d-0524f0b8b23d', 0) on conflict do nothing;
  insert into lesson_items(lesson_id,item_id,order_index) values ('61bc79dc-90db-519a-9335-e40a816ed82c', '26a2df91-66bb-5ad7-a2bf-91c617f85cf1', 1) on conflict do nothing;
  insert into lesson_items(lesson_id,item_id,order_index) values ('61bc79dc-90db-519a-9335-e40a816ed82c', 'bd6ff26e-f6a8-5a51-91b2-f42f81f09a71', 2) on conflict do nothing;
  insert into lesson_items(lesson_id,item_id,order_index) values ('61bc79dc-90db-519a-9335-e40a816ed82c', 'e7b22a19-1f19-5dee-980c-1b7b09deb4bc', 3) on conflict do nothing;
  insert into lesson_items(lesson_id,item_id,order_index) values ('61bc79dc-90db-519a-9335-e40a816ed82c', 'b92af321-a4af-5f37-9523-529427835164', 4) on conflict do nothing;
  insert into lesson_items(lesson_id,item_id,order_index) values ('61bc79dc-90db-519a-9335-e40a816ed82c', 'ac1eb09c-53d7-5004-aaee-3267090f42e4', 5) on conflict do nothing;
  insert into lesson_items(lesson_id,item_id,order_index) values ('61bc79dc-90db-519a-9335-e40a816ed82c', '9c159231-f766-591c-a9d9-cf9126ced318', 6) on conflict do nothing;
  insert into lesson_items(lesson_id,item_id,order_index) values ('61bc79dc-90db-519a-9335-e40a816ed82c', 'fa1f3916-c065-5132-a51f-c348275fe98a', 7) on conflict do nothing;
  insert into lesson_items(lesson_id,item_id,order_index) values ('61bc79dc-90db-519a-9335-e40a816ed82c', 'ae9826ad-d8ce-5a9f-bd3f-a6cb80a6c0cc', 8) on conflict do nothing;
  insert into lesson_items(lesson_id,item_id,order_index) values ('61bc79dc-90db-519a-9335-e40a816ed82c', 'f80d10c7-7c49-5dda-ba8b-5390244517fb', 9) on conflict do nothing;
  insert into lesson_items(lesson_id,item_id,order_index) values ('61bc79dc-90db-519a-9335-e40a816ed82c', '71c2cda3-d333-5452-8b08-de0bf4b34e5d', 10) on conflict do nothing;
  insert into lesson_items(lesson_id,item_id,order_index) values ('61bc79dc-90db-519a-9335-e40a816ed82c', 'f92be7d2-2825-5ee4-8b35-d19180378451', 11) on conflict do nothing;
  insert into lesson_items(lesson_id,item_id,order_index) values ('61bc79dc-90db-519a-9335-e40a816ed82c', 'f17fa0ae-4bdd-5299-8bed-f4bf988f411a', 12) on conflict do nothing;
  update lessons set order_index=order_index-1000+2 where unit_id=v_unit and order_index>=1000;
end $$;

do $$
declare v_unit uuid; v_c int;
begin
  if exists (select 1 from lessons where id='e96e85ac-e74b-53e6-89e1-cb4f7ef1d37e') then return; end if;
  select id into v_unit from units where course_id='20000000-0000-0000-0000-000000000001' and order_index=13;
  if v_unit is null then return; end if;
  select min(order_index) into v_c from lessons where unit_id=v_unit and type='checkpoint';
  if v_c is null then select max(order_index)+1 into v_c from lessons where unit_id=v_unit; end if;
  update lessons set order_index=order_index+1000 where unit_id=v_unit and order_index>=v_c;
  insert into lessons(id,unit_id,order_index,title,description,type,xp_reward) values ('e96e85ac-e74b-53e6-89e1-cb4f7ef1d37e', v_unit, v_c+0, 'Vocabulario: la salud 1', 'Aprende palabras nuevas de alta frecuencia con ejemplos y audio.', 'lesson', 15) on conflict (id) do nothing;
  insert into lesson_items(lesson_id,item_id,order_index) values ('e96e85ac-e74b-53e6-89e1-cb4f7ef1d37e', '58ecfee3-92a2-5542-9600-b40fdcf1fec0', 0) on conflict do nothing;
  insert into lesson_items(lesson_id,item_id,order_index) values ('e96e85ac-e74b-53e6-89e1-cb4f7ef1d37e', '645ca0b3-8d14-5193-800d-7bd8fee90cc7', 1) on conflict do nothing;
  insert into lesson_items(lesson_id,item_id,order_index) values ('e96e85ac-e74b-53e6-89e1-cb4f7ef1d37e', '47a08d9c-d8e7-54f4-b7b3-3f0410727249', 2) on conflict do nothing;
  insert into lesson_items(lesson_id,item_id,order_index) values ('e96e85ac-e74b-53e6-89e1-cb4f7ef1d37e', '9d633751-bc13-55ba-9852-895d91f816fb', 3) on conflict do nothing;
  insert into lesson_items(lesson_id,item_id,order_index) values ('e96e85ac-e74b-53e6-89e1-cb4f7ef1d37e', '987010d7-c5c1-55f6-bbdf-ae7c0bceab7d', 4) on conflict do nothing;
  insert into lesson_items(lesson_id,item_id,order_index) values ('e96e85ac-e74b-53e6-89e1-cb4f7ef1d37e', 'd6d02a2e-462e-52f0-8b7e-8ddd51388607', 5) on conflict do nothing;
  insert into lesson_items(lesson_id,item_id,order_index) values ('e96e85ac-e74b-53e6-89e1-cb4f7ef1d37e', 'a121904a-5828-5dde-a717-f51cbca076d6', 6) on conflict do nothing;
  insert into lesson_items(lesson_id,item_id,order_index) values ('e96e85ac-e74b-53e6-89e1-cb4f7ef1d37e', '7a608a9e-690d-58b4-8e74-356767ab01c0', 7) on conflict do nothing;
  insert into lesson_items(lesson_id,item_id,order_index) values ('e96e85ac-e74b-53e6-89e1-cb4f7ef1d37e', 'e11035b4-c975-5de4-a8f2-7e6e27d873af', 8) on conflict do nothing;
  insert into lesson_items(lesson_id,item_id,order_index) values ('e96e85ac-e74b-53e6-89e1-cb4f7ef1d37e', 'c0a988ce-521a-5336-b5dc-c5b812b205a5', 9) on conflict do nothing;
  insert into lesson_items(lesson_id,item_id,order_index) values ('e96e85ac-e74b-53e6-89e1-cb4f7ef1d37e', 'b5f1be0d-2f58-5886-b946-72093a019995', 10) on conflict do nothing;
  insert into lesson_items(lesson_id,item_id,order_index) values ('e96e85ac-e74b-53e6-89e1-cb4f7ef1d37e', 'f237e635-2c5d-571b-b519-3f604c130833', 11) on conflict do nothing;
  insert into lesson_items(lesson_id,item_id,order_index) values ('e96e85ac-e74b-53e6-89e1-cb4f7ef1d37e', '8ac3931e-35d3-589c-9d4d-c13cc98cefd8', 12) on conflict do nothing;
  insert into lesson_items(lesson_id,item_id,order_index) values ('e96e85ac-e74b-53e6-89e1-cb4f7ef1d37e', '0c1e5acb-cc4f-5043-a7a5-f65750a8273b', 13) on conflict do nothing;
  insert into lesson_items(lesson_id,item_id,order_index) values ('e96e85ac-e74b-53e6-89e1-cb4f7ef1d37e', 'b3de80af-fbcd-5ea8-9f59-aac2e6b450bd', 14) on conflict do nothing;
  insert into lessons(id,unit_id,order_index,title,description,type,xp_reward) values ('3d9bdf80-a462-5e36-bddd-b1d468e83582', v_unit, v_c+1, 'Vocabulario: la salud 2', 'Aprende palabras nuevas de alta frecuencia con ejemplos y audio.', 'lesson', 15) on conflict (id) do nothing;
  insert into lesson_items(lesson_id,item_id,order_index) values ('3d9bdf80-a462-5e36-bddd-b1d468e83582', 'acbe10d9-1683-5b39-b36e-1aaf0c559e4f', 0) on conflict do nothing;
  insert into lesson_items(lesson_id,item_id,order_index) values ('3d9bdf80-a462-5e36-bddd-b1d468e83582', '5870dfde-1275-55c1-b31f-77afd739b2f6', 1) on conflict do nothing;
  insert into lesson_items(lesson_id,item_id,order_index) values ('3d9bdf80-a462-5e36-bddd-b1d468e83582', '122c4e97-f651-56b9-a6d7-f76e292abf52', 2) on conflict do nothing;
  insert into lesson_items(lesson_id,item_id,order_index) values ('3d9bdf80-a462-5e36-bddd-b1d468e83582', '6aaee7d2-2357-5730-be52-4d61db3c8892', 3) on conflict do nothing;
  insert into lesson_items(lesson_id,item_id,order_index) values ('3d9bdf80-a462-5e36-bddd-b1d468e83582', 'cac20e2d-75c9-58ce-99c9-0dcb9c496ba6', 4) on conflict do nothing;
  insert into lesson_items(lesson_id,item_id,order_index) values ('3d9bdf80-a462-5e36-bddd-b1d468e83582', '6cea6b83-6f48-5df1-8a36-bef297a935c2', 5) on conflict do nothing;
  insert into lesson_items(lesson_id,item_id,order_index) values ('3d9bdf80-a462-5e36-bddd-b1d468e83582', 'c5e22035-f186-58ff-ae44-6c0ef88099ea', 6) on conflict do nothing;
  insert into lesson_items(lesson_id,item_id,order_index) values ('3d9bdf80-a462-5e36-bddd-b1d468e83582', '61882441-59b0-5ce7-abc9-13d047a35573', 7) on conflict do nothing;
  insert into lesson_items(lesson_id,item_id,order_index) values ('3d9bdf80-a462-5e36-bddd-b1d468e83582', '8cf032f9-5be6-54ea-b0e1-fcfbef9a8d2b', 8) on conflict do nothing;
  insert into lesson_items(lesson_id,item_id,order_index) values ('3d9bdf80-a462-5e36-bddd-b1d468e83582', '196289fa-534b-5d0a-b605-d1c200068055', 9) on conflict do nothing;
  insert into lesson_items(lesson_id,item_id,order_index) values ('3d9bdf80-a462-5e36-bddd-b1d468e83582', '777dd1fc-618b-5818-8646-0072008ae216', 10) on conflict do nothing;
  insert into lesson_items(lesson_id,item_id,order_index) values ('3d9bdf80-a462-5e36-bddd-b1d468e83582', '536cebca-e9f8-55e0-97c4-074008a8daf0', 11) on conflict do nothing;
  insert into lesson_items(lesson_id,item_id,order_index) values ('3d9bdf80-a462-5e36-bddd-b1d468e83582', 'f93dbb99-0707-591a-b0f0-8a9602c56db7', 12) on conflict do nothing;
  insert into lesson_items(lesson_id,item_id,order_index) values ('3d9bdf80-a462-5e36-bddd-b1d468e83582', '570dc839-5da0-5855-b60c-6ad16f3de973', 13) on conflict do nothing;
  insert into lesson_items(lesson_id,item_id,order_index) values ('3d9bdf80-a462-5e36-bddd-b1d468e83582', '19f8ac8c-df78-5f3a-a17d-9328a1f6e9b2', 14) on conflict do nothing;
  update lessons set order_index=order_index-1000+2 where unit_id=v_unit and order_index>=1000;
end $$;

do $$
declare v_unit uuid; v_c int;
begin
  if exists (select 1 from lessons where id='3a2587fd-fcac-5aad-9b68-eef010b94fab') then return; end if;
  select id into v_unit from units where course_id='20000000-0000-0000-0000-000000000001' and order_index=14;
  if v_unit is null then return; end if;
  select min(order_index) into v_c from lessons where unit_id=v_unit and type='checkpoint';
  if v_c is null then select max(order_index)+1 into v_c from lessons where unit_id=v_unit; end if;
  update lessons set order_index=order_index+1000 where unit_id=v_unit and order_index>=v_c;
  insert into lessons(id,unit_id,order_index,title,description,type,xp_reward) values ('3a2587fd-fcac-5aad-9b68-eef010b94fab', v_unit, v_c+0, 'Vocabulario: el trabajo 1', 'Aprende palabras nuevas de alta frecuencia con ejemplos y audio.', 'lesson', 15) on conflict (id) do nothing;
  insert into lesson_items(lesson_id,item_id,order_index) values ('3a2587fd-fcac-5aad-9b68-eef010b94fab', 'e5b10b0e-ca15-526a-a81b-9ccdd47e1ddd', 0) on conflict do nothing;
  insert into lesson_items(lesson_id,item_id,order_index) values ('3a2587fd-fcac-5aad-9b68-eef010b94fab', '2f679324-774d-5653-b74c-6f68678050cc', 1) on conflict do nothing;
  insert into lesson_items(lesson_id,item_id,order_index) values ('3a2587fd-fcac-5aad-9b68-eef010b94fab', '8eff8b35-ceb3-597c-abd9-fe5dad7dc627', 2) on conflict do nothing;
  insert into lesson_items(lesson_id,item_id,order_index) values ('3a2587fd-fcac-5aad-9b68-eef010b94fab', '0cbacdaa-d4d1-5ec4-b70d-81192b796645', 3) on conflict do nothing;
  insert into lesson_items(lesson_id,item_id,order_index) values ('3a2587fd-fcac-5aad-9b68-eef010b94fab', 'd2d26ca3-9b7b-5f40-984f-1d768c9eec4f', 4) on conflict do nothing;
  insert into lesson_items(lesson_id,item_id,order_index) values ('3a2587fd-fcac-5aad-9b68-eef010b94fab', 'cd483a4b-d40f-54ba-9b51-392c676f4e17', 5) on conflict do nothing;
  insert into lesson_items(lesson_id,item_id,order_index) values ('3a2587fd-fcac-5aad-9b68-eef010b94fab', 'd1fd43bb-13f1-5dbe-8439-e81c713790ad', 6) on conflict do nothing;
  insert into lesson_items(lesson_id,item_id,order_index) values ('3a2587fd-fcac-5aad-9b68-eef010b94fab', 'e1d3dabf-0485-51a6-aa7b-5e009385a588', 7) on conflict do nothing;
  insert into lesson_items(lesson_id,item_id,order_index) values ('3a2587fd-fcac-5aad-9b68-eef010b94fab', '16e54459-0cb3-5bbe-a37f-096c2681e8fe', 8) on conflict do nothing;
  insert into lesson_items(lesson_id,item_id,order_index) values ('3a2587fd-fcac-5aad-9b68-eef010b94fab', 'c33d6cab-8edb-5f5d-9732-ec17e87565c4', 9) on conflict do nothing;
  insert into lesson_items(lesson_id,item_id,order_index) values ('3a2587fd-fcac-5aad-9b68-eef010b94fab', '59221f16-5ffc-5197-a100-2039b973f787', 10) on conflict do nothing;
  insert into lesson_items(lesson_id,item_id,order_index) values ('3a2587fd-fcac-5aad-9b68-eef010b94fab', '753b9078-9cc1-54f1-ab15-0277d514d4ae', 11) on conflict do nothing;
  insert into lesson_items(lesson_id,item_id,order_index) values ('3a2587fd-fcac-5aad-9b68-eef010b94fab', '61986fb3-c6b7-569f-a86f-97da12107f1b', 12) on conflict do nothing;
  insert into lessons(id,unit_id,order_index,title,description,type,xp_reward) values ('d2db1c62-9308-5726-ac32-c64d48b96c85', v_unit, v_c+1, 'Vocabulario: el trabajo 2', 'Aprende palabras nuevas de alta frecuencia con ejemplos y audio.', 'lesson', 15) on conflict (id) do nothing;
  insert into lesson_items(lesson_id,item_id,order_index) values ('d2db1c62-9308-5726-ac32-c64d48b96c85', '4034da4e-6243-5248-9238-2a07c4f2ba82', 0) on conflict do nothing;
  insert into lesson_items(lesson_id,item_id,order_index) values ('d2db1c62-9308-5726-ac32-c64d48b96c85', 'dabbc232-e086-528d-8131-19bbf206ce6d', 1) on conflict do nothing;
  insert into lesson_items(lesson_id,item_id,order_index) values ('d2db1c62-9308-5726-ac32-c64d48b96c85', '316ddfef-b59e-590a-88a8-7c71543a5e96', 2) on conflict do nothing;
  insert into lesson_items(lesson_id,item_id,order_index) values ('d2db1c62-9308-5726-ac32-c64d48b96c85', 'acd8a99c-9234-53c0-a99c-4726cd92b00d', 3) on conflict do nothing;
  insert into lesson_items(lesson_id,item_id,order_index) values ('d2db1c62-9308-5726-ac32-c64d48b96c85', 'c07ef00d-d31e-592d-8319-dbe9bb2c0cfe', 4) on conflict do nothing;
  insert into lesson_items(lesson_id,item_id,order_index) values ('d2db1c62-9308-5726-ac32-c64d48b96c85', '16294608-b187-56fb-a44f-2098b5ecfc24', 5) on conflict do nothing;
  insert into lesson_items(lesson_id,item_id,order_index) values ('d2db1c62-9308-5726-ac32-c64d48b96c85', 'eba6f1c4-bf18-5cf2-8b30-10f61b43e824', 6) on conflict do nothing;
  insert into lesson_items(lesson_id,item_id,order_index) values ('d2db1c62-9308-5726-ac32-c64d48b96c85', 'd0b22451-0a15-5436-b9ab-2168d1f3b0c3', 7) on conflict do nothing;
  insert into lesson_items(lesson_id,item_id,order_index) values ('d2db1c62-9308-5726-ac32-c64d48b96c85', '74786023-ecf3-5051-9b6f-ebaa48edf008', 8) on conflict do nothing;
  insert into lesson_items(lesson_id,item_id,order_index) values ('d2db1c62-9308-5726-ac32-c64d48b96c85', '855ea5a1-9e16-5993-a9b3-0bf799db781e', 9) on conflict do nothing;
  insert into lesson_items(lesson_id,item_id,order_index) values ('d2db1c62-9308-5726-ac32-c64d48b96c85', 'd672aa7f-e01d-593d-b576-2fa826164734', 10) on conflict do nothing;
  insert into lesson_items(lesson_id,item_id,order_index) values ('d2db1c62-9308-5726-ac32-c64d48b96c85', '2fbca50b-be9b-557b-8261-9c32f6145693', 11) on conflict do nothing;
  update lessons set order_index=order_index-1000+2 where unit_id=v_unit and order_index>=1000;
end $$;

do $$
declare v_unit uuid; v_c int;
begin
  if exists (select 1 from lessons where id='d3d8411f-926f-581c-8885-d29bd3e00014') then return; end if;
  select id into v_unit from units where course_id='20000000-0000-0000-0000-000000000001' and order_index=15;
  if v_unit is null then return; end if;
  select min(order_index) into v_c from lessons where unit_id=v_unit and type='checkpoint';
  if v_c is null then select max(order_index)+1 into v_c from lessons where unit_id=v_unit; end if;
  update lessons set order_index=order_index+1000 where unit_id=v_unit and order_index>=v_c;
  insert into lessons(id,unit_id,order_index,title,description,type,xp_reward) values ('d3d8411f-926f-581c-8885-d29bd3e00014', v_unit, v_c+0, 'Vocabulario: la naturaleza 1', 'Aprende palabras nuevas de alta frecuencia con ejemplos y audio.', 'lesson', 15) on conflict (id) do nothing;
  insert into lesson_items(lesson_id,item_id,order_index) values ('d3d8411f-926f-581c-8885-d29bd3e00014', '8951683e-2ff6-5317-adee-d9ecfd0ae6c8', 0) on conflict do nothing;
  insert into lesson_items(lesson_id,item_id,order_index) values ('d3d8411f-926f-581c-8885-d29bd3e00014', '616a4a63-1076-5328-95ac-70dc35d2f874', 1) on conflict do nothing;
  insert into lesson_items(lesson_id,item_id,order_index) values ('d3d8411f-926f-581c-8885-d29bd3e00014', '910f1e86-e9b3-5589-b82e-3acf1c50c530', 2) on conflict do nothing;
  insert into lesson_items(lesson_id,item_id,order_index) values ('d3d8411f-926f-581c-8885-d29bd3e00014', 'a61d7ee7-1dd3-5b58-9a52-ff072e01e039', 3) on conflict do nothing;
  insert into lesson_items(lesson_id,item_id,order_index) values ('d3d8411f-926f-581c-8885-d29bd3e00014', 'bf28fb78-ab78-5fbb-8fad-74ff2d9db225', 4) on conflict do nothing;
  insert into lesson_items(lesson_id,item_id,order_index) values ('d3d8411f-926f-581c-8885-d29bd3e00014', '37641fbd-ee36-5e10-8fc1-8e8beef1f6c7', 5) on conflict do nothing;
  insert into lesson_items(lesson_id,item_id,order_index) values ('d3d8411f-926f-581c-8885-d29bd3e00014', '698ff763-b9f4-5a96-8208-4f4c0a431241', 6) on conflict do nothing;
  insert into lesson_items(lesson_id,item_id,order_index) values ('d3d8411f-926f-581c-8885-d29bd3e00014', '31809ac4-08f7-5de6-abb6-d381b24be8d2', 7) on conflict do nothing;
  insert into lesson_items(lesson_id,item_id,order_index) values ('d3d8411f-926f-581c-8885-d29bd3e00014', '4a9d1257-90df-5e45-ac8d-3879d15358f0', 8) on conflict do nothing;
  insert into lesson_items(lesson_id,item_id,order_index) values ('d3d8411f-926f-581c-8885-d29bd3e00014', 'e24ccccf-4424-580c-ae55-e055e71023ac', 9) on conflict do nothing;
  insert into lesson_items(lesson_id,item_id,order_index) values ('d3d8411f-926f-581c-8885-d29bd3e00014', 'e915b75e-11f8-52b3-b449-0a8bd2e22836', 10) on conflict do nothing;
  insert into lesson_items(lesson_id,item_id,order_index) values ('d3d8411f-926f-581c-8885-d29bd3e00014', '10cab014-25ec-5f84-9372-25812cc606b8', 11) on conflict do nothing;
  insert into lesson_items(lesson_id,item_id,order_index) values ('d3d8411f-926f-581c-8885-d29bd3e00014', '84775587-6978-5188-ac6c-29823712f1a5', 12) on conflict do nothing;
  insert into lesson_items(lesson_id,item_id,order_index) values ('d3d8411f-926f-581c-8885-d29bd3e00014', 'e654d42d-56ac-5581-8414-86de490a4c73', 13) on conflict do nothing;
  insert into lesson_items(lesson_id,item_id,order_index) values ('d3d8411f-926f-581c-8885-d29bd3e00014', '55dbc4da-9792-54ed-80d3-4507caa93b84', 14) on conflict do nothing;
  insert into lessons(id,unit_id,order_index,title,description,type,xp_reward) values ('65933814-9608-5442-85d4-7db0098c6c55', v_unit, v_c+1, 'Vocabulario: la naturaleza 2', 'Aprende palabras nuevas de alta frecuencia con ejemplos y audio.', 'lesson', 15) on conflict (id) do nothing;
  insert into lesson_items(lesson_id,item_id,order_index) values ('65933814-9608-5442-85d4-7db0098c6c55', '4ed852bd-3521-5149-b3d5-b7b36e5d82fe', 0) on conflict do nothing;
  insert into lesson_items(lesson_id,item_id,order_index) values ('65933814-9608-5442-85d4-7db0098c6c55', '527fe9b6-bdee-5b50-9ea8-66b6371af774', 1) on conflict do nothing;
  insert into lesson_items(lesson_id,item_id,order_index) values ('65933814-9608-5442-85d4-7db0098c6c55', '915b9bed-02b2-57f4-bb26-aab626173f3b', 2) on conflict do nothing;
  insert into lesson_items(lesson_id,item_id,order_index) values ('65933814-9608-5442-85d4-7db0098c6c55', '0522263c-13c2-512b-ba56-293a2966c1ea', 3) on conflict do nothing;
  insert into lesson_items(lesson_id,item_id,order_index) values ('65933814-9608-5442-85d4-7db0098c6c55', '62152d98-f9e3-52f2-a81f-039ce02c43d3', 4) on conflict do nothing;
  insert into lesson_items(lesson_id,item_id,order_index) values ('65933814-9608-5442-85d4-7db0098c6c55', 'fd0ab3da-528d-508a-a903-e0a051814726', 5) on conflict do nothing;
  insert into lesson_items(lesson_id,item_id,order_index) values ('65933814-9608-5442-85d4-7db0098c6c55', '6f88b023-fbad-5b31-a8e8-fd578acc7df6', 6) on conflict do nothing;
  insert into lesson_items(lesson_id,item_id,order_index) values ('65933814-9608-5442-85d4-7db0098c6c55', 'c81a7d55-ab08-5558-999c-280cc6e21c00', 7) on conflict do nothing;
  insert into lesson_items(lesson_id,item_id,order_index) values ('65933814-9608-5442-85d4-7db0098c6c55', 'f72a6dff-5806-5276-b139-fe6e1397de76', 8) on conflict do nothing;
  insert into lesson_items(lesson_id,item_id,order_index) values ('65933814-9608-5442-85d4-7db0098c6c55', 'd1b05c54-42df-5414-a469-dcc59a578cc0', 9) on conflict do nothing;
  insert into lesson_items(lesson_id,item_id,order_index) values ('65933814-9608-5442-85d4-7db0098c6c55', '7fa71df0-f2ea-5c5c-a535-2ad4742e2481', 10) on conflict do nothing;
  insert into lesson_items(lesson_id,item_id,order_index) values ('65933814-9608-5442-85d4-7db0098c6c55', '2cb51252-8f3d-5a5e-9ce7-fbde8eca6e75', 11) on conflict do nothing;
  insert into lesson_items(lesson_id,item_id,order_index) values ('65933814-9608-5442-85d4-7db0098c6c55', '2f64dab1-c357-5d47-bff2-cfb5fff1f3d1', 12) on conflict do nothing;
  insert into lesson_items(lesson_id,item_id,order_index) values ('65933814-9608-5442-85d4-7db0098c6c55', '7b8ad7c3-472f-54dc-b92c-7e80a91bdcba', 13) on conflict do nothing;
  insert into lesson_items(lesson_id,item_id,order_index) values ('65933814-9608-5442-85d4-7db0098c6c55', '15584ed9-844d-58a7-937c-fc781c4bd179', 14) on conflict do nothing;
  update lessons set order_index=order_index-1000+2 where unit_id=v_unit and order_index>=1000;
end $$;

do $$
declare v_unit uuid; v_c int;
begin
  if exists (select 1 from lessons where id='9913e580-4015-59cb-a24a-852269bbfee9') then return; end if;
  select id into v_unit from units where course_id='20000000-0000-0000-0000-000000000001' and order_index=16;
  if v_unit is null then return; end if;
  select min(order_index) into v_c from lessons where unit_id=v_unit and type='checkpoint';
  if v_c is null then select max(order_index)+1 into v_c from lessons where unit_id=v_unit; end if;
  update lessons set order_index=order_index+1000 where unit_id=v_unit and order_index>=v_c;
  insert into lessons(id,unit_id,order_index,title,description,type,xp_reward) values ('9913e580-4015-59cb-a24a-852269bbfee9', v_unit, v_c+0, 'Vocabulario: las emociones 1', 'Aprende palabras nuevas de alta frecuencia con ejemplos y audio.', 'lesson', 15) on conflict (id) do nothing;
  insert into lesson_items(lesson_id,item_id,order_index) values ('9913e580-4015-59cb-a24a-852269bbfee9', 'e443ba6e-346c-5966-a3ef-5cccb7195144', 0) on conflict do nothing;
  insert into lesson_items(lesson_id,item_id,order_index) values ('9913e580-4015-59cb-a24a-852269bbfee9', '859714bf-4e6f-512d-ba88-3b79dc1a7f95', 1) on conflict do nothing;
  insert into lesson_items(lesson_id,item_id,order_index) values ('9913e580-4015-59cb-a24a-852269bbfee9', 'f89ccb59-4110-5d34-a05a-1c85ad8778d0', 2) on conflict do nothing;
  insert into lesson_items(lesson_id,item_id,order_index) values ('9913e580-4015-59cb-a24a-852269bbfee9', '25dfc07f-1a1d-5ec9-9a1f-5e0ce01b4b61', 3) on conflict do nothing;
  insert into lesson_items(lesson_id,item_id,order_index) values ('9913e580-4015-59cb-a24a-852269bbfee9', '49c51093-610f-52b4-9040-c1c5a1532cb2', 4) on conflict do nothing;
  insert into lesson_items(lesson_id,item_id,order_index) values ('9913e580-4015-59cb-a24a-852269bbfee9', '03e2945b-5aa2-5211-9e58-0361847e0e5e', 5) on conflict do nothing;
  insert into lesson_items(lesson_id,item_id,order_index) values ('9913e580-4015-59cb-a24a-852269bbfee9', 'c655ba91-3756-562a-9f51-41aa8c2dcfe5', 6) on conflict do nothing;
  insert into lesson_items(lesson_id,item_id,order_index) values ('9913e580-4015-59cb-a24a-852269bbfee9', 'd330f541-527c-5eff-8d2f-8737b7fa1bb6', 7) on conflict do nothing;
  insert into lesson_items(lesson_id,item_id,order_index) values ('9913e580-4015-59cb-a24a-852269bbfee9', 'd359ea83-287f-5f97-a006-0fc02a4822dd', 8) on conflict do nothing;
  insert into lesson_items(lesson_id,item_id,order_index) values ('9913e580-4015-59cb-a24a-852269bbfee9', '024af54f-aae5-5bfc-818e-0cbc8fc8d98a', 9) on conflict do nothing;
  insert into lesson_items(lesson_id,item_id,order_index) values ('9913e580-4015-59cb-a24a-852269bbfee9', '988e37e4-1a77-5e4e-9971-42d05cada46e', 10) on conflict do nothing;
  insert into lesson_items(lesson_id,item_id,order_index) values ('9913e580-4015-59cb-a24a-852269bbfee9', 'cb28bbde-ed69-5e88-ac9d-da1de6bea092', 11) on conflict do nothing;
  insert into lesson_items(lesson_id,item_id,order_index) values ('9913e580-4015-59cb-a24a-852269bbfee9', 'def8f09f-961e-5684-a082-38ed7893ecbe', 12) on conflict do nothing;
  insert into lesson_items(lesson_id,item_id,order_index) values ('9913e580-4015-59cb-a24a-852269bbfee9', '50b2ff93-18b3-5b5a-b533-7f3b6ce37389', 13) on conflict do nothing;
  insert into lesson_items(lesson_id,item_id,order_index) values ('9913e580-4015-59cb-a24a-852269bbfee9', '1268c2ec-4a99-5a93-b5a9-0612d9d97e7f', 14) on conflict do nothing;
  insert into lessons(id,unit_id,order_index,title,description,type,xp_reward) values ('1a86cfd8-2bcf-5185-b082-c36d80d33278', v_unit, v_c+1, 'Vocabulario: las emociones 2', 'Aprende palabras nuevas de alta frecuencia con ejemplos y audio.', 'lesson', 15) on conflict (id) do nothing;
  insert into lesson_items(lesson_id,item_id,order_index) values ('1a86cfd8-2bcf-5185-b082-c36d80d33278', '63ed8aad-3297-5954-9d4c-2ee720b2f099', 0) on conflict do nothing;
  insert into lesson_items(lesson_id,item_id,order_index) values ('1a86cfd8-2bcf-5185-b082-c36d80d33278', '405d94b4-6807-5e7f-9c96-259176be716a', 1) on conflict do nothing;
  insert into lesson_items(lesson_id,item_id,order_index) values ('1a86cfd8-2bcf-5185-b082-c36d80d33278', '61505610-c5b9-5846-84b0-6be5daebada6', 2) on conflict do nothing;
  insert into lesson_items(lesson_id,item_id,order_index) values ('1a86cfd8-2bcf-5185-b082-c36d80d33278', 'c0b82ffa-0b34-5330-bfda-e5ec394c3068', 3) on conflict do nothing;
  insert into lesson_items(lesson_id,item_id,order_index) values ('1a86cfd8-2bcf-5185-b082-c36d80d33278', '98058d8b-5334-55a1-8cec-49d6b8874543', 4) on conflict do nothing;
  insert into lesson_items(lesson_id,item_id,order_index) values ('1a86cfd8-2bcf-5185-b082-c36d80d33278', '6f2063a7-308f-575d-98e5-28c5c9b98294', 5) on conflict do nothing;
  insert into lesson_items(lesson_id,item_id,order_index) values ('1a86cfd8-2bcf-5185-b082-c36d80d33278', '4980fae4-36c3-5241-aa99-8eea3045555d', 6) on conflict do nothing;
  insert into lesson_items(lesson_id,item_id,order_index) values ('1a86cfd8-2bcf-5185-b082-c36d80d33278', '497e7ff7-9fa9-5d61-b177-53d9ae68cd09', 7) on conflict do nothing;
  insert into lesson_items(lesson_id,item_id,order_index) values ('1a86cfd8-2bcf-5185-b082-c36d80d33278', 'f927b01f-d043-5b79-9889-9686bed12d85', 8) on conflict do nothing;
  insert into lesson_items(lesson_id,item_id,order_index) values ('1a86cfd8-2bcf-5185-b082-c36d80d33278', '950025c4-a96d-563d-b5be-bf266b654bc2', 9) on conflict do nothing;
  insert into lesson_items(lesson_id,item_id,order_index) values ('1a86cfd8-2bcf-5185-b082-c36d80d33278', '10474b5f-2bcc-5df6-8ada-d05427354cbd', 10) on conflict do nothing;
  insert into lesson_items(lesson_id,item_id,order_index) values ('1a86cfd8-2bcf-5185-b082-c36d80d33278', '7fdda3e5-9870-54be-aad5-6fdcb9a466c3', 11) on conflict do nothing;
  insert into lesson_items(lesson_id,item_id,order_index) values ('1a86cfd8-2bcf-5185-b082-c36d80d33278', '651e6714-cd11-566a-8de7-6dd64542b749', 12) on conflict do nothing;
  insert into lesson_items(lesson_id,item_id,order_index) values ('1a86cfd8-2bcf-5185-b082-c36d80d33278', '0f40cb31-654f-5ab5-9210-29b3f4121b47', 13) on conflict do nothing;
  insert into lesson_items(lesson_id,item_id,order_index) values ('1a86cfd8-2bcf-5185-b082-c36d80d33278', 'f780e3a0-c32a-5fbe-8942-f96e76c41795', 14) on conflict do nothing;
  update lessons set order_index=order_index-1000+2 where unit_id=v_unit and order_index>=1000;
end $$;

-- 4) re-derivar lesson_vocab (idempotente, lógica mig 165/166) → vincula las nuevas
insert into public.lesson_vocab (lesson_id, vocab_id, position)
with vn as (
  select id, course_id, jz_normalize(word) as nw,
         position(' ' in jz_normalize(word)) > 0 as is_multi
  from public.vocabulary
), item_text as (
  select li.lesson_id, u.course_id, li.order_index,
         translate(jz_normalize(t.txt), ',.;:!?¿¡"()[]{}', '               ') as ntxt
  from public.lesson_items li
  join public.content_items ci on ci.id = li.item_id
  join public.lessons l on l.id = li.lesson_id
  join public.units u on u.id = l.unit_id
  cross join lateral (values
    (ci.correct_answer ->> 'value'), (ci.payload ->> 'text'),
    (ci.payload ->> 'say'), (ci.prompt)
  ) as t(txt)
  where coalesce(t.txt, '') <> ''
), tok as (
  select it.lesson_id, it.course_id, it.order_index, w
  from item_text it
  cross join lateral regexp_split_to_table(it.ntxt, '\s+') as w
  where length(w) >= 2
), pair as (
  select li.lesson_id, u.course_id, li.order_index, jz_normalize(p ->> 'en') as w
  from public.lesson_items li
  join public.content_items ci on ci.id = li.item_id
  join public.lessons l on l.id = li.lesson_id
  join public.units u on u.id = l.unit_id
  cross join lateral jsonb_array_elements(ci.payload -> 'pairs') as p
  where ci.type = 'match' and coalesce(p ->> 'en', '') <> ''
), exact_m as (
  select c.lesson_id, v.id as vocab_id, c.order_index
  from (select lesson_id, course_id, order_index, w from tok
        union all
        select lesson_id, course_id, order_index, w from pair) c
  join vn v on v.course_id = c.course_id and v.nw = c.w
), multi_m as (
  select it.lesson_id, v.id as vocab_id, it.order_index
  from item_text it
  join vn v on v.course_id = it.course_id and v.is_multi
   and (' ' || it.ntxt || ' ') like ('%' || ' ' || v.nw || ' ' || '%')
), allm as (
  select * from exact_m union all select * from multi_m
)
select lesson_id, vocab_id, min(order_index) as position
from allm
group by lesson_id, vocab_id
on conflict (lesson_id, vocab_id) do nothing;
