-- LÉXICO Fase 1 · ALEMÁN — vocabulario NUEVO (LEXICO_PLAN §3/§4).
-- 232 palabras de alta frecuencia (10 temas) autoradas por agentes nativos +
-- doble revisión adversarial + guardas deterministas. Cada palabra: traducción
-- revisada + oración-ejemplo → CLOZE en contexto (con audio TTS, paga F3) +
-- MATCH de reconocimiento. Tag 'vocab_f1' (NO unidadN → checkpoints/exámenes/
-- placement intactos). Lecciones ancladas ANTES del checkpoint (DO-block). Idempotente.

-- 1) vocabulary (palabras nuevas)
insert into vocabulary(id,course_id,word,translation,frequency_rank,part_of_speech) values ('50764848-95dc-5785-adf4-b81c8399042c', '20000000-0000-0000-0000-000000000005', 'Gehweg', 'la acera', 210, 'sustantivo') on conflict (id) do nothing;
insert into vocabulary(id,course_id,word,translation,frequency_rank,part_of_speech) values ('46275e36-7dc1-50e5-938e-c0455d3bf973', '20000000-0000-0000-0000-000000000005', 'Gebäude', 'el edificio', 211, 'sustantivo') on conflict (id) do nothing;
insert into vocabulary(id,course_id,word,translation,frequency_rank,part_of_speech) values ('ef7551e9-2c8d-54ff-a151-2fc30b4150bc', '20000000-0000-0000-0000-000000000005', 'Kreuzung', 'el cruce', 212, 'sustantivo') on conflict (id) do nothing;
insert into vocabulary(id,course_id,word,translation,frequency_rank,part_of_speech) values ('6608633a-4f1c-51b4-a3a7-50f42a6e1d38', '20000000-0000-0000-0000-000000000005', 'Ampel', 'el semáforo', 213, 'sustantivo') on conflict (id) do nothing;
insert into vocabulary(id,course_id,word,translation,frequency_rank,part_of_speech) values ('f196f426-59ca-5bc6-a261-5ba404894f95', '20000000-0000-0000-0000-000000000005', 'das Rathaus', 'el ayuntamiento', 214, 'sustantivo') on conflict (id) do nothing;
insert into vocabulary(id,course_id,word,translation,frequency_rank,part_of_speech) values ('a7185b93-c98b-5e77-a6c7-c553d25ee774', '20000000-0000-0000-0000-000000000005', 'Ecke', 'la esquina', 215, 'sustantivo') on conflict (id) do nothing;
insert into vocabulary(id,course_id,word,translation,frequency_rank,part_of_speech) values ('ced2e52c-6872-58c6-8642-f8eefb25598a', '20000000-0000-0000-0000-000000000005', 'Kirche', 'la iglesia', 216, 'sustantivo') on conflict (id) do nothing;
insert into vocabulary(id,course_id,word,translation,frequency_rank,part_of_speech) values ('fa063b32-a82e-5fcb-9bb1-b7c956e58761', '20000000-0000-0000-0000-000000000005', 'Bibliothek', 'la biblioteca', 217, 'sustantivo') on conflict (id) do nothing;
insert into vocabulary(id,course_id,word,translation,frequency_rank,part_of_speech) values ('f34d150d-1b8d-5b3a-8d6d-cc2dbf193a4b', '20000000-0000-0000-0000-000000000005', 'Park', 'el parque', 218, 'sustantivo') on conflict (id) do nothing;
insert into vocabulary(id,course_id,word,translation,frequency_rank,part_of_speech) values ('db4c04a2-d833-5940-a322-76b36fb8a23e', '20000000-0000-0000-0000-000000000005', 'die Straßenbahn', 'el tranvía', 219, 'sustantivo') on conflict (id) do nothing;
insert into vocabulary(id,course_id,word,translation,frequency_rank,part_of_speech) values ('4ed7987d-552c-5f98-975a-eea1e03dd283', '20000000-0000-0000-0000-000000000005', 'Haltestelle', 'la parada', 220, 'sustantivo') on conflict (id) do nothing;
insert into vocabulary(id,course_id,word,translation,frequency_rank,part_of_speech) values ('b498d9af-e96c-5682-b2cf-a6cfaa52d8ae', '20000000-0000-0000-0000-000000000005', 'U-Bahn', 'el metro', 210, 'sustantivo') on conflict (id) do nothing;
insert into vocabulary(id,course_id,word,translation,frequency_rank,part_of_speech) values ('129c5978-37b4-5931-9350-72b4faca5ec9', '20000000-0000-0000-0000-000000000005', 'Zebrastreifen', 'el paso de peatones', 211, 'sustantivo') on conflict (id) do nothing;
insert into vocabulary(id,course_id,word,translation,frequency_rank,part_of_speech) values ('9a9a41fc-cf65-5b7e-9ca4-e0c3b60b8e73', '20000000-0000-0000-0000-000000000005', 'Zentrum', 'el centro', 212, 'sustantivo') on conflict (id) do nothing;
insert into vocabulary(id,course_id,word,translation,frequency_rank,part_of_speech) values ('e8919a94-2d44-5e61-98c8-adfce783a16b', '20000000-0000-0000-0000-000000000005', 'Fußgängerzone', 'la zona peatonal', 213, 'sustantivo') on conflict (id) do nothing;
insert into vocabulary(id,course_id,word,translation,frequency_rank,part_of_speech) values ('7adc61d1-1575-5e4b-933f-e8a284b5ff64', '20000000-0000-0000-0000-000000000005', 'Turm', 'la torre', 214, 'sustantivo') on conflict (id) do nothing;
insert into vocabulary(id,course_id,word,translation,frequency_rank,part_of_speech) values ('bb2e9046-afd3-5e83-bc0b-0aafc05a3c13', '20000000-0000-0000-0000-000000000005', 'Schloss', 'el castillo', 215, 'sustantivo') on conflict (id) do nothing;
insert into vocabulary(id,course_id,word,translation,frequency_rank,part_of_speech) values ('9625347f-07f8-5d8a-b52a-61754368f539', '20000000-0000-0000-0000-000000000005', 'Brunnen', 'la fuente', 216, 'sustantivo') on conflict (id) do nothing;
insert into vocabulary(id,course_id,word,translation,frequency_rank,part_of_speech) values ('38561fdf-3cd6-570d-81de-a4ce10e89c9b', '20000000-0000-0000-0000-000000000005', 'Denkmal', 'el monumento', 217, 'sustantivo') on conflict (id) do nothing;
insert into vocabulary(id,course_id,word,translation,frequency_rank,part_of_speech) values ('190c5ca4-c63f-520f-ab76-bc9b665bf041', '20000000-0000-0000-0000-000000000005', 'Baustelle', 'la obra', 218, 'sustantivo') on conflict (id) do nothing;
insert into vocabulary(id,course_id,word,translation,frequency_rank,part_of_speech) values ('51e2a261-4c48-5c22-9541-454b568a99ac', '20000000-0000-0000-0000-000000000005', 'Tankstelle', 'la gasolinera', 219, 'sustantivo') on conflict (id) do nothing;
insert into vocabulary(id,course_id,word,translation,frequency_rank,part_of_speech) values ('e15f9d5f-0923-5138-9b21-3e3b1e592f0c', '20000000-0000-0000-0000-000000000005', 'Supermarkt', 'el supermercado', 220, 'sustantivo') on conflict (id) do nothing;
insert into vocabulary(id,course_id,word,translation,frequency_rank,part_of_speech) values ('a8073922-2875-5a4c-93df-d4b4c25e21b9', '20000000-0000-0000-0000-000000000005', 'Schrank', 'el armario', 240, 'noun') on conflict (id) do nothing;
insert into vocabulary(id,course_id,word,translation,frequency_rank,part_of_speech) values ('f1096639-dad0-59ca-9b2c-6d74cd63ba3b', '20000000-0000-0000-0000-000000000005', 'Schublade', 'el cajón', 241, 'noun') on conflict (id) do nothing;
insert into vocabulary(id,course_id,word,translation,frequency_rank,part_of_speech) values ('07cf9023-fe01-5035-b0dd-e24ee62cdd02', '20000000-0000-0000-0000-000000000005', 'Kopfkissen', 'la almohada', 242, 'noun') on conflict (id) do nothing;
insert into vocabulary(id,course_id,word,translation,frequency_rank,part_of_speech) values ('dfcba34e-2d88-5c85-b64a-7e3d3f4ed800', '20000000-0000-0000-0000-000000000005', 'Bettlaken', 'la sábana', 243, 'noun') on conflict (id) do nothing;
insert into vocabulary(id,course_id,word,translation,frequency_rank,part_of_speech) values ('d88b8884-3c39-5b7c-9e84-219dbc0aab73', '20000000-0000-0000-0000-000000000005', 'Decke', 'la manta', 244, 'noun') on conflict (id) do nothing;
insert into vocabulary(id,course_id,word,translation,frequency_rank,part_of_speech) values ('57ffc34d-2175-5067-ae91-0552c0443a8c', '20000000-0000-0000-0000-000000000005', 'Besen', 'la escoba', 245, 'noun') on conflict (id) do nothing;
insert into vocabulary(id,course_id,word,translation,frequency_rank,part_of_speech) values ('7444e45c-4ad5-5be5-9c7c-39718cbed4b6', '20000000-0000-0000-0000-000000000005', 'der Mülleimer', 'el cubo de basura', 246, 'noun') on conflict (id) do nothing;
insert into vocabulary(id,course_id,word,translation,frequency_rank,part_of_speech) values ('e7fdbeed-5a0a-55d8-85aa-b70e366648a7', '20000000-0000-0000-0000-000000000005', 'Waschbecken', 'el lavabo', 247, 'noun') on conflict (id) do nothing;
insert into vocabulary(id,course_id,word,translation,frequency_rank,part_of_speech) values ('43a1ae84-1dc6-594a-a52c-95a0bb043912', '20000000-0000-0000-0000-000000000005', 'kehren', 'barrer', 248, 'verb') on conflict (id) do nothing;
insert into vocabulary(id,course_id,word,translation,frequency_rank,part_of_speech) values ('a49d8493-f981-5819-8353-9192d1d0bf1e', '20000000-0000-0000-0000-000000000005', 'aufräumen', 'ordenar', 249, 'verb') on conflict (id) do nothing;
insert into vocabulary(id,course_id,word,translation,frequency_rank,part_of_speech) values ('20de0ef3-24a6-507d-b1e8-c9de0163e084', '20000000-0000-0000-0000-000000000005', 'Teppich', 'la alfombra', 250, 'noun') on conflict (id) do nothing;
insert into vocabulary(id,course_id,word,translation,frequency_rank,part_of_speech) values ('55705577-33dc-5c00-a5ee-074a4e95e3aa', '20000000-0000-0000-0000-000000000005', 'Vorhang', 'la cortina', 240, 'noun') on conflict (id) do nothing;
insert into vocabulary(id,course_id,word,translation,frequency_rank,part_of_speech) values ('44fa0051-dcff-5084-b496-a874cdbdfc3b', '20000000-0000-0000-0000-000000000005', 'Regal', 'la estantería', 241, 'noun') on conflict (id) do nothing;
insert into vocabulary(id,course_id,word,translation,frequency_rank,part_of_speech) values ('323c04f0-7586-5b53-8bcd-21f937036985', '20000000-0000-0000-0000-000000000005', 'Sessel', 'el sillón', 242, 'noun') on conflict (id) do nothing;
insert into vocabulary(id,course_id,word,translation,frequency_rank,part_of_speech) values ('18eb17d9-4c9d-5f4b-ba92-24c3f835bb5a', '20000000-0000-0000-0000-000000000005', 'Herd', 'el fogón', 243, 'noun') on conflict (id) do nothing;
insert into vocabulary(id,course_id,word,translation,frequency_rank,part_of_speech) values ('29934673-72ed-5ac9-824d-78d93acc6fa7', '20000000-0000-0000-0000-000000000005', 'Kühlschrank', 'el refrigerador', 244, 'noun') on conflict (id) do nothing;
insert into vocabulary(id,course_id,word,translation,frequency_rank,part_of_speech) values ('fdf27a46-5c51-5d14-9ab1-0fe2a63eb6ff', '20000000-0000-0000-0000-000000000005', 'die Spülmaschine', 'el lavavajillas', 245, 'noun') on conflict (id) do nothing;
insert into vocabulary(id,course_id,word,translation,frequency_rank,part_of_speech) values ('e8634d72-9b5a-521e-ae80-6529a9adced8', '20000000-0000-0000-0000-000000000005', 'die Waschmaschine', 'la lavadora', 246, 'noun') on conflict (id) do nothing;
insert into vocabulary(id,course_id,word,translation,frequency_rank,part_of_speech) values ('b73d52ec-53bf-5363-a678-436f5a7a1d39', '20000000-0000-0000-0000-000000000005', 'staubsaugen', 'aspirar', 247, 'verb') on conflict (id) do nothing;
insert into vocabulary(id,course_id,word,translation,frequency_rank,part_of_speech) values ('7365c4cd-8af9-51dc-a74a-20c1812e525d', '20000000-0000-0000-0000-000000000005', 'abwaschen', 'lavar los platos', 248, 'verb') on conflict (id) do nothing;
insert into vocabulary(id,course_id,word,translation,frequency_rank,part_of_speech) values ('588b6e0d-a392-5ee7-bda9-4bd7325dbf76', '20000000-0000-0000-0000-000000000005', 'Handtuch', 'la toalla', 249, 'noun') on conflict (id) do nothing;
insert into vocabulary(id,course_id,word,translation,frequency_rank,part_of_speech) values ('9e670a5b-e1cf-5ba6-81c6-f9a9d1d6b0a8', '20000000-0000-0000-0000-000000000005', 'das Gemüse', 'la verdura', 270, 'sustantivo') on conflict (id) do nothing;
insert into vocabulary(id,course_id,word,translation,frequency_rank,part_of_speech) values ('d5ceca73-91ff-5feb-a85b-9abdab787c90', '20000000-0000-0000-0000-000000000005', 'die Zwiebel', 'la cebolla', 271, 'sustantivo') on conflict (id) do nothing;
insert into vocabulary(id,course_id,word,translation,frequency_rank,part_of_speech) values ('8c83a6c2-91d3-5292-a593-97d5a912f3b8', '20000000-0000-0000-0000-000000000005', 'die Kartoffel', 'la papa', 272, 'sustantivo') on conflict (id) do nothing;
insert into vocabulary(id,course_id,word,translation,frequency_rank,part_of_speech) values ('7e4fbc01-683c-56e7-8817-5d082cf3383c', '20000000-0000-0000-0000-000000000005', 'der Zucker', 'el azúcar', 273, 'sustantivo') on conflict (id) do nothing;
insert into vocabulary(id,course_id,word,translation,frequency_rank,part_of_speech) values ('a67b8ab3-cb56-54bf-ae30-159d9e694185', '20000000-0000-0000-0000-000000000005', 'die Butter', 'la mantequilla', 274, 'sustantivo') on conflict (id) do nothing;
insert into vocabulary(id,course_id,word,translation,frequency_rank,part_of_speech) values ('10e75cb7-6ee8-5cdb-a21f-7ec181f2f20f', '20000000-0000-0000-0000-000000000005', 'das Fleisch', 'la carne', 275, 'sustantivo') on conflict (id) do nothing;
insert into vocabulary(id,course_id,word,translation,frequency_rank,part_of_speech) values ('ddd781da-15d2-5558-af1e-307afe90cca1', '20000000-0000-0000-0000-000000000005', 'der Käse', 'el queso', 276, 'sustantivo') on conflict (id) do nothing;
insert into vocabulary(id,course_id,word,translation,frequency_rank,part_of_speech) values ('1ce0fbba-e10a-50be-9125-133554f2b956', '20000000-0000-0000-0000-000000000005', 'das Salz', 'la sal', 277, 'sustantivo') on conflict (id) do nothing;
insert into vocabulary(id,course_id,word,translation,frequency_rank,part_of_speech) values ('3b3d2cd8-1b54-5cfe-a631-d6bc60947a1d', '20000000-0000-0000-0000-000000000005', 'der Reis', 'el arroz', 278, 'sustantivo') on conflict (id) do nothing;
insert into vocabulary(id,course_id,word,translation,frequency_rank,part_of_speech) values ('b3040299-3f5f-5f8f-b95a-dbc95d2cb1bd', '20000000-0000-0000-0000-000000000005', 'das Öl', 'el aceite', 279, 'sustantivo') on conflict (id) do nothing;
insert into vocabulary(id,course_id,word,translation,frequency_rank,part_of_speech) values ('0baa37e4-8b8e-54cf-8acb-0898f07e7897', '20000000-0000-0000-0000-000000000005', 'das Obst', 'la fruta', 280, 'sustantivo') on conflict (id) do nothing;
insert into vocabulary(id,course_id,word,translation,frequency_rank,part_of_speech) values ('666a9b8b-dfd2-551a-93be-b2340c8ca8d7', '20000000-0000-0000-0000-000000000005', 'der Knoblauch', 'el ajo', 281, 'sustantivo') on conflict (id) do nothing;
insert into vocabulary(id,course_id,word,translation,frequency_rank,part_of_speech) values ('2496d381-5522-59de-adcd-ddc429a081e6', '20000000-0000-0000-0000-000000000005', 'das Mehl', 'la harina', 270, 'sustantivo') on conflict (id) do nothing;
insert into vocabulary(id,course_id,word,translation,frequency_rank,part_of_speech) values ('1bab13fe-f9ea-5e7e-9c0f-cda877ca78eb', '20000000-0000-0000-0000-000000000005', 'braten', 'freír', 271, 'verbo') on conflict (id) do nothing;
insert into vocabulary(id,course_id,word,translation,frequency_rank,part_of_speech) values ('a52a35bc-cbef-5a3e-89f6-2db6397ab057', '20000000-0000-0000-0000-000000000005', 'backen', 'hornear', 272, 'verbo') on conflict (id) do nothing;
insert into vocabulary(id,course_id,word,translation,frequency_rank,part_of_speech) values ('457267a1-28d8-5641-92b4-26d83567903a', '20000000-0000-0000-0000-000000000005', 'schneiden', 'cortar', 273, 'verbo') on conflict (id) do nothing;
insert into vocabulary(id,course_id,word,translation,frequency_rank,part_of_speech) values ('7340c6b7-905a-5081-a78f-18a4b771c9bc', '20000000-0000-0000-0000-000000000005', 'das Rezept', 'la receta', 274, 'sustantivo') on conflict (id) do nothing;
insert into vocabulary(id,course_id,word,translation,frequency_rank,part_of_speech) values ('19817d24-abd1-540c-9aa8-434135aff2b5', '20000000-0000-0000-0000-000000000005', 'der Löffel', 'la cuchara', 275, 'sustantivo') on conflict (id) do nothing;
insert into vocabulary(id,course_id,word,translation,frequency_rank,part_of_speech) values ('d36859a9-42d9-5071-8fe5-b49d10e1d225', '20000000-0000-0000-0000-000000000005', 'die Gabel', 'el tenedor', 276, 'sustantivo') on conflict (id) do nothing;
insert into vocabulary(id,course_id,word,translation,frequency_rank,part_of_speech) values ('1ec4a090-4edd-55ae-ad3b-19eaf5228d0c', '20000000-0000-0000-0000-000000000005', 'das Messer', 'el cuchillo', 277, 'sustantivo') on conflict (id) do nothing;
insert into vocabulary(id,course_id,word,translation,frequency_rank,part_of_speech) values ('c7983396-a41e-5312-887a-cf234ae6e3ab', '20000000-0000-0000-0000-000000000005', 'der Teller', 'el plato', 278, 'sustantivo') on conflict (id) do nothing;
insert into vocabulary(id,course_id,word,translation,frequency_rank,part_of_speech) values ('50f2ba50-b63c-5a82-a388-c88277e2a99c', '20000000-0000-0000-0000-000000000005', 'die Pfanne', 'la sartén', 279, 'sustantivo') on conflict (id) do nothing;
insert into vocabulary(id,course_id,word,translation,frequency_rank,part_of_speech) values ('d2209ecd-d52c-5016-8fd4-92a78dfc75e0', '20000000-0000-0000-0000-000000000005', 'lecker', 'delicioso', 280, 'adjetivo') on conflict (id) do nothing;
insert into vocabulary(id,course_id,word,translation,frequency_rank,part_of_speech) values ('60133e7d-5c45-5602-9fae-aefad96dfe7f', '20000000-0000-0000-0000-000000000005', 'Gepäck', 'el equipaje', 300, 'sustantivo') on conflict (id) do nothing;
insert into vocabulary(id,course_id,word,translation,frequency_rank,part_of_speech) values ('845d9136-2714-55a0-a972-1127941bbd2c', '20000000-0000-0000-0000-000000000005', 'Bahnsteig', 'el andén', 301, 'sustantivo') on conflict (id) do nothing;
insert into vocabulary(id,course_id,word,translation,frequency_rank,part_of_speech) values ('37f247bb-7005-5852-9540-ca0754625146', '20000000-0000-0000-0000-000000000005', 'Zoll', 'la aduana', 302, 'sustantivo') on conflict (id) do nothing;
insert into vocabulary(id,course_id,word,translation,frequency_rank,part_of_speech) values ('a2e69c13-f525-520d-a7eb-e105468d3e93', '20000000-0000-0000-0000-000000000005', 'Sitzplatz', 'el asiento', 303, 'sustantivo') on conflict (id) do nothing;
insert into vocabulary(id,course_id,word,translation,frequency_rank,part_of_speech) values ('7e853dbb-7f99-584c-8566-74fb84c3c972', '20000000-0000-0000-0000-000000000005', 'einsteigen', 'subir', 304, 'verbo') on conflict (id) do nothing;
insert into vocabulary(id,course_id,word,translation,frequency_rank,part_of_speech) values ('dd8101bb-391c-5c09-8039-433058a0f194', '20000000-0000-0000-0000-000000000005', 'aussteigen', 'bajar', 305, 'verbo') on conflict (id) do nothing;
insert into vocabulary(id,course_id,word,translation,frequency_rank,part_of_speech) values ('15c67f00-148a-597d-a07c-80957f00d3f1', '20000000-0000-0000-0000-000000000005', 'umsteigen', 'hacer transbordo', 306, 'verbo') on conflict (id) do nothing;
insert into vocabulary(id,course_id,word,translation,frequency_rank,part_of_speech) values ('72cb571b-52a2-56c6-aa0a-6dc260679a5f', '20000000-0000-0000-0000-000000000005', 'landen', 'aterrizar', 307, 'verbo') on conflict (id) do nothing;
insert into vocabulary(id,course_id,word,translation,frequency_rank,part_of_speech) values ('a6adf162-e700-585d-89c7-c4c33d904f2b', '20000000-0000-0000-0000-000000000005', 'der Abflug', 'el despegue', 308, 'sustantivo') on conflict (id) do nothing;
insert into vocabulary(id,course_id,word,translation,frequency_rank,part_of_speech) values ('308d930e-9e92-5f8f-8613-8770eb53551b', '20000000-0000-0000-0000-000000000005', 'die Ankunft', 'la llegada', 309, 'sustantivo') on conflict (id) do nothing;
insert into vocabulary(id,course_id,word,translation,frequency_rank,part_of_speech) values ('05e16dae-2391-5b7f-91d1-233d3fadb987', '20000000-0000-0000-0000-000000000005', 'Bordkarte', 'la tarjeta de embarque', 310, 'sustantivo') on conflict (id) do nothing;
insert into vocabulary(id,course_id,word,translation,frequency_rank,part_of_speech) values ('aeecaf23-84b6-56db-9bbd-53c18f3879c8', '20000000-0000-0000-0000-000000000005', 'Reisepass', 'el pasaporte', 311, 'sustantivo') on conflict (id) do nothing;
insert into vocabulary(id,course_id,word,translation,frequency_rank,part_of_speech) values ('8bd408ad-fc8f-5114-9989-e26d7be1b9dd', '20000000-0000-0000-0000-000000000005', 'Fahrplan', 'el horario', 300, 'sustantivo') on conflict (id) do nothing;
insert into vocabulary(id,course_id,word,translation,frequency_rank,part_of_speech) values ('ad36e227-d251-52bc-b28a-c5ebb66c5b2e', '20000000-0000-0000-0000-000000000005', 'Fahrkarte', 'el billete', 301, 'sustantivo') on conflict (id) do nothing;
insert into vocabulary(id,course_id,word,translation,frequency_rank,part_of_speech) values ('b5dbe8d5-3947-57e2-95a6-06849079578f', '20000000-0000-0000-0000-000000000005', 'Gleis', 'la vía', 302, 'sustantivo') on conflict (id) do nothing;
insert into vocabulary(id,course_id,word,translation,frequency_rank,part_of_speech) values ('c4bf5693-0099-55b2-8f83-61db61a1fe05', '20000000-0000-0000-0000-000000000005', 'verpassen', 'perder', 303, 'verbo') on conflict (id) do nothing;
insert into vocabulary(id,course_id,word,translation,frequency_rank,part_of_speech) values ('73e4d257-6696-50c1-8238-d1d9a2e52682', '20000000-0000-0000-0000-000000000005', 'Handgepäck', 'el equipaje de mano', 304, 'sustantivo') on conflict (id) do nothing;
insert into vocabulary(id,course_id,word,translation,frequency_rank,part_of_speech) values ('3bc35a99-7749-5526-a319-bf9eccb5aff9', '20000000-0000-0000-0000-000000000005', 'Aufenthalt', 'la escala', 305, 'sustantivo') on conflict (id) do nothing;
insert into vocabulary(id,course_id,word,translation,frequency_rank,part_of_speech) values ('db59ac0d-9a13-5850-b3c5-209b7ecba122', '20000000-0000-0000-0000-000000000005', 'Schalter', 'la ventanilla', 306, 'sustantivo') on conflict (id) do nothing;
insert into vocabulary(id,course_id,word,translation,frequency_rank,part_of_speech) values ('28774b1f-dc79-590b-a982-117291786a66', '20000000-0000-0000-0000-000000000005', 'buchen', 'reservar', 307, 'verbo') on conflict (id) do nothing;
insert into vocabulary(id,course_id,word,translation,frequency_rank,part_of_speech) values ('2d558349-6437-5fb4-bc94-65d0be3af773', '20000000-0000-0000-0000-000000000005', 'Unterkunft', 'el alojamiento', 308, 'sustantivo') on conflict (id) do nothing;
insert into vocabulary(id,course_id,word,translation,frequency_rank,part_of_speech) values ('4cfb5e94-d11c-5742-83b9-95f476dd2490', '20000000-0000-0000-0000-000000000005', 'Anschluss', 'el enlace', 309, 'sustantivo') on conflict (id) do nothing;
insert into vocabulary(id,course_id,word,translation,frequency_rank,part_of_speech) values ('b39acde7-f28f-540e-a7fc-331066eadda3', '20000000-0000-0000-0000-000000000005', 'Grenze', 'la frontera', 310, 'sustantivo') on conflict (id) do nothing;
insert into vocabulary(id,course_id,word,translation,frequency_rank,part_of_speech) values ('94b34831-0581-519a-b6c5-d6bba2cd9873', '20000000-0000-0000-0000-000000000005', 'Reservierung', 'la reserva', 311, 'sustantivo') on conflict (id) do nothing;
insert into vocabulary(id,course_id,word,translation,frequency_rank,part_of_speech) values ('4ef4cbbf-a5a2-589a-9afc-e24cd6e6d7a0', '20000000-0000-0000-0000-000000000005', 'die Quittung', 'el recibo', 330, 'sustantivo') on conflict (id) do nothing;
insert into vocabulary(id,course_id,word,translation,frequency_rank,part_of_speech) values ('05be75bf-10e7-585d-a4f8-d86c7d0b9b93', '20000000-0000-0000-0000-000000000005', 'Rabatt', 'el descuento', 331, 'sustantivo') on conflict (id) do nothing;
insert into vocabulary(id,course_id,word,translation,frequency_rank,part_of_speech) values ('64cbc3a3-5ffe-5cfb-bd41-3cc7c56d5fe4', '20000000-0000-0000-0000-000000000005', 'Kleingeld', 'el suelto', 332, 'sustantivo') on conflict (id) do nothing;
insert into vocabulary(id,course_id,word,translation,frequency_rank,part_of_speech) values ('09e59d18-fded-5fb0-a343-fd7f6d4169ec', '20000000-0000-0000-0000-000000000005', 'Kasse', 'la caja', 333, 'sustantivo') on conflict (id) do nothing;
insert into vocabulary(id,course_id,word,translation,frequency_rank,part_of_speech) values ('f25c9868-9ca8-5caf-b6e8-f8d369f99086', '20000000-0000-0000-0000-000000000005', 'der Kunde', 'el cliente', 334, 'sustantivo') on conflict (id) do nothing;
insert into vocabulary(id,course_id,word,translation,frequency_rank,part_of_speech) values ('8de60012-53e8-55cc-b5e1-4670dea6689c', '20000000-0000-0000-0000-000000000005', 'Angebot', 'la oferta', 335, 'sustantivo') on conflict (id) do nothing;
insert into vocabulary(id,course_id,word,translation,frequency_rank,part_of_speech) values ('bfade1ea-c4dc-5ebc-bc06-d552c8dc8c52', '20000000-0000-0000-0000-000000000005', 'ausgeben', 'gastar', 336, 'verbo') on conflict (id) do nothing;
insert into vocabulary(id,course_id,word,translation,frequency_rank,part_of_speech) values ('a542a5e0-8fee-5780-857b-d1aa726743dd', '20000000-0000-0000-0000-000000000005', 'Marke', 'la marca', 337, 'sustantivo') on conflict (id) do nothing;
insert into vocabulary(id,course_id,word,translation,frequency_rank,part_of_speech) values ('1ee22b4b-b0e4-5ba1-8d6c-b4893ef6d09a', '20000000-0000-0000-0000-000000000005', 'der Preis', 'el precio', 338, 'sustantivo') on conflict (id) do nothing;
insert into vocabulary(id,course_id,word,translation,frequency_rank,part_of_speech) values ('c870f4e8-09ea-57ac-ad2e-42e956857484', '20000000-0000-0000-0000-000000000005', 'die Ware', 'la mercancía', 339, 'sustantivo') on conflict (id) do nothing;
insert into vocabulary(id,course_id,word,translation,frequency_rank,part_of_speech) values ('ca60e9fa-8900-5e51-aebc-844f64840dd9', '20000000-0000-0000-0000-000000000005', 'Einkaufswagen', 'el carrito', 340, 'sustantivo') on conflict (id) do nothing;
insert into vocabulary(id,course_id,word,translation,frequency_rank,part_of_speech) values ('8c6e2b57-5d61-5c56-a60b-d18a3f21ba05', '20000000-0000-0000-0000-000000000005', 'Tüte', 'la bolsa', 341, 'sustantivo') on conflict (id) do nothing;
insert into vocabulary(id,course_id,word,translation,frequency_rank,part_of_speech) values ('2dfecb11-3073-522b-aef0-48f65637b2cc', '20000000-0000-0000-0000-000000000005', 'Kreditkarte', 'la tarjeta de crédito', 330, 'sustantivo') on conflict (id) do nothing;
insert into vocabulary(id,course_id,word,translation,frequency_rank,part_of_speech) values ('e5f9c188-35fc-5f42-9957-69ecd9192747', '20000000-0000-0000-0000-000000000005', 'der Verkäufer', 'el vendedor', 331, 'sustantivo') on conflict (id) do nothing;
insert into vocabulary(id,course_id,word,translation,frequency_rank,part_of_speech) values ('1c972be3-54cd-5a89-b2a3-acbcfef3426b', '20000000-0000-0000-0000-000000000005', 'Schaufenster', 'el escaparate', 332, 'sustantivo') on conflict (id) do nothing;
insert into vocabulary(id,course_id,word,translation,frequency_rank,part_of_speech) values ('3ce7ea63-b06a-5e52-82b9-bb9a8bc1a2b9', '20000000-0000-0000-0000-000000000005', 'Gutschein', 'el vale', 333, 'sustantivo') on conflict (id) do nothing;
insert into vocabulary(id,course_id,word,translation,frequency_rank,part_of_speech) values ('1e779789-489a-5b82-a23a-af7678b42295', '20000000-0000-0000-0000-000000000005', 'sparen', 'ahorrar', 334, 'verbo') on conflict (id) do nothing;
insert into vocabulary(id,course_id,word,translation,frequency_rank,part_of_speech) values ('2b58baec-1508-57d5-abcc-d50ac44aa113', '20000000-0000-0000-0000-000000000005', 'der Umtausch', 'la devolución', 335, 'sustantivo') on conflict (id) do nothing;
insert into vocabulary(id,course_id,word,translation,frequency_rank,part_of_speech) values ('0a59b93d-406b-50d6-bf6e-874f9a91560f', '20000000-0000-0000-0000-000000000005', 'Auswahl', 'el surtido', 336, 'sustantivo') on conflict (id) do nothing;
insert into vocabulary(id,course_id,word,translation,frequency_rank,part_of_speech) values ('ab15d8f1-bbf8-5b59-99f2-23c8211affe3', '20000000-0000-0000-0000-000000000005', 'Kaufhaus', 'los grandes almacenes', 337, 'sustantivo') on conflict (id) do nothing;
insert into vocabulary(id,course_id,word,translation,frequency_rank,part_of_speech) values ('fbbb952c-3bae-5477-a25b-e41ace9e87e2', '20000000-0000-0000-0000-000000000005', 'Münze', 'la moneda', 338, 'sustantivo') on conflict (id) do nothing;
insert into vocabulary(id,course_id,word,translation,frequency_rank,part_of_speech) values ('9d3f3775-fdcc-5098-9fa0-d572156bb79d', '20000000-0000-0000-0000-000000000005', 'Geldschein', 'el billete', 339, 'sustantivo') on conflict (id) do nothing;
insert into vocabulary(id,course_id,word,translation,frequency_rank,part_of_speech) values ('ed058266-f148-5604-b6d7-ecd0cf65a803', '20000000-0000-0000-0000-000000000005', 'der Betrag', 'el importe', 340, 'sustantivo') on conflict (id) do nothing;
insert into vocabulary(id,course_id,word,translation,frequency_rank,part_of_speech) values ('a294ac6e-0ba4-5f17-abfe-b4d97329b8ad', '20000000-0000-0000-0000-000000000005', 'aufwachen', 'despertarse', 360, 'verbo') on conflict (id) do nothing;
insert into vocabulary(id,course_id,word,translation,frequency_rank,part_of_speech) values ('acbf961d-3c83-580f-8666-f29c2f04bac7', '20000000-0000-0000-0000-000000000005', 'aufstehen', 'levantarse', 361, 'verbo') on conflict (id) do nothing;
insert into vocabulary(id,course_id,word,translation,frequency_rank,part_of_speech) values ('54b455ec-c8d1-5dcb-b5c8-62dff656477c', '20000000-0000-0000-0000-000000000005', 'Wecker', 'el despertador', 362, 'sustantivo') on conflict (id) do nothing;
insert into vocabulary(id,course_id,word,translation,frequency_rank,part_of_speech) values ('8f6a8878-cafe-52e0-9cfa-c4f0270647e2', '20000000-0000-0000-0000-000000000005', 'einschlafen', 'dormirse', 363, 'verbo') on conflict (id) do nothing;
insert into vocabulary(id,course_id,word,translation,frequency_rank,part_of_speech) values ('efc0881a-bdae-5c62-997b-fea253f7b702', '20000000-0000-0000-0000-000000000005', 'verschlafen', 'quedarse dormido', 364, 'verbo') on conflict (id) do nothing;
insert into vocabulary(id,course_id,word,translation,frequency_rank,part_of_speech) values ('f8466407-9089-5fda-8ac4-c2ff8067fb2a', '20000000-0000-0000-0000-000000000005', 'Zeitplan', 'el horario', 365, 'sustantivo') on conflict (id) do nothing;
insert into vocabulary(id,course_id,word,translation,frequency_rank,part_of_speech) values ('1f60d998-e215-533e-b0da-cc42e8f233d3', '20000000-0000-0000-0000-000000000005', 'Alltag', 'la rutina diaria', 366, 'sustantivo') on conflict (id) do nothing;
insert into vocabulary(id,course_id,word,translation,frequency_rank,part_of_speech) values ('e1ee94a3-a4b8-5bce-b74e-8ae905cb60e5', '20000000-0000-0000-0000-000000000005', 'Gewohnheit', 'la costumbre', 367, 'sustantivo') on conflict (id) do nothing;
insert into vocabulary(id,course_id,word,translation,frequency_rank,part_of_speech) values ('bc5abe35-4c38-585e-ab16-5b89fa41f14c', '20000000-0000-0000-0000-000000000005', 'Tagesablauf', 'el transcurso del día', 368, 'sustantivo') on conflict (id) do nothing;
insert into vocabulary(id,course_id,word,translation,frequency_rank,part_of_speech) values ('5fe1b783-05a5-5e80-a59a-0232ebf14c81', '20000000-0000-0000-0000-000000000005', 'früh', 'temprano', 369, 'adverbio') on conflict (id) do nothing;
insert into vocabulary(id,course_id,word,translation,frequency_rank,part_of_speech) values ('1bd17e8d-b6b6-5c50-a4c1-a544e50b4a08', '20000000-0000-0000-0000-000000000005', 'spät', 'tarde', 370, 'adverbio') on conflict (id) do nothing;
insert into vocabulary(id,course_id,word,translation,frequency_rank,part_of_speech) values ('062bf9a4-46e5-54ee-a230-daa104b4340b', '20000000-0000-0000-0000-000000000005', 'selten', 'rara vez', 371, 'adverbio') on conflict (id) do nothing;
insert into vocabulary(id,course_id,word,translation,frequency_rank,part_of_speech) values ('414bf4a7-0fbe-585a-82e8-7281eefe6659', '20000000-0000-0000-0000-000000000005', 'häufig', 'a menudo', 360, 'adverbio') on conflict (id) do nothing;
insert into vocabulary(id,course_id,word,translation,frequency_rank,part_of_speech) values ('91e0ba8e-18cc-532e-8407-5cb79bd1624f', '20000000-0000-0000-0000-000000000005', 'manchmal', 'a veces', 361, 'adverbio') on conflict (id) do nothing;
insert into vocabulary(id,course_id,word,translation,frequency_rank,part_of_speech) values ('c4d222d6-4855-5539-aecd-1965ce6b71cb', '20000000-0000-0000-0000-000000000005', 'immer', 'siempre', 362, 'adverbio') on conflict (id) do nothing;
insert into vocabulary(id,course_id,word,translation,frequency_rank,part_of_speech) values ('30956b3d-5285-56e2-ab84-7e88a142e037', '20000000-0000-0000-0000-000000000005', 'Feierabend', 'el fin de la jornada laboral', 363, 'sustantivo') on conflict (id) do nothing;
insert into vocabulary(id,course_id,word,translation,frequency_rank,part_of_speech) values ('ac6a3b47-2a0d-513a-9b35-32f1a873834e', '20000000-0000-0000-0000-000000000005', 'Mittagspause', 'la pausa del mediodía', 364, 'sustantivo') on conflict (id) do nothing;
insert into vocabulary(id,course_id,word,translation,frequency_rank,part_of_speech) values ('fbe6e1cc-ff79-5005-8a75-11c99f67eaf6', '20000000-0000-0000-0000-000000000005', 'Freizeit', 'el tiempo libre', 365, 'sustantivo') on conflict (id) do nothing;
insert into vocabulary(id,course_id,word,translation,frequency_rank,part_of_speech) values ('71155965-9ca5-5c89-ad6e-eb159f81d49d', '20000000-0000-0000-0000-000000000005', 'Termin', 'la cita', 366, 'sustantivo') on conflict (id) do nothing;
insert into vocabulary(id,course_id,word,translation,frequency_rank,part_of_speech) values ('fa045238-f3e9-5e3f-946c-3639cb871981', '20000000-0000-0000-0000-000000000005', 'rechtzeitig', 'a tiempo', 367, 'adverbio') on conflict (id) do nothing;
insert into vocabulary(id,course_id,word,translation,frequency_rank,part_of_speech) values ('2e646305-46f6-5ea3-a9a3-3f7d8281fd41', '20000000-0000-0000-0000-000000000005', 'gleichzeitig', 'simultáneamente', 368, 'adverbio') on conflict (id) do nothing;
insert into vocabulary(id,course_id,word,translation,frequency_rank,part_of_speech) values ('0a30f538-4e00-5363-854f-d7f3e0ab76a4', '20000000-0000-0000-0000-000000000005', 'dauern', 'durar', 369, 'verbo') on conflict (id) do nothing;
insert into vocabulary(id,course_id,word,translation,frequency_rank,part_of_speech) values ('ac46ea91-25d4-5f88-bee8-2d4288c39703', '20000000-0000-0000-0000-000000000005', 'Uhrzeit', 'la hora', 370, 'sustantivo') on conflict (id) do nothing;
insert into vocabulary(id,course_id,word,translation,frequency_rank,part_of_speech) values ('11eeb86c-8720-5f4b-a1c8-447a8fd2daac', '20000000-0000-0000-0000-000000000005', 'Husten', 'la tos', 390, 'sustantivo') on conflict (id) do nothing;
insert into vocabulary(id,course_id,word,translation,frequency_rank,part_of_speech) values ('8ea64251-9b9c-5741-8d51-8fcb7bfcf28d', '20000000-0000-0000-0000-000000000005', 'niesen', 'estornudar', 391, 'verbo') on conflict (id) do nothing;
insert into vocabulary(id,course_id,word,translation,frequency_rank,part_of_speech) values ('9dc6d96e-5a56-5b34-b53b-6ee9501e0541', '20000000-0000-0000-0000-000000000005', 'Tablette', 'la pastilla', 392, 'sustantivo') on conflict (id) do nothing;
insert into vocabulary(id,course_id,word,translation,frequency_rank,part_of_speech) values ('ecf41df4-0150-5813-9ffb-7a5db1fa44fa', '20000000-0000-0000-0000-000000000005', 'Rezept', 'la receta', 393, 'sustantivo') on conflict (id) do nothing;
insert into vocabulary(id,course_id,word,translation,frequency_rank,part_of_speech) values ('f8cc9bb5-ff45-5287-b8dc-833bbabd6e97', '20000000-0000-0000-0000-000000000005', 'die Wunde', 'la herida', 394, 'sustantivo') on conflict (id) do nothing;
insert into vocabulary(id,course_id,word,translation,frequency_rank,part_of_speech) values ('9b33ae9b-8f91-5410-af15-e9617b677336', '20000000-0000-0000-0000-000000000005', 'Spritze', 'la inyección', 395, 'sustantivo') on conflict (id) do nothing;
insert into vocabulary(id,course_id,word,translation,frequency_rank,part_of_speech) values ('16a2c6af-227e-5079-b758-849f12f1c621', '20000000-0000-0000-0000-000000000005', 'Knochen', 'el hueso', 396, 'sustantivo') on conflict (id) do nothing;
insert into vocabulary(id,course_id,word,translation,frequency_rank,part_of_speech) values ('56dfd2e8-4335-54f6-a67a-9c701687d0e5', '20000000-0000-0000-0000-000000000005', 'das Knie', 'la rodilla', 397, 'sustantivo') on conflict (id) do nothing;
insert into vocabulary(id,course_id,word,translation,frequency_rank,part_of_speech) values ('567dbd50-e747-5766-b4d0-7bc4f95d7bb0', '20000000-0000-0000-0000-000000000005', 'Haut', 'la piel', 398, 'sustantivo') on conflict (id) do nothing;
insert into vocabulary(id,course_id,word,translation,frequency_rank,part_of_speech) values ('b4cf9e92-3794-51a8-901c-da8c5d809e18', '20000000-0000-0000-0000-000000000005', 'Brust', 'el pecho', 399, 'sustantivo') on conflict (id) do nothing;
insert into vocabulary(id,course_id,word,translation,frequency_rank,part_of_speech) values ('975221ff-7b2d-5ca9-b3e7-847ab189bdbf', '20000000-0000-0000-0000-000000000005', 'Verletzung', 'la lesión', 400, 'sustantivo') on conflict (id) do nothing;
insert into vocabulary(id,course_id,word,translation,frequency_rank,part_of_speech) values ('4e119c98-1fc5-5d42-afb6-5fbd90ae36af', '20000000-0000-0000-0000-000000000005', 'Gesundheit', 'la salud', 401, 'sustantivo') on conflict (id) do nothing;
insert into vocabulary(id,course_id,word,translation,frequency_rank,part_of_speech) values ('dcd25d5a-4ad1-5a7d-a43d-5b6b7464c85a', '20000000-0000-0000-0000-000000000005', 'Grippe', 'la gripe', 390, 'sustantivo') on conflict (id) do nothing;
insert into vocabulary(id,course_id,word,translation,frequency_rank,part_of_speech) values ('446db164-0d6f-55be-bf28-2ac652d283ac', '20000000-0000-0000-0000-000000000005', 'der Schmerz', 'el dolor', 391, 'sustantivo') on conflict (id) do nothing;
insert into vocabulary(id,course_id,word,translation,frequency_rank,part_of_speech) values ('0a36945c-f3f8-5af3-9dd9-47f3829a80e7', '20000000-0000-0000-0000-000000000005', 'Krankheit', 'la enfermedad', 392, 'sustantivo') on conflict (id) do nothing;
insert into vocabulary(id,course_id,word,translation,frequency_rank,part_of_speech) values ('05d2cee3-7b11-5bbe-b7fd-a5f52732343f', '20000000-0000-0000-0000-000000000005', 'Krankenhaus', 'el hospital', 393, 'sustantivo') on conflict (id) do nothing;
insert into vocabulary(id,course_id,word,translation,frequency_rank,part_of_speech) values ('3ea87867-bb81-5947-a169-0fbf8a13dffb', '20000000-0000-0000-0000-000000000005', 'gesund', 'sano', 394, 'adjetivo') on conflict (id) do nothing;
insert into vocabulary(id,course_id,word,translation,frequency_rank,part_of_speech) values ('7e347c2b-1b10-5bb5-8beb-81d61334a9e9', '20000000-0000-0000-0000-000000000005', 'Blut', 'la sangre', 395, 'sustantivo') on conflict (id) do nothing;
insert into vocabulary(id,course_id,word,translation,frequency_rank,part_of_speech) values ('aedc5eb6-32fd-5a55-bd1c-ba1ae655e376', '20000000-0000-0000-0000-000000000005', 'die Nase', 'la nariz', 396, 'sustantivo') on conflict (id) do nothing;
insert into vocabulary(id,course_id,word,translation,frequency_rank,part_of_speech) values ('4d67fb34-20b0-55c5-b7a5-2a2cf9e62447', '20000000-0000-0000-0000-000000000005', 'Ohr', 'la oreja', 397, 'sustantivo') on conflict (id) do nothing;
insert into vocabulary(id,course_id,word,translation,frequency_rank,part_of_speech) values ('3fda2738-7ac8-5a5f-aea6-6069d32aafb5', '20000000-0000-0000-0000-000000000005', 'Herz', 'el corazón', 398, 'sustantivo') on conflict (id) do nothing;
insert into vocabulary(id,course_id,word,translation,frequency_rank,part_of_speech) values ('19f1b704-0283-561d-9f7a-9ba534287695', '20000000-0000-0000-0000-000000000005', 'Lunge', 'el pulmón', 399, 'sustantivo') on conflict (id) do nothing;
insert into vocabulary(id,course_id,word,translation,frequency_rank,part_of_speech) values ('aca80f29-92d7-531e-9cab-94dd37b9da7d', '20000000-0000-0000-0000-000000000005', 'atmen', 'respirar', 400, 'verbo') on conflict (id) do nothing;
insert into vocabulary(id,course_id,word,translation,frequency_rank,part_of_speech) values ('6aaff7cf-35da-53ac-912e-90ba4adcb901', '20000000-0000-0000-0000-000000000005', 'der Chef', 'el jefe', 420, 'noun') on conflict (id) do nothing;
insert into vocabulary(id,course_id,word,translation,frequency_rank,part_of_speech) values ('05eac2fc-2057-5977-a6ac-eed7b91d6523', '20000000-0000-0000-0000-000000000005', 'der Kollege', 'el colega', 421, 'noun') on conflict (id) do nothing;
insert into vocabulary(id,course_id,word,translation,frequency_rank,part_of_speech) values ('7be9fcb3-bc57-5d06-b1c6-2fd846ce91f8', '20000000-0000-0000-0000-000000000005', 'die Besprechung', 'la reunión', 422, 'noun') on conflict (id) do nothing;
insert into vocabulary(id,course_id,word,translation,frequency_rank,part_of_speech) values ('0443ddfe-8b84-57ac-8907-156783878253', '20000000-0000-0000-0000-000000000005', 'das Gehalt', 'el sueldo', 423, 'noun') on conflict (id) do nothing;
insert into vocabulary(id,course_id,word,translation,frequency_rank,part_of_speech) values ('4f0cd6e9-c8d9-5b83-b8ed-76536660c227', '20000000-0000-0000-0000-000000000005', 'einstellen', 'contratar', 424, 'verb') on conflict (id) do nothing;
insert into vocabulary(id,course_id,word,translation,frequency_rank,part_of_speech) values ('f1e5f9d0-1422-537f-82f4-8ac8732ce8ec', '20000000-0000-0000-0000-000000000005', 'kündigen', 'despedir', 425, 'verb') on conflict (id) do nothing;
insert into vocabulary(id,course_id,word,translation,frequency_rank,part_of_speech) values ('e0356bce-0bfc-5ca7-9b5a-a31763476c96', '20000000-0000-0000-0000-000000000005', 'die Aufgabe', 'la tarea', 426, 'noun') on conflict (id) do nothing;
insert into vocabulary(id,course_id,word,translation,frequency_rank,part_of_speech) values ('584e37e4-966d-55e4-9ae3-60f944b34f1d', '20000000-0000-0000-0000-000000000005', 'der Betrieb', 'la empresa', 427, 'noun') on conflict (id) do nothing;
insert into vocabulary(id,course_id,word,translation,frequency_rank,part_of_speech) values ('ea41bc17-b31d-5106-9fb2-3fdb5e6324d4', '20000000-0000-0000-0000-000000000005', 'der Termin', 'la cita', 428, 'noun') on conflict (id) do nothing;
insert into vocabulary(id,course_id,word,translation,frequency_rank,part_of_speech) values ('d856aaa1-8abc-522e-b25f-f6261203409b', '20000000-0000-0000-0000-000000000005', 'das Büro', 'la oficina', 429, 'noun') on conflict (id) do nothing;
insert into vocabulary(id,course_id,word,translation,frequency_rank,part_of_speech) values ('d3f20123-394c-55d4-9f30-b432cbd8ac37', '20000000-0000-0000-0000-000000000005', 'der Beruf', 'la profesión', 430, 'noun') on conflict (id) do nothing;
insert into vocabulary(id,course_id,word,translation,frequency_rank,part_of_speech) values ('7e680cb2-4b61-5fcc-ad0a-897ccdfed110', '20000000-0000-0000-0000-000000000005', 'die Abteilung', 'el departamento', 420, 'noun') on conflict (id) do nothing;
insert into vocabulary(id,course_id,word,translation,frequency_rank,part_of_speech) values ('75ba2919-f2c9-5f48-a619-69c667847fa8', '20000000-0000-0000-0000-000000000005', 'der Mitarbeiter', 'el empleado', 421, 'noun') on conflict (id) do nothing;
insert into vocabulary(id,course_id,word,translation,frequency_rank,part_of_speech) values ('e32af5f6-5fad-533d-98ab-36834d36d786', '20000000-0000-0000-0000-000000000005', 'der Angestellte', 'el asalariado', 422, 'noun') on conflict (id) do nothing;
insert into vocabulary(id,course_id,word,translation,frequency_rank,part_of_speech) values ('32403b98-77a0-5a43-92da-76721f0d9471', '20000000-0000-0000-0000-000000000005', 'der Arbeitsplatz', 'el puesto de trabajo', 423, 'noun') on conflict (id) do nothing;
insert into vocabulary(id,course_id,word,translation,frequency_rank,part_of_speech) values ('4ccbddbe-cb41-57bf-8e3d-25eccde90f61', '20000000-0000-0000-0000-000000000005', 'das Projekt', 'el proyecto', 424, 'noun') on conflict (id) do nothing;
insert into vocabulary(id,course_id,word,translation,frequency_rank,part_of_speech) values ('1ae59411-be34-51a7-b4d5-dabf0ace8f43', '20000000-0000-0000-0000-000000000005', 'das Team', 'el equipo', 425, 'noun') on conflict (id) do nothing;
insert into vocabulary(id,course_id,word,translation,frequency_rank,part_of_speech) values ('b0cbf5ff-2ffd-5348-9e27-f1ae8d944c23', '20000000-0000-0000-0000-000000000005', 'verdienen', 'ganar', 426, 'verb') on conflict (id) do nothing;
insert into vocabulary(id,course_id,word,translation,frequency_rank,part_of_speech) values ('1b83160a-dbc5-5e44-8ea1-5ebbe6d47c72', '20000000-0000-0000-0000-000000000005', 'die Bewerbung', 'la solicitud', 427, 'noun') on conflict (id) do nothing;
insert into vocabulary(id,course_id,word,translation,frequency_rank,part_of_speech) values ('1294ffbd-a935-565d-b62f-94439d1bb652', '20000000-0000-0000-0000-000000000005', 'der Auftrag', 'el encargo', 428, 'noun') on conflict (id) do nothing;
insert into vocabulary(id,course_id,word,translation,frequency_rank,part_of_speech) values ('7b0c0cf3-5ac7-54a7-accc-5e34901e311f', '20000000-0000-0000-0000-000000000005', 'der Lohn', 'el salario', 429, 'noun') on conflict (id) do nothing;
insert into vocabulary(id,course_id,word,translation,frequency_rank,part_of_speech) values ('c5f16c4c-b28d-5308-aa90-769119df265d', '20000000-0000-0000-0000-000000000005', 'die Überstunde', 'la hora extra', 430, 'noun') on conflict (id) do nothing;
insert into vocabulary(id,course_id,word,translation,frequency_rank,part_of_speech) values ('819dfc7b-a3b2-5266-a17f-de781149e9b5', '20000000-0000-0000-0000-000000000005', 'Donner', 'el trueno', 450, 'noun') on conflict (id) do nothing;
insert into vocabulary(id,course_id,word,translation,frequency_rank,part_of_speech) values ('1c7c03a1-2e74-5afa-a924-6052ff41482e', '20000000-0000-0000-0000-000000000005', 'Blitz', 'el relámpago', 451, 'noun') on conflict (id) do nothing;
insert into vocabulary(id,course_id,word,translation,frequency_rank,part_of_speech) values ('45615fd6-1d85-5deb-b9de-1f35c6fb79c9', '20000000-0000-0000-0000-000000000005', 'Brise', 'la brisa', 452, 'noun') on conflict (id) do nothing;
insert into vocabulary(id,course_id,word,translation,frequency_rank,part_of_speech) values ('4abb7632-e0b0-56c7-8588-1b20cb95eb97', '20000000-0000-0000-0000-000000000005', 'die Überschwemmung', 'la inundación', 453, 'noun') on conflict (id) do nothing;
insert into vocabulary(id,course_id,word,translation,frequency_rank,part_of_speech) values ('74a51139-9a7f-5a04-b7ed-81184d997c10', '20000000-0000-0000-0000-000000000005', 'Nebel', 'la niebla', 454, 'noun') on conflict (id) do nothing;
insert into vocabulary(id,course_id,word,translation,frequency_rank,part_of_speech) values ('052cd187-4d8e-5149-8f25-1284a5b388fc', '20000000-0000-0000-0000-000000000005', 'Welle', 'la ola', 455, 'noun') on conflict (id) do nothing;
insert into vocabulary(id,course_id,word,translation,frequency_rank,part_of_speech) values ('65ecd680-3577-5c07-9249-2a15d65dba20', '20000000-0000-0000-0000-000000000005', 'Hügel', 'la colina', 456, 'noun') on conflict (id) do nothing;
insert into vocabulary(id,course_id,word,translation,frequency_rank,part_of_speech) values ('8aeb98f7-bfca-5afa-865c-04e9a23fc846', '20000000-0000-0000-0000-000000000005', 'Sand', 'la arena', 457, 'noun') on conflict (id) do nothing;
insert into vocabulary(id,course_id,word,translation,frequency_rank,part_of_speech) values ('389261ac-8c32-5628-bf6f-35639faef652', '20000000-0000-0000-0000-000000000005', 'Ufer', 'la orilla', 458, 'noun') on conflict (id) do nothing;
insert into vocabulary(id,course_id,word,translation,frequency_rank,part_of_speech) values ('9accaac3-55c2-5253-94dd-74075d7ef8f0', '20000000-0000-0000-0000-000000000005', 'Schlamm', 'el barro', 459, 'noun') on conflict (id) do nothing;
insert into vocabulary(id,course_id,word,translation,frequency_rank,part_of_speech) values ('2a0c4d26-8d99-53a8-9653-fed73ba037ad', '20000000-0000-0000-0000-000000000005', 'der Regen', 'la lluvia', 460, 'noun') on conflict (id) do nothing;
insert into vocabulary(id,course_id,word,translation,frequency_rank,part_of_speech) values ('13435de4-3b85-5e5d-bad4-ae985cc61b30', '20000000-0000-0000-0000-000000000005', 'Schnee', 'la nieve', 461, 'noun') on conflict (id) do nothing;
insert into vocabulary(id,course_id,word,translation,frequency_rank,part_of_speech) values ('3d1800dd-6915-5155-9bec-cf74bce7928a', '20000000-0000-0000-0000-000000000005', 'Wind', 'el viento', 450, 'noun') on conflict (id) do nothing;
insert into vocabulary(id,course_id,word,translation,frequency_rank,part_of_speech) values ('f1bc23ba-d92e-5b32-a1be-6f3e924021d5', '20000000-0000-0000-0000-000000000005', 'Wolke', 'la nube', 451, 'noun') on conflict (id) do nothing;
insert into vocabulary(id,course_id,word,translation,frequency_rank,part_of_speech) values ('ee299e48-5808-5ea8-9d70-b515a62542d3', '20000000-0000-0000-0000-000000000005', 'der Himmel', 'el cielo', 452, 'noun') on conflict (id) do nothing;
insert into vocabulary(id,course_id,word,translation,frequency_rank,part_of_speech) values ('8e749e0a-60bc-597e-8106-17b8d6be550f', '20000000-0000-0000-0000-000000000005', 'der Mond', 'la luna', 453, 'noun') on conflict (id) do nothing;
insert into vocabulary(id,course_id,word,translation,frequency_rank,part_of_speech) values ('5cdf90e0-04fe-57c0-a9e2-a9e21a097c17', '20000000-0000-0000-0000-000000000005', 'Stern', 'la estrella', 454, 'noun') on conflict (id) do nothing;
insert into vocabulary(id,course_id,word,translation,frequency_rank,part_of_speech) values ('2752b99c-df22-525a-b110-f22adeb37ace', '20000000-0000-0000-0000-000000000005', 'Berg', 'la montaña', 455, 'noun') on conflict (id) do nothing;
insert into vocabulary(id,course_id,word,translation,frequency_rank,part_of_speech) values ('d7b2152b-fcd3-55e1-acfb-8f21bd14d39b', '20000000-0000-0000-0000-000000000005', 'Fluss', 'el río', 456, 'noun') on conflict (id) do nothing;
insert into vocabulary(id,course_id,word,translation,frequency_rank,part_of_speech) values ('ac2b1368-719b-5cbb-85c2-1f5f4f16091b', '20000000-0000-0000-0000-000000000005', 'Wald', 'el bosque', 457, 'noun') on conflict (id) do nothing;
insert into vocabulary(id,course_id,word,translation,frequency_rank,part_of_speech) values ('f26f608d-83bb-549b-b8d8-e5e0cadd413c', '20000000-0000-0000-0000-000000000005', 'Insel', 'la isla', 458, 'noun') on conflict (id) do nothing;
insert into vocabulary(id,course_id,word,translation,frequency_rank,part_of_speech) values ('7cefd04b-7106-5acb-b080-fbc44dfa4981', '20000000-0000-0000-0000-000000000005', 'der Sturm', 'la tormenta', 459, 'noun') on conflict (id) do nothing;
insert into vocabulary(id,course_id,word,translation,frequency_rank,part_of_speech) values ('caac4887-8873-5ada-9007-fbe58409a2e4', '20000000-0000-0000-0000-000000000005', 'Küste', 'la costa', 460, 'noun') on conflict (id) do nothing;
insert into vocabulary(id,course_id,word,translation,frequency_rank,part_of_speech) values ('7a94c179-fc68-5c0c-82fa-63f59ba97337', '20000000-0000-0000-0000-000000000005', 'der Hagel', 'el granizo', 461, 'noun') on conflict (id) do nothing;
insert into vocabulary(id,course_id,word,translation,frequency_rank,part_of_speech) values ('81409c58-c335-58f0-80a9-c4e09844e8f4', '20000000-0000-0000-0000-000000000005', 'schüchtern', 'tímido', 480, 'adjetivo') on conflict (id) do nothing;
insert into vocabulary(id,course_id,word,translation,frequency_rank,part_of_speech) values ('acc28a5a-1d49-5a7d-bf5c-27d2cd82121e', '20000000-0000-0000-0000-000000000005', 'großzügig', 'generoso', 481, 'adjetivo') on conflict (id) do nothing;
insert into vocabulary(id,course_id,word,translation,frequency_rank,part_of_speech) values ('4c3c326c-627c-5b40-8ee3-20c4db2a147b', '20000000-0000-0000-0000-000000000005', 'stolz', 'orgulloso', 482, 'adjetivo') on conflict (id) do nothing;
insert into vocabulary(id,course_id,word,translation,frequency_rank,part_of_speech) values ('5778364d-7aef-5163-8371-b1e21d2e51ea', '20000000-0000-0000-0000-000000000005', 'eifersüchtig', 'celoso', 483, 'adjetivo') on conflict (id) do nothing;
insert into vocabulary(id,course_id,word,translation,frequency_rank,part_of_speech) values ('d47775d1-873d-5767-a5c0-f32d1c5e092b', '20000000-0000-0000-0000-000000000005', 'faul', 'perezoso', 484, 'adjetivo') on conflict (id) do nothing;
insert into vocabulary(id,course_id,word,translation,frequency_rank,part_of_speech) values ('44d5e5ad-7e27-56ca-9fdf-248d1667ca12', '20000000-0000-0000-0000-000000000005', 'mutig', 'valiente', 485, 'adjetivo') on conflict (id) do nothing;
insert into vocabulary(id,course_id,word,translation,frequency_rank,part_of_speech) values ('ada0a13d-be84-51b3-8dfa-809f8f752f69', '20000000-0000-0000-0000-000000000005', 'ehrlich', 'honesto', 486, 'adjetivo') on conflict (id) do nothing;
insert into vocabulary(id,course_id,word,translation,frequency_rank,part_of_speech) values ('9de4600b-99ef-5a68-abb7-64d0eefc84ba', '20000000-0000-0000-0000-000000000005', 'stur', 'terco', 487, 'adjetivo') on conflict (id) do nothing;
insert into vocabulary(id,course_id,word,translation,frequency_rank,part_of_speech) values ('a6c75922-1fa1-5395-bea6-5706adffe784', '20000000-0000-0000-0000-000000000005', 'geizig', 'tacaño', 488, 'adjetivo') on conflict (id) do nothing;
insert into vocabulary(id,course_id,word,translation,frequency_rank,part_of_speech) values ('43dd6193-f791-563e-94b8-9062c22ee9b0', '20000000-0000-0000-0000-000000000005', 'neugierig', 'curioso', 489, 'adjetivo') on conflict (id) do nothing;
insert into vocabulary(id,course_id,word,translation,frequency_rank,part_of_speech) values ('99d2a9c5-5e52-5690-81ce-72c2b717c537', '20000000-0000-0000-0000-000000000005', 'verärgert', 'enfadado', 490, 'adjetivo') on conflict (id) do nothing;
insert into vocabulary(id,course_id,word,translation,frequency_rank,part_of_speech) values ('e16ea518-978e-5bbc-8b19-1706602b8829', '20000000-0000-0000-0000-000000000005', 'enttäuscht', 'decepcionado', 480, 'adjetivo') on conflict (id) do nothing;
insert into vocabulary(id,course_id,word,translation,frequency_rank,part_of_speech) values ('df00bb52-2ddb-50e0-9b1f-d45a43c02414', '20000000-0000-0000-0000-000000000005', 'selbstbewusst', 'seguro de sí mismo', 481, 'adjetivo') on conflict (id) do nothing;
insert into vocabulary(id,course_id,word,translation,frequency_rank,part_of_speech) values ('460da936-0591-5b04-a396-81b93d3a4b7a', '20000000-0000-0000-0000-000000000005', 'fleißig', 'trabajador', 482, 'adjetivo') on conflict (id) do nothing;
insert into vocabulary(id,course_id,word,translation,frequency_rank,part_of_speech) values ('bb73616a-cff1-5afa-8b59-e039f7c91a09', '20000000-0000-0000-0000-000000000005', 'traurig', 'triste', 483, 'adjetivo') on conflict (id) do nothing;
insert into vocabulary(id,course_id,word,translation,frequency_rank,part_of_speech) values ('077efe25-65e0-5ccf-bd8b-9ae51ac56218', '20000000-0000-0000-0000-000000000005', 'glücklich', 'feliz', 484, 'adjetivo') on conflict (id) do nothing;
insert into vocabulary(id,course_id,word,translation,frequency_rank,part_of_speech) values ('b0268c19-be85-5ddf-92d2-0353509da1b5', '20000000-0000-0000-0000-000000000005', 'wütend', 'furioso', 485, 'adjetivo') on conflict (id) do nothing;
insert into vocabulary(id,course_id,word,translation,frequency_rank,part_of_speech) values ('90e7cc30-de05-53fe-b867-7cba520bf4a3', '20000000-0000-0000-0000-000000000005', 'nervös', 'nervioso', 486, 'adjetivo') on conflict (id) do nothing;
insert into vocabulary(id,course_id,word,translation,frequency_rank,part_of_speech) values ('6984f7f0-65d7-51f1-89b4-efbbc1895b64', '20000000-0000-0000-0000-000000000005', 'bescheiden', 'modesto', 487, 'adjetivo') on conflict (id) do nothing;
insert into vocabulary(id,course_id,word,translation,frequency_rank,part_of_speech) values ('a0b4b70d-46b7-57b1-9d8b-b126b31c2fd7', '20000000-0000-0000-0000-000000000005', 'hilfsbereit', 'servicial', 488, 'adjetivo') on conflict (id) do nothing;
insert into vocabulary(id,course_id,word,translation,frequency_rank,part_of_speech) values ('d743fd6a-11a3-5a80-8ecc-6af872ff3261', '20000000-0000-0000-0000-000000000005', 'ängstlich', 'temeroso', 489, 'adjetivo') on conflict (id) do nothing;
insert into vocabulary(id,course_id,word,translation,frequency_rank,part_of_speech) values ('feb3aa86-7b5f-52d3-a826-5eba68eebf09', '20000000-0000-0000-0000-000000000005', 'eingebildet', 'engreído', 490, 'adjetivo') on conflict (id) do nothing;

-- 2) content_items (cloze con audio + match)
insert into content_items(id,course_id,cefr_level,skill,type,prompt,payload,correct_answer,difficulty,tags) values ('b02543dd-4b91-5940-ae83-e4bdff3ea274', '20000000-0000-0000-0000-000000000005', 'A2', 'writing', 'cloze', 'Completa la frase con la palabra que falta.', '{"text": "Die Kinder spielen auf dem Gehweg vor dem Haus.", "audio_url": "https://wiauinufpbkmjlbqlkxo.supabase.co/storage/v1/object/public/audio/items/b02543dd-4b91-5940-ae83-e4bdff3ea274.mp3"}'::jsonb, '{"value": "Gehweg", "accepted": ["Gehweg"]}'::jsonb, 0.35, array['vocab_f1','writing']) on conflict (id) do nothing;
insert into content_items(id,course_id,cefr_level,skill,type,prompt,payload,correct_answer,difficulty,tags) values ('0cf083af-3e20-5b30-bb68-bc32d0167c7f', '20000000-0000-0000-0000-000000000005', 'A2', 'writing', 'cloze', 'Completa la frase con la palabra que falta.', '{"text": "Das alte Gebäude in der Innenstadt wird gerade renoviert.", "audio_url": "https://wiauinufpbkmjlbqlkxo.supabase.co/storage/v1/object/public/audio/items/0cf083af-3e20-5b30-bb68-bc32d0167c7f.mp3"}'::jsonb, '{"value": "Gebäude", "accepted": ["Gebäude"]}'::jsonb, 0.35, array['vocab_f1','writing']) on conflict (id) do nothing;
insert into content_items(id,course_id,cefr_level,skill,type,prompt,payload,correct_answer,difficulty,tags) values ('86723c27-98b0-5910-b114-c4f792e639b1', '20000000-0000-0000-0000-000000000005', 'A2', 'writing', 'cloze', 'Completa la frase con la palabra que falta.', '{"text": "An der nächsten Kreuzung musst du nach rechts abbiegen.", "audio_url": "https://wiauinufpbkmjlbqlkxo.supabase.co/storage/v1/object/public/audio/items/86723c27-98b0-5910-b114-c4f792e639b1.mp3"}'::jsonb, '{"value": "Kreuzung", "accepted": ["Kreuzung"]}'::jsonb, 0.35, array['vocab_f1','writing']) on conflict (id) do nothing;
insert into content_items(id,course_id,cefr_level,skill,type,prompt,payload,correct_answer,difficulty,tags) values ('351c9a99-417b-5305-bd78-8279c06a6cbc', '20000000-0000-0000-0000-000000000005', 'A2', 'writing', 'cloze', 'Completa la frase con la palabra que falta.', '{"text": "Wir warten an der Ampel, bis sie grün wird.", "audio_url": "https://wiauinufpbkmjlbqlkxo.supabase.co/storage/v1/object/public/audio/items/351c9a99-417b-5305-bd78-8279c06a6cbc.mp3"}'::jsonb, '{"value": "Ampel", "accepted": ["Ampel"]}'::jsonb, 0.35, array['vocab_f1','writing']) on conflict (id) do nothing;
insert into content_items(id,course_id,cefr_level,skill,type,prompt,payload,correct_answer,difficulty,tags) values ('d1805fa4-3718-5b89-ac8e-6797d3cf7488', '20000000-0000-0000-0000-000000000005', 'A2', 'writing', 'cloze', 'Completa la frase con la palabra que falta.', '{"text": "Das Rathaus steht direkt am großen Marktplatz der Stadt.", "audio_url": "https://wiauinufpbkmjlbqlkxo.supabase.co/storage/v1/object/public/audio/items/d1805fa4-3718-5b89-ac8e-6797d3cf7488.mp3"}'::jsonb, '{"value": "das Rathaus", "accepted": ["das Rathaus"]}'::jsonb, 0.35, array['vocab_f1','writing']) on conflict (id) do nothing;
insert into content_items(id,course_id,cefr_level,skill,type,prompt,payload,correct_answer,difficulty,tags) values ('0a022981-678a-5be7-8c60-6f4ac6c82e90', '20000000-0000-0000-0000-000000000005', 'A2', 'writing', 'cloze', 'Completa la frase con la palabra que falta.', '{"text": "Die Bäckerei befindet sich an der Ecke neben der Bank.", "audio_url": "https://wiauinufpbkmjlbqlkxo.supabase.co/storage/v1/object/public/audio/items/0a022981-678a-5be7-8c60-6f4ac6c82e90.mp3"}'::jsonb, '{"value": "Ecke", "accepted": ["Ecke"]}'::jsonb, 0.35, array['vocab_f1','writing']) on conflict (id) do nothing;
insert into content_items(id,course_id,cefr_level,skill,type,prompt,payload,correct_answer,difficulty,tags) values ('368e9651-cb8d-5e31-9c73-4b2c95cd6553', '20000000-0000-0000-0000-000000000005', 'A2', 'writing', 'cloze', 'Completa la frase con la palabra que falta.', '{"text": "Die alte Kirche hat einen sehr hohen und schönen Turm.", "audio_url": "https://wiauinufpbkmjlbqlkxo.supabase.co/storage/v1/object/public/audio/items/368e9651-cb8d-5e31-9c73-4b2c95cd6553.mp3"}'::jsonb, '{"value": "Kirche", "accepted": ["Kirche"]}'::jsonb, 0.35, array['vocab_f1','writing']) on conflict (id) do nothing;
insert into content_items(id,course_id,cefr_level,skill,type,prompt,payload,correct_answer,difficulty,tags) values ('1df6ba80-4bc6-55c9-a3c9-3790744a4dc6', '20000000-0000-0000-0000-000000000005', 'A2', 'writing', 'cloze', 'Completa la frase con la palabra que falta.', '{"text": "In der Bibliothek kann man Bücher lesen und ausleihen.", "audio_url": "https://wiauinufpbkmjlbqlkxo.supabase.co/storage/v1/object/public/audio/items/1df6ba80-4bc6-55c9-a3c9-3790744a4dc6.mp3"}'::jsonb, '{"value": "Bibliothek", "accepted": ["Bibliothek"]}'::jsonb, 0.35, array['vocab_f1','writing']) on conflict (id) do nothing;
insert into content_items(id,course_id,cefr_level,skill,type,prompt,payload,correct_answer,difficulty,tags) values ('65fd3c0a-662b-5171-9388-6f6923b0f49b', '20000000-0000-0000-0000-000000000005', 'A2', 'writing', 'cloze', 'Completa la frase con la palabra que falta.', '{"text": "Am Sonntag gehen wir im Park spazieren und picknicken.", "audio_url": "https://wiauinufpbkmjlbqlkxo.supabase.co/storage/v1/object/public/audio/items/65fd3c0a-662b-5171-9388-6f6923b0f49b.mp3"}'::jsonb, '{"value": "Park", "accepted": ["Park"]}'::jsonb, 0.35, array['vocab_f1','writing']) on conflict (id) do nothing;
insert into content_items(id,course_id,cefr_level,skill,type,prompt,payload,correct_answer,difficulty,tags) values ('16261a5d-cf5c-5048-a81d-7885fea51fe9', '20000000-0000-0000-0000-000000000005', 'A2', 'writing', 'cloze', 'Completa la frase con la palabra que falta.', '{"text": "Die Straßenbahn fährt alle zehn Minuten zum Hauptbahnhof.", "audio_url": "https://wiauinufpbkmjlbqlkxo.supabase.co/storage/v1/object/public/audio/items/16261a5d-cf5c-5048-a81d-7885fea51fe9.mp3"}'::jsonb, '{"value": "die Straßenbahn", "accepted": ["die Straßenbahn"]}'::jsonb, 0.35, array['vocab_f1','writing']) on conflict (id) do nothing;
insert into content_items(id,course_id,cefr_level,skill,type,prompt,payload,correct_answer,difficulty,tags) values ('ca91a9e4-5eaf-5681-8531-d87f21e0195c', '20000000-0000-0000-0000-000000000005', 'A2', 'writing', 'cloze', 'Completa la frase con la palabra que falta.', '{"text": "An dieser Haltestelle steigen viele Leute in den Bus ein.", "audio_url": "https://wiauinufpbkmjlbqlkxo.supabase.co/storage/v1/object/public/audio/items/ca91a9e4-5eaf-5681-8531-d87f21e0195c.mp3"}'::jsonb, '{"value": "Haltestelle", "accepted": ["Haltestelle"]}'::jsonb, 0.35, array['vocab_f1','writing']) on conflict (id) do nothing;
insert into content_items(id,course_id,cefr_level,skill,type,prompt,payload,correct_answer,difficulty,tags) values ('a612150c-add8-5ad5-a8b6-cb59de4c8c6d', '20000000-0000-0000-0000-000000000005', 'A2', 'reading', 'match', 'Empareja cada palabra con su traducción.', '{"pairs": [{"en": "Gehweg", "es": "la acera"}, {"en": "Gebäude", "es": "el edificio"}, {"en": "Kreuzung", "es": "el cruce"}, {"en": "Ampel", "es": "el semáforo"}, {"en": "das Rathaus", "es": "el ayuntamiento"}]}'::jsonb, '{"pairs": [["Gehweg", "la acera"], ["Gebäude", "el edificio"], ["Kreuzung", "el cruce"], ["Ampel", "el semáforo"], ["das Rathaus", "el ayuntamiento"]]}'::jsonb, 0.15, array['vocab_f1','reading']) on conflict (id) do nothing;
insert into content_items(id,course_id,cefr_level,skill,type,prompt,payload,correct_answer,difficulty,tags) values ('a5185657-bec3-599e-b449-1a19b58ba102', '20000000-0000-0000-0000-000000000005', 'A2', 'reading', 'match', 'Empareja cada palabra con su traducción.', '{"pairs": [{"en": "Ecke", "es": "la esquina"}, {"en": "Kirche", "es": "la iglesia"}, {"en": "Bibliothek", "es": "la biblioteca"}, {"en": "Park", "es": "el parque"}, {"en": "die Straßenbahn", "es": "el tranvía"}]}'::jsonb, '{"pairs": [["Ecke", "la esquina"], ["Kirche", "la iglesia"], ["Bibliothek", "la biblioteca"], ["Park", "el parque"], ["die Straßenbahn", "el tranvía"]]}'::jsonb, 0.15, array['vocab_f1','reading']) on conflict (id) do nothing;
insert into content_items(id,course_id,cefr_level,skill,type,prompt,payload,correct_answer,difficulty,tags) values ('90b373ab-7c74-5224-81a7-0f6afa73b816', '20000000-0000-0000-0000-000000000005', 'A2', 'writing', 'cloze', 'Completa la frase con la palabra que falta.', '{"text": "Mit der U-Bahn bist du schneller als mit dem Auto.", "audio_url": "https://wiauinufpbkmjlbqlkxo.supabase.co/storage/v1/object/public/audio/items/90b373ab-7c74-5224-81a7-0f6afa73b816.mp3"}'::jsonb, '{"value": "U-Bahn", "accepted": ["U-Bahn"]}'::jsonb, 0.35, array['vocab_f1','writing']) on conflict (id) do nothing;
insert into content_items(id,course_id,cefr_level,skill,type,prompt,payload,correct_answer,difficulty,tags) values ('115da265-da90-55e3-ad4a-0ca1791b7a72', '20000000-0000-0000-0000-000000000005', 'A2', 'writing', 'cloze', 'Completa la frase con la palabra que falta.', '{"text": "Über den Zebrastreifen kann man sicher die Straße überqueren.", "audio_url": "https://wiauinufpbkmjlbqlkxo.supabase.co/storage/v1/object/public/audio/items/115da265-da90-55e3-ad4a-0ca1791b7a72.mp3"}'::jsonb, '{"value": "Zebrastreifen", "accepted": ["Zebrastreifen"]}'::jsonb, 0.35, array['vocab_f1','writing']) on conflict (id) do nothing;
insert into content_items(id,course_id,cefr_level,skill,type,prompt,payload,correct_answer,difficulty,tags) values ('4d879119-fa69-51da-a8b9-e3e8bb44e08e', '20000000-0000-0000-0000-000000000005', 'A2', 'writing', 'cloze', 'Completa la frase con la palabra que falta.', '{"text": "Im Zentrum der Stadt gibt es viele Geschäfte und Restaurants.", "audio_url": "https://wiauinufpbkmjlbqlkxo.supabase.co/storage/v1/object/public/audio/items/4d879119-fa69-51da-a8b9-e3e8bb44e08e.mp3"}'::jsonb, '{"value": "Zentrum", "accepted": ["Zentrum"]}'::jsonb, 0.35, array['vocab_f1','writing']) on conflict (id) do nothing;
insert into content_items(id,course_id,cefr_level,skill,type,prompt,payload,correct_answer,difficulty,tags) values ('3090ecc8-57d9-581e-bf5c-91151f600bc8', '20000000-0000-0000-0000-000000000005', 'A2', 'writing', 'cloze', 'Completa la frase con la palabra que falta.', '{"text": "In der Fußgängerzone dürfen keine Autos fahren.", "audio_url": "https://wiauinufpbkmjlbqlkxo.supabase.co/storage/v1/object/public/audio/items/3090ecc8-57d9-581e-bf5c-91151f600bc8.mp3"}'::jsonb, '{"value": "Fußgängerzone", "accepted": ["Fußgängerzone"]}'::jsonb, 0.35, array['vocab_f1','writing']) on conflict (id) do nothing;
insert into content_items(id,course_id,cefr_level,skill,type,prompt,payload,correct_answer,difficulty,tags) values ('d2975c20-e0f9-5eca-bb11-48bd1966f659', '20000000-0000-0000-0000-000000000005', 'A2', 'writing', 'cloze', 'Completa la frase con la palabra que falta.', '{"text": "Vom hohen Turm hat man einen tollen Blick über die Stadt.", "audio_url": "https://wiauinufpbkmjlbqlkxo.supabase.co/storage/v1/object/public/audio/items/d2975c20-e0f9-5eca-bb11-48bd1966f659.mp3"}'::jsonb, '{"value": "Turm", "accepted": ["Turm"]}'::jsonb, 0.35, array['vocab_f1','writing']) on conflict (id) do nothing;
insert into content_items(id,course_id,cefr_level,skill,type,prompt,payload,correct_answer,difficulty,tags) values ('87bd0ba9-f40b-56fc-b850-7d5bbda0d597', '20000000-0000-0000-0000-000000000005', 'A2', 'writing', 'cloze', 'Completa la frase con la palabra que falta.', '{"text": "Das alte Schloss liegt auf einem Hügel am Fluss.", "audio_url": "https://wiauinufpbkmjlbqlkxo.supabase.co/storage/v1/object/public/audio/items/87bd0ba9-f40b-56fc-b850-7d5bbda0d597.mp3"}'::jsonb, '{"value": "Schloss", "accepted": ["Schloss"]}'::jsonb, 0.35, array['vocab_f1','writing']) on conflict (id) do nothing;
insert into content_items(id,course_id,cefr_level,skill,type,prompt,payload,correct_answer,difficulty,tags) values ('f9f6fb3f-9150-5431-9116-296031ceef8a', '20000000-0000-0000-0000-000000000005', 'A2', 'writing', 'cloze', 'Completa la frase con la palabra que falta.', '{"text": "Auf dem Platz steht ein schöner alter Brunnen aus Stein.", "audio_url": "https://wiauinufpbkmjlbqlkxo.supabase.co/storage/v1/object/public/audio/items/f9f6fb3f-9150-5431-9116-296031ceef8a.mp3"}'::jsonb, '{"value": "Brunnen", "accepted": ["Brunnen"]}'::jsonb, 0.35, array['vocab_f1','writing']) on conflict (id) do nothing;
insert into content_items(id,course_id,cefr_level,skill,type,prompt,payload,correct_answer,difficulty,tags) values ('7a672988-61e9-5975-a83b-c254f75e4120', '20000000-0000-0000-0000-000000000005', 'A2', 'writing', 'cloze', 'Completa la frase con la palabra que falta.', '{"text": "Im Park steht ein Denkmal für einen berühmten Dichter.", "audio_url": "https://wiauinufpbkmjlbqlkxo.supabase.co/storage/v1/object/public/audio/items/7a672988-61e9-5975-a83b-c254f75e4120.mp3"}'::jsonb, '{"value": "Denkmal", "accepted": ["Denkmal"]}'::jsonb, 0.35, array['vocab_f1','writing']) on conflict (id) do nothing;
insert into content_items(id,course_id,cefr_level,skill,type,prompt,payload,correct_answer,difficulty,tags) values ('d6cad2af-426b-560c-a451-1fc30cb00ff6', '20000000-0000-0000-0000-000000000005', 'A2', 'writing', 'cloze', 'Completa la frase con la palabra que falta.', '{"text": "Wegen der Baustelle ist die Straße heute leider gesperrt.", "audio_url": "https://wiauinufpbkmjlbqlkxo.supabase.co/storage/v1/object/public/audio/items/d6cad2af-426b-560c-a451-1fc30cb00ff6.mp3"}'::jsonb, '{"value": "Baustelle", "accepted": ["Baustelle"]}'::jsonb, 0.35, array['vocab_f1','writing']) on conflict (id) do nothing;
insert into content_items(id,course_id,cefr_level,skill,type,prompt,payload,correct_answer,difficulty,tags) values ('d62c17d5-c87f-549b-b302-2317daf20bda', '20000000-0000-0000-0000-000000000005', 'A2', 'writing', 'cloze', 'Completa la frase con la palabra que falta.', '{"text": "Vor der Reise halten wir kurz an der Tankstelle.", "audio_url": "https://wiauinufpbkmjlbqlkxo.supabase.co/storage/v1/object/public/audio/items/d62c17d5-c87f-549b-b302-2317daf20bda.mp3"}'::jsonb, '{"value": "Tankstelle", "accepted": ["Tankstelle"]}'::jsonb, 0.35, array['vocab_f1','writing']) on conflict (id) do nothing;
insert into content_items(id,course_id,cefr_level,skill,type,prompt,payload,correct_answer,difficulty,tags) values ('6ac83566-9377-540c-be9e-c61dfeda32a7', '20000000-0000-0000-0000-000000000005', 'A2', 'writing', 'cloze', 'Completa la frase con la palabra que falta.', '{"text": "Im Supermarkt an der Ecke kaufe ich fast jeden Tag ein.", "audio_url": "https://wiauinufpbkmjlbqlkxo.supabase.co/storage/v1/object/public/audio/items/6ac83566-9377-540c-be9e-c61dfeda32a7.mp3"}'::jsonb, '{"value": "Supermarkt", "accepted": ["Supermarkt"]}'::jsonb, 0.35, array['vocab_f1','writing']) on conflict (id) do nothing;
insert into content_items(id,course_id,cefr_level,skill,type,prompt,payload,correct_answer,difficulty,tags) values ('fcb0e08b-ae69-5d00-a49f-ebe74a321225', '20000000-0000-0000-0000-000000000005', 'A2', 'reading', 'match', 'Empareja cada palabra con su traducción.', '{"pairs": [{"en": "U-Bahn", "es": "el metro"}, {"en": "Zebrastreifen", "es": "el paso de peatones"}, {"en": "Zentrum", "es": "el centro"}, {"en": "Fußgängerzone", "es": "la zona peatonal"}, {"en": "Turm", "es": "la torre"}]}'::jsonb, '{"pairs": [["U-Bahn", "el metro"], ["Zebrastreifen", "el paso de peatones"], ["Zentrum", "el centro"], ["Fußgängerzone", "la zona peatonal"], ["Turm", "la torre"]]}'::jsonb, 0.15, array['vocab_f1','reading']) on conflict (id) do nothing;
insert into content_items(id,course_id,cefr_level,skill,type,prompt,payload,correct_answer,difficulty,tags) values ('8c5c0969-57ec-54be-a359-0930b2a9caa6', '20000000-0000-0000-0000-000000000005', 'A2', 'reading', 'match', 'Empareja cada palabra con su traducción.', '{"pairs": [{"en": "Schloss", "es": "el castillo"}, {"en": "Brunnen", "es": "la fuente"}, {"en": "Denkmal", "es": "el monumento"}, {"en": "Baustelle", "es": "la obra"}, {"en": "Tankstelle", "es": "la gasolinera"}]}'::jsonb, '{"pairs": [["Schloss", "el castillo"], ["Brunnen", "la fuente"], ["Denkmal", "el monumento"], ["Baustelle", "la obra"], ["Tankstelle", "la gasolinera"]]}'::jsonb, 0.15, array['vocab_f1','reading']) on conflict (id) do nothing;
insert into content_items(id,course_id,cefr_level,skill,type,prompt,payload,correct_answer,difficulty,tags) values ('8cc20ec0-1db5-5e1d-a7c4-640ae2360682', '20000000-0000-0000-0000-000000000005', 'A2', 'writing', 'cloze', 'Completa la frase con la palabra que falta.', '{"text": "Ich hänge meine Jacke in den Schrank.", "audio_url": "https://wiauinufpbkmjlbqlkxo.supabase.co/storage/v1/object/public/audio/items/8cc20ec0-1db5-5e1d-a7c4-640ae2360682.mp3"}'::jsonb, '{"value": "Schrank", "accepted": ["Schrank"]}'::jsonb, 0.35, array['vocab_f1','writing']) on conflict (id) do nothing;
insert into content_items(id,course_id,cefr_level,skill,type,prompt,payload,correct_answer,difficulty,tags) values ('925334ac-c312-5723-b0c4-4afa04a1af74', '20000000-0000-0000-0000-000000000005', 'A2', 'writing', 'cloze', 'Completa la frase con la palabra que falta.', '{"text": "Die Gabeln liegen in der oberen Schublade.", "audio_url": "https://wiauinufpbkmjlbqlkxo.supabase.co/storage/v1/object/public/audio/items/925334ac-c312-5723-b0c4-4afa04a1af74.mp3"}'::jsonb, '{"value": "Schublade", "accepted": ["Schublade"]}'::jsonb, 0.35, array['vocab_f1','writing']) on conflict (id) do nothing;
insert into content_items(id,course_id,cefr_level,skill,type,prompt,payload,correct_answer,difficulty,tags) values ('047eed48-182e-521a-a3ea-14e5a0581c88', '20000000-0000-0000-0000-000000000005', 'A2', 'writing', 'cloze', 'Completa la frase con la palabra que falta.', '{"text": "Ich lege meinen Kopf auf das weiche Kopfkissen.", "audio_url": "https://wiauinufpbkmjlbqlkxo.supabase.co/storage/v1/object/public/audio/items/047eed48-182e-521a-a3ea-14e5a0581c88.mp3"}'::jsonb, '{"value": "Kopfkissen", "accepted": ["Kopfkissen"]}'::jsonb, 0.35, array['vocab_f1','writing']) on conflict (id) do nothing;
insert into content_items(id,course_id,cefr_level,skill,type,prompt,payload,correct_answer,difficulty,tags) values ('508275ac-aebb-5090-8a11-69f367809515', '20000000-0000-0000-0000-000000000005', 'A2', 'writing', 'cloze', 'Completa la frase con la palabra que falta.', '{"text": "Ich ziehe ein frisches Bettlaken über die Matratze.", "audio_url": "https://wiauinufpbkmjlbqlkxo.supabase.co/storage/v1/object/public/audio/items/508275ac-aebb-5090-8a11-69f367809515.mp3"}'::jsonb, '{"value": "Bettlaken", "accepted": ["Bettlaken"]}'::jsonb, 0.35, array['vocab_f1','writing']) on conflict (id) do nothing;
insert into content_items(id,course_id,cefr_level,skill,type,prompt,payload,correct_answer,difficulty,tags) values ('80467dec-e75b-5b60-bf57-a02cd6dd351e', '20000000-0000-0000-0000-000000000005', 'A2', 'writing', 'cloze', 'Completa la frase con la palabra que falta.', '{"text": "Im Winter brauche ich eine warme Decke.", "audio_url": "https://wiauinufpbkmjlbqlkxo.supabase.co/storage/v1/object/public/audio/items/80467dec-e75b-5b60-bf57-a02cd6dd351e.mp3"}'::jsonb, '{"value": "Decke", "accepted": ["Decke"]}'::jsonb, 0.35, array['vocab_f1','writing']) on conflict (id) do nothing;
insert into content_items(id,course_id,cefr_level,skill,type,prompt,payload,correct_answer,difficulty,tags) values ('6c0c731b-125c-5481-a0b4-645b344c4210', '20000000-0000-0000-0000-000000000005', 'A2', 'writing', 'cloze', 'Completa la frase con la palabra que falta.', '{"text": "Ich kehre die Küche mit dem Besen.", "audio_url": "https://wiauinufpbkmjlbqlkxo.supabase.co/storage/v1/object/public/audio/items/6c0c731b-125c-5481-a0b4-645b344c4210.mp3"}'::jsonb, '{"value": "Besen", "accepted": ["Besen"]}'::jsonb, 0.35, array['vocab_f1','writing']) on conflict (id) do nothing;
insert into content_items(id,course_id,cefr_level,skill,type,prompt,payload,correct_answer,difficulty,tags) values ('54a10602-6a3a-5288-8a02-3a5a27bef551', '20000000-0000-0000-0000-000000000005', 'A2', 'writing', 'cloze', 'Completa la frase con la palabra que falta.', '{"text": "Der Mülleimer in der Küche ist schon voll.", "audio_url": "https://wiauinufpbkmjlbqlkxo.supabase.co/storage/v1/object/public/audio/items/54a10602-6a3a-5288-8a02-3a5a27bef551.mp3"}'::jsonb, '{"value": "der Mülleimer", "accepted": ["der Mülleimer"]}'::jsonb, 0.35, array['vocab_f1','writing']) on conflict (id) do nothing;
insert into content_items(id,course_id,cefr_level,skill,type,prompt,payload,correct_answer,difficulty,tags) values ('747a0be2-8454-593f-a0d2-19c250cae49b', '20000000-0000-0000-0000-000000000005', 'A2', 'writing', 'cloze', 'Completa la frase con la palabra que falta.', '{"text": "Ich putze mir die Zähne am Waschbecken.", "audio_url": "https://wiauinufpbkmjlbqlkxo.supabase.co/storage/v1/object/public/audio/items/747a0be2-8454-593f-a0d2-19c250cae49b.mp3"}'::jsonb, '{"value": "Waschbecken", "accepted": ["Waschbecken"]}'::jsonb, 0.35, array['vocab_f1','writing']) on conflict (id) do nothing;
insert into content_items(id,course_id,cefr_level,skill,type,prompt,payload,correct_answer,difficulty,tags) values ('da2c6e27-9c24-5b47-a68d-c0f56bd12b9b', '20000000-0000-0000-0000-000000000005', 'A2', 'writing', 'cloze', 'Completa la frase con la palabra que falta.', '{"text": "Ich muss den Boden in der Küche kehren.", "audio_url": "https://wiauinufpbkmjlbqlkxo.supabase.co/storage/v1/object/public/audio/items/da2c6e27-9c24-5b47-a68d-c0f56bd12b9b.mp3"}'::jsonb, '{"value": "kehren", "accepted": ["kehren"]}'::jsonb, 0.35, array['vocab_f1','writing']) on conflict (id) do nothing;
insert into content_items(id,course_id,cefr_level,skill,type,prompt,payload,correct_answer,difficulty,tags) values ('e66be3bd-ae6b-5671-8e9a-93e095f09858', '20000000-0000-0000-0000-000000000005', 'A2', 'writing', 'cloze', 'Completa la frase con la palabra que falta.', '{"text": "Am Samstag muss ich mein Zimmer aufräumen.", "audio_url": "https://wiauinufpbkmjlbqlkxo.supabase.co/storage/v1/object/public/audio/items/e66be3bd-ae6b-5671-8e9a-93e095f09858.mp3"}'::jsonb, '{"value": "aufräumen", "accepted": ["aufräumen"]}'::jsonb, 0.35, array['vocab_f1','writing']) on conflict (id) do nothing;
insert into content_items(id,course_id,cefr_level,skill,type,prompt,payload,correct_answer,difficulty,tags) values ('78e28072-d54d-5114-b933-7db627e0c40d', '20000000-0000-0000-0000-000000000005', 'A2', 'writing', 'cloze', 'Completa la frase con la palabra que falta.', '{"text": "Ein bunter Teppich liegt im Wohnzimmer.", "audio_url": "https://wiauinufpbkmjlbqlkxo.supabase.co/storage/v1/object/public/audio/items/78e28072-d54d-5114-b933-7db627e0c40d.mp3"}'::jsonb, '{"value": "Teppich", "accepted": ["Teppich"]}'::jsonb, 0.35, array['vocab_f1','writing']) on conflict (id) do nothing;
insert into content_items(id,course_id,cefr_level,skill,type,prompt,payload,correct_answer,difficulty,tags) values ('ba0a7f44-1f48-556e-aacb-dcb995353bbc', '20000000-0000-0000-0000-000000000005', 'A2', 'reading', 'match', 'Empareja cada palabra con su traducción.', '{"pairs": [{"en": "Schrank", "es": "el armario"}, {"en": "Schublade", "es": "el cajón"}, {"en": "Kopfkissen", "es": "la almohada"}, {"en": "Bettlaken", "es": "la sábana"}, {"en": "Decke", "es": "la manta"}]}'::jsonb, '{"pairs": [["Schrank", "el armario"], ["Schublade", "el cajón"], ["Kopfkissen", "la almohada"], ["Bettlaken", "la sábana"], ["Decke", "la manta"]]}'::jsonb, 0.15, array['vocab_f1','reading']) on conflict (id) do nothing;
insert into content_items(id,course_id,cefr_level,skill,type,prompt,payload,correct_answer,difficulty,tags) values ('5dc854d7-b7db-5c18-86e0-bb2c7f1f1d75', '20000000-0000-0000-0000-000000000005', 'A2', 'reading', 'match', 'Empareja cada palabra con su traducción.', '{"pairs": [{"en": "Besen", "es": "la escoba"}, {"en": "der Mülleimer", "es": "el cubo de basura"}, {"en": "Waschbecken", "es": "el lavabo"}, {"en": "kehren", "es": "barrer"}, {"en": "aufräumen", "es": "ordenar"}]}'::jsonb, '{"pairs": [["Besen", "la escoba"], ["der Mülleimer", "el cubo de basura"], ["Waschbecken", "el lavabo"], ["kehren", "barrer"], ["aufräumen", "ordenar"]]}'::jsonb, 0.15, array['vocab_f1','reading']) on conflict (id) do nothing;
insert into content_items(id,course_id,cefr_level,skill,type,prompt,payload,correct_answer,difficulty,tags) values ('a41aaf0b-80fc-50c5-afab-a5fe2bf8d447', '20000000-0000-0000-0000-000000000005', 'A2', 'writing', 'cloze', 'Completa la frase con la palabra que falta.', '{"text": "Der neue Vorhang hängt vor dem Fenster.", "audio_url": "https://wiauinufpbkmjlbqlkxo.supabase.co/storage/v1/object/public/audio/items/a41aaf0b-80fc-50c5-afab-a5fe2bf8d447.mp3"}'::jsonb, '{"value": "Vorhang", "accepted": ["Vorhang"]}'::jsonb, 0.35, array['vocab_f1','writing']) on conflict (id) do nothing;
insert into content_items(id,course_id,cefr_level,skill,type,prompt,payload,correct_answer,difficulty,tags) values ('6d863908-6265-5be2-87d2-2603c529b1ac', '20000000-0000-0000-0000-000000000005', 'A2', 'writing', 'cloze', 'Completa la frase con la palabra que falta.', '{"text": "Die Bücher stehen im Regal an der Wand.", "audio_url": "https://wiauinufpbkmjlbqlkxo.supabase.co/storage/v1/object/public/audio/items/6d863908-6265-5be2-87d2-2603c529b1ac.mp3"}'::jsonb, '{"value": "Regal", "accepted": ["Regal"]}'::jsonb, 0.35, array['vocab_f1','writing']) on conflict (id) do nothing;
insert into content_items(id,course_id,cefr_level,skill,type,prompt,payload,correct_answer,difficulty,tags) values ('78637d9c-84ae-5d4d-b2da-2d5abeb85819', '20000000-0000-0000-0000-000000000005', 'A2', 'writing', 'cloze', 'Completa la frase con la palabra que falta.', '{"text": "Mein Opa sitzt gern in seinem Sessel.", "audio_url": "https://wiauinufpbkmjlbqlkxo.supabase.co/storage/v1/object/public/audio/items/78637d9c-84ae-5d4d-b2da-2d5abeb85819.mp3"}'::jsonb, '{"value": "Sessel", "accepted": ["Sessel"]}'::jsonb, 0.35, array['vocab_f1','writing']) on conflict (id) do nothing;
insert into content_items(id,course_id,cefr_level,skill,type,prompt,payload,correct_answer,difficulty,tags) values ('384f08b8-d506-57ef-a515-724e605db2d4', '20000000-0000-0000-0000-000000000005', 'A2', 'writing', 'cloze', 'Completa la frase con la palabra que falta.', '{"text": "Auf dem Herd kocht schon das Wasser.", "audio_url": "https://wiauinufpbkmjlbqlkxo.supabase.co/storage/v1/object/public/audio/items/384f08b8-d506-57ef-a515-724e605db2d4.mp3"}'::jsonb, '{"value": "Herd", "accepted": ["Herd"]}'::jsonb, 0.35, array['vocab_f1','writing']) on conflict (id) do nothing;
insert into content_items(id,course_id,cefr_level,skill,type,prompt,payload,correct_answer,difficulty,tags) values ('d1caa86e-a4dd-5e11-ab6f-1b175e71af4c', '20000000-0000-0000-0000-000000000005', 'A2', 'writing', 'cloze', 'Completa la frase con la palabra que falta.', '{"text": "Die Milch steht im Kühlschrank.", "audio_url": "https://wiauinufpbkmjlbqlkxo.supabase.co/storage/v1/object/public/audio/items/d1caa86e-a4dd-5e11-ab6f-1b175e71af4c.mp3"}'::jsonb, '{"value": "Kühlschrank", "accepted": ["Kühlschrank"]}'::jsonb, 0.35, array['vocab_f1','writing']) on conflict (id) do nothing;
insert into content_items(id,course_id,cefr_level,skill,type,prompt,payload,correct_answer,difficulty,tags) values ('0b4cd3ee-eb5c-5f3c-b867-100f7aad3b8a', '20000000-0000-0000-0000-000000000005', 'A2', 'writing', 'cloze', 'Completa la frase con la palabra que falta.', '{"text": "Ich räume die Teller in die Spülmaschine.", "audio_url": "https://wiauinufpbkmjlbqlkxo.supabase.co/storage/v1/object/public/audio/items/0b4cd3ee-eb5c-5f3c-b867-100f7aad3b8a.mp3"}'::jsonb, '{"value": "die Spülmaschine", "accepted": ["die Spülmaschine"]}'::jsonb, 0.35, array['vocab_f1','writing']) on conflict (id) do nothing;
insert into content_items(id,course_id,cefr_level,skill,type,prompt,payload,correct_answer,difficulty,tags) values ('1f3af6ad-cc49-5c92-ba24-3747ca7ead7a', '20000000-0000-0000-0000-000000000005', 'A2', 'writing', 'cloze', 'Completa la frase con la palabra que falta.', '{"text": "Die Waschmaschine läuft schon seit einer Stunde.", "audio_url": "https://wiauinufpbkmjlbqlkxo.supabase.co/storage/v1/object/public/audio/items/1f3af6ad-cc49-5c92-ba24-3747ca7ead7a.mp3"}'::jsonb, '{"value": "die Waschmaschine", "accepted": ["die Waschmaschine"]}'::jsonb, 0.35, array['vocab_f1','writing']) on conflict (id) do nothing;
insert into content_items(id,course_id,cefr_level,skill,type,prompt,payload,correct_answer,difficulty,tags) values ('128f84ec-d998-5823-8b25-5a412f065601', '20000000-0000-0000-0000-000000000005', 'A2', 'writing', 'cloze', 'Completa la frase con la palabra que falta.', '{"text": "Ich muss heute das ganze Wohnzimmer staubsaugen.", "audio_url": "https://wiauinufpbkmjlbqlkxo.supabase.co/storage/v1/object/public/audio/items/128f84ec-d998-5823-8b25-5a412f065601.mp3"}'::jsonb, '{"value": "staubsaugen", "accepted": ["staubsaugen"]}'::jsonb, 0.35, array['vocab_f1','writing']) on conflict (id) do nothing;
insert into content_items(id,course_id,cefr_level,skill,type,prompt,payload,correct_answer,difficulty,tags) values ('9c098306-f897-5c92-90aa-9c1252246ea6', '20000000-0000-0000-0000-000000000005', 'A2', 'writing', 'cloze', 'Completa la frase con la palabra que falta.', '{"text": "Nach dem Essen muss ich noch abwaschen.", "audio_url": "https://wiauinufpbkmjlbqlkxo.supabase.co/storage/v1/object/public/audio/items/9c098306-f897-5c92-90aa-9c1252246ea6.mp3"}'::jsonb, '{"value": "abwaschen", "accepted": ["abwaschen"]}'::jsonb, 0.35, array['vocab_f1','writing']) on conflict (id) do nothing;
insert into content_items(id,course_id,cefr_level,skill,type,prompt,payload,correct_answer,difficulty,tags) values ('0eb3196b-a4c6-59cc-88fd-8ad2520c4b5d', '20000000-0000-0000-0000-000000000005', 'A2', 'writing', 'cloze', 'Completa la frase con la palabra que falta.', '{"text": "Nach der Dusche nehme ich ein sauberes Handtuch.", "audio_url": "https://wiauinufpbkmjlbqlkxo.supabase.co/storage/v1/object/public/audio/items/0eb3196b-a4c6-59cc-88fd-8ad2520c4b5d.mp3"}'::jsonb, '{"value": "Handtuch", "accepted": ["Handtuch"]}'::jsonb, 0.35, array['vocab_f1','writing']) on conflict (id) do nothing;
insert into content_items(id,course_id,cefr_level,skill,type,prompt,payload,correct_answer,difficulty,tags) values ('7d178f81-8c30-5471-a576-afde18d2c222', '20000000-0000-0000-0000-000000000005', 'A2', 'reading', 'match', 'Empareja cada palabra con su traducción.', '{"pairs": [{"en": "Vorhang", "es": "la cortina"}, {"en": "Regal", "es": "la estantería"}, {"en": "Sessel", "es": "el sillón"}, {"en": "Herd", "es": "el fogón"}, {"en": "Kühlschrank", "es": "el refrigerador"}]}'::jsonb, '{"pairs": [["Vorhang", "la cortina"], ["Regal", "la estantería"], ["Sessel", "el sillón"], ["Herd", "el fogón"], ["Kühlschrank", "el refrigerador"]]}'::jsonb, 0.15, array['vocab_f1','reading']) on conflict (id) do nothing;
insert into content_items(id,course_id,cefr_level,skill,type,prompt,payload,correct_answer,difficulty,tags) values ('f8a368b9-ee4a-5e5f-b9c3-caccc839886d', '20000000-0000-0000-0000-000000000005', 'A2', 'reading', 'match', 'Empareja cada palabra con su traducción.', '{"pairs": [{"en": "die Spülmaschine", "es": "el lavavajillas"}, {"en": "die Waschmaschine", "es": "la lavadora"}, {"en": "staubsaugen", "es": "aspirar"}, {"en": "abwaschen", "es": "lavar los platos"}, {"en": "Handtuch", "es": "la toalla"}]}'::jsonb, '{"pairs": [["die Spülmaschine", "el lavavajillas"], ["die Waschmaschine", "la lavadora"], ["staubsaugen", "aspirar"], ["abwaschen", "lavar los platos"], ["Handtuch", "la toalla"]]}'::jsonb, 0.15, array['vocab_f1','reading']) on conflict (id) do nothing;
insert into content_items(id,course_id,cefr_level,skill,type,prompt,payload,correct_answer,difficulty,tags) values ('f127e8a2-d849-57b8-a7bf-75f626999e0f', '20000000-0000-0000-0000-000000000005', 'A2', 'writing', 'cloze', 'Completa la frase con la palabra que falta.', '{"text": "Die Zwiebel macht mich beim Schneiden weinen.", "audio_url": "https://wiauinufpbkmjlbqlkxo.supabase.co/storage/v1/object/public/audio/items/f127e8a2-d849-57b8-a7bf-75f626999e0f.mp3"}'::jsonb, '{"value": "die Zwiebel", "accepted": ["die Zwiebel"]}'::jsonb, 0.35, array['vocab_f1','writing']) on conflict (id) do nothing;
insert into content_items(id,course_id,cefr_level,skill,type,prompt,payload,correct_answer,difficulty,tags) values ('f2a447f9-9465-5c7e-9725-5c458202a9de', '20000000-0000-0000-0000-000000000005', 'A2', 'writing', 'cloze', 'Completa la frase con la palabra que falta.', '{"text": "Der Knoblauch gibt der Soße viel Geschmack.", "audio_url": "https://wiauinufpbkmjlbqlkxo.supabase.co/storage/v1/object/public/audio/items/f2a447f9-9465-5c7e-9725-5c458202a9de.mp3"}'::jsonb, '{"value": "der Knoblauch", "accepted": ["der Knoblauch"]}'::jsonb, 0.35, array['vocab_f1','writing']) on conflict (id) do nothing;
insert into content_items(id,course_id,cefr_level,skill,type,prompt,payload,correct_answer,difficulty,tags) values ('e95953b2-106a-5891-96cb-af6ad2053175', '20000000-0000-0000-0000-000000000005', 'A2', 'reading', 'match', 'Empareja cada palabra con su traducción.', '{"pairs": [{"en": "das Gemüse", "es": "la verdura"}, {"en": "die Zwiebel", "es": "la cebolla"}, {"en": "die Kartoffel", "es": "la papa"}, {"en": "der Zucker", "es": "el azúcar"}, {"en": "die Butter", "es": "la mantequilla"}]}'::jsonb, '{"pairs": [["das Gemüse", "la verdura"], ["die Zwiebel", "la cebolla"], ["die Kartoffel", "la papa"], ["der Zucker", "el azúcar"], ["die Butter", "la mantequilla"]]}'::jsonb, 0.15, array['vocab_f1','reading']) on conflict (id) do nothing;
insert into content_items(id,course_id,cefr_level,skill,type,prompt,payload,correct_answer,difficulty,tags) values ('48313518-eb83-5a75-a148-45e183764135', '20000000-0000-0000-0000-000000000005', 'A2', 'reading', 'match', 'Empareja cada palabra con su traducción.', '{"pairs": [{"en": "das Fleisch", "es": "la carne"}, {"en": "der Käse", "es": "el queso"}, {"en": "das Salz", "es": "la sal"}, {"en": "der Reis", "es": "el arroz"}, {"en": "das Öl", "es": "el aceite"}]}'::jsonb, '{"pairs": [["das Fleisch", "la carne"], ["der Käse", "el queso"], ["das Salz", "la sal"], ["der Reis", "el arroz"], ["das Öl", "el aceite"]]}'::jsonb, 0.15, array['vocab_f1','reading']) on conflict (id) do nothing;
insert into content_items(id,course_id,cefr_level,skill,type,prompt,payload,correct_answer,difficulty,tags) values ('be50c67e-8d31-5405-929c-508e0cdac50a', '20000000-0000-0000-0000-000000000005', 'A2', 'reading', 'match', 'Empareja cada palabra con su traducción.', '{"pairs": [{"en": "das Obst", "es": "la fruta"}, {"en": "der Knoblauch", "es": "el ajo"}]}'::jsonb, '{"pairs": [["das Obst", "la fruta"], ["der Knoblauch", "el ajo"]]}'::jsonb, 0.15, array['vocab_f1','reading']) on conflict (id) do nothing;
insert into content_items(id,course_id,cefr_level,skill,type,prompt,payload,correct_answer,difficulty,tags) values ('c3a87061-0cd4-530b-9aa6-5c994ad47bd0', '20000000-0000-0000-0000-000000000005', 'A2', 'writing', 'cloze', 'Completa la frase con la palabra que falta.', '{"text": "Ich möchte die Kartoffeln in der Pfanne braten.", "audio_url": "https://wiauinufpbkmjlbqlkxo.supabase.co/storage/v1/object/public/audio/items/c3a87061-0cd4-530b-9aa6-5c994ad47bd0.mp3"}'::jsonb, '{"value": "braten", "accepted": ["braten"]}'::jsonb, 0.35, array['vocab_f1','writing']) on conflict (id) do nothing;
insert into content_items(id,course_id,cefr_level,skill,type,prompt,payload,correct_answer,difficulty,tags) values ('8aaff853-6857-5907-a4ab-c101b55d551d', '20000000-0000-0000-0000-000000000005', 'A2', 'writing', 'cloze', 'Completa la frase con la palabra que falta.', '{"text": "Am Wochenende backen wir einen Schokoladenkuchen.", "audio_url": "https://wiauinufpbkmjlbqlkxo.supabase.co/storage/v1/object/public/audio/items/8aaff853-6857-5907-a4ab-c101b55d551d.mp3"}'::jsonb, '{"value": "backen", "accepted": ["backen"]}'::jsonb, 0.35, array['vocab_f1','writing']) on conflict (id) do nothing;
insert into content_items(id,course_id,cefr_level,skill,type,prompt,payload,correct_answer,difficulty,tags) values ('c8431aa7-4d6f-55c3-bdc0-7883ea874c82', '20000000-0000-0000-0000-000000000005', 'A2', 'writing', 'cloze', 'Completa la frase con la palabra que falta.', '{"text": "Kannst du bitte das Brot schneiden?", "audio_url": "https://wiauinufpbkmjlbqlkxo.supabase.co/storage/v1/object/public/audio/items/c8431aa7-4d6f-55c3-bdc0-7883ea874c82.mp3"}'::jsonb, '{"value": "schneiden", "accepted": ["schneiden"]}'::jsonb, 0.35, array['vocab_f1','writing']) on conflict (id) do nothing;
insert into content_items(id,course_id,cefr_level,skill,type,prompt,payload,correct_answer,difficulty,tags) values ('3020e3b2-a6da-526d-9a50-87b622da9f7f', '20000000-0000-0000-0000-000000000005', 'A2', 'writing', 'cloze', 'Completa la frase con la palabra que falta.', '{"text": "Das Messer ist sehr scharf, sei vorsichtig.", "audio_url": "https://wiauinufpbkmjlbqlkxo.supabase.co/storage/v1/object/public/audio/items/3020e3b2-a6da-526d-9a50-87b622da9f7f.mp3"}'::jsonb, '{"value": "das Messer", "accepted": ["das Messer"]}'::jsonb, 0.35, array['vocab_f1','writing']) on conflict (id) do nothing;
insert into content_items(id,course_id,cefr_level,skill,type,prompt,payload,correct_answer,difficulty,tags) values ('e9de763e-f8e1-51a1-8f50-2c8a0c7d3d4d', '20000000-0000-0000-0000-000000000005', 'A2', 'writing', 'cloze', 'Completa la frase con la palabra que falta.', '{"text": "Das Essen in diesem Restaurant ist wirklich lecker.", "audio_url": "https://wiauinufpbkmjlbqlkxo.supabase.co/storage/v1/object/public/audio/items/e9de763e-f8e1-51a1-8f50-2c8a0c7d3d4d.mp3"}'::jsonb, '{"value": "lecker", "accepted": ["lecker"]}'::jsonb, 0.35, array['vocab_f1','writing']) on conflict (id) do nothing;
insert into content_items(id,course_id,cefr_level,skill,type,prompt,payload,correct_answer,difficulty,tags) values ('d74ffdfa-f571-5963-a0e8-5b7897fa8fbf', '20000000-0000-0000-0000-000000000005', 'A2', 'reading', 'match', 'Empareja cada palabra con su traducción.', '{"pairs": [{"en": "das Mehl", "es": "la harina"}, {"en": "braten", "es": "freír"}, {"en": "backen", "es": "hornear"}, {"en": "schneiden", "es": "cortar"}, {"en": "das Rezept", "es": "la receta"}]}'::jsonb, '{"pairs": [["das Mehl", "la harina"], ["braten", "freír"], ["backen", "hornear"], ["schneiden", "cortar"], ["das Rezept", "la receta"]]}'::jsonb, 0.15, array['vocab_f1','reading']) on conflict (id) do nothing;
insert into content_items(id,course_id,cefr_level,skill,type,prompt,payload,correct_answer,difficulty,tags) values ('0b1a061f-8549-5eeb-a7aa-8d93476d4a46', '20000000-0000-0000-0000-000000000005', 'A2', 'reading', 'match', 'Empareja cada palabra con su traducción.', '{"pairs": [{"en": "der Löffel", "es": "la cuchara"}, {"en": "die Gabel", "es": "el tenedor"}, {"en": "das Messer", "es": "el cuchillo"}, {"en": "der Teller", "es": "el plato"}, {"en": "die Pfanne", "es": "la sartén"}]}'::jsonb, '{"pairs": [["der Löffel", "la cuchara"], ["die Gabel", "el tenedor"], ["das Messer", "el cuchillo"], ["der Teller", "el plato"], ["die Pfanne", "la sartén"]]}'::jsonb, 0.15, array['vocab_f1','reading']) on conflict (id) do nothing;
insert into content_items(id,course_id,cefr_level,skill,type,prompt,payload,correct_answer,difficulty,tags) values ('f6a5f774-c63c-5c5f-a4fd-991c4663fb75', '20000000-0000-0000-0000-000000000005', 'A2', 'writing', 'cloze', 'Completa la frase con la palabra que falta.', '{"text": "Mein Gepäck war zu schwer für den Flug.", "audio_url": "https://wiauinufpbkmjlbqlkxo.supabase.co/storage/v1/object/public/audio/items/f6a5f774-c63c-5c5f-a4fd-991c4663fb75.mp3"}'::jsonb, '{"value": "Gepäck", "accepted": ["Gepäck"]}'::jsonb, 0.35, array['vocab_f1','writing']) on conflict (id) do nothing;
insert into content_items(id,course_id,cefr_level,skill,type,prompt,payload,correct_answer,difficulty,tags) values ('5dd8e59e-41f6-5063-b1a5-815082f89173', '20000000-0000-0000-0000-000000000005', 'A2', 'writing', 'cloze', 'Completa la frase con la palabra que falta.', '{"text": "Der Zug fährt heute von Bahnsteig drei ab.", "audio_url": "https://wiauinufpbkmjlbqlkxo.supabase.co/storage/v1/object/public/audio/items/5dd8e59e-41f6-5063-b1a5-815082f89173.mp3"}'::jsonb, '{"value": "Bahnsteig", "accepted": ["Bahnsteig"]}'::jsonb, 0.35, array['vocab_f1','writing']) on conflict (id) do nothing;
insert into content_items(id,course_id,cefr_level,skill,type,prompt,payload,correct_answer,difficulty,tags) values ('5d26f78f-0be6-5c06-9143-ef35ab6c3d64', '20000000-0000-0000-0000-000000000005', 'A2', 'writing', 'cloze', 'Completa la frase con la palabra que falta.', '{"text": "Am Flughafen mussten wir durch den Zoll gehen.", "audio_url": "https://wiauinufpbkmjlbqlkxo.supabase.co/storage/v1/object/public/audio/items/5d26f78f-0be6-5c06-9143-ef35ab6c3d64.mp3"}'::jsonb, '{"value": "Zoll", "accepted": ["Zoll"]}'::jsonb, 0.35, array['vocab_f1','writing']) on conflict (id) do nothing;
insert into content_items(id,course_id,cefr_level,skill,type,prompt,payload,correct_answer,difficulty,tags) values ('9fa6ead0-58dc-5d80-ad6c-ebf114a52ce3', '20000000-0000-0000-0000-000000000005', 'A2', 'writing', 'cloze', 'Completa la frase con la palabra que falta.', '{"text": "Ich habe einen Sitzplatz am Fenster reserviert.", "audio_url": "https://wiauinufpbkmjlbqlkxo.supabase.co/storage/v1/object/public/audio/items/9fa6ead0-58dc-5d80-ad6c-ebf114a52ce3.mp3"}'::jsonb, '{"value": "Sitzplatz", "accepted": ["Sitzplatz"]}'::jsonb, 0.35, array['vocab_f1','writing']) on conflict (id) do nothing;
insert into content_items(id,course_id,cefr_level,skill,type,prompt,payload,correct_answer,difficulty,tags) values ('e094d509-675e-5a5a-bcee-4c7a5ba6894b', '20000000-0000-0000-0000-000000000005', 'A2', 'writing', 'cloze', 'Completa la frase con la palabra que falta.', '{"text": "Bitte einsteigen, der Zug fährt gleich ab.", "audio_url": "https://wiauinufpbkmjlbqlkxo.supabase.co/storage/v1/object/public/audio/items/e094d509-675e-5a5a-bcee-4c7a5ba6894b.mp3"}'::jsonb, '{"value": "einsteigen", "accepted": ["einsteigen"]}'::jsonb, 0.35, array['vocab_f1','writing']) on conflict (id) do nothing;
insert into content_items(id,course_id,cefr_level,skill,type,prompt,payload,correct_answer,difficulty,tags) values ('4d1375e9-de1c-5e24-99de-4ba93b2b6ebd', '20000000-0000-0000-0000-000000000005', 'A2', 'writing', 'cloze', 'Completa la frase con la palabra que falta.', '{"text": "An der nächsten Station müssen wir aussteigen.", "audio_url": "https://wiauinufpbkmjlbqlkxo.supabase.co/storage/v1/object/public/audio/items/4d1375e9-de1c-5e24-99de-4ba93b2b6ebd.mp3"}'::jsonb, '{"value": "aussteigen", "accepted": ["aussteigen"]}'::jsonb, 0.35, array['vocab_f1','writing']) on conflict (id) do nothing;
insert into content_items(id,course_id,cefr_level,skill,type,prompt,payload,correct_answer,difficulty,tags) values ('4c933073-2ac8-56dc-938c-6e04d8ca0455', '20000000-0000-0000-0000-000000000005', 'A2', 'writing', 'cloze', 'Completa la frase con la palabra que falta.', '{"text": "In München müssen wir in einen anderen Zug umsteigen.", "audio_url": "https://wiauinufpbkmjlbqlkxo.supabase.co/storage/v1/object/public/audio/items/4c933073-2ac8-56dc-938c-6e04d8ca0455.mp3"}'::jsonb, '{"value": "umsteigen", "accepted": ["umsteigen"]}'::jsonb, 0.35, array['vocab_f1','writing']) on conflict (id) do nothing;
insert into content_items(id,course_id,cefr_level,skill,type,prompt,payload,correct_answer,difficulty,tags) values ('03354ba0-d097-541a-ab2d-51c4877dc70c', '20000000-0000-0000-0000-000000000005', 'A2', 'writing', 'cloze', 'Completa la frase con la palabra que falta.', '{"text": "Das Flugzeug wird pünktlich in Berlin landen.", "audio_url": "https://wiauinufpbkmjlbqlkxo.supabase.co/storage/v1/object/public/audio/items/03354ba0-d097-541a-ab2d-51c4877dc70c.mp3"}'::jsonb, '{"value": "landen", "accepted": ["landen"]}'::jsonb, 0.35, array['vocab_f1','writing']) on conflict (id) do nothing;
insert into content_items(id,course_id,cefr_level,skill,type,prompt,payload,correct_answer,difficulty,tags) values ('721dcf93-94bb-5dd4-8bd1-f43c602d2107', '20000000-0000-0000-0000-000000000005', 'A2', 'writing', 'cloze', 'Completa la frase con la palabra que falta.', '{"text": "Der Abflug wurde wegen des Wetters verschoben.", "audio_url": "https://wiauinufpbkmjlbqlkxo.supabase.co/storage/v1/object/public/audio/items/721dcf93-94bb-5dd4-8bd1-f43c602d2107.mp3"}'::jsonb, '{"value": "der Abflug", "accepted": ["der Abflug"]}'::jsonb, 0.35, array['vocab_f1','writing']) on conflict (id) do nothing;
insert into content_items(id,course_id,cefr_level,skill,type,prompt,payload,correct_answer,difficulty,tags) values ('c2b413f7-8409-587f-a2e0-f7f710eeaf7f', '20000000-0000-0000-0000-000000000005', 'A2', 'writing', 'cloze', 'Completa la frase con la palabra que falta.', '{"text": "Die Ankunft des Zuges ist für zehn Uhr geplant.", "audio_url": "https://wiauinufpbkmjlbqlkxo.supabase.co/storage/v1/object/public/audio/items/c2b413f7-8409-587f-a2e0-f7f710eeaf7f.mp3"}'::jsonb, '{"value": "die Ankunft", "accepted": ["die Ankunft"]}'::jsonb, 0.35, array['vocab_f1','writing']) on conflict (id) do nothing;
insert into content_items(id,course_id,cefr_level,skill,type,prompt,payload,correct_answer,difficulty,tags) values ('7a511f29-dd99-54a1-841e-d7fc696c8e3c', '20000000-0000-0000-0000-000000000005', 'A2', 'writing', 'cloze', 'Completa la frase con la palabra que falta.', '{"text": "Zeigen Sie bitte Ihre Bordkarte am Gate.", "audio_url": "https://wiauinufpbkmjlbqlkxo.supabase.co/storage/v1/object/public/audio/items/7a511f29-dd99-54a1-841e-d7fc696c8e3c.mp3"}'::jsonb, '{"value": "Bordkarte", "accepted": ["Bordkarte"]}'::jsonb, 0.35, array['vocab_f1','writing']) on conflict (id) do nothing;
insert into content_items(id,course_id,cefr_level,skill,type,prompt,payload,correct_answer,difficulty,tags) values ('4581c984-5671-567e-ac9a-454a3e5cd2af', '20000000-0000-0000-0000-000000000005', 'A2', 'writing', 'cloze', 'Completa la frase con la palabra que falta.', '{"text": "Ohne gültigen Reisepass kannst du nicht fliegen.", "audio_url": "https://wiauinufpbkmjlbqlkxo.supabase.co/storage/v1/object/public/audio/items/4581c984-5671-567e-ac9a-454a3e5cd2af.mp3"}'::jsonb, '{"value": "Reisepass", "accepted": ["Reisepass"]}'::jsonb, 0.35, array['vocab_f1','writing']) on conflict (id) do nothing;
insert into content_items(id,course_id,cefr_level,skill,type,prompt,payload,correct_answer,difficulty,tags) values ('7a0f8693-bf42-5209-b43a-006e26beb065', '20000000-0000-0000-0000-000000000005', 'A2', 'reading', 'match', 'Empareja cada palabra con su traducción.', '{"pairs": [{"en": "Gepäck", "es": "el equipaje"}, {"en": "Bahnsteig", "es": "el andén"}, {"en": "Zoll", "es": "la aduana"}, {"en": "Sitzplatz", "es": "el asiento"}, {"en": "einsteigen", "es": "subir"}]}'::jsonb, '{"pairs": [["Gepäck", "el equipaje"], ["Bahnsteig", "el andén"], ["Zoll", "la aduana"], ["Sitzplatz", "el asiento"], ["einsteigen", "subir"]]}'::jsonb, 0.15, array['vocab_f1','reading']) on conflict (id) do nothing;
insert into content_items(id,course_id,cefr_level,skill,type,prompt,payload,correct_answer,difficulty,tags) values ('f46b3437-a5bf-5d42-8406-e0e6d1f6916f', '20000000-0000-0000-0000-000000000005', 'A2', 'reading', 'match', 'Empareja cada palabra con su traducción.', '{"pairs": [{"en": "aussteigen", "es": "bajar"}, {"en": "umsteigen", "es": "hacer transbordo"}, {"en": "landen", "es": "aterrizar"}, {"en": "der Abflug", "es": "el despegue"}, {"en": "die Ankunft", "es": "la llegada"}]}'::jsonb, '{"pairs": [["aussteigen", "bajar"], ["umsteigen", "hacer transbordo"], ["landen", "aterrizar"], ["der Abflug", "el despegue"], ["die Ankunft", "la llegada"]]}'::jsonb, 0.15, array['vocab_f1','reading']) on conflict (id) do nothing;
insert into content_items(id,course_id,cefr_level,skill,type,prompt,payload,correct_answer,difficulty,tags) values ('62ac707e-7249-5569-a855-59e38b6ec0a1', '20000000-0000-0000-0000-000000000005', 'A2', 'reading', 'match', 'Empareja cada palabra con su traducción.', '{"pairs": [{"en": "Bordkarte", "es": "la tarjeta de embarque"}, {"en": "Reisepass", "es": "el pasaporte"}]}'::jsonb, '{"pairs": [["Bordkarte", "la tarjeta de embarque"], ["Reisepass", "el pasaporte"]]}'::jsonb, 0.15, array['vocab_f1','reading']) on conflict (id) do nothing;
insert into content_items(id,course_id,cefr_level,skill,type,prompt,payload,correct_answer,difficulty,tags) values ('60812a71-97b1-5ae8-92f4-217ce154c6f4', '20000000-0000-0000-0000-000000000005', 'A2', 'writing', 'cloze', 'Completa la frase con la palabra que falta.', '{"text": "Nach dem Fahrplan kommt der Bus um acht.", "audio_url": "https://wiauinufpbkmjlbqlkxo.supabase.co/storage/v1/object/public/audio/items/60812a71-97b1-5ae8-92f4-217ce154c6f4.mp3"}'::jsonb, '{"value": "Fahrplan", "accepted": ["Fahrplan"]}'::jsonb, 0.35, array['vocab_f1','writing']) on conflict (id) do nothing;
insert into content_items(id,course_id,cefr_level,skill,type,prompt,payload,correct_answer,difficulty,tags) values ('be44ebfd-7d91-5891-b64e-97f4a01e4c53', '20000000-0000-0000-0000-000000000005', 'A2', 'writing', 'cloze', 'Completa la frase con la palabra que falta.', '{"text": "Ich habe meine Fahrkarte zu Hause vergessen.", "audio_url": "https://wiauinufpbkmjlbqlkxo.supabase.co/storage/v1/object/public/audio/items/be44ebfd-7d91-5891-b64e-97f4a01e4c53.mp3"}'::jsonb, '{"value": "Fahrkarte", "accepted": ["Fahrkarte"]}'::jsonb, 0.35, array['vocab_f1','writing']) on conflict (id) do nothing;
insert into content_items(id,course_id,cefr_level,skill,type,prompt,payload,correct_answer,difficulty,tags) values ('62afde6e-0a79-5ae6-9e14-e4615ac77728', '20000000-0000-0000-0000-000000000005', 'A2', 'writing', 'cloze', 'Completa la frase con la palabra que falta.', '{"text": "Der Schnellzug hält heute auf Gleis fünf.", "audio_url": "https://wiauinufpbkmjlbqlkxo.supabase.co/storage/v1/object/public/audio/items/62afde6e-0a79-5ae6-9e14-e4615ac77728.mp3"}'::jsonb, '{"value": "Gleis", "accepted": ["Gleis"]}'::jsonb, 0.35, array['vocab_f1','writing']) on conflict (id) do nothing;
insert into content_items(id,course_id,cefr_level,skill,type,prompt,payload,correct_answer,difficulty,tags) values ('69096e60-a352-5ee2-8714-95781654e8f7', '20000000-0000-0000-0000-000000000005', 'A2', 'writing', 'cloze', 'Completa la frase con la palabra que falta.', '{"text": "Wenn wir uns nicht beeilen, verpassen wir den Zug.", "audio_url": "https://wiauinufpbkmjlbqlkxo.supabase.co/storage/v1/object/public/audio/items/69096e60-a352-5ee2-8714-95781654e8f7.mp3"}'::jsonb, '{"value": "verpassen", "accepted": ["verpassen"]}'::jsonb, 0.35, array['vocab_f1','writing']) on conflict (id) do nothing;
insert into content_items(id,course_id,cefr_level,skill,type,prompt,payload,correct_answer,difficulty,tags) values ('61eed382-818e-5578-a631-1a182b545b26', '20000000-0000-0000-0000-000000000005', 'A2', 'writing', 'cloze', 'Completa la frase con la palabra que falta.', '{"text": "Flüssigkeiten im Handgepäck sind streng begrenzt.", "audio_url": "https://wiauinufpbkmjlbqlkxo.supabase.co/storage/v1/object/public/audio/items/61eed382-818e-5578-a631-1a182b545b26.mp3"}'::jsonb, '{"value": "Handgepäck", "accepted": ["Handgepäck"]}'::jsonb, 0.35, array['vocab_f1','writing']) on conflict (id) do nothing;
insert into content_items(id,course_id,cefr_level,skill,type,prompt,payload,correct_answer,difficulty,tags) values ('65fc1cda-50d4-516a-8bf8-bd395cfdb563', '20000000-0000-0000-0000-000000000005', 'A2', 'writing', 'cloze', 'Completa la frase con la palabra que falta.', '{"text": "Wir haben einen langen Aufenthalt in Frankfurt.", "audio_url": "https://wiauinufpbkmjlbqlkxo.supabase.co/storage/v1/object/public/audio/items/65fc1cda-50d4-516a-8bf8-bd395cfdb563.mp3"}'::jsonb, '{"value": "Aufenthalt", "accepted": ["Aufenthalt"]}'::jsonb, 0.35, array['vocab_f1','writing']) on conflict (id) do nothing;
insert into content_items(id,course_id,cefr_level,skill,type,prompt,payload,correct_answer,difficulty,tags) values ('c6698876-e4b7-5848-a68e-c536869dc4a6', '20000000-0000-0000-0000-000000000005', 'A2', 'writing', 'cloze', 'Completa la frase con la palabra que falta.', '{"text": "Am Schalter kannst du dein Ticket abholen.", "audio_url": "https://wiauinufpbkmjlbqlkxo.supabase.co/storage/v1/object/public/audio/items/c6698876-e4b7-5848-a68e-c536869dc4a6.mp3"}'::jsonb, '{"value": "Schalter", "accepted": ["Schalter"]}'::jsonb, 0.35, array['vocab_f1','writing']) on conflict (id) do nothing;
insert into content_items(id,course_id,cefr_level,skill,type,prompt,payload,correct_answer,difficulty,tags) values ('42a690b1-6187-5d07-b72e-eba834a848ff', '20000000-0000-0000-0000-000000000005', 'A2', 'writing', 'cloze', 'Completa la frase con la palabra que falta.', '{"text": "Ich möchte einen Flug nach Wien buchen.", "audio_url": "https://wiauinufpbkmjlbqlkxo.supabase.co/storage/v1/object/public/audio/items/42a690b1-6187-5d07-b72e-eba834a848ff.mp3"}'::jsonb, '{"value": "buchen", "accepted": ["buchen"]}'::jsonb, 0.35, array['vocab_f1','writing']) on conflict (id) do nothing;
insert into content_items(id,course_id,cefr_level,skill,type,prompt,payload,correct_answer,difficulty,tags) values ('0ca0a6b8-bb2b-5621-a70d-4ff1fdb068e5', '20000000-0000-0000-0000-000000000005', 'A2', 'writing', 'cloze', 'Completa la frase con la palabra que falta.', '{"text": "Wir suchen eine günstige Unterkunft in der Stadt.", "audio_url": "https://wiauinufpbkmjlbqlkxo.supabase.co/storage/v1/object/public/audio/items/0ca0a6b8-bb2b-5621-a70d-4ff1fdb068e5.mp3"}'::jsonb, '{"value": "Unterkunft", "accepted": ["Unterkunft"]}'::jsonb, 0.35, array['vocab_f1','writing']) on conflict (id) do nothing;
insert into content_items(id,course_id,cefr_level,skill,type,prompt,payload,correct_answer,difficulty,tags) values ('67e2c261-df49-51ed-a61b-3b6d12635b23', '20000000-0000-0000-0000-000000000005', 'A2', 'writing', 'cloze', 'Completa la frase con la palabra que falta.', '{"text": "Wegen der Verspätung habe ich meinen Anschluss verpasst.", "audio_url": "https://wiauinufpbkmjlbqlkxo.supabase.co/storage/v1/object/public/audio/items/67e2c261-df49-51ed-a61b-3b6d12635b23.mp3"}'::jsonb, '{"value": "Anschluss", "accepted": ["Anschluss"]}'::jsonb, 0.35, array['vocab_f1','writing']) on conflict (id) do nothing;
insert into content_items(id,course_id,cefr_level,skill,type,prompt,payload,correct_answer,difficulty,tags) values ('1030210f-e8d1-59ea-ad38-2da7bc0bc18b', '20000000-0000-0000-0000-000000000005', 'A2', 'writing', 'cloze', 'Completa la frase con la palabra que falta.', '{"text": "An der Grenze wurden unsere Pässe kontrolliert.", "audio_url": "https://wiauinufpbkmjlbqlkxo.supabase.co/storage/v1/object/public/audio/items/1030210f-e8d1-59ea-ad38-2da7bc0bc18b.mp3"}'::jsonb, '{"value": "Grenze", "accepted": ["Grenze"]}'::jsonb, 0.35, array['vocab_f1','writing']) on conflict (id) do nothing;
insert into content_items(id,course_id,cefr_level,skill,type,prompt,payload,correct_answer,difficulty,tags) values ('224150ae-1f73-5fd6-8a80-74ccebfb4be7', '20000000-0000-0000-0000-000000000005', 'A2', 'writing', 'cloze', 'Completa la frase con la palabra que falta.', '{"text": "Ich habe eine Reservierung für zwei Nächte.", "audio_url": "https://wiauinufpbkmjlbqlkxo.supabase.co/storage/v1/object/public/audio/items/224150ae-1f73-5fd6-8a80-74ccebfb4be7.mp3"}'::jsonb, '{"value": "Reservierung", "accepted": ["Reservierung"]}'::jsonb, 0.35, array['vocab_f1','writing']) on conflict (id) do nothing;
insert into content_items(id,course_id,cefr_level,skill,type,prompt,payload,correct_answer,difficulty,tags) values ('7f69e417-a32e-56ba-b699-b5a50f2d1488', '20000000-0000-0000-0000-000000000005', 'A2', 'reading', 'match', 'Empareja cada palabra con su traducción.', '{"pairs": [{"en": "Fahrplan", "es": "el horario"}, {"en": "Fahrkarte", "es": "el billete"}, {"en": "Gleis", "es": "la vía"}, {"en": "verpassen", "es": "perder"}, {"en": "Handgepäck", "es": "el equipaje de mano"}]}'::jsonb, '{"pairs": [["Fahrplan", "el horario"], ["Fahrkarte", "el billete"], ["Gleis", "la vía"], ["verpassen", "perder"], ["Handgepäck", "el equipaje de mano"]]}'::jsonb, 0.15, array['vocab_f1','reading']) on conflict (id) do nothing;
insert into content_items(id,course_id,cefr_level,skill,type,prompt,payload,correct_answer,difficulty,tags) values ('1408f7e3-b05b-517a-8503-ba1bc41d1f71', '20000000-0000-0000-0000-000000000005', 'A2', 'reading', 'match', 'Empareja cada palabra con su traducción.', '{"pairs": [{"en": "Aufenthalt", "es": "la escala"}, {"en": "Schalter", "es": "la ventanilla"}, {"en": "buchen", "es": "reservar"}, {"en": "Unterkunft", "es": "el alojamiento"}, {"en": "Anschluss", "es": "el enlace"}]}'::jsonb, '{"pairs": [["Aufenthalt", "la escala"], ["Schalter", "la ventanilla"], ["buchen", "reservar"], ["Unterkunft", "el alojamiento"], ["Anschluss", "el enlace"]]}'::jsonb, 0.15, array['vocab_f1','reading']) on conflict (id) do nothing;
insert into content_items(id,course_id,cefr_level,skill,type,prompt,payload,correct_answer,difficulty,tags) values ('61425c6d-7703-5162-84b8-c2285e7eb8cc', '20000000-0000-0000-0000-000000000005', 'A2', 'reading', 'match', 'Empareja cada palabra con su traducción.', '{"pairs": [{"en": "Grenze", "es": "la frontera"}, {"en": "Reservierung", "es": "la reserva"}]}'::jsonb, '{"pairs": [["Grenze", "la frontera"], ["Reservierung", "la reserva"]]}'::jsonb, 0.15, array['vocab_f1','reading']) on conflict (id) do nothing;
insert into content_items(id,course_id,cefr_level,skill,type,prompt,payload,correct_answer,difficulty,tags) values ('a23d9041-59ef-5b62-b824-70dc357d2580', '20000000-0000-0000-0000-000000000005', 'A2', 'writing', 'cloze', 'Completa la frase con la palabra que falta.', '{"text": "Ich habe die Quittung an der Kasse bekommen.", "audio_url": "https://wiauinufpbkmjlbqlkxo.supabase.co/storage/v1/object/public/audio/items/a23d9041-59ef-5b62-b824-70dc357d2580.mp3"}'::jsonb, '{"value": "die Quittung", "accepted": ["die Quittung"]}'::jsonb, 0.35, array['vocab_f1','writing']) on conflict (id) do nothing;
insert into content_items(id,course_id,cefr_level,skill,type,prompt,payload,correct_answer,difficulty,tags) values ('42641926-2b10-5cda-bc18-3446000dc6ca', '20000000-0000-0000-0000-000000000005', 'A2', 'writing', 'cloze', 'Completa la frase con la palabra que falta.', '{"text": "Auf diese Jacke gibt es zwanzig Prozent Rabatt.", "audio_url": "https://wiauinufpbkmjlbqlkxo.supabase.co/storage/v1/object/public/audio/items/42641926-2b10-5cda-bc18-3446000dc6ca.mp3"}'::jsonb, '{"value": "Rabatt", "accepted": ["Rabatt"]}'::jsonb, 0.35, array['vocab_f1','writing']) on conflict (id) do nothing;
insert into content_items(id,course_id,cefr_level,skill,type,prompt,payload,correct_answer,difficulty,tags) values ('ea17c309-7c72-5dde-a91b-50d2a59a87ad', '20000000-0000-0000-0000-000000000005', 'A2', 'writing', 'cloze', 'Completa la frase con la palabra que falta.', '{"text": "Ich habe leider kein Kleingeld dabei.", "audio_url": "https://wiauinufpbkmjlbqlkxo.supabase.co/storage/v1/object/public/audio/items/ea17c309-7c72-5dde-a91b-50d2a59a87ad.mp3"}'::jsonb, '{"value": "Kleingeld", "accepted": ["Kleingeld"]}'::jsonb, 0.35, array['vocab_f1','writing']) on conflict (id) do nothing;
insert into content_items(id,course_id,cefr_level,skill,type,prompt,payload,correct_answer,difficulty,tags) values ('22e096f5-c5ed-53a0-814b-ebe91cc5a303', '20000000-0000-0000-0000-000000000005', 'A2', 'writing', 'cloze', 'Completa la frase con la palabra que falta.', '{"text": "Bitte bezahlen Sie vorne an der Kasse.", "audio_url": "https://wiauinufpbkmjlbqlkxo.supabase.co/storage/v1/object/public/audio/items/22e096f5-c5ed-53a0-814b-ebe91cc5a303.mp3"}'::jsonb, '{"value": "Kasse", "accepted": ["Kasse"]}'::jsonb, 0.35, array['vocab_f1','writing']) on conflict (id) do nothing;
insert into content_items(id,course_id,cefr_level,skill,type,prompt,payload,correct_answer,difficulty,tags) values ('644a2e6e-bbb1-50a5-af6a-069a8dce26c5', '20000000-0000-0000-0000-000000000005', 'A2', 'writing', 'cloze', 'Completa la frase con la palabra que falta.', '{"text": "Der Kunde fragt nach einem günstigeren Modell.", "audio_url": "https://wiauinufpbkmjlbqlkxo.supabase.co/storage/v1/object/public/audio/items/644a2e6e-bbb1-50a5-af6a-069a8dce26c5.mp3"}'::jsonb, '{"value": "der Kunde", "accepted": ["der Kunde"]}'::jsonb, 0.35, array['vocab_f1','writing']) on conflict (id) do nothing;
insert into content_items(id,course_id,cefr_level,skill,type,prompt,payload,correct_answer,difficulty,tags) values ('c017f54b-84f1-56fe-9e9a-98fd952f58f6', '20000000-0000-0000-0000-000000000005', 'A2', 'writing', 'cloze', 'Completa la frase con la palabra que falta.', '{"text": "Heute ist der Kaffee im Angebot.", "audio_url": "https://wiauinufpbkmjlbqlkxo.supabase.co/storage/v1/object/public/audio/items/c017f54b-84f1-56fe-9e9a-98fd952f58f6.mp3"}'::jsonb, '{"value": "Angebot", "accepted": ["Angebot"]}'::jsonb, 0.35, array['vocab_f1','writing']) on conflict (id) do nothing;
insert into content_items(id,course_id,cefr_level,skill,type,prompt,payload,correct_answer,difficulty,tags) values ('377655df-2510-518b-9954-bebca1129769', '20000000-0000-0000-0000-000000000005', 'A2', 'writing', 'cloze', 'Completa la frase con la palabra que falta.', '{"text": "Ich möchte nicht so viel Geld ausgeben.", "audio_url": "https://wiauinufpbkmjlbqlkxo.supabase.co/storage/v1/object/public/audio/items/377655df-2510-518b-9954-bebca1129769.mp3"}'::jsonb, '{"value": "ausgeben", "accepted": ["ausgeben"]}'::jsonb, 0.35, array['vocab_f1','writing']) on conflict (id) do nothing;
insert into content_items(id,course_id,cefr_level,skill,type,prompt,payload,correct_answer,difficulty,tags) values ('9cafab6e-b7ad-5fc0-946c-55a6ea629532', '20000000-0000-0000-0000-000000000005', 'A2', 'writing', 'cloze', 'Completa la frase con la palabra que falta.', '{"text": "Diese Marke ist bekannt für gute Qualität.", "audio_url": "https://wiauinufpbkmjlbqlkxo.supabase.co/storage/v1/object/public/audio/items/9cafab6e-b7ad-5fc0-946c-55a6ea629532.mp3"}'::jsonb, '{"value": "Marke", "accepted": ["Marke"]}'::jsonb, 0.35, array['vocab_f1','writing']) on conflict (id) do nothing;
insert into content_items(id,course_id,cefr_level,skill,type,prompt,payload,correct_answer,difficulty,tags) values ('dc694038-678d-5ce7-8705-466a612fdc0c', '20000000-0000-0000-0000-000000000005', 'A2', 'writing', 'cloze', 'Completa la frase con la palabra que falta.', '{"text": "Der Preis für das Handy ist zu hoch.", "audio_url": "https://wiauinufpbkmjlbqlkxo.supabase.co/storage/v1/object/public/audio/items/dc694038-678d-5ce7-8705-466a612fdc0c.mp3"}'::jsonb, '{"value": "der Preis", "accepted": ["der Preis"]}'::jsonb, 0.35, array['vocab_f1','writing']) on conflict (id) do nothing;
insert into content_items(id,course_id,cefr_level,skill,type,prompt,payload,correct_answer,difficulty,tags) values ('8724c78e-ac87-5b2a-88c3-b204a4135381', '20000000-0000-0000-0000-000000000005', 'A2', 'writing', 'cloze', 'Completa la frase con la palabra que falta.', '{"text": "Die Ware wird morgen nach Hause geliefert.", "audio_url": "https://wiauinufpbkmjlbqlkxo.supabase.co/storage/v1/object/public/audio/items/8724c78e-ac87-5b2a-88c3-b204a4135381.mp3"}'::jsonb, '{"value": "die Ware", "accepted": ["die Ware"]}'::jsonb, 0.35, array['vocab_f1','writing']) on conflict (id) do nothing;
insert into content_items(id,course_id,cefr_level,skill,type,prompt,payload,correct_answer,difficulty,tags) values ('c4ec9a67-3b44-5a32-8c2e-69ee60e95099', '20000000-0000-0000-0000-000000000005', 'A2', 'writing', 'cloze', 'Completa la frase con la palabra que falta.', '{"text": "Ich schiebe den Einkaufswagen durch den Supermarkt.", "audio_url": "https://wiauinufpbkmjlbqlkxo.supabase.co/storage/v1/object/public/audio/items/c4ec9a67-3b44-5a32-8c2e-69ee60e95099.mp3"}'::jsonb, '{"value": "Einkaufswagen", "accepted": ["Einkaufswagen"]}'::jsonb, 0.35, array['vocab_f1','writing']) on conflict (id) do nothing;
insert into content_items(id,course_id,cefr_level,skill,type,prompt,payload,correct_answer,difficulty,tags) values ('a59d41c1-064b-5555-823c-a67c772dbd7a', '20000000-0000-0000-0000-000000000005', 'A2', 'writing', 'cloze', 'Completa la frase con la palabra que falta.', '{"text": "Brauchen Sie eine Tüte für den Einkauf?", "audio_url": "https://wiauinufpbkmjlbqlkxo.supabase.co/storage/v1/object/public/audio/items/a59d41c1-064b-5555-823c-a67c772dbd7a.mp3"}'::jsonb, '{"value": "Tüte", "accepted": ["Tüte"]}'::jsonb, 0.35, array['vocab_f1','writing']) on conflict (id) do nothing;
insert into content_items(id,course_id,cefr_level,skill,type,prompt,payload,correct_answer,difficulty,tags) values ('8dc5762b-d93e-575d-b62b-dc139ebef2e7', '20000000-0000-0000-0000-000000000005', 'A2', 'reading', 'match', 'Empareja cada palabra con su traducción.', '{"pairs": [{"en": "die Quittung", "es": "el recibo"}, {"en": "Rabatt", "es": "el descuento"}, {"en": "Kleingeld", "es": "el suelto"}, {"en": "Kasse", "es": "la caja"}, {"en": "der Kunde", "es": "el cliente"}]}'::jsonb, '{"pairs": [["die Quittung", "el recibo"], ["Rabatt", "el descuento"], ["Kleingeld", "el suelto"], ["Kasse", "la caja"], ["der Kunde", "el cliente"]]}'::jsonb, 0.15, array['vocab_f1','reading']) on conflict (id) do nothing;
insert into content_items(id,course_id,cefr_level,skill,type,prompt,payload,correct_answer,difficulty,tags) values ('d5fc57d0-1527-575a-8c73-4611b0eb9a9d', '20000000-0000-0000-0000-000000000005', 'A2', 'reading', 'match', 'Empareja cada palabra con su traducción.', '{"pairs": [{"en": "Angebot", "es": "la oferta"}, {"en": "ausgeben", "es": "gastar"}, {"en": "Marke", "es": "la marca"}, {"en": "der Preis", "es": "el precio"}, {"en": "die Ware", "es": "la mercancía"}]}'::jsonb, '{"pairs": [["Angebot", "la oferta"], ["ausgeben", "gastar"], ["Marke", "la marca"], ["der Preis", "el precio"], ["die Ware", "la mercancía"]]}'::jsonb, 0.15, array['vocab_f1','reading']) on conflict (id) do nothing;
insert into content_items(id,course_id,cefr_level,skill,type,prompt,payload,correct_answer,difficulty,tags) values ('f946e846-1618-5a1b-b4b8-fa6b22a80fbd', '20000000-0000-0000-0000-000000000005', 'A2', 'reading', 'match', 'Empareja cada palabra con su traducción.', '{"pairs": [{"en": "Einkaufswagen", "es": "el carrito"}, {"en": "Tüte", "es": "la bolsa"}]}'::jsonb, '{"pairs": [["Einkaufswagen", "el carrito"], ["Tüte", "la bolsa"]]}'::jsonb, 0.15, array['vocab_f1','reading']) on conflict (id) do nothing;
insert into content_items(id,course_id,cefr_level,skill,type,prompt,payload,correct_answer,difficulty,tags) values ('1f6eb000-fdd7-5089-aea8-a27785a58413', '20000000-0000-0000-0000-000000000005', 'A2', 'writing', 'cloze', 'Completa la frase con la palabra que falta.', '{"text": "Kann ich mit Kreditkarte bezahlen, bitte?", "audio_url": "https://wiauinufpbkmjlbqlkxo.supabase.co/storage/v1/object/public/audio/items/1f6eb000-fdd7-5089-aea8-a27785a58413.mp3"}'::jsonb, '{"value": "Kreditkarte", "accepted": ["Kreditkarte"]}'::jsonb, 0.35, array['vocab_f1','writing']) on conflict (id) do nothing;
insert into content_items(id,course_id,cefr_level,skill,type,prompt,payload,correct_answer,difficulty,tags) values ('3b729a2a-9900-5916-8b0f-7945b228ee89', '20000000-0000-0000-0000-000000000005', 'A2', 'writing', 'cloze', 'Completa la frase con la palabra que falta.', '{"text": "Der Verkäufer hilft mir bei der Auswahl.", "audio_url": "https://wiauinufpbkmjlbqlkxo.supabase.co/storage/v1/object/public/audio/items/3b729a2a-9900-5916-8b0f-7945b228ee89.mp3"}'::jsonb, '{"value": "der Verkäufer", "accepted": ["der Verkäufer"]}'::jsonb, 0.35, array['vocab_f1','writing']) on conflict (id) do nothing;
insert into content_items(id,course_id,cefr_level,skill,type,prompt,payload,correct_answer,difficulty,tags) values ('50495e45-b5b6-5cf8-96c6-e6a83e93c9b7', '20000000-0000-0000-0000-000000000005', 'A2', 'writing', 'cloze', 'Completa la frase con la palabra que falta.', '{"text": "Im Schaufenster hängt ein schönes Kleid.", "audio_url": "https://wiauinufpbkmjlbqlkxo.supabase.co/storage/v1/object/public/audio/items/50495e45-b5b6-5cf8-96c6-e6a83e93c9b7.mp3"}'::jsonb, '{"value": "Schaufenster", "accepted": ["Schaufenster"]}'::jsonb, 0.35, array['vocab_f1','writing']) on conflict (id) do nothing;
insert into content_items(id,course_id,cefr_level,skill,type,prompt,payload,correct_answer,difficulty,tags) values ('de716438-b42c-5e02-8be3-80f06131fa41', '20000000-0000-0000-0000-000000000005', 'A2', 'writing', 'cloze', 'Completa la frase con la palabra que falta.', '{"text": "Zum Geburtstag bekam sie einen Gutschein.", "audio_url": "https://wiauinufpbkmjlbqlkxo.supabase.co/storage/v1/object/public/audio/items/de716438-b42c-5e02-8be3-80f06131fa41.mp3"}'::jsonb, '{"value": "Gutschein", "accepted": ["Gutschein"]}'::jsonb, 0.35, array['vocab_f1','writing']) on conflict (id) do nothing;
insert into content_items(id,course_id,cefr_level,skill,type,prompt,payload,correct_answer,difficulty,tags) values ('fb2061fc-2282-5aaa-b80d-670d148e44da', '20000000-0000-0000-0000-000000000005', 'A2', 'writing', 'cloze', 'Completa la frase con la palabra que falta.', '{"text": "Ich möchte für ein neues Auto sparen.", "audio_url": "https://wiauinufpbkmjlbqlkxo.supabase.co/storage/v1/object/public/audio/items/fb2061fc-2282-5aaa-b80d-670d148e44da.mp3"}'::jsonb, '{"value": "sparen", "accepted": ["sparen"]}'::jsonb, 0.35, array['vocab_f1','writing']) on conflict (id) do nothing;
insert into content_items(id,course_id,cefr_level,skill,type,prompt,payload,correct_answer,difficulty,tags) values ('d5bdd205-94a2-5ab5-a8ec-c2871d7de5c2', '20000000-0000-0000-0000-000000000005', 'A2', 'writing', 'cloze', 'Completa la frase con la palabra que falta.', '{"text": "Der Umtausch ist nur mit Quittung möglich.", "audio_url": "https://wiauinufpbkmjlbqlkxo.supabase.co/storage/v1/object/public/audio/items/d5bdd205-94a2-5ab5-a8ec-c2871d7de5c2.mp3"}'::jsonb, '{"value": "der Umtausch", "accepted": ["der Umtausch"]}'::jsonb, 0.35, array['vocab_f1','writing']) on conflict (id) do nothing;
insert into content_items(id,course_id,cefr_level,skill,type,prompt,payload,correct_answer,difficulty,tags) values ('1135fac7-00ba-5ee6-8077-408b742d1187', '20000000-0000-0000-0000-000000000005', 'A2', 'writing', 'cloze', 'Completa la frase con la palabra que falta.', '{"text": "Das Geschäft hat eine große Auswahl an Schuhen.", "audio_url": "https://wiauinufpbkmjlbqlkxo.supabase.co/storage/v1/object/public/audio/items/1135fac7-00ba-5ee6-8077-408b742d1187.mp3"}'::jsonb, '{"value": "Auswahl", "accepted": ["Auswahl"]}'::jsonb, 0.35, array['vocab_f1','writing']) on conflict (id) do nothing;
insert into content_items(id,course_id,cefr_level,skill,type,prompt,payload,correct_answer,difficulty,tags) values ('08c2deed-3c07-595b-96a1-271d61779699', '20000000-0000-0000-0000-000000000005', 'A2', 'writing', 'cloze', 'Completa la frase con la palabra que falta.', '{"text": "Im Kaufhaus kann man fast alles kaufen.", "audio_url": "https://wiauinufpbkmjlbqlkxo.supabase.co/storage/v1/object/public/audio/items/08c2deed-3c07-595b-96a1-271d61779699.mp3"}'::jsonb, '{"value": "Kaufhaus", "accepted": ["Kaufhaus"]}'::jsonb, 0.35, array['vocab_f1','writing']) on conflict (id) do nothing;
insert into content_items(id,course_id,cefr_level,skill,type,prompt,payload,correct_answer,difficulty,tags) values ('380d6e9c-aaec-58c8-b3c5-0c01c27de5ba', '20000000-0000-0000-0000-000000000005', 'A2', 'writing', 'cloze', 'Completa la frase con la palabra que falta.', '{"text": "Sie warf eine Münze in den Automaten.", "audio_url": "https://wiauinufpbkmjlbqlkxo.supabase.co/storage/v1/object/public/audio/items/380d6e9c-aaec-58c8-b3c5-0c01c27de5ba.mp3"}'::jsonb, '{"value": "Münze", "accepted": ["Münze"]}'::jsonb, 0.35, array['vocab_f1','writing']) on conflict (id) do nothing;
insert into content_items(id,course_id,cefr_level,skill,type,prompt,payload,correct_answer,difficulty,tags) values ('167a23c6-eb3c-5a49-9a46-9e06692fb81a', '20000000-0000-0000-0000-000000000005', 'A2', 'writing', 'cloze', 'Completa la frase con la palabra que falta.', '{"text": "Er bezahlte mit einem großen Geldschein.", "audio_url": "https://wiauinufpbkmjlbqlkxo.supabase.co/storage/v1/object/public/audio/items/167a23c6-eb3c-5a49-9a46-9e06692fb81a.mp3"}'::jsonb, '{"value": "Geldschein", "accepted": ["Geldschein"]}'::jsonb, 0.35, array['vocab_f1','writing']) on conflict (id) do nothing;
insert into content_items(id,course_id,cefr_level,skill,type,prompt,payload,correct_answer,difficulty,tags) values ('9276f823-7236-5706-8fbc-2547341df4af', '20000000-0000-0000-0000-000000000005', 'A2', 'writing', 'cloze', 'Completa la frase con la palabra que falta.', '{"text": "Der Betrag wird von Ihrem Konto abgebucht.", "audio_url": "https://wiauinufpbkmjlbqlkxo.supabase.co/storage/v1/object/public/audio/items/9276f823-7236-5706-8fbc-2547341df4af.mp3"}'::jsonb, '{"value": "der Betrag", "accepted": ["der Betrag"]}'::jsonb, 0.35, array['vocab_f1','writing']) on conflict (id) do nothing;
insert into content_items(id,course_id,cefr_level,skill,type,prompt,payload,correct_answer,difficulty,tags) values ('13894ee9-cd59-5d1b-b5e7-296f88150aad', '20000000-0000-0000-0000-000000000005', 'A2', 'reading', 'match', 'Empareja cada palabra con su traducción.', '{"pairs": [{"en": "Kreditkarte", "es": "la tarjeta de crédito"}, {"en": "der Verkäufer", "es": "el vendedor"}, {"en": "Schaufenster", "es": "el escaparate"}, {"en": "Gutschein", "es": "el vale"}, {"en": "sparen", "es": "ahorrar"}]}'::jsonb, '{"pairs": [["Kreditkarte", "la tarjeta de crédito"], ["der Verkäufer", "el vendedor"], ["Schaufenster", "el escaparate"], ["Gutschein", "el vale"], ["sparen", "ahorrar"]]}'::jsonb, 0.15, array['vocab_f1','reading']) on conflict (id) do nothing;
insert into content_items(id,course_id,cefr_level,skill,type,prompt,payload,correct_answer,difficulty,tags) values ('0b6b0529-b604-5b7b-9116-80a34a1e6198', '20000000-0000-0000-0000-000000000005', 'A2', 'reading', 'match', 'Empareja cada palabra con su traducción.', '{"pairs": [{"en": "der Umtausch", "es": "la devolución"}, {"en": "Auswahl", "es": "el surtido"}, {"en": "Kaufhaus", "es": "los grandes almacenes"}, {"en": "Münze", "es": "la moneda"}, {"en": "Geldschein", "es": "el billete"}]}'::jsonb, '{"pairs": [["der Umtausch", "la devolución"], ["Auswahl", "el surtido"], ["Kaufhaus", "los grandes almacenes"], ["Münze", "la moneda"], ["Geldschein", "el billete"]]}'::jsonb, 0.15, array['vocab_f1','reading']) on conflict (id) do nothing;
insert into content_items(id,course_id,cefr_level,skill,type,prompt,payload,correct_answer,difficulty,tags) values ('e22a99a1-ce1f-5a7c-b9aa-2379694af8c4', '20000000-0000-0000-0000-000000000005', 'A2', 'writing', 'cloze', 'Completa la frase con la palabra que falta.', '{"text": "Ich muss morgen leider sehr früh aufwachen.", "audio_url": "https://wiauinufpbkmjlbqlkxo.supabase.co/storage/v1/object/public/audio/items/e22a99a1-ce1f-5a7c-b9aa-2379694af8c4.mp3"}'::jsonb, '{"value": "aufwachen", "accepted": ["aufwachen"]}'::jsonb, 0.35, array['vocab_f1','writing']) on conflict (id) do nothing;
insert into content_items(id,course_id,cefr_level,skill,type,prompt,payload,correct_answer,difficulty,tags) values ('a9e90a10-48ed-5c78-abb9-7111ccacec6d', '20000000-0000-0000-0000-000000000005', 'A2', 'writing', 'cloze', 'Completa la frase con la palabra que falta.', '{"text": "Am Wochenende möchte ich immer später aufstehen.", "audio_url": "https://wiauinufpbkmjlbqlkxo.supabase.co/storage/v1/object/public/audio/items/a9e90a10-48ed-5c78-abb9-7111ccacec6d.mp3"}'::jsonb, '{"value": "aufstehen", "accepted": ["aufstehen"]}'::jsonb, 0.35, array['vocab_f1','writing']) on conflict (id) do nothing;
insert into content_items(id,course_id,cefr_level,skill,type,prompt,payload,correct_answer,difficulty,tags) values ('0fc3a5e2-5137-5082-8cd3-c2863896017b', '20000000-0000-0000-0000-000000000005', 'A2', 'writing', 'cloze', 'Completa la frase con la palabra que falta.', '{"text": "Mein Wecker klingelt jeden Morgen um sieben.", "audio_url": "https://wiauinufpbkmjlbqlkxo.supabase.co/storage/v1/object/public/audio/items/0fc3a5e2-5137-5082-8cd3-c2863896017b.mp3"}'::jsonb, '{"value": "Wecker", "accepted": ["Wecker"]}'::jsonb, 0.35, array['vocab_f1','writing']) on conflict (id) do nothing;
insert into content_items(id,course_id,cefr_level,skill,type,prompt,payload,correct_answer,difficulty,tags) values ('6709863f-4cb8-5b75-bc1c-aa1d041a452c', '20000000-0000-0000-0000-000000000005', 'A2', 'writing', 'cloze', 'Completa la frase con la palabra que falta.', '{"text": "Abends kann ich oft nicht schnell einschlafen.", "audio_url": "https://wiauinufpbkmjlbqlkxo.supabase.co/storage/v1/object/public/audio/items/6709863f-4cb8-5b75-bc1c-aa1d041a452c.mp3"}'::jsonb, '{"value": "einschlafen", "accepted": ["einschlafen"]}'::jsonb, 0.35, array['vocab_f1','writing']) on conflict (id) do nothing;
insert into content_items(id,course_id,cefr_level,skill,type,prompt,payload,correct_answer,difficulty,tags) values ('cd4a6dc3-71df-5217-aedc-17ab1d5462a2', '20000000-0000-0000-0000-000000000005', 'A2', 'writing', 'cloze', 'Completa la frase con la palabra que falta.', '{"text": "Heute habe ich leider den wichtigen Termin verschlafen.", "audio_url": "https://wiauinufpbkmjlbqlkxo.supabase.co/storage/v1/object/public/audio/items/cd4a6dc3-71df-5217-aedc-17ab1d5462a2.mp3"}'::jsonb, '{"value": "verschlafen", "accepted": ["verschlafen"]}'::jsonb, 0.35, array['vocab_f1','writing']) on conflict (id) do nothing;
insert into content_items(id,course_id,cefr_level,skill,type,prompt,payload,correct_answer,difficulty,tags) values ('30488bd0-2495-5c79-843c-c0c4f9b79e3d', '20000000-0000-0000-0000-000000000005', 'A2', 'writing', 'cloze', 'Completa la frase con la palabra que falta.', '{"text": "Mein Zeitplan ist diese Woche wirklich sehr voll.", "audio_url": "https://wiauinufpbkmjlbqlkxo.supabase.co/storage/v1/object/public/audio/items/30488bd0-2495-5c79-843c-c0c4f9b79e3d.mp3"}'::jsonb, '{"value": "Zeitplan", "accepted": ["Zeitplan"]}'::jsonb, 0.35, array['vocab_f1','writing']) on conflict (id) do nothing;
insert into content_items(id,course_id,cefr_level,skill,type,prompt,payload,correct_answer,difficulty,tags) values ('f3d62a7c-0926-5bed-a8da-3ca936e97128', '20000000-0000-0000-0000-000000000005', 'A2', 'writing', 'cloze', 'Completa la frase con la palabra que falta.', '{"text": "Sport gehört fest zu meinem Alltag.", "audio_url": "https://wiauinufpbkmjlbqlkxo.supabase.co/storage/v1/object/public/audio/items/f3d62a7c-0926-5bed-a8da-3ca936e97128.mp3"}'::jsonb, '{"value": "Alltag", "accepted": ["Alltag"]}'::jsonb, 0.35, array['vocab_f1','writing']) on conflict (id) do nothing;
insert into content_items(id,course_id,cefr_level,skill,type,prompt,payload,correct_answer,difficulty,tags) values ('af6dae1a-9805-5b08-ae6b-5ffa071be6ec', '20000000-0000-0000-0000-000000000005', 'A2', 'writing', 'cloze', 'Completa la frase con la palabra que falta.', '{"text": "Früh aufzustehen ist für mich eine feste Gewohnheit.", "audio_url": "https://wiauinufpbkmjlbqlkxo.supabase.co/storage/v1/object/public/audio/items/af6dae1a-9805-5b08-ae6b-5ffa071be6ec.mp3"}'::jsonb, '{"value": "Gewohnheit", "accepted": ["Gewohnheit"]}'::jsonb, 0.35, array['vocab_f1','writing']) on conflict (id) do nothing;
insert into content_items(id,course_id,cefr_level,skill,type,prompt,payload,correct_answer,difficulty,tags) values ('d0ada3f7-9372-597c-a381-a2487a142efe', '20000000-0000-0000-0000-000000000005', 'A2', 'writing', 'cloze', 'Completa la frase con la palabra que falta.', '{"text": "Mein Tagesablauf ändert sich am Wochenende komplett.", "audio_url": "https://wiauinufpbkmjlbqlkxo.supabase.co/storage/v1/object/public/audio/items/d0ada3f7-9372-597c-a381-a2487a142efe.mp3"}'::jsonb, '{"value": "Tagesablauf", "accepted": ["Tagesablauf"]}'::jsonb, 0.35, array['vocab_f1','writing']) on conflict (id) do nothing;
insert into content_items(id,course_id,cefr_level,skill,type,prompt,payload,correct_answer,difficulty,tags) values ('d35d4a24-e70a-54a0-8762-0cc320f69ae0', '20000000-0000-0000-0000-000000000005', 'A2', 'writing', 'cloze', 'Completa la frase con la palabra que falta.', '{"text": "Am Montag stehe ich immer besonders früh auf.", "audio_url": "https://wiauinufpbkmjlbqlkxo.supabase.co/storage/v1/object/public/audio/items/d35d4a24-e70a-54a0-8762-0cc320f69ae0.mp3"}'::jsonb, '{"value": "früh", "accepted": ["früh"]}'::jsonb, 0.35, array['vocab_f1','writing']) on conflict (id) do nothing;
insert into content_items(id,course_id,cefr_level,skill,type,prompt,payload,correct_answer,difficulty,tags) values ('7e715baa-bd6f-5516-9851-f827f0288afa', '20000000-0000-0000-0000-000000000005', 'A2', 'writing', 'cloze', 'Completa la frase con la palabra que falta.', '{"text": "Gestern bin ich viel zu spät schlafen gegangen.", "audio_url": "https://wiauinufpbkmjlbqlkxo.supabase.co/storage/v1/object/public/audio/items/7e715baa-bd6f-5516-9851-f827f0288afa.mp3"}'::jsonb, '{"value": "spät", "accepted": ["spät"]}'::jsonb, 0.35, array['vocab_f1','writing']) on conflict (id) do nothing;
insert into content_items(id,course_id,cefr_level,skill,type,prompt,payload,correct_answer,difficulty,tags) values ('00596a01-f40a-530d-9db8-f58c3ce32a4d', '20000000-0000-0000-0000-000000000005', 'A2', 'writing', 'cloze', 'Completa la frase con la palabra que falta.', '{"text": "Ich gehe nur selten vor Mitternacht ins Bett.", "audio_url": "https://wiauinufpbkmjlbqlkxo.supabase.co/storage/v1/object/public/audio/items/00596a01-f40a-530d-9db8-f58c3ce32a4d.mp3"}'::jsonb, '{"value": "selten", "accepted": ["selten"]}'::jsonb, 0.35, array['vocab_f1','writing']) on conflict (id) do nothing;
insert into content_items(id,course_id,cefr_level,skill,type,prompt,payload,correct_answer,difficulty,tags) values ('a49c3665-67a9-5538-a7f9-5ab952fafba7', '20000000-0000-0000-0000-000000000005', 'A2', 'reading', 'match', 'Empareja cada palabra con su traducción.', '{"pairs": [{"en": "aufwachen", "es": "despertarse"}, {"en": "aufstehen", "es": "levantarse"}, {"en": "Wecker", "es": "el despertador"}, {"en": "einschlafen", "es": "dormirse"}, {"en": "verschlafen", "es": "quedarse dormido"}]}'::jsonb, '{"pairs": [["aufwachen", "despertarse"], ["aufstehen", "levantarse"], ["Wecker", "el despertador"], ["einschlafen", "dormirse"], ["verschlafen", "quedarse dormido"]]}'::jsonb, 0.15, array['vocab_f1','reading']) on conflict (id) do nothing;
insert into content_items(id,course_id,cefr_level,skill,type,prompt,payload,correct_answer,difficulty,tags) values ('78b414f4-d0bf-543f-a656-7f137b2d67e5', '20000000-0000-0000-0000-000000000005', 'A2', 'reading', 'match', 'Empareja cada palabra con su traducción.', '{"pairs": [{"en": "Zeitplan", "es": "el horario"}, {"en": "Alltag", "es": "la rutina diaria"}, {"en": "Gewohnheit", "es": "la costumbre"}, {"en": "Tagesablauf", "es": "el transcurso del día"}, {"en": "früh", "es": "temprano"}]}'::jsonb, '{"pairs": [["Zeitplan", "el horario"], ["Alltag", "la rutina diaria"], ["Gewohnheit", "la costumbre"], ["Tagesablauf", "el transcurso del día"], ["früh", "temprano"]]}'::jsonb, 0.15, array['vocab_f1','reading']) on conflict (id) do nothing;
insert into content_items(id,course_id,cefr_level,skill,type,prompt,payload,correct_answer,difficulty,tags) values ('b79a259d-aede-58b1-808c-3d2429c2af50', '20000000-0000-0000-0000-000000000005', 'A2', 'reading', 'match', 'Empareja cada palabra con su traducción.', '{"pairs": [{"en": "spät", "es": "tarde"}, {"en": "selten", "es": "rara vez"}]}'::jsonb, '{"pairs": [["spät", "tarde"], ["selten", "rara vez"]]}'::jsonb, 0.15, array['vocab_f1','reading']) on conflict (id) do nothing;
insert into content_items(id,course_id,cefr_level,skill,type,prompt,payload,correct_answer,difficulty,tags) values ('03c88522-92fd-51ec-95df-89b8c24045e5', '20000000-0000-0000-0000-000000000005', 'A2', 'writing', 'cloze', 'Completa la frase con la palabra que falta.', '{"text": "Sie trinkt häufig morgens einen starken schwarzen Kaffee.", "audio_url": "https://wiauinufpbkmjlbqlkxo.supabase.co/storage/v1/object/public/audio/items/03c88522-92fd-51ec-95df-89b8c24045e5.mp3"}'::jsonb, '{"value": "häufig", "accepted": ["häufig"]}'::jsonb, 0.35, array['vocab_f1','writing']) on conflict (id) do nothing;
insert into content_items(id,course_id,cefr_level,skill,type,prompt,payload,correct_answer,difficulty,tags) values ('076a7f6e-8e51-5bc7-adb4-5190945ee0ad', '20000000-0000-0000-0000-000000000005', 'A2', 'writing', 'cloze', 'Completa la frase con la palabra que falta.', '{"text": "Manchmal mache ich nach dem Mittagessen ein Nickerchen.", "audio_url": "https://wiauinufpbkmjlbqlkxo.supabase.co/storage/v1/object/public/audio/items/076a7f6e-8e51-5bc7-adb4-5190945ee0ad.mp3"}'::jsonb, '{"value": "manchmal", "accepted": ["manchmal"]}'::jsonb, 0.35, array['vocab_f1','writing']) on conflict (id) do nothing;
insert into content_items(id,course_id,cefr_level,skill,type,prompt,payload,correct_answer,difficulty,tags) values ('3a212a3b-4d67-570c-8972-a9205fab3f45', '20000000-0000-0000-0000-000000000005', 'A2', 'writing', 'cloze', 'Completa la frase con la palabra que falta.', '{"text": "Er kommt immer pünktlich zur Arbeit ins Büro.", "audio_url": "https://wiauinufpbkmjlbqlkxo.supabase.co/storage/v1/object/public/audio/items/3a212a3b-4d67-570c-8972-a9205fab3f45.mp3"}'::jsonb, '{"value": "immer", "accepted": ["immer"]}'::jsonb, 0.35, array['vocab_f1','writing']) on conflict (id) do nothing;
insert into content_items(id,course_id,cefr_level,skill,type,prompt,payload,correct_answer,difficulty,tags) values ('c16ca637-f362-5f53-af14-d4809d5184bd', '20000000-0000-0000-0000-000000000005', 'A2', 'writing', 'cloze', 'Completa la frase con la palabra que falta.', '{"text": "Nach dem Feierabend gehe ich oft eine Runde joggen.", "audio_url": "https://wiauinufpbkmjlbqlkxo.supabase.co/storage/v1/object/public/audio/items/c16ca637-f362-5f53-af14-d4809d5184bd.mp3"}'::jsonb, '{"value": "Feierabend", "accepted": ["Feierabend"]}'::jsonb, 0.35, array['vocab_f1','writing']) on conflict (id) do nothing;
insert into content_items(id,course_id,cefr_level,skill,type,prompt,payload,correct_answer,difficulty,tags) values ('5646aae7-f508-59cf-b8c3-e6738022be9d', '20000000-0000-0000-0000-000000000005', 'A2', 'writing', 'cloze', 'Completa la frase con la palabra que falta.', '{"text": "In der Mittagspause esse ich meistens mit Kollegen.", "audio_url": "https://wiauinufpbkmjlbqlkxo.supabase.co/storage/v1/object/public/audio/items/5646aae7-f508-59cf-b8c3-e6738022be9d.mp3"}'::jsonb, '{"value": "Mittagspause", "accepted": ["Mittagspause"]}'::jsonb, 0.35, array['vocab_f1','writing']) on conflict (id) do nothing;
insert into content_items(id,course_id,cefr_level,skill,type,prompt,payload,correct_answer,difficulty,tags) values ('d826e4bd-dba0-5d96-970b-c002c5e6bd7d', '20000000-0000-0000-0000-000000000005', 'A2', 'writing', 'cloze', 'Completa la frase con la palabra que falta.', '{"text": "In meiner Freizeit lese ich sehr gern Bücher.", "audio_url": "https://wiauinufpbkmjlbqlkxo.supabase.co/storage/v1/object/public/audio/items/d826e4bd-dba0-5d96-970b-c002c5e6bd7d.mp3"}'::jsonb, '{"value": "Freizeit", "accepted": ["Freizeit"]}'::jsonb, 0.35, array['vocab_f1','writing']) on conflict (id) do nothing;
insert into content_items(id,course_id,cefr_level,skill,type,prompt,payload,correct_answer,difficulty,tags) values ('257d7964-5341-55b5-841f-ac7bb6866f86', '20000000-0000-0000-0000-000000000005', 'A2', 'writing', 'cloze', 'Completa la frase con la palabra que falta.', '{"text": "Ich habe morgen einen wichtigen Termin beim Arzt.", "audio_url": "https://wiauinufpbkmjlbqlkxo.supabase.co/storage/v1/object/public/audio/items/257d7964-5341-55b5-841f-ac7bb6866f86.mp3"}'::jsonb, '{"value": "Termin", "accepted": ["Termin"]}'::jsonb, 0.35, array['vocab_f1','writing']) on conflict (id) do nothing;
insert into content_items(id,course_id,cefr_level,skill,type,prompt,payload,correct_answer,difficulty,tags) values ('dbc9adfd-5181-5719-bf89-27669e683542', '20000000-0000-0000-0000-000000000005', 'A2', 'writing', 'cloze', 'Completa la frase con la palabra que falta.', '{"text": "Bitte komm heute rechtzeitig zum Abendessen nach Hause.", "audio_url": "https://wiauinufpbkmjlbqlkxo.supabase.co/storage/v1/object/public/audio/items/dbc9adfd-5181-5719-bf89-27669e683542.mp3"}'::jsonb, '{"value": "rechtzeitig", "accepted": ["rechtzeitig"]}'::jsonb, 0.35, array['vocab_f1','writing']) on conflict (id) do nothing;
insert into content_items(id,course_id,cefr_level,skill,type,prompt,payload,correct_answer,difficulty,tags) values ('a081bdd0-6ef9-598c-9461-1cdad00fbc90', '20000000-0000-0000-0000-000000000005', 'A2', 'writing', 'cloze', 'Completa la frase con la palabra que falta.', '{"text": "Ich kann nicht kochen und gleichzeitig telefonieren.", "audio_url": "https://wiauinufpbkmjlbqlkxo.supabase.co/storage/v1/object/public/audio/items/a081bdd0-6ef9-598c-9461-1cdad00fbc90.mp3"}'::jsonb, '{"value": "gleichzeitig", "accepted": ["gleichzeitig"]}'::jsonb, 0.35, array['vocab_f1','writing']) on conflict (id) do nothing;
insert into content_items(id,course_id,cefr_level,skill,type,prompt,payload,correct_answer,difficulty,tags) values ('65f581c9-75d6-5ad5-9353-e88f655996f8', '20000000-0000-0000-0000-000000000005', 'A2', 'writing', 'cloze', 'Completa la frase con la palabra que falta.', '{"text": "Die Sitzung wird heute wohl zwei Stunden dauern.", "audio_url": "https://wiauinufpbkmjlbqlkxo.supabase.co/storage/v1/object/public/audio/items/65f581c9-75d6-5ad5-9353-e88f655996f8.mp3"}'::jsonb, '{"value": "dauern", "accepted": ["dauern"]}'::jsonb, 0.35, array['vocab_f1','writing']) on conflict (id) do nothing;
insert into content_items(id,course_id,cefr_level,skill,type,prompt,payload,correct_answer,difficulty,tags) values ('597479b7-3908-50c4-b1e8-47a66e20955b', '20000000-0000-0000-0000-000000000005', 'A2', 'writing', 'cloze', 'Completa la frase con la palabra que falta.', '{"text": "Kannst du mir bitte die genaue Uhrzeit sagen?", "audio_url": "https://wiauinufpbkmjlbqlkxo.supabase.co/storage/v1/object/public/audio/items/597479b7-3908-50c4-b1e8-47a66e20955b.mp3"}'::jsonb, '{"value": "Uhrzeit", "accepted": ["Uhrzeit"]}'::jsonb, 0.35, array['vocab_f1','writing']) on conflict (id) do nothing;
insert into content_items(id,course_id,cefr_level,skill,type,prompt,payload,correct_answer,difficulty,tags) values ('ed8dd4ec-c7ec-56aa-85a6-0f8244f97b28', '20000000-0000-0000-0000-000000000005', 'A2', 'reading', 'match', 'Empareja cada palabra con su traducción.', '{"pairs": [{"en": "häufig", "es": "a menudo"}, {"en": "manchmal", "es": "a veces"}, {"en": "immer", "es": "siempre"}, {"en": "Feierabend", "es": "el fin de la jornada laboral"}, {"en": "Mittagspause", "es": "la pausa del mediodía"}]}'::jsonb, '{"pairs": [["häufig", "a menudo"], ["manchmal", "a veces"], ["immer", "siempre"], ["Feierabend", "el fin de la jornada laboral"], ["Mittagspause", "la pausa del mediodía"]]}'::jsonb, 0.15, array['vocab_f1','reading']) on conflict (id) do nothing;
insert into content_items(id,course_id,cefr_level,skill,type,prompt,payload,correct_answer,difficulty,tags) values ('552aeb1b-dd46-5140-bb1d-e410371376d2', '20000000-0000-0000-0000-000000000005', 'A2', 'reading', 'match', 'Empareja cada palabra con su traducción.', '{"pairs": [{"en": "Freizeit", "es": "el tiempo libre"}, {"en": "Termin", "es": "la cita"}, {"en": "rechtzeitig", "es": "a tiempo"}, {"en": "gleichzeitig", "es": "simultáneamente"}, {"en": "dauern", "es": "durar"}]}'::jsonb, '{"pairs": [["Freizeit", "el tiempo libre"], ["Termin", "la cita"], ["rechtzeitig", "a tiempo"], ["gleichzeitig", "simultáneamente"], ["dauern", "durar"]]}'::jsonb, 0.15, array['vocab_f1','reading']) on conflict (id) do nothing;
insert into content_items(id,course_id,cefr_level,skill,type,prompt,payload,correct_answer,difficulty,tags) values ('8f20bab5-593d-5843-af70-c93e284c3f54', '20000000-0000-0000-0000-000000000005', 'B1', 'writing', 'cloze', 'Completa la frase con la palabra que falta.', '{"text": "Mein Husten ist nachts besonders schlimm geworden.", "audio_url": "https://wiauinufpbkmjlbqlkxo.supabase.co/storage/v1/object/public/audio/items/8f20bab5-593d-5843-af70-c93e284c3f54.mp3"}'::jsonb, '{"value": "Husten", "accepted": ["Husten"]}'::jsonb, 0.35, array['vocab_f1','writing']) on conflict (id) do nothing;
insert into content_items(id,course_id,cefr_level,skill,type,prompt,payload,correct_answer,difficulty,tags) values ('a67598b8-301a-58ac-a1c6-49e2ae6ffa55', '20000000-0000-0000-0000-000000000005', 'B1', 'writing', 'cloze', 'Completa la frase con la palabra que falta.', '{"text": "Im Frühling muss ich wegen der Pollen oft niesen.", "audio_url": "https://wiauinufpbkmjlbqlkxo.supabase.co/storage/v1/object/public/audio/items/a67598b8-301a-58ac-a1c6-49e2ae6ffa55.mp3"}'::jsonb, '{"value": "niesen", "accepted": ["niesen"]}'::jsonb, 0.35, array['vocab_f1','writing']) on conflict (id) do nothing;
insert into content_items(id,course_id,cefr_level,skill,type,prompt,payload,correct_answer,difficulty,tags) values ('abb9fd60-2798-5e6c-9fd6-017168eaae17', '20000000-0000-0000-0000-000000000005', 'B1', 'writing', 'cloze', 'Completa la frase con la palabra que falta.', '{"text": "Nimm bitte diese Tablette dreimal am Tag.", "audio_url": "https://wiauinufpbkmjlbqlkxo.supabase.co/storage/v1/object/public/audio/items/abb9fd60-2798-5e6c-9fd6-017168eaae17.mp3"}'::jsonb, '{"value": "Tablette", "accepted": ["Tablette"]}'::jsonb, 0.35, array['vocab_f1','writing']) on conflict (id) do nothing;
insert into content_items(id,course_id,cefr_level,skill,type,prompt,payload,correct_answer,difficulty,tags) values ('b4b68dfd-2ed4-5acb-a82e-00da259369cb', '20000000-0000-0000-0000-000000000005', 'B1', 'writing', 'cloze', 'Completa la frase con la palabra que falta.', '{"text": "Der Arzt hat mir ein Rezept für Antibiotika gegeben.", "audio_url": "https://wiauinufpbkmjlbqlkxo.supabase.co/storage/v1/object/public/audio/items/b4b68dfd-2ed4-5acb-a82e-00da259369cb.mp3"}'::jsonb, '{"value": "Rezept", "accepted": ["Rezept"]}'::jsonb, 0.35, array['vocab_f1','writing']) on conflict (id) do nothing;
insert into content_items(id,course_id,cefr_level,skill,type,prompt,payload,correct_answer,difficulty,tags) values ('e1cda32e-576c-5a5d-bf1b-a600a2a39eaa', '20000000-0000-0000-0000-000000000005', 'B1', 'writing', 'cloze', 'Completa la frase con la palabra que falta.', '{"text": "Die Krankenschwester hat die Wunde sorgfältig gereinigt.", "audio_url": "https://wiauinufpbkmjlbqlkxo.supabase.co/storage/v1/object/public/audio/items/e1cda32e-576c-5a5d-bf1b-a600a2a39eaa.mp3"}'::jsonb, '{"value": "die Wunde", "accepted": ["die Wunde"]}'::jsonb, 0.35, array['vocab_f1','writing']) on conflict (id) do nothing;
insert into content_items(id,course_id,cefr_level,skill,type,prompt,payload,correct_answer,difficulty,tags) values ('51f1849b-1d7f-58bb-ae57-ca1d1df49394', '20000000-0000-0000-0000-000000000005', 'B1', 'writing', 'cloze', 'Completa la frase con la palabra que falta.', '{"text": "Vor der Spritze hatte das Kind große Angst.", "audio_url": "https://wiauinufpbkmjlbqlkxo.supabase.co/storage/v1/object/public/audio/items/51f1849b-1d7f-58bb-ae57-ca1d1df49394.mp3"}'::jsonb, '{"value": "Spritze", "accepted": ["Spritze"]}'::jsonb, 0.35, array['vocab_f1','writing']) on conflict (id) do nothing;
insert into content_items(id,course_id,cefr_level,skill,type,prompt,payload,correct_answer,difficulty,tags) values ('04162cd5-9bbb-545a-afdc-63c2de0b875e', '20000000-0000-0000-0000-000000000005', 'B1', 'writing', 'cloze', 'Completa la frase con la palabra que falta.', '{"text": "Beim Sturz hat er sich einen Knochen gebrochen.", "audio_url": "https://wiauinufpbkmjlbqlkxo.supabase.co/storage/v1/object/public/audio/items/04162cd5-9bbb-545a-afdc-63c2de0b875e.mp3"}'::jsonb, '{"value": "Knochen", "accepted": ["Knochen"]}'::jsonb, 0.35, array['vocab_f1','writing']) on conflict (id) do nothing;
insert into content_items(id,course_id,cefr_level,skill,type,prompt,payload,correct_answer,difficulty,tags) values ('72757895-ead6-54aa-b323-bd12383dc0b9', '20000000-0000-0000-0000-000000000005', 'B1', 'writing', 'cloze', 'Completa la frase con la palabra que falta.', '{"text": "Nach dem Fußball tut mir das Knie weh.", "audio_url": "https://wiauinufpbkmjlbqlkxo.supabase.co/storage/v1/object/public/audio/items/72757895-ead6-54aa-b323-bd12383dc0b9.mp3"}'::jsonb, '{"value": "das Knie", "accepted": ["das Knie"]}'::jsonb, 0.35, array['vocab_f1','writing']) on conflict (id) do nothing;
insert into content_items(id,course_id,cefr_level,skill,type,prompt,payload,correct_answer,difficulty,tags) values ('9f639c48-6c58-5b91-bdc7-d3528d18f133', '20000000-0000-0000-0000-000000000005', 'B1', 'writing', 'cloze', 'Completa la frase con la palabra que falta.', '{"text": "Im Sommer musst du deine Haut vor der Sonne schützen.", "audio_url": "https://wiauinufpbkmjlbqlkxo.supabase.co/storage/v1/object/public/audio/items/9f639c48-6c58-5b91-bdc7-d3528d18f133.mp3"}'::jsonb, '{"value": "Haut", "accepted": ["Haut"]}'::jsonb, 0.35, array['vocab_f1','writing']) on conflict (id) do nothing;
insert into content_items(id,course_id,cefr_level,skill,type,prompt,payload,correct_answer,difficulty,tags) values ('b52d755d-6529-54c1-a60a-b76f4fe07bce', '20000000-0000-0000-0000-000000000005', 'B1', 'writing', 'cloze', 'Completa la frase con la palabra que falta.', '{"text": "Beim Atmen spüre ich einen Druck in der Brust.", "audio_url": "https://wiauinufpbkmjlbqlkxo.supabase.co/storage/v1/object/public/audio/items/b52d755d-6529-54c1-a60a-b76f4fe07bce.mp3"}'::jsonb, '{"value": "Brust", "accepted": ["Brust"]}'::jsonb, 0.35, array['vocab_f1','writing']) on conflict (id) do nothing;
insert into content_items(id,course_id,cefr_level,skill,type,prompt,payload,correct_answer,difficulty,tags) values ('1d5c7597-4a37-577a-be3e-c045830c243e', '20000000-0000-0000-0000-000000000005', 'B1', 'writing', 'cloze', 'Completa la frase con la palabra que falta.', '{"text": "Wegen einer Verletzung kann er nicht mehr spielen.", "audio_url": "https://wiauinufpbkmjlbqlkxo.supabase.co/storage/v1/object/public/audio/items/1d5c7597-4a37-577a-be3e-c045830c243e.mp3"}'::jsonb, '{"value": "Verletzung", "accepted": ["Verletzung"]}'::jsonb, 0.35, array['vocab_f1','writing']) on conflict (id) do nothing;
insert into content_items(id,course_id,cefr_level,skill,type,prompt,payload,correct_answer,difficulty,tags) values ('011fa941-7fa6-58ec-8e20-b4d612158901', '20000000-0000-0000-0000-000000000005', 'B1', 'writing', 'cloze', 'Completa la frase con la palabra que falta.', '{"text": "Deine Gesundheit ist wichtiger als deine Arbeit.", "audio_url": "https://wiauinufpbkmjlbqlkxo.supabase.co/storage/v1/object/public/audio/items/011fa941-7fa6-58ec-8e20-b4d612158901.mp3"}'::jsonb, '{"value": "Gesundheit", "accepted": ["Gesundheit"]}'::jsonb, 0.35, array['vocab_f1','writing']) on conflict (id) do nothing;
insert into content_items(id,course_id,cefr_level,skill,type,prompt,payload,correct_answer,difficulty,tags) values ('f3d478b3-3ae2-5581-a9ba-9186131edaea', '20000000-0000-0000-0000-000000000005', 'B1', 'reading', 'match', 'Empareja cada palabra con su traducción.', '{"pairs": [{"en": "Husten", "es": "la tos"}, {"en": "niesen", "es": "estornudar"}, {"en": "Tablette", "es": "la pastilla"}, {"en": "Rezept", "es": "la receta"}, {"en": "die Wunde", "es": "la herida"}]}'::jsonb, '{"pairs": [["Husten", "la tos"], ["niesen", "estornudar"], ["Tablette", "la pastilla"], ["Rezept", "la receta"], ["die Wunde", "la herida"]]}'::jsonb, 0.15, array['vocab_f1','reading']) on conflict (id) do nothing;
insert into content_items(id,course_id,cefr_level,skill,type,prompt,payload,correct_answer,difficulty,tags) values ('a4543145-bad4-59ac-93b8-4369932a87d7', '20000000-0000-0000-0000-000000000005', 'B1', 'reading', 'match', 'Empareja cada palabra con su traducción.', '{"pairs": [{"en": "Spritze", "es": "la inyección"}, {"en": "Knochen", "es": "el hueso"}, {"en": "das Knie", "es": "la rodilla"}, {"en": "Haut", "es": "la piel"}, {"en": "Brust", "es": "el pecho"}]}'::jsonb, '{"pairs": [["Spritze", "la inyección"], ["Knochen", "el hueso"], ["das Knie", "la rodilla"], ["Haut", "la piel"], ["Brust", "el pecho"]]}'::jsonb, 0.15, array['vocab_f1','reading']) on conflict (id) do nothing;
insert into content_items(id,course_id,cefr_level,skill,type,prompt,payload,correct_answer,difficulty,tags) values ('f3129b80-7926-5ccd-9f21-3326a676dd2c', '20000000-0000-0000-0000-000000000005', 'B1', 'reading', 'match', 'Empareja cada palabra con su traducción.', '{"pairs": [{"en": "Verletzung", "es": "la lesión"}, {"en": "Gesundheit", "es": "la salud"}]}'::jsonb, '{"pairs": [["Verletzung", "la lesión"], ["Gesundheit", "la salud"]]}'::jsonb, 0.15, array['vocab_f1','reading']) on conflict (id) do nothing;
insert into content_items(id,course_id,cefr_level,skill,type,prompt,payload,correct_answer,difficulty,tags) values ('54f90a0b-2c88-5986-8442-7adc58c753f2', '20000000-0000-0000-0000-000000000005', 'B1', 'writing', 'cloze', 'Completa la frase con la palabra que falta.', '{"text": "Meine Kollegin liegt mit einer schweren Grippe im Bett.", "audio_url": "https://wiauinufpbkmjlbqlkxo.supabase.co/storage/v1/object/public/audio/items/54f90a0b-2c88-5986-8442-7adc58c753f2.mp3"}'::jsonb, '{"value": "Grippe", "accepted": ["Grippe"]}'::jsonb, 0.35, array['vocab_f1','writing']) on conflict (id) do nothing;
insert into content_items(id,course_id,cefr_level,skill,type,prompt,payload,correct_answer,difficulty,tags) values ('f20d9d39-366b-5948-bdd3-4590d7f9df16', '20000000-0000-0000-0000-000000000005', 'B1', 'writing', 'cloze', 'Completa la frase con la palabra que falta.', '{"text": "Der Schmerz im Bauch wurde immer stärker.", "audio_url": "https://wiauinufpbkmjlbqlkxo.supabase.co/storage/v1/object/public/audio/items/f20d9d39-366b-5948-bdd3-4590d7f9df16.mp3"}'::jsonb, '{"value": "der Schmerz", "accepted": ["der Schmerz"]}'::jsonb, 0.35, array['vocab_f1','writing']) on conflict (id) do nothing;
insert into content_items(id,course_id,cefr_level,skill,type,prompt,payload,correct_answer,difficulty,tags) values ('3edc99db-7694-532e-8df5-7cf2d76421ff', '20000000-0000-0000-0000-000000000005', 'B1', 'writing', 'cloze', 'Completa la frase con la palabra que falta.', '{"text": "Diese Krankheit ist zum Glück nicht ansteckend.", "audio_url": "https://wiauinufpbkmjlbqlkxo.supabase.co/storage/v1/object/public/audio/items/3edc99db-7694-532e-8df5-7cf2d76421ff.mp3"}'::jsonb, '{"value": "Krankheit", "accepted": ["Krankheit"]}'::jsonb, 0.35, array['vocab_f1','writing']) on conflict (id) do nothing;
insert into content_items(id,course_id,cefr_level,skill,type,prompt,payload,correct_answer,difficulty,tags) values ('3572cdbb-324a-5c76-b0ec-43719e5bb977', '20000000-0000-0000-0000-000000000005', 'B1', 'writing', 'cloze', 'Completa la frase con la palabra que falta.', '{"text": "Sie musste über Nacht im Krankenhaus bleiben.", "audio_url": "https://wiauinufpbkmjlbqlkxo.supabase.co/storage/v1/object/public/audio/items/3572cdbb-324a-5c76-b0ec-43719e5bb977.mp3"}'::jsonb, '{"value": "Krankenhaus", "accepted": ["Krankenhaus"]}'::jsonb, 0.35, array['vocab_f1','writing']) on conflict (id) do nothing;
insert into content_items(id,course_id,cefr_level,skill,type,prompt,payload,correct_answer,difficulty,tags) values ('4010a3c5-994a-5f3b-97e4-bf2d65482f3a', '20000000-0000-0000-0000-000000000005', 'B1', 'writing', 'cloze', 'Completa la frase con la palabra que falta.', '{"text": "Nach einer Woche Ruhe fühlte er sich wieder gesund.", "audio_url": "https://wiauinufpbkmjlbqlkxo.supabase.co/storage/v1/object/public/audio/items/4010a3c5-994a-5f3b-97e4-bf2d65482f3a.mp3"}'::jsonb, '{"value": "gesund", "accepted": ["gesund"]}'::jsonb, 0.35, array['vocab_f1','writing']) on conflict (id) do nothing;
insert into content_items(id,course_id,cefr_level,skill,type,prompt,payload,correct_answer,difficulty,tags) values ('274b5be6-4fd1-58e7-b54f-4d63e7829430', '20000000-0000-0000-0000-000000000005', 'B1', 'writing', 'cloze', 'Completa la frase con la palabra que falta.', '{"text": "Der Arzt hat mir zur Untersuchung Blut abgenommen.", "audio_url": "https://wiauinufpbkmjlbqlkxo.supabase.co/storage/v1/object/public/audio/items/274b5be6-4fd1-58e7-b54f-4d63e7829430.mp3"}'::jsonb, '{"value": "Blut", "accepted": ["Blut"]}'::jsonb, 0.35, array['vocab_f1','writing']) on conflict (id) do nothing;
insert into content_items(id,course_id,cefr_level,skill,type,prompt,payload,correct_answer,difficulty,tags) values ('d97188d9-370e-59d2-9a35-76638d662789', '20000000-0000-0000-0000-000000000005', 'B1', 'writing', 'cloze', 'Completa la frase con la palabra que falta.', '{"text": "Bei einer Erkältung läuft mir ständig die Nase.", "audio_url": "https://wiauinufpbkmjlbqlkxo.supabase.co/storage/v1/object/public/audio/items/d97188d9-370e-59d2-9a35-76638d662789.mp3"}'::jsonb, '{"value": "die Nase", "accepted": ["die Nase"]}'::jsonb, 0.35, array['vocab_f1','writing']) on conflict (id) do nothing;
insert into content_items(id,course_id,cefr_level,skill,type,prompt,payload,correct_answer,difficulty,tags) values ('009e0937-a14e-5465-bc27-07befb4d160d', '20000000-0000-0000-0000-000000000005', 'B1', 'writing', 'cloze', 'Completa la frase con la palabra que falta.', '{"text": "Seit gestern tut mir das rechte Ohr weh.", "audio_url": "https://wiauinufpbkmjlbqlkxo.supabase.co/storage/v1/object/public/audio/items/009e0937-a14e-5465-bc27-07befb4d160d.mp3"}'::jsonb, '{"value": "Ohr", "accepted": ["Ohr"]}'::jsonb, 0.35, array['vocab_f1','writing']) on conflict (id) do nothing;
insert into content_items(id,course_id,cefr_level,skill,type,prompt,payload,correct_answer,difficulty,tags) values ('b89cf4d7-762f-5508-aff3-6039e6464158', '20000000-0000-0000-0000-000000000005', 'B1', 'writing', 'cloze', 'Completa la frase con la palabra que falta.', '{"text": "Beim Laufen schlägt mein Herz sehr schnell.", "audio_url": "https://wiauinufpbkmjlbqlkxo.supabase.co/storage/v1/object/public/audio/items/b89cf4d7-762f-5508-aff3-6039e6464158.mp3"}'::jsonb, '{"value": "Herz", "accepted": ["Herz"]}'::jsonb, 0.35, array['vocab_f1','writing']) on conflict (id) do nothing;
insert into content_items(id,course_id,cefr_level,skill,type,prompt,payload,correct_answer,difficulty,tags) values ('fd82ad48-10ed-55c7-b453-34c90d476389', '20000000-0000-0000-0000-000000000005', 'B1', 'writing', 'cloze', 'Completa la frase con la palabra que falta.', '{"text": "Das Rauchen schadet vor allem der Lunge.", "audio_url": "https://wiauinufpbkmjlbqlkxo.supabase.co/storage/v1/object/public/audio/items/fd82ad48-10ed-55c7-b453-34c90d476389.mp3"}'::jsonb, '{"value": "Lunge", "accepted": ["Lunge"]}'::jsonb, 0.35, array['vocab_f1','writing']) on conflict (id) do nothing;
insert into content_items(id,course_id,cefr_level,skill,type,prompt,payload,correct_answer,difficulty,tags) values ('cf6fecc5-6056-591d-80b0-789b86789e8c', '20000000-0000-0000-0000-000000000005', 'B1', 'writing', 'cloze', 'Completa la frase con la palabra que falta.', '{"text": "Nach dem Rennen konnte er kaum noch atmen.", "audio_url": "https://wiauinufpbkmjlbqlkxo.supabase.co/storage/v1/object/public/audio/items/cf6fecc5-6056-591d-80b0-789b86789e8c.mp3"}'::jsonb, '{"value": "atmen", "accepted": ["atmen"]}'::jsonb, 0.35, array['vocab_f1','writing']) on conflict (id) do nothing;
insert into content_items(id,course_id,cefr_level,skill,type,prompt,payload,correct_answer,difficulty,tags) values ('dd1c9e89-5809-5481-9244-c2df65cb7b67', '20000000-0000-0000-0000-000000000005', 'B1', 'reading', 'match', 'Empareja cada palabra con su traducción.', '{"pairs": [{"en": "Grippe", "es": "la gripe"}, {"en": "der Schmerz", "es": "el dolor"}, {"en": "Krankheit", "es": "la enfermedad"}, {"en": "Krankenhaus", "es": "el hospital"}, {"en": "gesund", "es": "sano"}]}'::jsonb, '{"pairs": [["Grippe", "la gripe"], ["der Schmerz", "el dolor"], ["Krankheit", "la enfermedad"], ["Krankenhaus", "el hospital"], ["gesund", "sano"]]}'::jsonb, 0.15, array['vocab_f1','reading']) on conflict (id) do nothing;
insert into content_items(id,course_id,cefr_level,skill,type,prompt,payload,correct_answer,difficulty,tags) values ('a63ec0de-66fe-5bdd-9ab2-b8a93715fd8f', '20000000-0000-0000-0000-000000000005', 'B1', 'reading', 'match', 'Empareja cada palabra con su traducción.', '{"pairs": [{"en": "Blut", "es": "la sangre"}, {"en": "die Nase", "es": "la nariz"}, {"en": "Ohr", "es": "la oreja"}, {"en": "Herz", "es": "el corazón"}, {"en": "Lunge", "es": "el pulmón"}]}'::jsonb, '{"pairs": [["Blut", "la sangre"], ["die Nase", "la nariz"], ["Ohr", "la oreja"], ["Herz", "el corazón"], ["Lunge", "el pulmón"]]}'::jsonb, 0.15, array['vocab_f1','reading']) on conflict (id) do nothing;
insert into content_items(id,course_id,cefr_level,skill,type,prompt,payload,correct_answer,difficulty,tags) values ('3f36768e-f209-561f-997c-1f69848b6b65', '20000000-0000-0000-0000-000000000005', 'B1', 'writing', 'cloze', 'Completa la frase con la palabra que falta.', '{"text": "Der Chef hat heute die neue Strategie vorgestellt.", "audio_url": "https://wiauinufpbkmjlbqlkxo.supabase.co/storage/v1/object/public/audio/items/3f36768e-f209-561f-997c-1f69848b6b65.mp3"}'::jsonb, '{"value": "der Chef", "accepted": ["der Chef"]}'::jsonb, 0.35, array['vocab_f1','writing']) on conflict (id) do nothing;
insert into content_items(id,course_id,cefr_level,skill,type,prompt,payload,correct_answer,difficulty,tags) values ('6200a572-dba5-50f9-854d-f20a2adbe128', '20000000-0000-0000-0000-000000000005', 'B1', 'writing', 'cloze', 'Completa la frase con la palabra que falta.', '{"text": "Die Besprechung beginnt um neun Uhr im Konferenzraum.", "audio_url": "https://wiauinufpbkmjlbqlkxo.supabase.co/storage/v1/object/public/audio/items/6200a572-dba5-50f9-854d-f20a2adbe128.mp3"}'::jsonb, '{"value": "die Besprechung", "accepted": ["die Besprechung"]}'::jsonb, 0.35, array['vocab_f1','writing']) on conflict (id) do nothing;
insert into content_items(id,course_id,cefr_level,skill,type,prompt,payload,correct_answer,difficulty,tags) values ('10c697b8-d1bd-5f1c-9ce8-5b14f8dce393', '20000000-0000-0000-0000-000000000005', 'B1', 'writing', 'cloze', 'Completa la frase con la palabra que falta.', '{"text": "Die Firma will nächsten Monat drei neue Leute einstellen.", "audio_url": "https://wiauinufpbkmjlbqlkxo.supabase.co/storage/v1/object/public/audio/items/10c697b8-d1bd-5f1c-9ce8-5b14f8dce393.mp3"}'::jsonb, '{"value": "einstellen", "accepted": ["einstellen"]}'::jsonb, 0.35, array['vocab_f1','writing']) on conflict (id) do nothing;
insert into content_items(id,course_id,cefr_level,skill,type,prompt,payload,correct_answer,difficulty,tags) values ('b37a50ca-c9e1-5066-91be-0809fb0fe438', '20000000-0000-0000-0000-000000000005', 'B1', 'writing', 'cloze', 'Completa la frase con la palabra que falta.', '{"text": "Der Chef musste zwei Mitarbeitern aus Kostengründen kündigen.", "audio_url": "https://wiauinufpbkmjlbqlkxo.supabase.co/storage/v1/object/public/audio/items/b37a50ca-c9e1-5066-91be-0809fb0fe438.mp3"}'::jsonb, '{"value": "kündigen", "accepted": ["kündigen"]}'::jsonb, 0.35, array['vocab_f1','writing']) on conflict (id) do nothing;
insert into content_items(id,course_id,cefr_level,skill,type,prompt,payload,correct_answer,difficulty,tags) values ('7dbed0b3-4424-5e5d-a98e-5bf13ebc6007', '20000000-0000-0000-0000-000000000005', 'B1', 'writing', 'cloze', 'Completa la frase con la palabra que falta.', '{"text": "Der Betrieb produziert Möbel für den ganzen Markt.", "audio_url": "https://wiauinufpbkmjlbqlkxo.supabase.co/storage/v1/object/public/audio/items/7dbed0b3-4424-5e5d-a98e-5bf13ebc6007.mp3"}'::jsonb, '{"value": "der Betrieb", "accepted": ["der Betrieb"]}'::jsonb, 0.35, array['vocab_f1','writing']) on conflict (id) do nothing;
insert into content_items(id,course_id,cefr_level,skill,type,prompt,payload,correct_answer,difficulty,tags) values ('6a2d650f-c79c-59d5-984e-d4f962715400', '20000000-0000-0000-0000-000000000005', 'B1', 'reading', 'match', 'Empareja cada palabra con su traducción.', '{"pairs": [{"en": "der Chef", "es": "el jefe"}, {"en": "der Kollege", "es": "el colega"}, {"en": "die Besprechung", "es": "la reunión"}, {"en": "das Gehalt", "es": "el sueldo"}, {"en": "einstellen", "es": "contratar"}]}'::jsonb, '{"pairs": [["der Chef", "el jefe"], ["der Kollege", "el colega"], ["die Besprechung", "la reunión"], ["das Gehalt", "el sueldo"], ["einstellen", "contratar"]]}'::jsonb, 0.15, array['vocab_f1','reading']) on conflict (id) do nothing;
insert into content_items(id,course_id,cefr_level,skill,type,prompt,payload,correct_answer,difficulty,tags) values ('f1d1e04a-1ded-5bb8-9041-ff494115ec3d', '20000000-0000-0000-0000-000000000005', 'B1', 'reading', 'match', 'Empareja cada palabra con su traducción.', '{"pairs": [{"en": "kündigen", "es": "despedir"}, {"en": "die Aufgabe", "es": "la tarea"}, {"en": "der Betrieb", "es": "la empresa"}, {"en": "der Termin", "es": "la cita"}, {"en": "das Büro", "es": "la oficina"}]}'::jsonb, '{"pairs": [["kündigen", "despedir"], ["die Aufgabe", "la tarea"], ["der Betrieb", "la empresa"], ["der Termin", "la cita"], ["das Büro", "la oficina"]]}'::jsonb, 0.15, array['vocab_f1','reading']) on conflict (id) do nothing;
insert into content_items(id,course_id,cefr_level,skill,type,prompt,payload,correct_answer,difficulty,tags) values ('c256627a-979d-5c48-8e63-665d9a0c5058', '20000000-0000-0000-0000-000000000005', 'B1', 'writing', 'cloze', 'Completa la frase con la palabra que falta.', '{"text": "Der Angestellte füllt jeden Morgen viele Formulare aus.", "audio_url": "https://wiauinufpbkmjlbqlkxo.supabase.co/storage/v1/object/public/audio/items/c256627a-979d-5c48-8e63-665d9a0c5058.mp3"}'::jsonb, '{"value": "der Angestellte", "accepted": ["der Angestellte"]}'::jsonb, 0.35, array['vocab_f1','writing']) on conflict (id) do nothing;
insert into content_items(id,course_id,cefr_level,skill,type,prompt,payload,correct_answer,difficulty,tags) values ('3c18d9a2-2baa-5816-b7c8-e05def2993b3', '20000000-0000-0000-0000-000000000005', 'B1', 'writing', 'cloze', 'Completa la frase con la palabra que falta.', '{"text": "Das Projekt dauert länger als ursprünglich geplant.", "audio_url": "https://wiauinufpbkmjlbqlkxo.supabase.co/storage/v1/object/public/audio/items/3c18d9a2-2baa-5816-b7c8-e05def2993b3.mp3"}'::jsonb, '{"value": "das Projekt", "accepted": ["das Projekt"]}'::jsonb, 0.35, array['vocab_f1','writing']) on conflict (id) do nothing;
insert into content_items(id,course_id,cefr_level,skill,type,prompt,payload,correct_answer,difficulty,tags) values ('d121ee19-ae0f-5867-b530-032f102efb83', '20000000-0000-0000-0000-000000000005', 'B1', 'writing', 'cloze', 'Completa la frase con la palabra que falta.', '{"text": "In diesem Job kann man richtig gut verdienen.", "audio_url": "https://wiauinufpbkmjlbqlkxo.supabase.co/storage/v1/object/public/audio/items/d121ee19-ae0f-5867-b530-032f102efb83.mp3"}'::jsonb, '{"value": "verdienen", "accepted": ["verdienen"]}'::jsonb, 0.35, array['vocab_f1','writing']) on conflict (id) do nothing;
insert into content_items(id,course_id,cefr_level,skill,type,prompt,payload,correct_answer,difficulty,tags) values ('ffe02b9c-fc99-5a16-b8dc-c1574e5eb933', '20000000-0000-0000-0000-000000000005', 'B1', 'writing', 'cloze', 'Completa la frase con la palabra que falta.', '{"text": "Der Lohn wird am Ende des Monats überwiesen.", "audio_url": "https://wiauinufpbkmjlbqlkxo.supabase.co/storage/v1/object/public/audio/items/ffe02b9c-fc99-5a16-b8dc-c1574e5eb933.mp3"}'::jsonb, '{"value": "der Lohn", "accepted": ["der Lohn"]}'::jsonb, 0.35, array['vocab_f1','writing']) on conflict (id) do nothing;
insert into content_items(id,course_id,cefr_level,skill,type,prompt,payload,correct_answer,difficulty,tags) values ('17044483-60b4-5541-a46f-9e24be6df64f', '20000000-0000-0000-0000-000000000005', 'B1', 'reading', 'match', 'Empareja cada palabra con su traducción.', '{"pairs": [{"en": "die Abteilung", "es": "el departamento"}, {"en": "der Mitarbeiter", "es": "el empleado"}, {"en": "der Angestellte", "es": "el asalariado"}, {"en": "der Arbeitsplatz", "es": "el puesto de trabajo"}, {"en": "das Projekt", "es": "el proyecto"}]}'::jsonb, '{"pairs": [["die Abteilung", "el departamento"], ["der Mitarbeiter", "el empleado"], ["der Angestellte", "el asalariado"], ["der Arbeitsplatz", "el puesto de trabajo"], ["das Projekt", "el proyecto"]]}'::jsonb, 0.15, array['vocab_f1','reading']) on conflict (id) do nothing;
insert into content_items(id,course_id,cefr_level,skill,type,prompt,payload,correct_answer,difficulty,tags) values ('6bacd3cb-f3cd-5730-af9e-305e7e483008', '20000000-0000-0000-0000-000000000005', 'B1', 'reading', 'match', 'Empareja cada palabra con su traducción.', '{"pairs": [{"en": "das Team", "es": "el equipo"}, {"en": "verdienen", "es": "ganar"}, {"en": "die Bewerbung", "es": "la solicitud"}, {"en": "der Auftrag", "es": "el encargo"}, {"en": "der Lohn", "es": "el salario"}]}'::jsonb, '{"pairs": [["das Team", "el equipo"], ["verdienen", "ganar"], ["die Bewerbung", "la solicitud"], ["der Auftrag", "el encargo"], ["der Lohn", "el salario"]]}'::jsonb, 0.15, array['vocab_f1','reading']) on conflict (id) do nothing;
insert into content_items(id,course_id,cefr_level,skill,type,prompt,payload,correct_answer,difficulty,tags) values ('90dde92c-dbac-56dd-b087-4348613611e7', '20000000-0000-0000-0000-000000000005', 'B1', 'writing', 'cloze', 'Completa la frase con la palabra que falta.', '{"text": "Nach dem Blitz hörten wir den lauten Donner.", "audio_url": "https://wiauinufpbkmjlbqlkxo.supabase.co/storage/v1/object/public/audio/items/90dde92c-dbac-56dd-b087-4348613611e7.mp3"}'::jsonb, '{"value": "Donner", "accepted": ["Donner"]}'::jsonb, 0.35, array['vocab_f1','writing']) on conflict (id) do nothing;
insert into content_items(id,course_id,cefr_level,skill,type,prompt,payload,correct_answer,difficulty,tags) values ('b0794fc8-3e5a-561f-9647-59ee89229ebb', '20000000-0000-0000-0000-000000000005', 'B1', 'writing', 'cloze', 'Completa la frase con la palabra que falta.', '{"text": "Ein greller Blitz erhellte den ganzen Himmel.", "audio_url": "https://wiauinufpbkmjlbqlkxo.supabase.co/storage/v1/object/public/audio/items/b0794fc8-3e5a-561f-9647-59ee89229ebb.mp3"}'::jsonb, '{"value": "Blitz", "accepted": ["Blitz"]}'::jsonb, 0.35, array['vocab_f1','writing']) on conflict (id) do nothing;
insert into content_items(id,course_id,cefr_level,skill,type,prompt,payload,correct_answer,difficulty,tags) values ('87d67074-9c9e-5f66-8975-1fd8a17a0846', '20000000-0000-0000-0000-000000000005', 'B1', 'writing', 'cloze', 'Completa la frase con la palabra que falta.', '{"text": "Eine frische Brise weht vom Meer herüber.", "audio_url": "https://wiauinufpbkmjlbqlkxo.supabase.co/storage/v1/object/public/audio/items/87d67074-9c9e-5f66-8975-1fd8a17a0846.mp3"}'::jsonb, '{"value": "Brise", "accepted": ["Brise"]}'::jsonb, 0.35, array['vocab_f1','writing']) on conflict (id) do nothing;
insert into content_items(id,course_id,cefr_level,skill,type,prompt,payload,correct_answer,difficulty,tags) values ('b5ad5747-b5f5-5814-8f58-7c025f7229ab', '20000000-0000-0000-0000-000000000005', 'B1', 'writing', 'cloze', 'Completa la frase con la palabra que falta.', '{"text": "Die Überschwemmung zerstörte viele Häuser am Fluss.", "audio_url": "https://wiauinufpbkmjlbqlkxo.supabase.co/storage/v1/object/public/audio/items/b5ad5747-b5f5-5814-8f58-7c025f7229ab.mp3"}'::jsonb, '{"value": "die Überschwemmung", "accepted": ["die Überschwemmung"]}'::jsonb, 0.35, array['vocab_f1','writing']) on conflict (id) do nothing;
insert into content_items(id,course_id,cefr_level,skill,type,prompt,payload,correct_answer,difficulty,tags) values ('57211ffc-c96c-5116-8919-0a81282adc39', '20000000-0000-0000-0000-000000000005', 'B1', 'writing', 'cloze', 'Completa la frase con la palabra que falta.', '{"text": "Am Morgen lag dichter Nebel über dem Tal.", "audio_url": "https://wiauinufpbkmjlbqlkxo.supabase.co/storage/v1/object/public/audio/items/57211ffc-c96c-5116-8919-0a81282adc39.mp3"}'::jsonb, '{"value": "Nebel", "accepted": ["Nebel"]}'::jsonb, 0.35, array['vocab_f1','writing']) on conflict (id) do nothing;
insert into content_items(id,course_id,cefr_level,skill,type,prompt,payload,correct_answer,difficulty,tags) values ('694491ad-ce01-590a-af69-6ca778f27b41', '20000000-0000-0000-0000-000000000005', 'B1', 'writing', 'cloze', 'Completa la frase con la palabra que falta.', '{"text": "Eine große Welle traf das kleine Boot.", "audio_url": "https://wiauinufpbkmjlbqlkxo.supabase.co/storage/v1/object/public/audio/items/694491ad-ce01-590a-af69-6ca778f27b41.mp3"}'::jsonb, '{"value": "Welle", "accepted": ["Welle"]}'::jsonb, 0.35, array['vocab_f1','writing']) on conflict (id) do nothing;
insert into content_items(id,course_id,cefr_level,skill,type,prompt,payload,correct_answer,difficulty,tags) values ('ae12d837-091e-514f-a3ea-210da42f14f4', '20000000-0000-0000-0000-000000000005', 'B1', 'writing', 'cloze', 'Completa la frase con la palabra que falta.', '{"text": "Hinter dem Haus liegt ein grüner Hügel.", "audio_url": "https://wiauinufpbkmjlbqlkxo.supabase.co/storage/v1/object/public/audio/items/ae12d837-091e-514f-a3ea-210da42f14f4.mp3"}'::jsonb, '{"value": "Hügel", "accepted": ["Hügel"]}'::jsonb, 0.35, array['vocab_f1','writing']) on conflict (id) do nothing;
insert into content_items(id,course_id,cefr_level,skill,type,prompt,payload,correct_answer,difficulty,tags) values ('1e40c2b5-4754-554f-be7b-f08d1d4605cd', '20000000-0000-0000-0000-000000000005', 'B1', 'writing', 'cloze', 'Completa la frase con la palabra que falta.', '{"text": "Die Kinder spielen im warmen Sand am Strand.", "audio_url": "https://wiauinufpbkmjlbqlkxo.supabase.co/storage/v1/object/public/audio/items/1e40c2b5-4754-554f-be7b-f08d1d4605cd.mp3"}'::jsonb, '{"value": "Sand", "accepted": ["Sand"]}'::jsonb, 0.35, array['vocab_f1','writing']) on conflict (id) do nothing;
insert into content_items(id,course_id,cefr_level,skill,type,prompt,payload,correct_answer,difficulty,tags) values ('6b8d0f2a-8448-5994-bb83-80a307ceb70a', '20000000-0000-0000-0000-000000000005', 'B1', 'writing', 'cloze', 'Completa la frase con la palabra que falta.', '{"text": "Wir gingen am Ufer des Sees spazieren.", "audio_url": "https://wiauinufpbkmjlbqlkxo.supabase.co/storage/v1/object/public/audio/items/6b8d0f2a-8448-5994-bb83-80a307ceb70a.mp3"}'::jsonb, '{"value": "Ufer", "accepted": ["Ufer"]}'::jsonb, 0.35, array['vocab_f1','writing']) on conflict (id) do nothing;
insert into content_items(id,course_id,cefr_level,skill,type,prompt,payload,correct_answer,difficulty,tags) values ('84acc238-f6a9-5345-88bd-955ddae81a6c', '20000000-0000-0000-0000-000000000005', 'B1', 'writing', 'cloze', 'Completa la frase con la palabra que falta.', '{"text": "Nach dem Regen war der Weg voller Schlamm.", "audio_url": "https://wiauinufpbkmjlbqlkxo.supabase.co/storage/v1/object/public/audio/items/84acc238-f6a9-5345-88bd-955ddae81a6c.mp3"}'::jsonb, '{"value": "Schlamm", "accepted": ["Schlamm"]}'::jsonb, 0.35, array['vocab_f1','writing']) on conflict (id) do nothing;
insert into content_items(id,course_id,cefr_level,skill,type,prompt,payload,correct_answer,difficulty,tags) values ('30de6a1f-3280-55a9-a0e2-8b750577e74c', '20000000-0000-0000-0000-000000000005', 'B1', 'writing', 'cloze', 'Completa la frase con la palabra que falta.', '{"text": "Der Regen fiel den ganzen Tag ohne Pause.", "audio_url": "https://wiauinufpbkmjlbqlkxo.supabase.co/storage/v1/object/public/audio/items/30de6a1f-3280-55a9-a0e2-8b750577e74c.mp3"}'::jsonb, '{"value": "der Regen", "accepted": ["der Regen"]}'::jsonb, 0.35, array['vocab_f1','writing']) on conflict (id) do nothing;
insert into content_items(id,course_id,cefr_level,skill,type,prompt,payload,correct_answer,difficulty,tags) values ('e9dabb70-5cad-5205-b2b8-02f835e2855e', '20000000-0000-0000-0000-000000000005', 'B1', 'writing', 'cloze', 'Completa la frase con la palabra que falta.', '{"text": "Im Winter bedeckt weißer Schnee die Berge.", "audio_url": "https://wiauinufpbkmjlbqlkxo.supabase.co/storage/v1/object/public/audio/items/e9dabb70-5cad-5205-b2b8-02f835e2855e.mp3"}'::jsonb, '{"value": "Schnee", "accepted": ["Schnee"]}'::jsonb, 0.35, array['vocab_f1','writing']) on conflict (id) do nothing;
insert into content_items(id,course_id,cefr_level,skill,type,prompt,payload,correct_answer,difficulty,tags) values ('8d0f703d-cecd-52a5-a334-52281762ab45', '20000000-0000-0000-0000-000000000005', 'B1', 'reading', 'match', 'Empareja cada palabra con su traducción.', '{"pairs": [{"en": "Donner", "es": "el trueno"}, {"en": "Blitz", "es": "el relámpago"}, {"en": "Brise", "es": "la brisa"}, {"en": "die Überschwemmung", "es": "la inundación"}, {"en": "Nebel", "es": "la niebla"}]}'::jsonb, '{"pairs": [["Donner", "el trueno"], ["Blitz", "el relámpago"], ["Brise", "la brisa"], ["die Überschwemmung", "la inundación"], ["Nebel", "la niebla"]]}'::jsonb, 0.15, array['vocab_f1','reading']) on conflict (id) do nothing;
insert into content_items(id,course_id,cefr_level,skill,type,prompt,payload,correct_answer,difficulty,tags) values ('82477d68-6d96-5464-8fe0-a35b39960700', '20000000-0000-0000-0000-000000000005', 'B1', 'reading', 'match', 'Empareja cada palabra con su traducción.', '{"pairs": [{"en": "Welle", "es": "la ola"}, {"en": "Hügel", "es": "la colina"}, {"en": "Sand", "es": "la arena"}, {"en": "Ufer", "es": "la orilla"}, {"en": "Schlamm", "es": "el barro"}]}'::jsonb, '{"pairs": [["Welle", "la ola"], ["Hügel", "la colina"], ["Sand", "la arena"], ["Ufer", "la orilla"], ["Schlamm", "el barro"]]}'::jsonb, 0.15, array['vocab_f1','reading']) on conflict (id) do nothing;
insert into content_items(id,course_id,cefr_level,skill,type,prompt,payload,correct_answer,difficulty,tags) values ('f6d3ba96-6838-59e8-ac4c-6ff25f1d3872', '20000000-0000-0000-0000-000000000005', 'B1', 'reading', 'match', 'Empareja cada palabra con su traducción.', '{"pairs": [{"en": "der Regen", "es": "la lluvia"}, {"en": "Schnee", "es": "la nieve"}]}'::jsonb, '{"pairs": [["der Regen", "la lluvia"], ["Schnee", "la nieve"]]}'::jsonb, 0.15, array['vocab_f1','reading']) on conflict (id) do nothing;
insert into content_items(id,course_id,cefr_level,skill,type,prompt,payload,correct_answer,difficulty,tags) values ('1b809489-2e4f-584d-9a2a-1cf0eb003a9e', '20000000-0000-0000-0000-000000000005', 'B1', 'writing', 'cloze', 'Completa la frase con la palabra que falta.', '{"text": "Ein starker Wind wehte durch die Straßen.", "audio_url": "https://wiauinufpbkmjlbqlkxo.supabase.co/storage/v1/object/public/audio/items/1b809489-2e4f-584d-9a2a-1cf0eb003a9e.mp3"}'::jsonb, '{"value": "Wind", "accepted": ["Wind"]}'::jsonb, 0.35, array['vocab_f1','writing']) on conflict (id) do nothing;
insert into content_items(id,course_id,cefr_level,skill,type,prompt,payload,correct_answer,difficulty,tags) values ('f60566b7-b928-5c4f-ad67-f87f80a884ba', '20000000-0000-0000-0000-000000000005', 'B1', 'writing', 'cloze', 'Completa la frase con la palabra que falta.', '{"text": "Eine dunkle Wolke zog über die Stadt.", "audio_url": "https://wiauinufpbkmjlbqlkxo.supabase.co/storage/v1/object/public/audio/items/f60566b7-b928-5c4f-ad67-f87f80a884ba.mp3"}'::jsonb, '{"value": "Wolke", "accepted": ["Wolke"]}'::jsonb, 0.35, array['vocab_f1','writing']) on conflict (id) do nothing;
insert into content_items(id,course_id,cefr_level,skill,type,prompt,payload,correct_answer,difficulty,tags) values ('73657d54-ab35-595f-b149-639d452d7f84', '20000000-0000-0000-0000-000000000005', 'B1', 'writing', 'cloze', 'Completa la frase con la palabra que falta.', '{"text": "Am Abend färbte sich der Himmel rot.", "audio_url": "https://wiauinufpbkmjlbqlkxo.supabase.co/storage/v1/object/public/audio/items/73657d54-ab35-595f-b149-639d452d7f84.mp3"}'::jsonb, '{"value": "der Himmel", "accepted": ["der Himmel"]}'::jsonb, 0.35, array['vocab_f1','writing']) on conflict (id) do nothing;
insert into content_items(id,course_id,cefr_level,skill,type,prompt,payload,correct_answer,difficulty,tags) values ('8f99339a-54d0-5fe6-9b9f-d589190e881c', '20000000-0000-0000-0000-000000000005', 'B1', 'writing', 'cloze', 'Completa la frase con la palabra que falta.', '{"text": "Der Mond scheint hell in der klaren Nacht.", "audio_url": "https://wiauinufpbkmjlbqlkxo.supabase.co/storage/v1/object/public/audio/items/8f99339a-54d0-5fe6-9b9f-d589190e881c.mp3"}'::jsonb, '{"value": "der Mond", "accepted": ["der Mond"]}'::jsonb, 0.35, array['vocab_f1','writing']) on conflict (id) do nothing;
insert into content_items(id,course_id,cefr_level,skill,type,prompt,payload,correct_answer,difficulty,tags) values ('5b56ea27-6b4c-5a43-ba74-8f4d750505b9', '20000000-0000-0000-0000-000000000005', 'B1', 'writing', 'cloze', 'Completa la frase con la palabra que falta.', '{"text": "Am Himmel funkelte ein einzelner heller Stern.", "audio_url": "https://wiauinufpbkmjlbqlkxo.supabase.co/storage/v1/object/public/audio/items/5b56ea27-6b4c-5a43-ba74-8f4d750505b9.mp3"}'::jsonb, '{"value": "Stern", "accepted": ["Stern"]}'::jsonb, 0.35, array['vocab_f1','writing']) on conflict (id) do nothing;
insert into content_items(id,course_id,cefr_level,skill,type,prompt,payload,correct_answer,difficulty,tags) values ('cba397f1-0b27-5c9f-9430-945b553448cb', '20000000-0000-0000-0000-000000000005', 'B1', 'writing', 'cloze', 'Completa la frase con la palabra que falta.', '{"text": "Der hohe Berg ist im Winter mit Schnee bedeckt.", "audio_url": "https://wiauinufpbkmjlbqlkxo.supabase.co/storage/v1/object/public/audio/items/cba397f1-0b27-5c9f-9430-945b553448cb.mp3"}'::jsonb, '{"value": "Berg", "accepted": ["Berg"]}'::jsonb, 0.35, array['vocab_f1','writing']) on conflict (id) do nothing;
insert into content_items(id,course_id,cefr_level,skill,type,prompt,payload,correct_answer,difficulty,tags) values ('d144f1a3-af46-5549-845d-689d0ce82fac', '20000000-0000-0000-0000-000000000005', 'B1', 'writing', 'cloze', 'Completa la frase con la palabra que falta.', '{"text": "Der breite Fluss fließt langsam durch das Tal.", "audio_url": "https://wiauinufpbkmjlbqlkxo.supabase.co/storage/v1/object/public/audio/items/d144f1a3-af46-5549-845d-689d0ce82fac.mp3"}'::jsonb, '{"value": "Fluss", "accepted": ["Fluss"]}'::jsonb, 0.35, array['vocab_f1','writing']) on conflict (id) do nothing;
insert into content_items(id,course_id,cefr_level,skill,type,prompt,payload,correct_answer,difficulty,tags) values ('f711dd02-7a75-55dc-bad2-19e39d717cf5', '20000000-0000-0000-0000-000000000005', 'B1', 'writing', 'cloze', 'Completa la frase con la palabra que falta.', '{"text": "Wir wanderten stundenlang durch den dunklen Wald.", "audio_url": "https://wiauinufpbkmjlbqlkxo.supabase.co/storage/v1/object/public/audio/items/f711dd02-7a75-55dc-bad2-19e39d717cf5.mp3"}'::jsonb, '{"value": "Wald", "accepted": ["Wald"]}'::jsonb, 0.35, array['vocab_f1','writing']) on conflict (id) do nothing;
insert into content_items(id,course_id,cefr_level,skill,type,prompt,payload,correct_answer,difficulty,tags) values ('347e1911-dd26-56d6-a3b8-9571b255628d', '20000000-0000-0000-0000-000000000005', 'B1', 'writing', 'cloze', 'Completa la frase con la palabra que falta.', '{"text": "Die kleine Insel liegt mitten im blauen Meer.", "audio_url": "https://wiauinufpbkmjlbqlkxo.supabase.co/storage/v1/object/public/audio/items/347e1911-dd26-56d6-a3b8-9571b255628d.mp3"}'::jsonb, '{"value": "Insel", "accepted": ["Insel"]}'::jsonb, 0.35, array['vocab_f1','writing']) on conflict (id) do nothing;
insert into content_items(id,course_id,cefr_level,skill,type,prompt,payload,correct_answer,difficulty,tags) values ('2667b3e5-b1bc-5ab6-aa77-76e64b8c273d', '20000000-0000-0000-0000-000000000005', 'B1', 'writing', 'cloze', 'Completa la frase con la palabra que falta.', '{"text": "Der Sturm riss viele Bäume aus dem Boden.", "audio_url": "https://wiauinufpbkmjlbqlkxo.supabase.co/storage/v1/object/public/audio/items/2667b3e5-b1bc-5ab6-aa77-76e64b8c273d.mp3"}'::jsonb, '{"value": "der Sturm", "accepted": ["der Sturm"]}'::jsonb, 0.35, array['vocab_f1','writing']) on conflict (id) do nothing;
insert into content_items(id,course_id,cefr_level,skill,type,prompt,payload,correct_answer,difficulty,tags) values ('94264d87-eccb-5327-9ba7-c1635840a1c9', '20000000-0000-0000-0000-000000000005', 'B1', 'writing', 'cloze', 'Completa la frase con la palabra que falta.', '{"text": "An der Küste stehen alte weiße Leuchttürme.", "audio_url": "https://wiauinufpbkmjlbqlkxo.supabase.co/storage/v1/object/public/audio/items/94264d87-eccb-5327-9ba7-c1635840a1c9.mp3"}'::jsonb, '{"value": "Küste", "accepted": ["Küste"]}'::jsonb, 0.35, array['vocab_f1','writing']) on conflict (id) do nothing;
insert into content_items(id,course_id,cefr_level,skill,type,prompt,payload,correct_answer,difficulty,tags) values ('4ff8f481-418f-5ed2-9cc0-7396c4be3a6f', '20000000-0000-0000-0000-000000000005', 'B1', 'writing', 'cloze', 'Completa la frase con la palabra que falta.', '{"text": "Der Hagel beschädigte die Autos und die Fenster.", "audio_url": "https://wiauinufpbkmjlbqlkxo.supabase.co/storage/v1/object/public/audio/items/4ff8f481-418f-5ed2-9cc0-7396c4be3a6f.mp3"}'::jsonb, '{"value": "der Hagel", "accepted": ["der Hagel"]}'::jsonb, 0.35, array['vocab_f1','writing']) on conflict (id) do nothing;
insert into content_items(id,course_id,cefr_level,skill,type,prompt,payload,correct_answer,difficulty,tags) values ('9b9c2a74-b270-5d0d-88aa-1cf3de27b420', '20000000-0000-0000-0000-000000000005', 'B1', 'reading', 'match', 'Empareja cada palabra con su traducción.', '{"pairs": [{"en": "Wind", "es": "el viento"}, {"en": "Wolke", "es": "la nube"}, {"en": "der Himmel", "es": "el cielo"}, {"en": "der Mond", "es": "la luna"}, {"en": "Stern", "es": "la estrella"}]}'::jsonb, '{"pairs": [["Wind", "el viento"], ["Wolke", "la nube"], ["der Himmel", "el cielo"], ["der Mond", "la luna"], ["Stern", "la estrella"]]}'::jsonb, 0.15, array['vocab_f1','reading']) on conflict (id) do nothing;
insert into content_items(id,course_id,cefr_level,skill,type,prompt,payload,correct_answer,difficulty,tags) values ('04266eff-8ed3-5c41-954d-15ca322c21c9', '20000000-0000-0000-0000-000000000005', 'B1', 'reading', 'match', 'Empareja cada palabra con su traducción.', '{"pairs": [{"en": "Berg", "es": "la montaña"}, {"en": "Fluss", "es": "el río"}, {"en": "Wald", "es": "el bosque"}, {"en": "Insel", "es": "la isla"}, {"en": "der Sturm", "es": "la tormenta"}]}'::jsonb, '{"pairs": [["Berg", "la montaña"], ["Fluss", "el río"], ["Wald", "el bosque"], ["Insel", "la isla"], ["der Sturm", "la tormenta"]]}'::jsonb, 0.15, array['vocab_f1','reading']) on conflict (id) do nothing;
insert into content_items(id,course_id,cefr_level,skill,type,prompt,payload,correct_answer,difficulty,tags) values ('0b9ec055-52ca-5d34-9c00-7f1c2cdf5a48', '20000000-0000-0000-0000-000000000005', 'B1', 'reading', 'match', 'Empareja cada palabra con su traducción.', '{"pairs": [{"en": "Küste", "es": "la costa"}, {"en": "der Hagel", "es": "el granizo"}]}'::jsonb, '{"pairs": [["Küste", "la costa"], ["der Hagel", "el granizo"]]}'::jsonb, 0.15, array['vocab_f1','reading']) on conflict (id) do nothing;
insert into content_items(id,course_id,cefr_level,skill,type,prompt,payload,correct_answer,difficulty,tags) values ('5461e696-4f9e-5257-92de-39eba524fb73', '20000000-0000-0000-0000-000000000005', 'B1', 'writing', 'cloze', 'Completa la frase con la palabra que falta.', '{"text": "Sie ist zu schüchtern, um vor Leuten zu sprechen.", "audio_url": "https://wiauinufpbkmjlbqlkxo.supabase.co/storage/v1/object/public/audio/items/5461e696-4f9e-5257-92de-39eba524fb73.mp3"}'::jsonb, '{"value": "schüchtern", "accepted": ["schüchtern"]}'::jsonb, 0.35, array['vocab_f1','writing']) on conflict (id) do nothing;
insert into content_items(id,course_id,cefr_level,skill,type,prompt,payload,correct_answer,difficulty,tags) values ('74e88e04-f199-5091-bf77-f344e6b7bf38', '20000000-0000-0000-0000-000000000005', 'B1', 'writing', 'cloze', 'Completa la frase con la palabra que falta.', '{"text": "Mein Onkel ist sehr großzügig mit Geschenken.", "audio_url": "https://wiauinufpbkmjlbqlkxo.supabase.co/storage/v1/object/public/audio/items/74e88e04-f199-5091-bf77-f344e6b7bf38.mp3"}'::jsonb, '{"value": "großzügig", "accepted": ["großzügig"]}'::jsonb, 0.35, array['vocab_f1','writing']) on conflict (id) do nothing;
insert into content_items(id,course_id,cefr_level,skill,type,prompt,payload,correct_answer,difficulty,tags) values ('3213ad3b-833a-5466-a571-8d43e1121541', '20000000-0000-0000-0000-000000000005', 'B1', 'writing', 'cloze', 'Completa la frase con la palabra que falta.', '{"text": "Die Mutter ist stolz auf ihren Sohn.", "audio_url": "https://wiauinufpbkmjlbqlkxo.supabase.co/storage/v1/object/public/audio/items/3213ad3b-833a-5466-a571-8d43e1121541.mp3"}'::jsonb, '{"value": "stolz", "accepted": ["stolz"]}'::jsonb, 0.35, array['vocab_f1','writing']) on conflict (id) do nothing;
insert into content_items(id,course_id,cefr_level,skill,type,prompt,payload,correct_answer,difficulty,tags) values ('9acc95dc-92ea-5616-9c69-73f72386cdd2', '20000000-0000-0000-0000-000000000005', 'B1', 'writing', 'cloze', 'Completa la frase con la palabra que falta.', '{"text": "Er wird schnell eifersüchtig auf ihre Freunde.", "audio_url": "https://wiauinufpbkmjlbqlkxo.supabase.co/storage/v1/object/public/audio/items/9acc95dc-92ea-5616-9c69-73f72386cdd2.mp3"}'::jsonb, '{"value": "eifersüchtig", "accepted": ["eifersüchtig"]}'::jsonb, 0.35, array['vocab_f1','writing']) on conflict (id) do nothing;
insert into content_items(id,course_id,cefr_level,skill,type,prompt,payload,correct_answer,difficulty,tags) values ('52642297-9d4d-55b2-86bb-0b7909f17ed7', '20000000-0000-0000-0000-000000000005', 'B1', 'writing', 'cloze', 'Completa la frase con la palabra que falta.', '{"text": "Am Sonntag bin ich manchmal richtig faul.", "audio_url": "https://wiauinufpbkmjlbqlkxo.supabase.co/storage/v1/object/public/audio/items/52642297-9d4d-55b2-86bb-0b7909f17ed7.mp3"}'::jsonb, '{"value": "faul", "accepted": ["faul"]}'::jsonb, 0.35, array['vocab_f1','writing']) on conflict (id) do nothing;
insert into content_items(id,course_id,cefr_level,skill,type,prompt,payload,correct_answer,difficulty,tags) values ('bf0ff5a2-d98a-51d1-a8cb-5500e0894a0f', '20000000-0000-0000-0000-000000000005', 'B1', 'writing', 'cloze', 'Completa la frase con la palabra que falta.', '{"text": "Der Junge war sehr mutig im dunklen Wald.", "audio_url": "https://wiauinufpbkmjlbqlkxo.supabase.co/storage/v1/object/public/audio/items/bf0ff5a2-d98a-51d1-a8cb-5500e0894a0f.mp3"}'::jsonb, '{"value": "mutig", "accepted": ["mutig"]}'::jsonb, 0.35, array['vocab_f1','writing']) on conflict (id) do nothing;
insert into content_items(id,course_id,cefr_level,skill,type,prompt,payload,correct_answer,difficulty,tags) values ('b663d4b4-1e1b-5dda-a455-08c0d350547b', '20000000-0000-0000-0000-000000000005', 'B1', 'writing', 'cloze', 'Completa la frase con la palabra que falta.', '{"text": "Sei bitte ehrlich zu mir und lüg nicht.", "audio_url": "https://wiauinufpbkmjlbqlkxo.supabase.co/storage/v1/object/public/audio/items/b663d4b4-1e1b-5dda-a455-08c0d350547b.mp3"}'::jsonb, '{"value": "ehrlich", "accepted": ["ehrlich"]}'::jsonb, 0.35, array['vocab_f1','writing']) on conflict (id) do nothing;
insert into content_items(id,course_id,cefr_level,skill,type,prompt,payload,correct_answer,difficulty,tags) values ('efd8354a-4cb7-5ac3-93bb-57d924b7660c', '20000000-0000-0000-0000-000000000005', 'B1', 'writing', 'cloze', 'Completa la frase con la palabra que falta.', '{"text": "Mein Bruder ist stur und ändert nie seine Meinung.", "audio_url": "https://wiauinufpbkmjlbqlkxo.supabase.co/storage/v1/object/public/audio/items/efd8354a-4cb7-5ac3-93bb-57d924b7660c.mp3"}'::jsonb, '{"value": "stur", "accepted": ["stur"]}'::jsonb, 0.35, array['vocab_f1','writing']) on conflict (id) do nothing;
insert into content_items(id,course_id,cefr_level,skill,type,prompt,payload,correct_answer,difficulty,tags) values ('b2bd38f5-10a2-5889-977d-bfa3a54ae3ce', '20000000-0000-0000-0000-000000000005', 'B1', 'writing', 'cloze', 'Completa la frase con la palabra que falta.', '{"text": "Der alte Mann ist geizig und gibt kein Geld aus.", "audio_url": "https://wiauinufpbkmjlbqlkxo.supabase.co/storage/v1/object/public/audio/items/b2bd38f5-10a2-5889-977d-bfa3a54ae3ce.mp3"}'::jsonb, '{"value": "geizig", "accepted": ["geizig"]}'::jsonb, 0.35, array['vocab_f1','writing']) on conflict (id) do nothing;
insert into content_items(id,course_id,cefr_level,skill,type,prompt,payload,correct_answer,difficulty,tags) values ('cb09250f-2a37-5601-9e98-787395aee2f3', '20000000-0000-0000-0000-000000000005', 'B1', 'writing', 'cloze', 'Completa la frase con la palabra que falta.', '{"text": "Kinder sind oft sehr neugierig auf alles.", "audio_url": "https://wiauinufpbkmjlbqlkxo.supabase.co/storage/v1/object/public/audio/items/cb09250f-2a37-5601-9e98-787395aee2f3.mp3"}'::jsonb, '{"value": "neugierig", "accepted": ["neugierig"]}'::jsonb, 0.35, array['vocab_f1','writing']) on conflict (id) do nothing;
insert into content_items(id,course_id,cefr_level,skill,type,prompt,payload,correct_answer,difficulty,tags) values ('dcfb3d7e-598c-5860-b3ca-9990dfae4ec1', '20000000-0000-0000-0000-000000000005', 'B1', 'writing', 'cloze', 'Completa la frase con la palabra que falta.', '{"text": "Der Chef war über den Fehler sehr verärgert.", "audio_url": "https://wiauinufpbkmjlbqlkxo.supabase.co/storage/v1/object/public/audio/items/dcfb3d7e-598c-5860-b3ca-9990dfae4ec1.mp3"}'::jsonb, '{"value": "verärgert", "accepted": ["verärgert"]}'::jsonb, 0.35, array['vocab_f1','writing']) on conflict (id) do nothing;
insert into content_items(id,course_id,cefr_level,skill,type,prompt,payload,correct_answer,difficulty,tags) values ('3bd07433-270b-50db-bff9-6ec6e0c5570c', '20000000-0000-0000-0000-000000000005', 'B1', 'reading', 'match', 'Empareja cada palabra con su traducción.', '{"pairs": [{"en": "schüchtern", "es": "tímido"}, {"en": "großzügig", "es": "generoso"}, {"en": "stolz", "es": "orgulloso"}, {"en": "eifersüchtig", "es": "celoso"}, {"en": "faul", "es": "perezoso"}]}'::jsonb, '{"pairs": [["schüchtern", "tímido"], ["großzügig", "generoso"], ["stolz", "orgulloso"], ["eifersüchtig", "celoso"], ["faul", "perezoso"]]}'::jsonb, 0.15, array['vocab_f1','reading']) on conflict (id) do nothing;
insert into content_items(id,course_id,cefr_level,skill,type,prompt,payload,correct_answer,difficulty,tags) values ('9cc59199-c9d7-5d55-901b-55670404f3de', '20000000-0000-0000-0000-000000000005', 'B1', 'reading', 'match', 'Empareja cada palabra con su traducción.', '{"pairs": [{"en": "mutig", "es": "valiente"}, {"en": "ehrlich", "es": "honesto"}, {"en": "stur", "es": "terco"}, {"en": "geizig", "es": "tacaño"}, {"en": "neugierig", "es": "curioso"}]}'::jsonb, '{"pairs": [["mutig", "valiente"], ["ehrlich", "honesto"], ["stur", "terco"], ["geizig", "tacaño"], ["neugierig", "curioso"]]}'::jsonb, 0.15, array['vocab_f1','reading']) on conflict (id) do nothing;
insert into content_items(id,course_id,cefr_level,skill,type,prompt,payload,correct_answer,difficulty,tags) values ('f1852755-15cf-5500-8863-472d6ba81144', '20000000-0000-0000-0000-000000000005', 'B1', 'writing', 'cloze', 'Completa la frase con la palabra que falta.', '{"text": "Ich bin von dem neuen Film wirklich enttäuscht.", "audio_url": "https://wiauinufpbkmjlbqlkxo.supabase.co/storage/v1/object/public/audio/items/f1852755-15cf-5500-8863-472d6ba81144.mp3"}'::jsonb, '{"value": "enttäuscht", "accepted": ["enttäuscht"]}'::jsonb, 0.35, array['vocab_f1','writing']) on conflict (id) do nothing;
insert into content_items(id,course_id,cefr_level,skill,type,prompt,payload,correct_answer,difficulty,tags) values ('c22afb22-4023-5ae1-b6e3-8cb921f807f4', '20000000-0000-0000-0000-000000000005', 'B1', 'writing', 'cloze', 'Completa la frase con la palabra que falta.', '{"text": "Sie wirkt sehr selbstbewusst bei der Präsentation.", "audio_url": "https://wiauinufpbkmjlbqlkxo.supabase.co/storage/v1/object/public/audio/items/c22afb22-4023-5ae1-b6e3-8cb921f807f4.mp3"}'::jsonb, '{"value": "selbstbewusst", "accepted": ["selbstbewusst"]}'::jsonb, 0.35, array['vocab_f1','writing']) on conflict (id) do nothing;
insert into content_items(id,course_id,cefr_level,skill,type,prompt,payload,correct_answer,difficulty,tags) values ('a80492a4-c9a7-5ddc-87c6-75fc00881aa1', '20000000-0000-0000-0000-000000000005', 'B1', 'writing', 'cloze', 'Completa la frase con la palabra que falta.', '{"text": "Die Studentin ist fleißig und lernt jeden Tag.", "audio_url": "https://wiauinufpbkmjlbqlkxo.supabase.co/storage/v1/object/public/audio/items/a80492a4-c9a7-5ddc-87c6-75fc00881aa1.mp3"}'::jsonb, '{"value": "fleißig", "accepted": ["fleißig"]}'::jsonb, 0.35, array['vocab_f1','writing']) on conflict (id) do nothing;
insert into content_items(id,course_id,cefr_level,skill,type,prompt,payload,correct_answer,difficulty,tags) values ('e74e7c30-5488-582f-86a1-d4538bd2077a', '20000000-0000-0000-0000-000000000005', 'B1', 'writing', 'cloze', 'Completa la frase con la palabra que falta.', '{"text": "Nach dem Abschied war sie sehr traurig.", "audio_url": "https://wiauinufpbkmjlbqlkxo.supabase.co/storage/v1/object/public/audio/items/e74e7c30-5488-582f-86a1-d4538bd2077a.mp3"}'::jsonb, '{"value": "traurig", "accepted": ["traurig"]}'::jsonb, 0.35, array['vocab_f1','writing']) on conflict (id) do nothing;
insert into content_items(id,course_id,cefr_level,skill,type,prompt,payload,correct_answer,difficulty,tags) values ('0ff92ae6-89de-5138-b5be-8d9813d90380', '20000000-0000-0000-0000-000000000005', 'B1', 'writing', 'cloze', 'Completa la frase con la palabra que falta.', '{"text": "Wir sind zusammen wirklich sehr glücklich.", "audio_url": "https://wiauinufpbkmjlbqlkxo.supabase.co/storage/v1/object/public/audio/items/0ff92ae6-89de-5138-b5be-8d9813d90380.mp3"}'::jsonb, '{"value": "glücklich", "accepted": ["glücklich"]}'::jsonb, 0.35, array['vocab_f1','writing']) on conflict (id) do nothing;
insert into content_items(id,course_id,cefr_level,skill,type,prompt,payload,correct_answer,difficulty,tags) values ('748d7b75-6c96-5c9e-bb4b-479e2dda622e', '20000000-0000-0000-0000-000000000005', 'B1', 'writing', 'cloze', 'Completa la frase con la palabra que falta.', '{"text": "Er wurde wütend und schlug die Tür zu.", "audio_url": "https://wiauinufpbkmjlbqlkxo.supabase.co/storage/v1/object/public/audio/items/748d7b75-6c96-5c9e-bb4b-479e2dda622e.mp3"}'::jsonb, '{"value": "wütend", "accepted": ["wütend"]}'::jsonb, 0.35, array['vocab_f1','writing']) on conflict (id) do nothing;
insert into content_items(id,course_id,cefr_level,skill,type,prompt,payload,correct_answer,difficulty,tags) values ('6124fb6d-bdc5-57cf-8dc3-b844b06e6075', '20000000-0000-0000-0000-000000000005', 'B1', 'writing', 'cloze', 'Completa la frase con la palabra que falta.', '{"text": "Vor der Prüfung bin ich immer sehr nervös.", "audio_url": "https://wiauinufpbkmjlbqlkxo.supabase.co/storage/v1/object/public/audio/items/6124fb6d-bdc5-57cf-8dc3-b844b06e6075.mp3"}'::jsonb, '{"value": "nervös", "accepted": ["nervös"]}'::jsonb, 0.35, array['vocab_f1','writing']) on conflict (id) do nothing;
insert into content_items(id,course_id,cefr_level,skill,type,prompt,payload,correct_answer,difficulty,tags) values ('68502f8c-390f-551e-952c-ea7491f8ae2f', '20000000-0000-0000-0000-000000000005', 'B1', 'writing', 'cloze', 'Completa la frase con la palabra que falta.', '{"text": "Trotz seines Erfolgs bleibt er sehr bescheiden.", "audio_url": "https://wiauinufpbkmjlbqlkxo.supabase.co/storage/v1/object/public/audio/items/68502f8c-390f-551e-952c-ea7491f8ae2f.mp3"}'::jsonb, '{"value": "bescheiden", "accepted": ["bescheiden"]}'::jsonb, 0.35, array['vocab_f1','writing']) on conflict (id) do nothing;
insert into content_items(id,course_id,cefr_level,skill,type,prompt,payload,correct_answer,difficulty,tags) values ('9b20230a-275b-5ad5-8bc0-900f7a336f69', '20000000-0000-0000-0000-000000000005', 'B1', 'writing', 'cloze', 'Completa la frase con la palabra que falta.', '{"text": "Meine Nachbarin ist immer nett und hilfsbereit.", "audio_url": "https://wiauinufpbkmjlbqlkxo.supabase.co/storage/v1/object/public/audio/items/9b20230a-275b-5ad5-8bc0-900f7a336f69.mp3"}'::jsonb, '{"value": "hilfsbereit", "accepted": ["hilfsbereit"]}'::jsonb, 0.35, array['vocab_f1','writing']) on conflict (id) do nothing;
insert into content_items(id,course_id,cefr_level,skill,type,prompt,payload,correct_answer,difficulty,tags) values ('c4f64707-845c-545e-8ff0-9efaa22902d8', '20000000-0000-0000-0000-000000000005', 'B1', 'writing', 'cloze', 'Completa la frase con la palabra que falta.', '{"text": "Der kleine Hund ist sehr ängstlich und scheu.", "audio_url": "https://wiauinufpbkmjlbqlkxo.supabase.co/storage/v1/object/public/audio/items/c4f64707-845c-545e-8ff0-9efaa22902d8.mp3"}'::jsonb, '{"value": "ängstlich", "accepted": ["ängstlich"]}'::jsonb, 0.35, array['vocab_f1','writing']) on conflict (id) do nothing;
insert into content_items(id,course_id,cefr_level,skill,type,prompt,payload,correct_answer,difficulty,tags) values ('40559f75-b2a0-555b-a259-d31c1682b133', '20000000-0000-0000-0000-000000000005', 'B1', 'writing', 'cloze', 'Completa la frase con la palabra que falta.', '{"text": "Der neue Schüler ist arrogant und eingebildet.", "audio_url": "https://wiauinufpbkmjlbqlkxo.supabase.co/storage/v1/object/public/audio/items/40559f75-b2a0-555b-a259-d31c1682b133.mp3"}'::jsonb, '{"value": "eingebildet", "accepted": ["eingebildet"]}'::jsonb, 0.35, array['vocab_f1','writing']) on conflict (id) do nothing;
insert into content_items(id,course_id,cefr_level,skill,type,prompt,payload,correct_answer,difficulty,tags) values ('432dc2a8-5a17-5319-9f6f-8428a81a14d5', '20000000-0000-0000-0000-000000000005', 'B1', 'reading', 'match', 'Empareja cada palabra con su traducción.', '{"pairs": [{"en": "enttäuscht", "es": "decepcionado"}, {"en": "selbstbewusst", "es": "seguro de sí mismo"}, {"en": "fleißig", "es": "trabajador"}, {"en": "traurig", "es": "triste"}, {"en": "glücklich", "es": "feliz"}]}'::jsonb, '{"pairs": [["enttäuscht", "decepcionado"], ["selbstbewusst", "seguro de sí mismo"], ["fleißig", "trabajador"], ["traurig", "triste"], ["glücklich", "feliz"]]}'::jsonb, 0.15, array['vocab_f1','reading']) on conflict (id) do nothing;
insert into content_items(id,course_id,cefr_level,skill,type,prompt,payload,correct_answer,difficulty,tags) values ('5c0d32d5-bdc6-5e9a-8c27-8a8b05fdb56a', '20000000-0000-0000-0000-000000000005', 'B1', 'reading', 'match', 'Empareja cada palabra con su traducción.', '{"pairs": [{"en": "wütend", "es": "furioso"}, {"en": "nervös", "es": "nervioso"}, {"en": "bescheiden", "es": "modesto"}, {"en": "hilfsbereit", "es": "servicial"}, {"en": "ängstlich", "es": "temeroso"}]}'::jsonb, '{"pairs": [["wütend", "furioso"], ["nervös", "nervioso"], ["bescheiden", "modesto"], ["hilfsbereit", "servicial"], ["ängstlich", "temeroso"]]}'::jsonb, 0.15, array['vocab_f1','reading']) on conflict (id) do nothing;

-- 3) lecciones de vocabulario + lesson_items (antes del checkpoint)
do $$
declare v_unit uuid; v_c int;
begin
  if exists (select 1 from lessons where id='cf33fa35-9224-536d-90cf-ac7db34e8c7b') then return; end if;
  select id into v_unit from units where course_id='20000000-0000-0000-0000-000000000005' and order_index=7;
  if v_unit is null then return; end if;
  select min(order_index) into v_c from lessons where unit_id=v_unit and type='checkpoint';
  if v_c is null then select max(order_index)+1 into v_c from lessons where unit_id=v_unit; end if;
  update lessons set order_index=order_index+1000 where unit_id=v_unit and order_index>=v_c;
  insert into lessons(id,unit_id,order_index,title,description,type,xp_reward) values ('cf33fa35-9224-536d-90cf-ac7db34e8c7b', v_unit, v_c+0, 'Vocabulario: la ciudad 1', 'Aprende palabras nuevas de alta frecuencia con ejemplos y audio.', 'lesson', 15) on conflict (id) do nothing;
  insert into lesson_items(lesson_id,item_id,order_index) values ('cf33fa35-9224-536d-90cf-ac7db34e8c7b', 'a5185657-bec3-599e-b449-1a19b58ba102', 0) on conflict do nothing;
  insert into lesson_items(lesson_id,item_id,order_index) values ('cf33fa35-9224-536d-90cf-ac7db34e8c7b', 'a612150c-add8-5ad5-a8b6-cb59de4c8c6d', 1) on conflict do nothing;
  insert into lesson_items(lesson_id,item_id,order_index) values ('cf33fa35-9224-536d-90cf-ac7db34e8c7b', 'b02543dd-4b91-5940-ae83-e4bdff3ea274', 2) on conflict do nothing;
  insert into lesson_items(lesson_id,item_id,order_index) values ('cf33fa35-9224-536d-90cf-ac7db34e8c7b', '0cf083af-3e20-5b30-bb68-bc32d0167c7f', 3) on conflict do nothing;
  insert into lesson_items(lesson_id,item_id,order_index) values ('cf33fa35-9224-536d-90cf-ac7db34e8c7b', '86723c27-98b0-5910-b114-c4f792e639b1', 4) on conflict do nothing;
  insert into lesson_items(lesson_id,item_id,order_index) values ('cf33fa35-9224-536d-90cf-ac7db34e8c7b', '351c9a99-417b-5305-bd78-8279c06a6cbc', 5) on conflict do nothing;
  insert into lesson_items(lesson_id,item_id,order_index) values ('cf33fa35-9224-536d-90cf-ac7db34e8c7b', 'd1805fa4-3718-5b89-ac8e-6797d3cf7488', 6) on conflict do nothing;
  insert into lesson_items(lesson_id,item_id,order_index) values ('cf33fa35-9224-536d-90cf-ac7db34e8c7b', '0a022981-678a-5be7-8c60-6f4ac6c82e90', 7) on conflict do nothing;
  insert into lesson_items(lesson_id,item_id,order_index) values ('cf33fa35-9224-536d-90cf-ac7db34e8c7b', '368e9651-cb8d-5e31-9c73-4b2c95cd6553', 8) on conflict do nothing;
  insert into lesson_items(lesson_id,item_id,order_index) values ('cf33fa35-9224-536d-90cf-ac7db34e8c7b', '1df6ba80-4bc6-55c9-a3c9-3790744a4dc6', 9) on conflict do nothing;
  insert into lesson_items(lesson_id,item_id,order_index) values ('cf33fa35-9224-536d-90cf-ac7db34e8c7b', '65fd3c0a-662b-5171-9388-6f6923b0f49b', 10) on conflict do nothing;
  insert into lesson_items(lesson_id,item_id,order_index) values ('cf33fa35-9224-536d-90cf-ac7db34e8c7b', '16261a5d-cf5c-5048-a81d-7885fea51fe9', 11) on conflict do nothing;
  insert into lesson_items(lesson_id,item_id,order_index) values ('cf33fa35-9224-536d-90cf-ac7db34e8c7b', 'ca91a9e4-5eaf-5681-8531-d87f21e0195c', 12) on conflict do nothing;
  insert into lessons(id,unit_id,order_index,title,description,type,xp_reward) values ('fcd35300-3352-552a-9c8b-89572ed35928', v_unit, v_c+1, 'Vocabulario: la ciudad 2', 'Aprende palabras nuevas de alta frecuencia con ejemplos y audio.', 'lesson', 15) on conflict (id) do nothing;
  insert into lesson_items(lesson_id,item_id,order_index) values ('fcd35300-3352-552a-9c8b-89572ed35928', '8c5c0969-57ec-54be-a359-0930b2a9caa6', 0) on conflict do nothing;
  insert into lesson_items(lesson_id,item_id,order_index) values ('fcd35300-3352-552a-9c8b-89572ed35928', 'fcb0e08b-ae69-5d00-a49f-ebe74a321225', 1) on conflict do nothing;
  insert into lesson_items(lesson_id,item_id,order_index) values ('fcd35300-3352-552a-9c8b-89572ed35928', '90b373ab-7c74-5224-81a7-0f6afa73b816', 2) on conflict do nothing;
  insert into lesson_items(lesson_id,item_id,order_index) values ('fcd35300-3352-552a-9c8b-89572ed35928', '115da265-da90-55e3-ad4a-0ca1791b7a72', 3) on conflict do nothing;
  insert into lesson_items(lesson_id,item_id,order_index) values ('fcd35300-3352-552a-9c8b-89572ed35928', '4d879119-fa69-51da-a8b9-e3e8bb44e08e', 4) on conflict do nothing;
  insert into lesson_items(lesson_id,item_id,order_index) values ('fcd35300-3352-552a-9c8b-89572ed35928', '3090ecc8-57d9-581e-bf5c-91151f600bc8', 5) on conflict do nothing;
  insert into lesson_items(lesson_id,item_id,order_index) values ('fcd35300-3352-552a-9c8b-89572ed35928', 'd2975c20-e0f9-5eca-bb11-48bd1966f659', 6) on conflict do nothing;
  insert into lesson_items(lesson_id,item_id,order_index) values ('fcd35300-3352-552a-9c8b-89572ed35928', '87bd0ba9-f40b-56fc-b850-7d5bbda0d597', 7) on conflict do nothing;
  insert into lesson_items(lesson_id,item_id,order_index) values ('fcd35300-3352-552a-9c8b-89572ed35928', 'f9f6fb3f-9150-5431-9116-296031ceef8a', 8) on conflict do nothing;
  insert into lesson_items(lesson_id,item_id,order_index) values ('fcd35300-3352-552a-9c8b-89572ed35928', '7a672988-61e9-5975-a83b-c254f75e4120', 9) on conflict do nothing;
  insert into lesson_items(lesson_id,item_id,order_index) values ('fcd35300-3352-552a-9c8b-89572ed35928', 'd6cad2af-426b-560c-a451-1fc30cb00ff6', 10) on conflict do nothing;
  insert into lesson_items(lesson_id,item_id,order_index) values ('fcd35300-3352-552a-9c8b-89572ed35928', 'd62c17d5-c87f-549b-b302-2317daf20bda', 11) on conflict do nothing;
  insert into lesson_items(lesson_id,item_id,order_index) values ('fcd35300-3352-552a-9c8b-89572ed35928', '6ac83566-9377-540c-be9e-c61dfeda32a7', 12) on conflict do nothing;
  update lessons set order_index=order_index-1000+2 where unit_id=v_unit and order_index>=1000;
end $$;

do $$
declare v_unit uuid; v_c int;
begin
  if exists (select 1 from lessons where id='de620b20-99dc-50fe-82ac-e9bfe83edc4b') then return; end if;
  select id into v_unit from units where course_id='20000000-0000-0000-0000-000000000005' and order_index=8;
  if v_unit is null then return; end if;
  select min(order_index) into v_c from lessons where unit_id=v_unit and type='checkpoint';
  if v_c is null then select max(order_index)+1 into v_c from lessons where unit_id=v_unit; end if;
  update lessons set order_index=order_index+1000 where unit_id=v_unit and order_index>=v_c;
  insert into lessons(id,unit_id,order_index,title,description,type,xp_reward) values ('de620b20-99dc-50fe-82ac-e9bfe83edc4b', v_unit, v_c+0, 'Vocabulario: el hogar 1', 'Aprende palabras nuevas de alta frecuencia con ejemplos y audio.', 'lesson', 15) on conflict (id) do nothing;
  insert into lesson_items(lesson_id,item_id,order_index) values ('de620b20-99dc-50fe-82ac-e9bfe83edc4b', '5dc854d7-b7db-5c18-86e0-bb2c7f1f1d75', 0) on conflict do nothing;
  insert into lesson_items(lesson_id,item_id,order_index) values ('de620b20-99dc-50fe-82ac-e9bfe83edc4b', 'ba0a7f44-1f48-556e-aacb-dcb995353bbc', 1) on conflict do nothing;
  insert into lesson_items(lesson_id,item_id,order_index) values ('de620b20-99dc-50fe-82ac-e9bfe83edc4b', '8cc20ec0-1db5-5e1d-a7c4-640ae2360682', 2) on conflict do nothing;
  insert into lesson_items(lesson_id,item_id,order_index) values ('de620b20-99dc-50fe-82ac-e9bfe83edc4b', '925334ac-c312-5723-b0c4-4afa04a1af74', 3) on conflict do nothing;
  insert into lesson_items(lesson_id,item_id,order_index) values ('de620b20-99dc-50fe-82ac-e9bfe83edc4b', '047eed48-182e-521a-a3ea-14e5a0581c88', 4) on conflict do nothing;
  insert into lesson_items(lesson_id,item_id,order_index) values ('de620b20-99dc-50fe-82ac-e9bfe83edc4b', '508275ac-aebb-5090-8a11-69f367809515', 5) on conflict do nothing;
  insert into lesson_items(lesson_id,item_id,order_index) values ('de620b20-99dc-50fe-82ac-e9bfe83edc4b', '80467dec-e75b-5b60-bf57-a02cd6dd351e', 6) on conflict do nothing;
  insert into lesson_items(lesson_id,item_id,order_index) values ('de620b20-99dc-50fe-82ac-e9bfe83edc4b', '6c0c731b-125c-5481-a0b4-645b344c4210', 7) on conflict do nothing;
  insert into lesson_items(lesson_id,item_id,order_index) values ('de620b20-99dc-50fe-82ac-e9bfe83edc4b', '54a10602-6a3a-5288-8a02-3a5a27bef551', 8) on conflict do nothing;
  insert into lesson_items(lesson_id,item_id,order_index) values ('de620b20-99dc-50fe-82ac-e9bfe83edc4b', '747a0be2-8454-593f-a0d2-19c250cae49b', 9) on conflict do nothing;
  insert into lesson_items(lesson_id,item_id,order_index) values ('de620b20-99dc-50fe-82ac-e9bfe83edc4b', 'da2c6e27-9c24-5b47-a68d-c0f56bd12b9b', 10) on conflict do nothing;
  insert into lesson_items(lesson_id,item_id,order_index) values ('de620b20-99dc-50fe-82ac-e9bfe83edc4b', 'e66be3bd-ae6b-5671-8e9a-93e095f09858', 11) on conflict do nothing;
  insert into lesson_items(lesson_id,item_id,order_index) values ('de620b20-99dc-50fe-82ac-e9bfe83edc4b', '78e28072-d54d-5114-b933-7db627e0c40d', 12) on conflict do nothing;
  insert into lessons(id,unit_id,order_index,title,description,type,xp_reward) values ('459afc5c-af01-5aa1-8393-c6c1cc21d8c4', v_unit, v_c+1, 'Vocabulario: el hogar 2', 'Aprende palabras nuevas de alta frecuencia con ejemplos y audio.', 'lesson', 15) on conflict (id) do nothing;
  insert into lesson_items(lesson_id,item_id,order_index) values ('459afc5c-af01-5aa1-8393-c6c1cc21d8c4', 'f8a368b9-ee4a-5e5f-b9c3-caccc839886d', 0) on conflict do nothing;
  insert into lesson_items(lesson_id,item_id,order_index) values ('459afc5c-af01-5aa1-8393-c6c1cc21d8c4', '7d178f81-8c30-5471-a576-afde18d2c222', 1) on conflict do nothing;
  insert into lesson_items(lesson_id,item_id,order_index) values ('459afc5c-af01-5aa1-8393-c6c1cc21d8c4', 'a41aaf0b-80fc-50c5-afab-a5fe2bf8d447', 2) on conflict do nothing;
  insert into lesson_items(lesson_id,item_id,order_index) values ('459afc5c-af01-5aa1-8393-c6c1cc21d8c4', '6d863908-6265-5be2-87d2-2603c529b1ac', 3) on conflict do nothing;
  insert into lesson_items(lesson_id,item_id,order_index) values ('459afc5c-af01-5aa1-8393-c6c1cc21d8c4', '78637d9c-84ae-5d4d-b2da-2d5abeb85819', 4) on conflict do nothing;
  insert into lesson_items(lesson_id,item_id,order_index) values ('459afc5c-af01-5aa1-8393-c6c1cc21d8c4', '384f08b8-d506-57ef-a515-724e605db2d4', 5) on conflict do nothing;
  insert into lesson_items(lesson_id,item_id,order_index) values ('459afc5c-af01-5aa1-8393-c6c1cc21d8c4', 'd1caa86e-a4dd-5e11-ab6f-1b175e71af4c', 6) on conflict do nothing;
  insert into lesson_items(lesson_id,item_id,order_index) values ('459afc5c-af01-5aa1-8393-c6c1cc21d8c4', '0b4cd3ee-eb5c-5f3c-b867-100f7aad3b8a', 7) on conflict do nothing;
  insert into lesson_items(lesson_id,item_id,order_index) values ('459afc5c-af01-5aa1-8393-c6c1cc21d8c4', '1f3af6ad-cc49-5c92-ba24-3747ca7ead7a', 8) on conflict do nothing;
  insert into lesson_items(lesson_id,item_id,order_index) values ('459afc5c-af01-5aa1-8393-c6c1cc21d8c4', '128f84ec-d998-5823-8b25-5a412f065601', 9) on conflict do nothing;
  insert into lesson_items(lesson_id,item_id,order_index) values ('459afc5c-af01-5aa1-8393-c6c1cc21d8c4', '9c098306-f897-5c92-90aa-9c1252246ea6', 10) on conflict do nothing;
  insert into lesson_items(lesson_id,item_id,order_index) values ('459afc5c-af01-5aa1-8393-c6c1cc21d8c4', '0eb3196b-a4c6-59cc-88fd-8ad2520c4b5d', 11) on conflict do nothing;
  update lessons set order_index=order_index-1000+2 where unit_id=v_unit and order_index>=1000;
end $$;

do $$
declare v_unit uuid; v_c int;
begin
  if exists (select 1 from lessons where id='a0b70a6a-ac56-5bae-8f74-ce943cd8700d') then return; end if;
  select id into v_unit from units where course_id='20000000-0000-0000-0000-000000000005' and order_index=9;
  if v_unit is null then return; end if;
  select min(order_index) into v_c from lessons where unit_id=v_unit and type='checkpoint';
  if v_c is null then select max(order_index)+1 into v_c from lessons where unit_id=v_unit; end if;
  update lessons set order_index=order_index+1000 where unit_id=v_unit and order_index>=v_c;
  insert into lessons(id,unit_id,order_index,title,description,type,xp_reward) values ('a0b70a6a-ac56-5bae-8f74-ce943cd8700d', v_unit, v_c+0, 'Vocabulario: la comida 1', 'Aprende palabras nuevas de alta frecuencia con ejemplos y audio.', 'lesson', 15) on conflict (id) do nothing;
  insert into lesson_items(lesson_id,item_id,order_index) values ('a0b70a6a-ac56-5bae-8f74-ce943cd8700d', 'be50c67e-8d31-5405-929c-508e0cdac50a', 0) on conflict do nothing;
  insert into lesson_items(lesson_id,item_id,order_index) values ('a0b70a6a-ac56-5bae-8f74-ce943cd8700d', '48313518-eb83-5a75-a148-45e183764135', 1) on conflict do nothing;
  insert into lesson_items(lesson_id,item_id,order_index) values ('a0b70a6a-ac56-5bae-8f74-ce943cd8700d', 'e95953b2-106a-5891-96cb-af6ad2053175', 2) on conflict do nothing;
  insert into lesson_items(lesson_id,item_id,order_index) values ('a0b70a6a-ac56-5bae-8f74-ce943cd8700d', 'f127e8a2-d849-57b8-a7bf-75f626999e0f', 3) on conflict do nothing;
  insert into lesson_items(lesson_id,item_id,order_index) values ('a0b70a6a-ac56-5bae-8f74-ce943cd8700d', 'f2a447f9-9465-5c7e-9725-5c458202a9de', 4) on conflict do nothing;
  insert into lessons(id,unit_id,order_index,title,description,type,xp_reward) values ('2e8b51f8-f9d0-5de3-a375-9757d86be4fc', v_unit, v_c+1, 'Vocabulario: la comida 2', 'Aprende palabras nuevas de alta frecuencia con ejemplos y audio.', 'lesson', 15) on conflict (id) do nothing;
  insert into lesson_items(lesson_id,item_id,order_index) values ('2e8b51f8-f9d0-5de3-a375-9757d86be4fc', '0b1a061f-8549-5eeb-a7aa-8d93476d4a46', 0) on conflict do nothing;
  insert into lesson_items(lesson_id,item_id,order_index) values ('2e8b51f8-f9d0-5de3-a375-9757d86be4fc', 'd74ffdfa-f571-5963-a0e8-5b7897fa8fbf', 1) on conflict do nothing;
  insert into lesson_items(lesson_id,item_id,order_index) values ('2e8b51f8-f9d0-5de3-a375-9757d86be4fc', 'c3a87061-0cd4-530b-9aa6-5c994ad47bd0', 2) on conflict do nothing;
  insert into lesson_items(lesson_id,item_id,order_index) values ('2e8b51f8-f9d0-5de3-a375-9757d86be4fc', '8aaff853-6857-5907-a4ab-c101b55d551d', 3) on conflict do nothing;
  insert into lesson_items(lesson_id,item_id,order_index) values ('2e8b51f8-f9d0-5de3-a375-9757d86be4fc', 'c8431aa7-4d6f-55c3-bdc0-7883ea874c82', 4) on conflict do nothing;
  insert into lesson_items(lesson_id,item_id,order_index) values ('2e8b51f8-f9d0-5de3-a375-9757d86be4fc', '3020e3b2-a6da-526d-9a50-87b622da9f7f', 5) on conflict do nothing;
  insert into lesson_items(lesson_id,item_id,order_index) values ('2e8b51f8-f9d0-5de3-a375-9757d86be4fc', 'e9de763e-f8e1-51a1-8f50-2c8a0c7d3d4d', 6) on conflict do nothing;
  update lessons set order_index=order_index-1000+2 where unit_id=v_unit and order_index>=1000;
end $$;

do $$
declare v_unit uuid; v_c int;
begin
  if exists (select 1 from lessons where id='6d258f0f-f4e4-5210-b1f1-320bebc9d727') then return; end if;
  select id into v_unit from units where course_id='20000000-0000-0000-0000-000000000005' and order_index=10;
  if v_unit is null then return; end if;
  select min(order_index) into v_c from lessons where unit_id=v_unit and type='checkpoint';
  if v_c is null then select max(order_index)+1 into v_c from lessons where unit_id=v_unit; end if;
  update lessons set order_index=order_index+1000 where unit_id=v_unit and order_index>=v_c;
  insert into lessons(id,unit_id,order_index,title,description,type,xp_reward) values ('6d258f0f-f4e4-5210-b1f1-320bebc9d727', v_unit, v_c+0, 'Vocabulario: viajar 1', 'Aprende palabras nuevas de alta frecuencia con ejemplos y audio.', 'lesson', 15) on conflict (id) do nothing;
  insert into lesson_items(lesson_id,item_id,order_index) values ('6d258f0f-f4e4-5210-b1f1-320bebc9d727', '62ac707e-7249-5569-a855-59e38b6ec0a1', 0) on conflict do nothing;
  insert into lesson_items(lesson_id,item_id,order_index) values ('6d258f0f-f4e4-5210-b1f1-320bebc9d727', 'f46b3437-a5bf-5d42-8406-e0e6d1f6916f', 1) on conflict do nothing;
  insert into lesson_items(lesson_id,item_id,order_index) values ('6d258f0f-f4e4-5210-b1f1-320bebc9d727', '7a0f8693-bf42-5209-b43a-006e26beb065', 2) on conflict do nothing;
  insert into lesson_items(lesson_id,item_id,order_index) values ('6d258f0f-f4e4-5210-b1f1-320bebc9d727', 'f6a5f774-c63c-5c5f-a4fd-991c4663fb75', 3) on conflict do nothing;
  insert into lesson_items(lesson_id,item_id,order_index) values ('6d258f0f-f4e4-5210-b1f1-320bebc9d727', '5dd8e59e-41f6-5063-b1a5-815082f89173', 4) on conflict do nothing;
  insert into lesson_items(lesson_id,item_id,order_index) values ('6d258f0f-f4e4-5210-b1f1-320bebc9d727', '5d26f78f-0be6-5c06-9143-ef35ab6c3d64', 5) on conflict do nothing;
  insert into lesson_items(lesson_id,item_id,order_index) values ('6d258f0f-f4e4-5210-b1f1-320bebc9d727', '9fa6ead0-58dc-5d80-ad6c-ebf114a52ce3', 6) on conflict do nothing;
  insert into lesson_items(lesson_id,item_id,order_index) values ('6d258f0f-f4e4-5210-b1f1-320bebc9d727', 'e094d509-675e-5a5a-bcee-4c7a5ba6894b', 7) on conflict do nothing;
  insert into lesson_items(lesson_id,item_id,order_index) values ('6d258f0f-f4e4-5210-b1f1-320bebc9d727', '4d1375e9-de1c-5e24-99de-4ba93b2b6ebd', 8) on conflict do nothing;
  insert into lesson_items(lesson_id,item_id,order_index) values ('6d258f0f-f4e4-5210-b1f1-320bebc9d727', '4c933073-2ac8-56dc-938c-6e04d8ca0455', 9) on conflict do nothing;
  insert into lesson_items(lesson_id,item_id,order_index) values ('6d258f0f-f4e4-5210-b1f1-320bebc9d727', '03354ba0-d097-541a-ab2d-51c4877dc70c', 10) on conflict do nothing;
  insert into lesson_items(lesson_id,item_id,order_index) values ('6d258f0f-f4e4-5210-b1f1-320bebc9d727', '721dcf93-94bb-5dd4-8bd1-f43c602d2107', 11) on conflict do nothing;
  insert into lesson_items(lesson_id,item_id,order_index) values ('6d258f0f-f4e4-5210-b1f1-320bebc9d727', 'c2b413f7-8409-587f-a2e0-f7f710eeaf7f', 12) on conflict do nothing;
  insert into lesson_items(lesson_id,item_id,order_index) values ('6d258f0f-f4e4-5210-b1f1-320bebc9d727', '7a511f29-dd99-54a1-841e-d7fc696c8e3c', 13) on conflict do nothing;
  insert into lesson_items(lesson_id,item_id,order_index) values ('6d258f0f-f4e4-5210-b1f1-320bebc9d727', '4581c984-5671-567e-ac9a-454a3e5cd2af', 14) on conflict do nothing;
  insert into lessons(id,unit_id,order_index,title,description,type,xp_reward) values ('92b1fb9b-a5b8-5ba4-acc6-19c34db91819', v_unit, v_c+1, 'Vocabulario: viajar 2', 'Aprende palabras nuevas de alta frecuencia con ejemplos y audio.', 'lesson', 15) on conflict (id) do nothing;
  insert into lesson_items(lesson_id,item_id,order_index) values ('92b1fb9b-a5b8-5ba4-acc6-19c34db91819', '61425c6d-7703-5162-84b8-c2285e7eb8cc', 0) on conflict do nothing;
  insert into lesson_items(lesson_id,item_id,order_index) values ('92b1fb9b-a5b8-5ba4-acc6-19c34db91819', '1408f7e3-b05b-517a-8503-ba1bc41d1f71', 1) on conflict do nothing;
  insert into lesson_items(lesson_id,item_id,order_index) values ('92b1fb9b-a5b8-5ba4-acc6-19c34db91819', '7f69e417-a32e-56ba-b699-b5a50f2d1488', 2) on conflict do nothing;
  insert into lesson_items(lesson_id,item_id,order_index) values ('92b1fb9b-a5b8-5ba4-acc6-19c34db91819', '60812a71-97b1-5ae8-92f4-217ce154c6f4', 3) on conflict do nothing;
  insert into lesson_items(lesson_id,item_id,order_index) values ('92b1fb9b-a5b8-5ba4-acc6-19c34db91819', 'be44ebfd-7d91-5891-b64e-97f4a01e4c53', 4) on conflict do nothing;
  insert into lesson_items(lesson_id,item_id,order_index) values ('92b1fb9b-a5b8-5ba4-acc6-19c34db91819', '62afde6e-0a79-5ae6-9e14-e4615ac77728', 5) on conflict do nothing;
  insert into lesson_items(lesson_id,item_id,order_index) values ('92b1fb9b-a5b8-5ba4-acc6-19c34db91819', '69096e60-a352-5ee2-8714-95781654e8f7', 6) on conflict do nothing;
  insert into lesson_items(lesson_id,item_id,order_index) values ('92b1fb9b-a5b8-5ba4-acc6-19c34db91819', '61eed382-818e-5578-a631-1a182b545b26', 7) on conflict do nothing;
  insert into lesson_items(lesson_id,item_id,order_index) values ('92b1fb9b-a5b8-5ba4-acc6-19c34db91819', '65fc1cda-50d4-516a-8bf8-bd395cfdb563', 8) on conflict do nothing;
  insert into lesson_items(lesson_id,item_id,order_index) values ('92b1fb9b-a5b8-5ba4-acc6-19c34db91819', 'c6698876-e4b7-5848-a68e-c536869dc4a6', 9) on conflict do nothing;
  insert into lesson_items(lesson_id,item_id,order_index) values ('92b1fb9b-a5b8-5ba4-acc6-19c34db91819', '42a690b1-6187-5d07-b72e-eba834a848ff', 10) on conflict do nothing;
  insert into lesson_items(lesson_id,item_id,order_index) values ('92b1fb9b-a5b8-5ba4-acc6-19c34db91819', '0ca0a6b8-bb2b-5621-a70d-4ff1fdb068e5', 11) on conflict do nothing;
  insert into lesson_items(lesson_id,item_id,order_index) values ('92b1fb9b-a5b8-5ba4-acc6-19c34db91819', '67e2c261-df49-51ed-a61b-3b6d12635b23', 12) on conflict do nothing;
  insert into lesson_items(lesson_id,item_id,order_index) values ('92b1fb9b-a5b8-5ba4-acc6-19c34db91819', '1030210f-e8d1-59ea-ad38-2da7bc0bc18b', 13) on conflict do nothing;
  insert into lesson_items(lesson_id,item_id,order_index) values ('92b1fb9b-a5b8-5ba4-acc6-19c34db91819', '224150ae-1f73-5fd6-8a80-74ccebfb4be7', 14) on conflict do nothing;
  update lessons set order_index=order_index-1000+2 where unit_id=v_unit and order_index>=1000;
end $$;

do $$
declare v_unit uuid; v_c int;
begin
  if exists (select 1 from lessons where id='c7640907-d8c6-5e61-bf33-d13a45c77810') then return; end if;
  select id into v_unit from units where course_id='20000000-0000-0000-0000-000000000005' and order_index=11;
  if v_unit is null then return; end if;
  select min(order_index) into v_c from lessons where unit_id=v_unit and type='checkpoint';
  if v_c is null then select max(order_index)+1 into v_c from lessons where unit_id=v_unit; end if;
  update lessons set order_index=order_index+1000 where unit_id=v_unit and order_index>=v_c;
  insert into lessons(id,unit_id,order_index,title,description,type,xp_reward) values ('c7640907-d8c6-5e61-bf33-d13a45c77810', v_unit, v_c+0, 'Vocabulario: las compras 1', 'Aprende palabras nuevas de alta frecuencia con ejemplos y audio.', 'lesson', 15) on conflict (id) do nothing;
  insert into lesson_items(lesson_id,item_id,order_index) values ('c7640907-d8c6-5e61-bf33-d13a45c77810', 'f946e846-1618-5a1b-b4b8-fa6b22a80fbd', 0) on conflict do nothing;
  insert into lesson_items(lesson_id,item_id,order_index) values ('c7640907-d8c6-5e61-bf33-d13a45c77810', 'd5fc57d0-1527-575a-8c73-4611b0eb9a9d', 1) on conflict do nothing;
  insert into lesson_items(lesson_id,item_id,order_index) values ('c7640907-d8c6-5e61-bf33-d13a45c77810', '8dc5762b-d93e-575d-b62b-dc139ebef2e7', 2) on conflict do nothing;
  insert into lesson_items(lesson_id,item_id,order_index) values ('c7640907-d8c6-5e61-bf33-d13a45c77810', 'a23d9041-59ef-5b62-b824-70dc357d2580', 3) on conflict do nothing;
  insert into lesson_items(lesson_id,item_id,order_index) values ('c7640907-d8c6-5e61-bf33-d13a45c77810', '42641926-2b10-5cda-bc18-3446000dc6ca', 4) on conflict do nothing;
  insert into lesson_items(lesson_id,item_id,order_index) values ('c7640907-d8c6-5e61-bf33-d13a45c77810', 'ea17c309-7c72-5dde-a91b-50d2a59a87ad', 5) on conflict do nothing;
  insert into lesson_items(lesson_id,item_id,order_index) values ('c7640907-d8c6-5e61-bf33-d13a45c77810', '22e096f5-c5ed-53a0-814b-ebe91cc5a303', 6) on conflict do nothing;
  insert into lesson_items(lesson_id,item_id,order_index) values ('c7640907-d8c6-5e61-bf33-d13a45c77810', '644a2e6e-bbb1-50a5-af6a-069a8dce26c5', 7) on conflict do nothing;
  insert into lesson_items(lesson_id,item_id,order_index) values ('c7640907-d8c6-5e61-bf33-d13a45c77810', 'c017f54b-84f1-56fe-9e9a-98fd952f58f6', 8) on conflict do nothing;
  insert into lesson_items(lesson_id,item_id,order_index) values ('c7640907-d8c6-5e61-bf33-d13a45c77810', '377655df-2510-518b-9954-bebca1129769', 9) on conflict do nothing;
  insert into lesson_items(lesson_id,item_id,order_index) values ('c7640907-d8c6-5e61-bf33-d13a45c77810', '9cafab6e-b7ad-5fc0-946c-55a6ea629532', 10) on conflict do nothing;
  insert into lesson_items(lesson_id,item_id,order_index) values ('c7640907-d8c6-5e61-bf33-d13a45c77810', 'dc694038-678d-5ce7-8705-466a612fdc0c', 11) on conflict do nothing;
  insert into lesson_items(lesson_id,item_id,order_index) values ('c7640907-d8c6-5e61-bf33-d13a45c77810', '8724c78e-ac87-5b2a-88c3-b204a4135381', 12) on conflict do nothing;
  insert into lesson_items(lesson_id,item_id,order_index) values ('c7640907-d8c6-5e61-bf33-d13a45c77810', 'c4ec9a67-3b44-5a32-8c2e-69ee60e95099', 13) on conflict do nothing;
  insert into lesson_items(lesson_id,item_id,order_index) values ('c7640907-d8c6-5e61-bf33-d13a45c77810', 'a59d41c1-064b-5555-823c-a67c772dbd7a', 14) on conflict do nothing;
  insert into lessons(id,unit_id,order_index,title,description,type,xp_reward) values ('5b232000-3c63-5c63-9fc0-5bb0c3e9e36f', v_unit, v_c+1, 'Vocabulario: las compras 2', 'Aprende palabras nuevas de alta frecuencia con ejemplos y audio.', 'lesson', 15) on conflict (id) do nothing;
  insert into lesson_items(lesson_id,item_id,order_index) values ('5b232000-3c63-5c63-9fc0-5bb0c3e9e36f', '0b6b0529-b604-5b7b-9116-80a34a1e6198', 0) on conflict do nothing;
  insert into lesson_items(lesson_id,item_id,order_index) values ('5b232000-3c63-5c63-9fc0-5bb0c3e9e36f', '13894ee9-cd59-5d1b-b5e7-296f88150aad', 1) on conflict do nothing;
  insert into lesson_items(lesson_id,item_id,order_index) values ('5b232000-3c63-5c63-9fc0-5bb0c3e9e36f', '1f6eb000-fdd7-5089-aea8-a27785a58413', 2) on conflict do nothing;
  insert into lesson_items(lesson_id,item_id,order_index) values ('5b232000-3c63-5c63-9fc0-5bb0c3e9e36f', '3b729a2a-9900-5916-8b0f-7945b228ee89', 3) on conflict do nothing;
  insert into lesson_items(lesson_id,item_id,order_index) values ('5b232000-3c63-5c63-9fc0-5bb0c3e9e36f', '50495e45-b5b6-5cf8-96c6-e6a83e93c9b7', 4) on conflict do nothing;
  insert into lesson_items(lesson_id,item_id,order_index) values ('5b232000-3c63-5c63-9fc0-5bb0c3e9e36f', 'de716438-b42c-5e02-8be3-80f06131fa41', 5) on conflict do nothing;
  insert into lesson_items(lesson_id,item_id,order_index) values ('5b232000-3c63-5c63-9fc0-5bb0c3e9e36f', 'fb2061fc-2282-5aaa-b80d-670d148e44da', 6) on conflict do nothing;
  insert into lesson_items(lesson_id,item_id,order_index) values ('5b232000-3c63-5c63-9fc0-5bb0c3e9e36f', 'd5bdd205-94a2-5ab5-a8ec-c2871d7de5c2', 7) on conflict do nothing;
  insert into lesson_items(lesson_id,item_id,order_index) values ('5b232000-3c63-5c63-9fc0-5bb0c3e9e36f', '1135fac7-00ba-5ee6-8077-408b742d1187', 8) on conflict do nothing;
  insert into lesson_items(lesson_id,item_id,order_index) values ('5b232000-3c63-5c63-9fc0-5bb0c3e9e36f', '08c2deed-3c07-595b-96a1-271d61779699', 9) on conflict do nothing;
  insert into lesson_items(lesson_id,item_id,order_index) values ('5b232000-3c63-5c63-9fc0-5bb0c3e9e36f', '380d6e9c-aaec-58c8-b3c5-0c01c27de5ba', 10) on conflict do nothing;
  insert into lesson_items(lesson_id,item_id,order_index) values ('5b232000-3c63-5c63-9fc0-5bb0c3e9e36f', '167a23c6-eb3c-5a49-9a46-9e06692fb81a', 11) on conflict do nothing;
  insert into lesson_items(lesson_id,item_id,order_index) values ('5b232000-3c63-5c63-9fc0-5bb0c3e9e36f', '9276f823-7236-5706-8fbc-2547341df4af', 12) on conflict do nothing;
  update lessons set order_index=order_index-1000+2 where unit_id=v_unit and order_index>=1000;
end $$;

do $$
declare v_unit uuid; v_c int;
begin
  if exists (select 1 from lessons where id='1d84e709-8506-5017-81e6-d5b7c5dda661') then return; end if;
  select id into v_unit from units where course_id='20000000-0000-0000-0000-000000000005' and order_index=12;
  if v_unit is null then return; end if;
  select min(order_index) into v_c from lessons where unit_id=v_unit and type='checkpoint';
  if v_c is null then select max(order_index)+1 into v_c from lessons where unit_id=v_unit; end if;
  update lessons set order_index=order_index+1000 where unit_id=v_unit and order_index>=v_c;
  insert into lessons(id,unit_id,order_index,title,description,type,xp_reward) values ('1d84e709-8506-5017-81e6-d5b7c5dda661', v_unit, v_c+0, 'Vocabulario: el tiempo 1', 'Aprende palabras nuevas de alta frecuencia con ejemplos y audio.', 'lesson', 15) on conflict (id) do nothing;
  insert into lesson_items(lesson_id,item_id,order_index) values ('1d84e709-8506-5017-81e6-d5b7c5dda661', 'b79a259d-aede-58b1-808c-3d2429c2af50', 0) on conflict do nothing;
  insert into lesson_items(lesson_id,item_id,order_index) values ('1d84e709-8506-5017-81e6-d5b7c5dda661', '78b414f4-d0bf-543f-a656-7f137b2d67e5', 1) on conflict do nothing;
  insert into lesson_items(lesson_id,item_id,order_index) values ('1d84e709-8506-5017-81e6-d5b7c5dda661', 'a49c3665-67a9-5538-a7f9-5ab952fafba7', 2) on conflict do nothing;
  insert into lesson_items(lesson_id,item_id,order_index) values ('1d84e709-8506-5017-81e6-d5b7c5dda661', 'e22a99a1-ce1f-5a7c-b9aa-2379694af8c4', 3) on conflict do nothing;
  insert into lesson_items(lesson_id,item_id,order_index) values ('1d84e709-8506-5017-81e6-d5b7c5dda661', 'a9e90a10-48ed-5c78-abb9-7111ccacec6d', 4) on conflict do nothing;
  insert into lesson_items(lesson_id,item_id,order_index) values ('1d84e709-8506-5017-81e6-d5b7c5dda661', '0fc3a5e2-5137-5082-8cd3-c2863896017b', 5) on conflict do nothing;
  insert into lesson_items(lesson_id,item_id,order_index) values ('1d84e709-8506-5017-81e6-d5b7c5dda661', '6709863f-4cb8-5b75-bc1c-aa1d041a452c', 6) on conflict do nothing;
  insert into lesson_items(lesson_id,item_id,order_index) values ('1d84e709-8506-5017-81e6-d5b7c5dda661', 'cd4a6dc3-71df-5217-aedc-17ab1d5462a2', 7) on conflict do nothing;
  insert into lesson_items(lesson_id,item_id,order_index) values ('1d84e709-8506-5017-81e6-d5b7c5dda661', '30488bd0-2495-5c79-843c-c0c4f9b79e3d', 8) on conflict do nothing;
  insert into lesson_items(lesson_id,item_id,order_index) values ('1d84e709-8506-5017-81e6-d5b7c5dda661', 'f3d62a7c-0926-5bed-a8da-3ca936e97128', 9) on conflict do nothing;
  insert into lesson_items(lesson_id,item_id,order_index) values ('1d84e709-8506-5017-81e6-d5b7c5dda661', 'af6dae1a-9805-5b08-ae6b-5ffa071be6ec', 10) on conflict do nothing;
  insert into lesson_items(lesson_id,item_id,order_index) values ('1d84e709-8506-5017-81e6-d5b7c5dda661', 'd0ada3f7-9372-597c-a381-a2487a142efe', 11) on conflict do nothing;
  insert into lesson_items(lesson_id,item_id,order_index) values ('1d84e709-8506-5017-81e6-d5b7c5dda661', 'd35d4a24-e70a-54a0-8762-0cc320f69ae0', 12) on conflict do nothing;
  insert into lesson_items(lesson_id,item_id,order_index) values ('1d84e709-8506-5017-81e6-d5b7c5dda661', '7e715baa-bd6f-5516-9851-f827f0288afa', 13) on conflict do nothing;
  insert into lesson_items(lesson_id,item_id,order_index) values ('1d84e709-8506-5017-81e6-d5b7c5dda661', '00596a01-f40a-530d-9db8-f58c3ce32a4d', 14) on conflict do nothing;
  insert into lessons(id,unit_id,order_index,title,description,type,xp_reward) values ('f1dc6885-30f2-56a8-b950-03addf072127', v_unit, v_c+1, 'Vocabulario: el tiempo 2', 'Aprende palabras nuevas de alta frecuencia con ejemplos y audio.', 'lesson', 15) on conflict (id) do nothing;
  insert into lesson_items(lesson_id,item_id,order_index) values ('f1dc6885-30f2-56a8-b950-03addf072127', '552aeb1b-dd46-5140-bb1d-e410371376d2', 0) on conflict do nothing;
  insert into lesson_items(lesson_id,item_id,order_index) values ('f1dc6885-30f2-56a8-b950-03addf072127', 'ed8dd4ec-c7ec-56aa-85a6-0f8244f97b28', 1) on conflict do nothing;
  insert into lesson_items(lesson_id,item_id,order_index) values ('f1dc6885-30f2-56a8-b950-03addf072127', '03c88522-92fd-51ec-95df-89b8c24045e5', 2) on conflict do nothing;
  insert into lesson_items(lesson_id,item_id,order_index) values ('f1dc6885-30f2-56a8-b950-03addf072127', '076a7f6e-8e51-5bc7-adb4-5190945ee0ad', 3) on conflict do nothing;
  insert into lesson_items(lesson_id,item_id,order_index) values ('f1dc6885-30f2-56a8-b950-03addf072127', '3a212a3b-4d67-570c-8972-a9205fab3f45', 4) on conflict do nothing;
  insert into lesson_items(lesson_id,item_id,order_index) values ('f1dc6885-30f2-56a8-b950-03addf072127', 'c16ca637-f362-5f53-af14-d4809d5184bd', 5) on conflict do nothing;
  insert into lesson_items(lesson_id,item_id,order_index) values ('f1dc6885-30f2-56a8-b950-03addf072127', '5646aae7-f508-59cf-b8c3-e6738022be9d', 6) on conflict do nothing;
  insert into lesson_items(lesson_id,item_id,order_index) values ('f1dc6885-30f2-56a8-b950-03addf072127', 'd826e4bd-dba0-5d96-970b-c002c5e6bd7d', 7) on conflict do nothing;
  insert into lesson_items(lesson_id,item_id,order_index) values ('f1dc6885-30f2-56a8-b950-03addf072127', '257d7964-5341-55b5-841f-ac7bb6866f86', 8) on conflict do nothing;
  insert into lesson_items(lesson_id,item_id,order_index) values ('f1dc6885-30f2-56a8-b950-03addf072127', 'dbc9adfd-5181-5719-bf89-27669e683542', 9) on conflict do nothing;
  insert into lesson_items(lesson_id,item_id,order_index) values ('f1dc6885-30f2-56a8-b950-03addf072127', 'a081bdd0-6ef9-598c-9461-1cdad00fbc90', 10) on conflict do nothing;
  insert into lesson_items(lesson_id,item_id,order_index) values ('f1dc6885-30f2-56a8-b950-03addf072127', '65f581c9-75d6-5ad5-9353-e88f655996f8', 11) on conflict do nothing;
  insert into lesson_items(lesson_id,item_id,order_index) values ('f1dc6885-30f2-56a8-b950-03addf072127', '597479b7-3908-50c4-b1e8-47a66e20955b', 12) on conflict do nothing;
  update lessons set order_index=order_index-1000+2 where unit_id=v_unit and order_index>=1000;
end $$;

do $$
declare v_unit uuid; v_c int;
begin
  if exists (select 1 from lessons where id='d8940f9d-957a-5254-9434-df95535244e3') then return; end if;
  select id into v_unit from units where course_id='20000000-0000-0000-0000-000000000005' and order_index=13;
  if v_unit is null then return; end if;
  select min(order_index) into v_c from lessons where unit_id=v_unit and type='checkpoint';
  if v_c is null then select max(order_index)+1 into v_c from lessons where unit_id=v_unit; end if;
  update lessons set order_index=order_index+1000 where unit_id=v_unit and order_index>=v_c;
  insert into lessons(id,unit_id,order_index,title,description,type,xp_reward) values ('d8940f9d-957a-5254-9434-df95535244e3', v_unit, v_c+0, 'Vocabulario: la salud 1', 'Aprende palabras nuevas de alta frecuencia con ejemplos y audio.', 'lesson', 15) on conflict (id) do nothing;
  insert into lesson_items(lesson_id,item_id,order_index) values ('d8940f9d-957a-5254-9434-df95535244e3', 'f3129b80-7926-5ccd-9f21-3326a676dd2c', 0) on conflict do nothing;
  insert into lesson_items(lesson_id,item_id,order_index) values ('d8940f9d-957a-5254-9434-df95535244e3', 'a4543145-bad4-59ac-93b8-4369932a87d7', 1) on conflict do nothing;
  insert into lesson_items(lesson_id,item_id,order_index) values ('d8940f9d-957a-5254-9434-df95535244e3', 'f3d478b3-3ae2-5581-a9ba-9186131edaea', 2) on conflict do nothing;
  insert into lesson_items(lesson_id,item_id,order_index) values ('d8940f9d-957a-5254-9434-df95535244e3', '8f20bab5-593d-5843-af70-c93e284c3f54', 3) on conflict do nothing;
  insert into lesson_items(lesson_id,item_id,order_index) values ('d8940f9d-957a-5254-9434-df95535244e3', 'a67598b8-301a-58ac-a1c6-49e2ae6ffa55', 4) on conflict do nothing;
  insert into lesson_items(lesson_id,item_id,order_index) values ('d8940f9d-957a-5254-9434-df95535244e3', 'abb9fd60-2798-5e6c-9fd6-017168eaae17', 5) on conflict do nothing;
  insert into lesson_items(lesson_id,item_id,order_index) values ('d8940f9d-957a-5254-9434-df95535244e3', 'b4b68dfd-2ed4-5acb-a82e-00da259369cb', 6) on conflict do nothing;
  insert into lesson_items(lesson_id,item_id,order_index) values ('d8940f9d-957a-5254-9434-df95535244e3', 'e1cda32e-576c-5a5d-bf1b-a600a2a39eaa', 7) on conflict do nothing;
  insert into lesson_items(lesson_id,item_id,order_index) values ('d8940f9d-957a-5254-9434-df95535244e3', '51f1849b-1d7f-58bb-ae57-ca1d1df49394', 8) on conflict do nothing;
  insert into lesson_items(lesson_id,item_id,order_index) values ('d8940f9d-957a-5254-9434-df95535244e3', '04162cd5-9bbb-545a-afdc-63c2de0b875e', 9) on conflict do nothing;
  insert into lesson_items(lesson_id,item_id,order_index) values ('d8940f9d-957a-5254-9434-df95535244e3', '72757895-ead6-54aa-b323-bd12383dc0b9', 10) on conflict do nothing;
  insert into lesson_items(lesson_id,item_id,order_index) values ('d8940f9d-957a-5254-9434-df95535244e3', '9f639c48-6c58-5b91-bdc7-d3528d18f133', 11) on conflict do nothing;
  insert into lesson_items(lesson_id,item_id,order_index) values ('d8940f9d-957a-5254-9434-df95535244e3', 'b52d755d-6529-54c1-a60a-b76f4fe07bce', 12) on conflict do nothing;
  insert into lesson_items(lesson_id,item_id,order_index) values ('d8940f9d-957a-5254-9434-df95535244e3', '1d5c7597-4a37-577a-be3e-c045830c243e', 13) on conflict do nothing;
  insert into lesson_items(lesson_id,item_id,order_index) values ('d8940f9d-957a-5254-9434-df95535244e3', '011fa941-7fa6-58ec-8e20-b4d612158901', 14) on conflict do nothing;
  insert into lessons(id,unit_id,order_index,title,description,type,xp_reward) values ('dfad8a34-8e16-5988-951d-a7b424389f41', v_unit, v_c+1, 'Vocabulario: la salud 2', 'Aprende palabras nuevas de alta frecuencia con ejemplos y audio.', 'lesson', 15) on conflict (id) do nothing;
  insert into lesson_items(lesson_id,item_id,order_index) values ('dfad8a34-8e16-5988-951d-a7b424389f41', 'a63ec0de-66fe-5bdd-9ab2-b8a93715fd8f', 0) on conflict do nothing;
  insert into lesson_items(lesson_id,item_id,order_index) values ('dfad8a34-8e16-5988-951d-a7b424389f41', 'dd1c9e89-5809-5481-9244-c2df65cb7b67', 1) on conflict do nothing;
  insert into lesson_items(lesson_id,item_id,order_index) values ('dfad8a34-8e16-5988-951d-a7b424389f41', '54f90a0b-2c88-5986-8442-7adc58c753f2', 2) on conflict do nothing;
  insert into lesson_items(lesson_id,item_id,order_index) values ('dfad8a34-8e16-5988-951d-a7b424389f41', 'f20d9d39-366b-5948-bdd3-4590d7f9df16', 3) on conflict do nothing;
  insert into lesson_items(lesson_id,item_id,order_index) values ('dfad8a34-8e16-5988-951d-a7b424389f41', '3edc99db-7694-532e-8df5-7cf2d76421ff', 4) on conflict do nothing;
  insert into lesson_items(lesson_id,item_id,order_index) values ('dfad8a34-8e16-5988-951d-a7b424389f41', '3572cdbb-324a-5c76-b0ec-43719e5bb977', 5) on conflict do nothing;
  insert into lesson_items(lesson_id,item_id,order_index) values ('dfad8a34-8e16-5988-951d-a7b424389f41', '4010a3c5-994a-5f3b-97e4-bf2d65482f3a', 6) on conflict do nothing;
  insert into lesson_items(lesson_id,item_id,order_index) values ('dfad8a34-8e16-5988-951d-a7b424389f41', '274b5be6-4fd1-58e7-b54f-4d63e7829430', 7) on conflict do nothing;
  insert into lesson_items(lesson_id,item_id,order_index) values ('dfad8a34-8e16-5988-951d-a7b424389f41', 'd97188d9-370e-59d2-9a35-76638d662789', 8) on conflict do nothing;
  insert into lesson_items(lesson_id,item_id,order_index) values ('dfad8a34-8e16-5988-951d-a7b424389f41', '009e0937-a14e-5465-bc27-07befb4d160d', 9) on conflict do nothing;
  insert into lesson_items(lesson_id,item_id,order_index) values ('dfad8a34-8e16-5988-951d-a7b424389f41', 'b89cf4d7-762f-5508-aff3-6039e6464158', 10) on conflict do nothing;
  insert into lesson_items(lesson_id,item_id,order_index) values ('dfad8a34-8e16-5988-951d-a7b424389f41', 'fd82ad48-10ed-55c7-b453-34c90d476389', 11) on conflict do nothing;
  insert into lesson_items(lesson_id,item_id,order_index) values ('dfad8a34-8e16-5988-951d-a7b424389f41', 'cf6fecc5-6056-591d-80b0-789b86789e8c', 12) on conflict do nothing;
  update lessons set order_index=order_index-1000+2 where unit_id=v_unit and order_index>=1000;
end $$;

do $$
declare v_unit uuid; v_c int;
begin
  if exists (select 1 from lessons where id='6adb1039-7c1b-59d4-83bf-67822ce90d97') then return; end if;
  select id into v_unit from units where course_id='20000000-0000-0000-0000-000000000005' and order_index=14;
  if v_unit is null then return; end if;
  select min(order_index) into v_c from lessons where unit_id=v_unit and type='checkpoint';
  if v_c is null then select max(order_index)+1 into v_c from lessons where unit_id=v_unit; end if;
  update lessons set order_index=order_index+1000 where unit_id=v_unit and order_index>=v_c;
  insert into lessons(id,unit_id,order_index,title,description,type,xp_reward) values ('6adb1039-7c1b-59d4-83bf-67822ce90d97', v_unit, v_c+0, 'Vocabulario: el trabajo 1', 'Aprende palabras nuevas de alta frecuencia con ejemplos y audio.', 'lesson', 15) on conflict (id) do nothing;
  insert into lesson_items(lesson_id,item_id,order_index) values ('6adb1039-7c1b-59d4-83bf-67822ce90d97', 'f1d1e04a-1ded-5bb8-9041-ff494115ec3d', 0) on conflict do nothing;
  insert into lesson_items(lesson_id,item_id,order_index) values ('6adb1039-7c1b-59d4-83bf-67822ce90d97', '6a2d650f-c79c-59d5-984e-d4f962715400', 1) on conflict do nothing;
  insert into lesson_items(lesson_id,item_id,order_index) values ('6adb1039-7c1b-59d4-83bf-67822ce90d97', '3f36768e-f209-561f-997c-1f69848b6b65', 2) on conflict do nothing;
  insert into lesson_items(lesson_id,item_id,order_index) values ('6adb1039-7c1b-59d4-83bf-67822ce90d97', '6200a572-dba5-50f9-854d-f20a2adbe128', 3) on conflict do nothing;
  insert into lesson_items(lesson_id,item_id,order_index) values ('6adb1039-7c1b-59d4-83bf-67822ce90d97', '10c697b8-d1bd-5f1c-9ce8-5b14f8dce393', 4) on conflict do nothing;
  insert into lesson_items(lesson_id,item_id,order_index) values ('6adb1039-7c1b-59d4-83bf-67822ce90d97', 'b37a50ca-c9e1-5066-91be-0809fb0fe438', 5) on conflict do nothing;
  insert into lesson_items(lesson_id,item_id,order_index) values ('6adb1039-7c1b-59d4-83bf-67822ce90d97', '7dbed0b3-4424-5e5d-a98e-5bf13ebc6007', 6) on conflict do nothing;
  insert into lessons(id,unit_id,order_index,title,description,type,xp_reward) values ('dd8986e0-7186-5840-b52f-882de724746e', v_unit, v_c+1, 'Vocabulario: el trabajo 2', 'Aprende palabras nuevas de alta frecuencia con ejemplos y audio.', 'lesson', 15) on conflict (id) do nothing;
  insert into lesson_items(lesson_id,item_id,order_index) values ('dd8986e0-7186-5840-b52f-882de724746e', '6bacd3cb-f3cd-5730-af9e-305e7e483008', 0) on conflict do nothing;
  insert into lesson_items(lesson_id,item_id,order_index) values ('dd8986e0-7186-5840-b52f-882de724746e', '17044483-60b4-5541-a46f-9e24be6df64f', 1) on conflict do nothing;
  insert into lesson_items(lesson_id,item_id,order_index) values ('dd8986e0-7186-5840-b52f-882de724746e', 'c256627a-979d-5c48-8e63-665d9a0c5058', 2) on conflict do nothing;
  insert into lesson_items(lesson_id,item_id,order_index) values ('dd8986e0-7186-5840-b52f-882de724746e', '3c18d9a2-2baa-5816-b7c8-e05def2993b3', 3) on conflict do nothing;
  insert into lesson_items(lesson_id,item_id,order_index) values ('dd8986e0-7186-5840-b52f-882de724746e', 'd121ee19-ae0f-5867-b530-032f102efb83', 4) on conflict do nothing;
  insert into lesson_items(lesson_id,item_id,order_index) values ('dd8986e0-7186-5840-b52f-882de724746e', 'ffe02b9c-fc99-5a16-b8dc-c1574e5eb933', 5) on conflict do nothing;
  update lessons set order_index=order_index-1000+2 where unit_id=v_unit and order_index>=1000;
end $$;

do $$
declare v_unit uuid; v_c int;
begin
  if exists (select 1 from lessons where id='f8bd203e-cdd4-5d1a-a1b1-d6ed745876f8') then return; end if;
  select id into v_unit from units where course_id='20000000-0000-0000-0000-000000000005' and order_index=15;
  if v_unit is null then return; end if;
  select min(order_index) into v_c from lessons where unit_id=v_unit and type='checkpoint';
  if v_c is null then select max(order_index)+1 into v_c from lessons where unit_id=v_unit; end if;
  update lessons set order_index=order_index+1000 where unit_id=v_unit and order_index>=v_c;
  insert into lessons(id,unit_id,order_index,title,description,type,xp_reward) values ('f8bd203e-cdd4-5d1a-a1b1-d6ed745876f8', v_unit, v_c+0, 'Vocabulario: la naturaleza 1', 'Aprende palabras nuevas de alta frecuencia con ejemplos y audio.', 'lesson', 15) on conflict (id) do nothing;
  insert into lesson_items(lesson_id,item_id,order_index) values ('f8bd203e-cdd4-5d1a-a1b1-d6ed745876f8', 'f6d3ba96-6838-59e8-ac4c-6ff25f1d3872', 0) on conflict do nothing;
  insert into lesson_items(lesson_id,item_id,order_index) values ('f8bd203e-cdd4-5d1a-a1b1-d6ed745876f8', '82477d68-6d96-5464-8fe0-a35b39960700', 1) on conflict do nothing;
  insert into lesson_items(lesson_id,item_id,order_index) values ('f8bd203e-cdd4-5d1a-a1b1-d6ed745876f8', '8d0f703d-cecd-52a5-a334-52281762ab45', 2) on conflict do nothing;
  insert into lesson_items(lesson_id,item_id,order_index) values ('f8bd203e-cdd4-5d1a-a1b1-d6ed745876f8', '90dde92c-dbac-56dd-b087-4348613611e7', 3) on conflict do nothing;
  insert into lesson_items(lesson_id,item_id,order_index) values ('f8bd203e-cdd4-5d1a-a1b1-d6ed745876f8', 'b0794fc8-3e5a-561f-9647-59ee89229ebb', 4) on conflict do nothing;
  insert into lesson_items(lesson_id,item_id,order_index) values ('f8bd203e-cdd4-5d1a-a1b1-d6ed745876f8', '87d67074-9c9e-5f66-8975-1fd8a17a0846', 5) on conflict do nothing;
  insert into lesson_items(lesson_id,item_id,order_index) values ('f8bd203e-cdd4-5d1a-a1b1-d6ed745876f8', 'b5ad5747-b5f5-5814-8f58-7c025f7229ab', 6) on conflict do nothing;
  insert into lesson_items(lesson_id,item_id,order_index) values ('f8bd203e-cdd4-5d1a-a1b1-d6ed745876f8', '57211ffc-c96c-5116-8919-0a81282adc39', 7) on conflict do nothing;
  insert into lesson_items(lesson_id,item_id,order_index) values ('f8bd203e-cdd4-5d1a-a1b1-d6ed745876f8', '694491ad-ce01-590a-af69-6ca778f27b41', 8) on conflict do nothing;
  insert into lesson_items(lesson_id,item_id,order_index) values ('f8bd203e-cdd4-5d1a-a1b1-d6ed745876f8', 'ae12d837-091e-514f-a3ea-210da42f14f4', 9) on conflict do nothing;
  insert into lesson_items(lesson_id,item_id,order_index) values ('f8bd203e-cdd4-5d1a-a1b1-d6ed745876f8', '1e40c2b5-4754-554f-be7b-f08d1d4605cd', 10) on conflict do nothing;
  insert into lesson_items(lesson_id,item_id,order_index) values ('f8bd203e-cdd4-5d1a-a1b1-d6ed745876f8', '6b8d0f2a-8448-5994-bb83-80a307ceb70a', 11) on conflict do nothing;
  insert into lesson_items(lesson_id,item_id,order_index) values ('f8bd203e-cdd4-5d1a-a1b1-d6ed745876f8', '84acc238-f6a9-5345-88bd-955ddae81a6c', 12) on conflict do nothing;
  insert into lesson_items(lesson_id,item_id,order_index) values ('f8bd203e-cdd4-5d1a-a1b1-d6ed745876f8', '30de6a1f-3280-55a9-a0e2-8b750577e74c', 13) on conflict do nothing;
  insert into lesson_items(lesson_id,item_id,order_index) values ('f8bd203e-cdd4-5d1a-a1b1-d6ed745876f8', 'e9dabb70-5cad-5205-b2b8-02f835e2855e', 14) on conflict do nothing;
  insert into lessons(id,unit_id,order_index,title,description,type,xp_reward) values ('3a268f81-8418-5829-abed-b064b59ac34f', v_unit, v_c+1, 'Vocabulario: la naturaleza 2', 'Aprende palabras nuevas de alta frecuencia con ejemplos y audio.', 'lesson', 15) on conflict (id) do nothing;
  insert into lesson_items(lesson_id,item_id,order_index) values ('3a268f81-8418-5829-abed-b064b59ac34f', '0b9ec055-52ca-5d34-9c00-7f1c2cdf5a48', 0) on conflict do nothing;
  insert into lesson_items(lesson_id,item_id,order_index) values ('3a268f81-8418-5829-abed-b064b59ac34f', '04266eff-8ed3-5c41-954d-15ca322c21c9', 1) on conflict do nothing;
  insert into lesson_items(lesson_id,item_id,order_index) values ('3a268f81-8418-5829-abed-b064b59ac34f', '9b9c2a74-b270-5d0d-88aa-1cf3de27b420', 2) on conflict do nothing;
  insert into lesson_items(lesson_id,item_id,order_index) values ('3a268f81-8418-5829-abed-b064b59ac34f', '1b809489-2e4f-584d-9a2a-1cf0eb003a9e', 3) on conflict do nothing;
  insert into lesson_items(lesson_id,item_id,order_index) values ('3a268f81-8418-5829-abed-b064b59ac34f', 'f60566b7-b928-5c4f-ad67-f87f80a884ba', 4) on conflict do nothing;
  insert into lesson_items(lesson_id,item_id,order_index) values ('3a268f81-8418-5829-abed-b064b59ac34f', '73657d54-ab35-595f-b149-639d452d7f84', 5) on conflict do nothing;
  insert into lesson_items(lesson_id,item_id,order_index) values ('3a268f81-8418-5829-abed-b064b59ac34f', '8f99339a-54d0-5fe6-9b9f-d589190e881c', 6) on conflict do nothing;
  insert into lesson_items(lesson_id,item_id,order_index) values ('3a268f81-8418-5829-abed-b064b59ac34f', '5b56ea27-6b4c-5a43-ba74-8f4d750505b9', 7) on conflict do nothing;
  insert into lesson_items(lesson_id,item_id,order_index) values ('3a268f81-8418-5829-abed-b064b59ac34f', 'cba397f1-0b27-5c9f-9430-945b553448cb', 8) on conflict do nothing;
  insert into lesson_items(lesson_id,item_id,order_index) values ('3a268f81-8418-5829-abed-b064b59ac34f', 'd144f1a3-af46-5549-845d-689d0ce82fac', 9) on conflict do nothing;
  insert into lesson_items(lesson_id,item_id,order_index) values ('3a268f81-8418-5829-abed-b064b59ac34f', 'f711dd02-7a75-55dc-bad2-19e39d717cf5', 10) on conflict do nothing;
  insert into lesson_items(lesson_id,item_id,order_index) values ('3a268f81-8418-5829-abed-b064b59ac34f', '347e1911-dd26-56d6-a3b8-9571b255628d', 11) on conflict do nothing;
  insert into lesson_items(lesson_id,item_id,order_index) values ('3a268f81-8418-5829-abed-b064b59ac34f', '2667b3e5-b1bc-5ab6-aa77-76e64b8c273d', 12) on conflict do nothing;
  insert into lesson_items(lesson_id,item_id,order_index) values ('3a268f81-8418-5829-abed-b064b59ac34f', '94264d87-eccb-5327-9ba7-c1635840a1c9', 13) on conflict do nothing;
  insert into lesson_items(lesson_id,item_id,order_index) values ('3a268f81-8418-5829-abed-b064b59ac34f', '4ff8f481-418f-5ed2-9cc0-7396c4be3a6f', 14) on conflict do nothing;
  update lessons set order_index=order_index-1000+2 where unit_id=v_unit and order_index>=1000;
end $$;

do $$
declare v_unit uuid; v_c int;
begin
  if exists (select 1 from lessons where id='d94a0415-7ae9-5423-90b6-eaebb005c317') then return; end if;
  select id into v_unit from units where course_id='20000000-0000-0000-0000-000000000005' and order_index=16;
  if v_unit is null then return; end if;
  select min(order_index) into v_c from lessons where unit_id=v_unit and type='checkpoint';
  if v_c is null then select max(order_index)+1 into v_c from lessons where unit_id=v_unit; end if;
  update lessons set order_index=order_index+1000 where unit_id=v_unit and order_index>=v_c;
  insert into lessons(id,unit_id,order_index,title,description,type,xp_reward) values ('d94a0415-7ae9-5423-90b6-eaebb005c317', v_unit, v_c+0, 'Vocabulario: las emociones 1', 'Aprende palabras nuevas de alta frecuencia con ejemplos y audio.', 'lesson', 15) on conflict (id) do nothing;
  insert into lesson_items(lesson_id,item_id,order_index) values ('d94a0415-7ae9-5423-90b6-eaebb005c317', '9cc59199-c9d7-5d55-901b-55670404f3de', 0) on conflict do nothing;
  insert into lesson_items(lesson_id,item_id,order_index) values ('d94a0415-7ae9-5423-90b6-eaebb005c317', '3bd07433-270b-50db-bff9-6ec6e0c5570c', 1) on conflict do nothing;
  insert into lesson_items(lesson_id,item_id,order_index) values ('d94a0415-7ae9-5423-90b6-eaebb005c317', '5461e696-4f9e-5257-92de-39eba524fb73', 2) on conflict do nothing;
  insert into lesson_items(lesson_id,item_id,order_index) values ('d94a0415-7ae9-5423-90b6-eaebb005c317', '74e88e04-f199-5091-bf77-f344e6b7bf38', 3) on conflict do nothing;
  insert into lesson_items(lesson_id,item_id,order_index) values ('d94a0415-7ae9-5423-90b6-eaebb005c317', '3213ad3b-833a-5466-a571-8d43e1121541', 4) on conflict do nothing;
  insert into lesson_items(lesson_id,item_id,order_index) values ('d94a0415-7ae9-5423-90b6-eaebb005c317', '9acc95dc-92ea-5616-9c69-73f72386cdd2', 5) on conflict do nothing;
  insert into lesson_items(lesson_id,item_id,order_index) values ('d94a0415-7ae9-5423-90b6-eaebb005c317', '52642297-9d4d-55b2-86bb-0b7909f17ed7', 6) on conflict do nothing;
  insert into lesson_items(lesson_id,item_id,order_index) values ('d94a0415-7ae9-5423-90b6-eaebb005c317', 'bf0ff5a2-d98a-51d1-a8cb-5500e0894a0f', 7) on conflict do nothing;
  insert into lesson_items(lesson_id,item_id,order_index) values ('d94a0415-7ae9-5423-90b6-eaebb005c317', 'b663d4b4-1e1b-5dda-a455-08c0d350547b', 8) on conflict do nothing;
  insert into lesson_items(lesson_id,item_id,order_index) values ('d94a0415-7ae9-5423-90b6-eaebb005c317', 'efd8354a-4cb7-5ac3-93bb-57d924b7660c', 9) on conflict do nothing;
  insert into lesson_items(lesson_id,item_id,order_index) values ('d94a0415-7ae9-5423-90b6-eaebb005c317', 'b2bd38f5-10a2-5889-977d-bfa3a54ae3ce', 10) on conflict do nothing;
  insert into lesson_items(lesson_id,item_id,order_index) values ('d94a0415-7ae9-5423-90b6-eaebb005c317', 'cb09250f-2a37-5601-9e98-787395aee2f3', 11) on conflict do nothing;
  insert into lesson_items(lesson_id,item_id,order_index) values ('d94a0415-7ae9-5423-90b6-eaebb005c317', 'dcfb3d7e-598c-5860-b3ca-9990dfae4ec1', 12) on conflict do nothing;
  insert into lessons(id,unit_id,order_index,title,description,type,xp_reward) values ('74d840ac-29db-5eba-a281-39c0767b244b', v_unit, v_c+1, 'Vocabulario: las emociones 2', 'Aprende palabras nuevas de alta frecuencia con ejemplos y audio.', 'lesson', 15) on conflict (id) do nothing;
  insert into lesson_items(lesson_id,item_id,order_index) values ('74d840ac-29db-5eba-a281-39c0767b244b', '5c0d32d5-bdc6-5e9a-8c27-8a8b05fdb56a', 0) on conflict do nothing;
  insert into lesson_items(lesson_id,item_id,order_index) values ('74d840ac-29db-5eba-a281-39c0767b244b', '432dc2a8-5a17-5319-9f6f-8428a81a14d5', 1) on conflict do nothing;
  insert into lesson_items(lesson_id,item_id,order_index) values ('74d840ac-29db-5eba-a281-39c0767b244b', 'f1852755-15cf-5500-8863-472d6ba81144', 2) on conflict do nothing;
  insert into lesson_items(lesson_id,item_id,order_index) values ('74d840ac-29db-5eba-a281-39c0767b244b', 'c22afb22-4023-5ae1-b6e3-8cb921f807f4', 3) on conflict do nothing;
  insert into lesson_items(lesson_id,item_id,order_index) values ('74d840ac-29db-5eba-a281-39c0767b244b', 'a80492a4-c9a7-5ddc-87c6-75fc00881aa1', 4) on conflict do nothing;
  insert into lesson_items(lesson_id,item_id,order_index) values ('74d840ac-29db-5eba-a281-39c0767b244b', 'e74e7c30-5488-582f-86a1-d4538bd2077a', 5) on conflict do nothing;
  insert into lesson_items(lesson_id,item_id,order_index) values ('74d840ac-29db-5eba-a281-39c0767b244b', '0ff92ae6-89de-5138-b5be-8d9813d90380', 6) on conflict do nothing;
  insert into lesson_items(lesson_id,item_id,order_index) values ('74d840ac-29db-5eba-a281-39c0767b244b', '748d7b75-6c96-5c9e-bb4b-479e2dda622e', 7) on conflict do nothing;
  insert into lesson_items(lesson_id,item_id,order_index) values ('74d840ac-29db-5eba-a281-39c0767b244b', '6124fb6d-bdc5-57cf-8dc3-b844b06e6075', 8) on conflict do nothing;
  insert into lesson_items(lesson_id,item_id,order_index) values ('74d840ac-29db-5eba-a281-39c0767b244b', '68502f8c-390f-551e-952c-ea7491f8ae2f', 9) on conflict do nothing;
  insert into lesson_items(lesson_id,item_id,order_index) values ('74d840ac-29db-5eba-a281-39c0767b244b', '9b20230a-275b-5ad5-8bc0-900f7a336f69', 10) on conflict do nothing;
  insert into lesson_items(lesson_id,item_id,order_index) values ('74d840ac-29db-5eba-a281-39c0767b244b', 'c4f64707-845c-545e-8ff0-9efaa22902d8', 11) on conflict do nothing;
  insert into lesson_items(lesson_id,item_id,order_index) values ('74d840ac-29db-5eba-a281-39c0767b244b', '40559f75-b2a0-555b-a259-d31c1682b133', 12) on conflict do nothing;
  update lessons set order_index=order_index-1000+2 where unit_id=v_unit and order_index>=1000;
end $$;

-- 4) re-derivar lesson_vocab (idempotente, lógica mig 165/166) → vincula las nuevas
insert into public.lesson_vocab (lesson_id, vocab_id, position)
with vn as (
  select id, course_id, jz_normalize(word) as nw,
         position(' ' in jz_normalize(word)) > 0 as is_multi
  from public.vocabulary
), item_text as (
  select li.lesson_id, u.course_id, li.order_index,
         translate(jz_normalize(t.txt), ',.;:!?¿¡"()[]{}', '               ') as ntxt
  from public.lesson_items li
  join public.content_items ci on ci.id = li.item_id
  join public.lessons l on l.id = li.lesson_id
  join public.units u on u.id = l.unit_id
  cross join lateral (values
    (ci.correct_answer ->> 'value'), (ci.payload ->> 'text'),
    (ci.payload ->> 'say'), (ci.prompt)
  ) as t(txt)
  where coalesce(t.txt, '') <> ''
), tok as (
  select it.lesson_id, it.course_id, it.order_index, w
  from item_text it
  cross join lateral regexp_split_to_table(it.ntxt, '\s+') as w
  where length(w) >= 2
), pair as (
  select li.lesson_id, u.course_id, li.order_index, jz_normalize(p ->> 'en') as w
  from public.lesson_items li
  join public.content_items ci on ci.id = li.item_id
  join public.lessons l on l.id = li.lesson_id
  join public.units u on u.id = l.unit_id
  cross join lateral jsonb_array_elements(ci.payload -> 'pairs') as p
  where ci.type = 'match' and coalesce(p ->> 'en', '') <> ''
), exact_m as (
  select c.lesson_id, v.id as vocab_id, c.order_index
  from (select lesson_id, course_id, order_index, w from tok
        union all
        select lesson_id, course_id, order_index, w from pair) c
  join vn v on v.course_id = c.course_id and v.nw = c.w
), multi_m as (
  select it.lesson_id, v.id as vocab_id, it.order_index
  from item_text it
  join vn v on v.course_id = it.course_id and v.is_multi
   and (' ' || it.ntxt || ' ') like ('%' || ' ' || v.nw || ' ' || '%')
), allm as (
  select * from exact_m union all select * from multi_m
)
select lesson_id, vocab_id, min(order_index) as position
from allm
group by lesson_id, vocab_id
on conflict (lesson_id, vocab_id) do nothing;
