-- ============================================================================
-- Jezici · Migración 052 · Siembra del currículo A2 de PORTUGUÉS (es→pt)
-- ----------------------------------------------------------------------------
-- Curso es→pt (português do Brasil). Autorado + QA adversarial + validado contra
-- el grader. cefr 'A2'. CHECKPOINTS FRESCOS (ítems propios, tag 'cp_unidadN',
-- fuera del pool del examen de nivel). Namespace de ids separado (d2/d2b).
-- ============================================================================
begin;

-- ── Unidad 7 (A2·pt): El pasado: lo que hice ─────────────────────────────
insert into units (id, course_id, cefr_level, order_index, title, theme_color, icon) values
 ('32000000-0000-0000-0000-000000000007','20000000-0000-0000-0000-000000000002','A2',7,$p$El pasado: lo que hice$p$,'#E67E22','history')
on conflict (course_id, order_index) do update set title=excluded.title, theme_color=excluded.theme_color, icon=excluded.icon;
insert into lessons (id, unit_id, order_index, title, description, type, xp_reward) values
 ('42000000-0000-0000-0000-000000000701','32000000-0000-0000-0000-000000000007',1,$p$Ontem: pretérito perfeito regular$p$,$p$Ontem: pretérito perfeito regular$p$,'lesson',15),
 ('42000000-0000-0000-0000-000000000702','32000000-0000-0000-0000-000000000007',2,$p$Verbos irregulares (fui, fiz, tive)$p$,$p$Verbos irregulares (fui, fiz, tive)$p$,'lesson',15),
 ('42000000-0000-0000-0000-000000000703','32000000-0000-0000-0000-000000000007',3,$p$Preguntas en pasado$p$,$p$Preguntas en pasado$p$,'lesson',15),
 ('42000000-0000-0000-0000-000000000704','32000000-0000-0000-0000-000000000007',4,$p$No fim de semana: contar lo que pasó$p$,$p$No fim de semana: contar lo que pasó$p$,'lesson',15),
 ('42000000-0000-0000-0000-000000000705','32000000-0000-0000-0000-000000000007',5,$p$🏁 Checkpoint Unidade 7$p$,$p$Demuestra que sabes hablar del pasado en portugués de Brasil. Usa el pretérito perfeito regular (-ei, -ou) e irregular (fui, fiz, tive, vi), haz preguntas sobre ayer y cuenta lo que pasó el fin de semana. Necesitas 80% para aprobar.$p$,'checkpoint',40)
on conflict (unit_id, order_index) do update set title=excluded.title, description=excluded.description;
insert into exams (id, course_id, type, cefr_level, unit_id, time_limit_sec, pass_threshold, sections) values
 ('52000000-0000-0000-0000-000000000007','20000000-0000-0000-0000-000000000002','checkpoint','A2','32000000-0000-0000-0000-000000000007',300,0.80,$j${"skills":["reading","listening","writing","speaking"],"item_count":10,"randomize":true}$j$::jsonb)
on conflict (id) do nothing;
insert into content_items (id, course_id, cefr_level, skill, type, prompt, payload, correct_answer, difficulty, tags) values
 ('d2000001-0000-0000-0000-000000000001','20000000-0000-0000-0000-000000000002','A2','reading','match',
   $p$Empareja cada verbo en pasado con su traducción.$p$,
   $j${"pairs":[{"en":"trabalhei","es":"trabajé"},{"en":"estudei","es":"estudié"},{"en":"cheguei","es":"llegué"}]}$j$::jsonb, $j${"pairs":[["trabalhei","trabajé"],["estudei","estudié"],["cheguei","llegué"]]}$j$::jsonb,
   0.35, ARRAY['unidad7','preterito_perfeito_de_verbos_regulares_ei_eu_e_ou_ele_ela','reading']),
 ('d2000002-0000-0000-0000-000000000002','20000000-0000-0000-0000-000000000002','A2','reading','multiple_choice',
   $p$Completa: "Ontem eu ___ até tarde." (trabajar)$p$,
   $j${"options":["trabalhei","trabalho","trabalhou"]}$j$::jsonb, $j${"value":"trabalhei"}$j$::jsonb,
   0.35, ARRAY['unidad7','preterito_perfeito_de_verbos_regulares_ei_eu_e_ou_ele_ela','reading']),
 ('d2000003-0000-0000-0000-000000000003','20000000-0000-0000-0000-000000000002','A2','reading','multiple_choice',
   $p$Completa: "Ela ___ cedo de manhã." (despertarse)$p$,
   $j${"options":["acordou","acordei","acorda"]}$j$::jsonb, $j${"value":"acordou"}$j$::jsonb,
   0.35, ARRAY['unidad7','preterito_perfeito_de_verbos_regulares_ei_eu_e_ou_ele_ela','reading']),
 ('d2000004-0000-0000-0000-000000000004','20000000-0000-0000-0000-000000000002','A2','writing','cloze',
   $p$Completa con el pretérito perfeito de "estudar" (eu): "Eu ___ português ontem."$p$,
   $j${"text":"Eu ___ português ontem."}$j$::jsonb, $j${"value":"estudei","accepted":["estudei"]}$j$::jsonb,
   0.35, ARRAY['unidad7','preterito_perfeito_de_verbos_regulares_ei_eu_e_ou_ele_ela','writing']),
 ('d2000005-0000-0000-0000-000000000005','20000000-0000-0000-0000-000000000002','A2','writing','translation',
   $p$Traduce al portugués: "Ayer trabajé mucho."$p$,
   $j${"source":"Ayer trabajé mucho."}$j$::jsonb, $j${"value":"Ontem eu trabalhei muito.","accepted":["Ontem eu trabalhei muito.","Ontem trabalhei muito.","Ontem eu trabalhei muito","Ontem trabalhei muito","Eu trabalhei muito ontem.","Eu trabalhei muito ontem","Trabalhei muito ontem.","Trabalhei muito ontem"]}$j$::jsonb,
   0.35, ARRAY['unidad7','preterito_perfeito_de_verbos_regulares_ei_eu_e_ou_ele_ela','writing']),
 ('d2000006-0000-0000-0000-000000000006','20000000-0000-0000-0000-000000000002','A2','writing','word_bank',
   $p$Arma la frase: "Ella llegó temprano."$p$,
   $j${"tiles":["Ela","chegou","cedo","cheguei","tarde"]}$j$::jsonb, $j${"value":"Ela chegou cedo","sequence":["Ela","chegou","cedo"]}$j$::jsonb,
   0.35, ARRAY['unidad7','preterito_perfeito_de_verbos_regulares_ei_eu_e_ou_ele_ela','writing']),
 ('d2000007-0000-0000-0000-000000000007','20000000-0000-0000-0000-000000000002','A2','listening','listening',
   $p$Escucha y elige lo que oíste.$p$,
   $j${"options":["Ontem eu estudei de manhã.","Hoje eu estudo de manhã.","Ela trabalhou à noite."],"say":"Ontem eu estudei de manhã.","audio_url":"https://wiauinufpbkmjlbqlkxo.supabase.co/storage/v1/object/public/audio/items/d2000007-0000-0000-0000-000000000007.mp3"}$j$::jsonb, $j${"value":"Ontem eu estudei de manhã."}$j$::jsonb,
   0.35, ARRAY['unidad7','preterito_perfeito_de_verbos_regulares_ei_eu_e_ou_ele_ela','listening']),
 ('d2000008-0000-0000-0000-000000000008','20000000-0000-0000-0000-000000000002','A2','speaking','speaking_read_aloud',
   $p$Lee en voz alta:$p$,
   $j${"text":"Ontem eu trabalhei e depois descansei em casa.","audio_url":"https://wiauinufpbkmjlbqlkxo.supabase.co/storage/v1/object/public/audio/items/d2000008-0000-0000-0000-000000000008.mp3"}$j$::jsonb, $j${"expected":"Ontem eu trabalhei e depois descansei em casa."}$j$::jsonb,
   0.35, ARRAY['unidad7','preterito_perfeito_de_verbos_regulares_ei_eu_e_ou_ele_ela','speaking']),
 ('d2000009-0000-0000-0000-000000000009','20000000-0000-0000-0000-000000000002','A2','reading','match',
   $p$Empareja cada verbo irregular con su traducción.$p$,
   $j${"pairs":[{"en":"fui","es":"fui"},{"en":"fiz","es":"hice"},{"en":"tive","es":"tuve"}]}$j$::jsonb, $j${"pairs":[["fui","fui"],["fiz","hice"],["tive","tuve"]]}$j$::jsonb,
   0.35, ARRAY['unidad7','irregulares_del_preterito_perfeito_fui_ir_ser_fiz_fazer_tive_ter_vi_ver','reading']),
 ('d2000010-0000-0000-0000-000000000010','20000000-0000-0000-0000-000000000002','A2','reading','multiple_choice',
   $p$Completa: "Eu ___ ao mercado ontem." (ir)$p$,
   $j${"options":["fui","fiz","tive"]}$j$::jsonb, $j${"value":"fui"}$j$::jsonb,
   0.35, ARRAY['unidad7','irregulares_del_preterito_perfeito_fui_ir_ser_fiz_fazer_tive_ter_vi_ver','reading']),
 ('d2000011-0000-0000-0000-000000000011','20000000-0000-0000-0000-000000000002','A2','reading','multiple_choice',
   $p$Completa: "Ontem eu ___ um bolo de chocolate." (fazer)$p$,
   $j${"options":["fiz","fui","vi"]}$j$::jsonb, $j${"value":"fiz"}$j$::jsonb,
   0.35, ARRAY['unidad7','irregulares_del_preterito_perfeito_fui_ir_ser_fiz_fazer_tive_ter_vi_ver','reading']),
 ('d2000012-0000-0000-0000-000000000012','20000000-0000-0000-0000-000000000002','A2','writing','cloze',
   $p$Completa con el pretérito perfeito de "ter" (eu): "Ontem eu ___ uma reunião importante."$p$,
   $j${"text":"Ontem eu ___ uma reunião importante."}$j$::jsonb, $j${"value":"tive","accepted":["tive"]}$j$::jsonb,
   0.35, ARRAY['unidad7','irregulares_del_preterito_perfeito_fui_ir_ser_fiz_fazer_tive_ter_vi_ver','writing']),
 ('d2000013-0000-0000-0000-000000000013','20000000-0000-0000-0000-000000000002','A2','writing','translation',
   $p$Traduce al portugués: "Vi a mi amiga ayer."$p$,
   $j${"source":"Vi a mi amiga ayer."}$j$::jsonb, $j${"value":"Eu vi a minha amiga ontem.","accepted":["Eu vi a minha amiga ontem.","Eu vi a minha amiga ontem","Vi a minha amiga ontem.","Vi a minha amiga ontem","Eu vi minha amiga ontem.","Eu vi minha amiga ontem","Vi minha amiga ontem.","Vi minha amiga ontem"]}$j$::jsonb,
   0.35, ARRAY['unidad7','irregulares_del_preterito_perfeito_fui_ir_ser_fiz_fazer_tive_ter_vi_ver','writing']),
 ('d2000014-0000-0000-0000-000000000014','20000000-0000-0000-0000-000000000002','A2','writing','reorder',
   $p$Ordena las palabras: "Fui al cine ayer."$p$,
   $j${"tiles":["Eu","fui","ao","cinema","ontem"]}$j$::jsonb, $j${"value":"Eu fui ao cinema ontem"}$j$::jsonb,
   0.35, ARRAY['unidad7','irregulares_del_preterito_perfeito_fui_ir_ser_fiz_fazer_tive_ter_vi_ver','writing']),
 ('d2000015-0000-0000-0000-000000000015','20000000-0000-0000-0000-000000000002','A2','listening','listening',
   $p$Escucha y elige lo que oíste.$p$,
   $j${"options":["Eu fiz o jantar ontem à noite.","Eu faço o jantar todo dia.","Eu tive um dia tranquilo."],"say":"Eu fiz o jantar ontem à noite.","audio_url":"https://wiauinufpbkmjlbqlkxo.supabase.co/storage/v1/object/public/audio/items/d2000015-0000-0000-0000-000000000015.mp3"}$j$::jsonb, $j${"value":"Eu fiz o jantar ontem à noite."}$j$::jsonb,
   0.35, ARRAY['unidad7','irregulares_del_preterito_perfeito_fui_ir_ser_fiz_fazer_tive_ter_vi_ver','listening']),
 ('d2000016-0000-0000-0000-000000000016','20000000-0000-0000-0000-000000000002','A2','speaking','speaking_read_aloud',
   $p$Lee en voz alta:$p$,
   $j${"text":"Ontem eu fui ao trabalho e tive uma reunião longa.","audio_url":"https://wiauinufpbkmjlbqlkxo.supabase.co/storage/v1/object/public/audio/items/d2000016-0000-0000-0000-000000000016.mp3"}$j$::jsonb, $j${"expected":"Ontem eu fui ao trabalho e tive uma reunião longa."}$j$::jsonb,
   0.35, ARRAY['unidad7','irregulares_del_preterito_perfeito_fui_ir_ser_fiz_fazer_tive_ter_vi_ver','speaking']),
 ('d2000017-0000-0000-0000-000000000017','20000000-0000-0000-0000-000000000002','A2','reading','match',
   $p$Empareja la pregunta con su traducción.$p$,
   $j${"pairs":[{"en":"O que você fez?","es":"¿Qué hiciste?"},{"en":"Você foi?","es":"¿Fuiste?"},{"en":"Onde você esteve?","es":"¿Dónde estuviste?"}]}$j$::jsonb, $j${"pairs":[["O que você fez?","¿Qué hiciste?"],["Você foi?","¿Fuiste?"],["Onde você esteve?","¿Dónde estuviste?"]]}$j$::jsonb,
   0.35, ARRAY['unidad7','preguntas_y_negativas_en_preterito_perfeito_o_que_voce_fez_voce_foi_nao_fui','reading']),
 ('d2000018-0000-0000-0000-000000000018','20000000-0000-0000-0000-000000000002','A2','reading','multiple_choice',
   $p$Completa la pregunta: "___ você fez ontem?"$p$,
   $j${"options":["O que","Quem","Quando"]}$j$::jsonb, $j${"value":"O que"}$j$::jsonb,
   0.35, ARRAY['unidad7','preguntas_y_negativas_en_preterito_perfeito_o_que_voce_fez_voce_foi_nao_fui','reading']),
 ('d2000019-0000-0000-0000-000000000019','20000000-0000-0000-0000-000000000002','A2','reading','multiple_choice',
   $p$Forma la negativa: "Eu ___ trabalhei no domingo."$p$,
   $j${"options":["não","sim","nada"]}$j$::jsonb, $j${"value":"não"}$j$::jsonb,
   0.35, ARRAY['unidad7','preguntas_y_negativas_en_preterito_perfeito_o_que_voce_fez_voce_foi_nao_fui','reading']),
 ('d2000020-0000-0000-0000-000000000020','20000000-0000-0000-0000-000000000002','A2','writing','cloze',
   $p$Completa la pregunta con "foi" (você): "Você ___ à festa ontem?"$p$,
   $j${"text":"Você ___ à festa ontem?"}$j$::jsonb, $j${"value":"foi","accepted":["foi"]}$j$::jsonb,
   0.35, ARRAY['unidad7','preguntas_y_negativas_en_preterito_perfeito_o_que_voce_fez_voce_foi_nao_fui','writing']),
 ('d2000021-0000-0000-0000-000000000021','20000000-0000-0000-0000-000000000002','A2','writing','translation',
   $p$Traduce al portugués (Brasil): "¿Qué hiciste ayer?"$p$,
   $j${"source":"¿Qué hiciste ayer?"}$j$::jsonb, $j${"value":"O que você fez ontem?","accepted":["O que você fez ontem?","O que você fez ontem","O que voce fez ontem?","O que voce fez ontem","O que você fez ontem ?","Que você fez ontem?","Que você fez ontem"]}$j$::jsonb,
   0.35, ARRAY['unidad7','preguntas_y_negativas_en_preterito_perfeito_o_que_voce_fez_voce_foi_nao_fui','writing']),
 ('d2000022-0000-0000-0000-000000000022','20000000-0000-0000-0000-000000000002','A2','writing','word_bank',
   $p$Arma la frase: "No vi la película."$p$,
   $j${"tiles":["Eu","não","vi","o","filme","vejo"]}$j$::jsonb, $j${"value":"Eu não vi o filme","sequence":["Eu","não","vi","o","filme"]}$j$::jsonb,
   0.35, ARRAY['unidad7','preguntas_y_negativas_en_preterito_perfeito_o_que_voce_fez_voce_foi_nao_fui','writing']),
 ('d2000023-0000-0000-0000-000000000023','20000000-0000-0000-0000-000000000002','A2','listening','listening',
   $p$Escucha y elige lo que oíste.$p$,
   $j${"options":["Você foi ao trabalho ontem?","Você vai ao trabalho hoje?","Onde você esteve à noite?"],"say":"Você foi ao trabalho ontem?","audio_url":"https://wiauinufpbkmjlbqlkxo.supabase.co/storage/v1/object/public/audio/items/d2000023-0000-0000-0000-000000000023.mp3"}$j$::jsonb, $j${"value":"Você foi ao trabalho ontem?"}$j$::jsonb,
   0.35, ARRAY['unidad7','preguntas_y_negativas_en_preterito_perfeito_o_que_voce_fez_voce_foi_nao_fui','listening']),
 ('d2000024-0000-0000-0000-000000000024','20000000-0000-0000-0000-000000000002','A2','speaking','speaking_read_aloud',
   $p$Lee en voz alta:$p$,
   $j${"text":"O que você fez no fim de semana? Eu não fiz nada.","audio_url":"https://wiauinufpbkmjlbqlkxo.supabase.co/storage/v1/object/public/audio/items/d2000024-0000-0000-0000-000000000024.mp3"}$j$::jsonb, $j${"expected":"O que você fez no fim de semana? Eu não fiz nada."}$j$::jsonb,
   0.35, ARRAY['unidad7','preguntas_y_negativas_en_preterito_perfeito_o_que_voce_fez_voce_foi_nao_fui','speaking']),
 ('d2000025-0000-0000-0000-000000000025','20000000-0000-0000-0000-000000000002','A2','reading','match',
   $p$Empareja cada expresión con su traducción.$p$,
   $j${"pairs":[{"en":"no sábado","es":"el sábado"},{"en":"no domingo","es":"el domingo"},{"en":"a semana passada","es":"la semana pasada"}]}$j$::jsonb, $j${"pairs":[["no sábado","el sábado"],["no domingo","el domingo"],["a semana passada","la semana pasada"]]}$j$::jsonb,
   0.35, ARRAY['unidad7','narrar_el_fin_de_semana_en_preterito_perfeito_ir_fazer_ver_comprar_encontrar','reading']),
 ('d2000026-0000-0000-0000-000000000026','20000000-0000-0000-0000-000000000002','A2','reading','multiple_choice',
   $p$Completa: "No sábado eu ___ à praia." (ir)$p$,
   $j${"options":["fui","fiz","vou"]}$j$::jsonb, $j${"value":"fui"}$j$::jsonb,
   0.35, ARRAY['unidad7','narrar_el_fin_de_semana_en_preterito_perfeito_ir_fazer_ver_comprar_encontrar','reading']),
 ('d2000027-0000-0000-0000-000000000027','20000000-0000-0000-0000-000000000002','A2','reading','multiple_choice',
   $p$Completa: "No domingo eu ___ os meus amigos." (encontrar)$p$,
   $j${"options":["encontrei","encontro","encontrou"]}$j$::jsonb, $j${"value":"encontrei"}$j$::jsonb,
   0.35, ARRAY['unidad7','narrar_el_fin_de_semana_en_preterito_perfeito_ir_fazer_ver_comprar_encontrar','reading']),
 ('d2000028-0000-0000-0000-000000000028','20000000-0000-0000-0000-000000000002','A2','writing','cloze',
   $p$Completa con "comprou" (ela): "No fim de semana ela ___ um vestido novo."$p$,
   $j${"text":"No fim de semana ela ___ um vestido novo."}$j$::jsonb, $j${"value":"comprou","accepted":["comprou"]}$j$::jsonb,
   0.35, ARRAY['unidad7','narrar_el_fin_de_semana_en_preterito_perfeito_ir_fazer_ver_comprar_encontrar','writing']),
 ('d2000029-0000-0000-0000-000000000029','20000000-0000-0000-0000-000000000002','A2','writing','translation',
   $p$Traduce al portugués: "El fin de semana fui a la playa."$p$,
   $j${"source":"El fin de semana fui a la playa."}$j$::jsonb, $j${"value":"No fim de semana eu fui à praia.","accepted":["No fim de semana eu fui à praia.","No fim de semana eu fui à praia","No fim de semana fui à praia.","No fim de semana fui à praia","No fim de semana eu fui a praia.","No fim de semana eu fui a praia","No fim de semana fui a praia.","No fim de semana fui a praia","Eu fui à praia no fim de semana.","Eu fui à praia no fim de semana","No fim de semana eu fui na praia.","No fim de semana eu fui na praia","No fim de semana fui na praia.","No fim de semana fui na praia","Eu fui na praia no fim de semana.","Eu fui na praia no fim de semana"]}$j$::jsonb,
   0.35, ARRAY['unidad7','narrar_el_fin_de_semana_en_preterito_perfeito_ir_fazer_ver_comprar_encontrar','writing']),
 ('d2000030-0000-0000-0000-000000000030','20000000-0000-0000-0000-000000000002','A2','writing','reorder',
   $p$Ordena las palabras: "El domingo descansé en casa."$p$,
   $j${"tiles":["No","domingo","eu","descansei","em","casa"]}$j$::jsonb, $j${"value":"No domingo eu descansei em casa"}$j$::jsonb,
   0.35, ARRAY['unidad7','narrar_el_fin_de_semana_en_preterito_perfeito_ir_fazer_ver_comprar_encontrar','writing']),
 ('d2000031-0000-0000-0000-000000000031','20000000-0000-0000-0000-000000000002','A2','listening','listening',
   $p$Escucha y elige lo que oíste.$p$,
   $j${"options":["No sábado eu vi um filme com a minha família.","No sábado eu vejo um filme com a minha família.","No domingo eu fui ao mercado."],"say":"No sábado eu vi um filme com a minha família.","audio_url":"https://wiauinufpbkmjlbqlkxo.supabase.co/storage/v1/object/public/audio/items/d2000031-0000-0000-0000-000000000031.mp3"}$j$::jsonb, $j${"value":"No sábado eu vi um filme com a minha família."}$j$::jsonb,
   0.35, ARRAY['unidad7','narrar_el_fin_de_semana_en_preterito_perfeito_ir_fazer_ver_comprar_encontrar','listening']),
 ('d2000032-0000-0000-0000-000000000032','20000000-0000-0000-0000-000000000002','A2','speaking','speaking_read_aloud',
   $p$Lee en voz alta:$p$,
   $j${"text":"No fim de semana eu fui à praia, comi um açaí e descansei bastante.","audio_url":"https://wiauinufpbkmjlbqlkxo.supabase.co/storage/v1/object/public/audio/items/d2000032-0000-0000-0000-000000000032.mp3"}$j$::jsonb, $j${"expected":"No fim de semana eu fui à praia, comi um açaí e descansei bastante."}$j$::jsonb,
   0.35, ARRAY['unidad7','narrar_el_fin_de_semana_en_preterito_perfeito_ir_fazer_ver_comprar_encontrar','speaking']),
 ('d2000033-0000-0000-0000-000000000033','20000000-0000-0000-0000-000000000002','A2','reading','multiple_choice',
   $p$Completa: "Ontem eu ___ no restaurante novo." (cenar)$p$,
   $j${"options":["jantei","jantou","janto"]}$j$::jsonb, $j${"value":"jantei"}$j$::jsonb,
   0.35, ARRAY['cp_unidad7','checkpoint','reading']),
 ('d2000034-0000-0000-0000-000000000034','20000000-0000-0000-0000-000000000002','A2','reading','match',
   $p$Empareja cada verbo en pasado con su traducción.$p$,
   $j${"pairs":[{"en":"vi","es":"vi"},{"en":"comprou","es":"compró"},{"en":"foi","es":"fue"}]}$j$::jsonb, $j${"pairs":[["vi","vi"],["comprou","compró"],["foi","fue"]]}$j$::jsonb,
   0.35, ARRAY['cp_unidad7','checkpoint','reading']),
 ('d2000035-0000-0000-0000-000000000035','20000000-0000-0000-0000-000000000002','A2','reading','multiple_choice',
   $p$Forma la pregunta: "___ você foi no domingo?"$p$,
   $j${"options":["Onde","O que","Quem"]}$j$::jsonb, $j${"value":"Onde"}$j$::jsonb,
   0.35, ARRAY['cp_unidad7','checkpoint','reading']),
 ('d2000036-0000-0000-0000-000000000036','20000000-0000-0000-0000-000000000002','A2','writing','cloze',
   $p$Completa con el pretérito perfeito de "comprar" (eu): "Sábado passado eu ___ um celular novo."$p$,
   $j${"text":"Sábado passado eu ___ um celular novo."}$j$::jsonb, $j${"value":"comprei","accepted":["comprei"]}$j$::jsonb,
   0.35, ARRAY['cp_unidad7','checkpoint','writing']),
 ('d2000037-0000-0000-0000-000000000037','20000000-0000-0000-0000-000000000002','A2','writing','translation',
   $p$Traduce al portugués: "No hice nada el domingo."$p$,
   $j${"source":"No hice nada el domingo."}$j$::jsonb, $j${"value":"Eu não fiz nada no domingo.","accepted":["Eu não fiz nada no domingo.","Eu não fiz nada no domingo","Não fiz nada no domingo.","Não fiz nada no domingo","Eu nao fiz nada no domingo.","Eu nao fiz nada no domingo","Nao fiz nada no domingo.","Nao fiz nada no domingo","No domingo eu não fiz nada.","No domingo eu não fiz nada","No domingo eu nao fiz nada.","No domingo eu nao fiz nada"]}$j$::jsonb,
   0.35, ARRAY['cp_unidad7','checkpoint','writing']),
 ('d2000038-0000-0000-0000-000000000038','20000000-0000-0000-0000-000000000002','A2','writing','word_bank',
   $p$Arma la frase: "¿Qué hiciste ayer por la noche?"$p$,
   $j${"tiles":["O","que","você","fez","ontem","à","noite","faz"]}$j$::jsonb, $j${"value":"O que você fez ontem à noite","sequence":["O","que","você","fez","ontem","à","noite"]}$j$::jsonb,
   0.35, ARRAY['cp_unidad7','checkpoint','writing']),
 ('d2000039-0000-0000-0000-000000000039','20000000-0000-0000-0000-000000000002','A2','listening','listening',
   $p$Escucha y elige lo que oíste.$p$,
   $j${"options":["Anteontem eu tive um dia muito cheio.","Hoje eu tenho um dia muito cheio.","Ontem eu fiz o almoço."],"say":"Anteontem eu tive um dia muito cheio.","audio_url":"https://wiauinufpbkmjlbqlkxo.supabase.co/storage/v1/object/public/audio/items/d2000039-0000-0000-0000-000000000039.mp3"}$j$::jsonb, $j${"value":"Anteontem eu tive um dia muito cheio."}$j$::jsonb,
   0.35, ARRAY['cp_unidad7','checkpoint','listening']),
 ('d2000040-0000-0000-0000-000000000040','20000000-0000-0000-0000-000000000002','A2','listening','listening',
   $p$Escucha y elige lo que oíste.$p$,
   $j${"options":["Você comprou alguma coisa no shopping?","Você compra alguma coisa no shopping?","Ela vendeu o carro dela."],"say":"Você comprou alguma coisa no shopping?","audio_url":"https://wiauinufpbkmjlbqlkxo.supabase.co/storage/v1/object/public/audio/items/d2000040-0000-0000-0000-000000000040.mp3"}$j$::jsonb, $j${"value":"Você comprou alguma coisa no shopping?"}$j$::jsonb,
   0.35, ARRAY['cp_unidad7','checkpoint','listening']),
 ('d2000041-0000-0000-0000-000000000041','20000000-0000-0000-0000-000000000002','A2','speaking','speaking_read_aloud',
   $p$Lee en voz alta:$p$,
   $j${"text":"No sábado eu fui ao parque e à noite encontrei os meus amigos.","audio_url":"https://wiauinufpbkmjlbqlkxo.supabase.co/storage/v1/object/public/audio/items/d2000041-0000-0000-0000-000000000041.mp3"}$j$::jsonb, $j${"expected":"No sábado eu fui ao parque e à noite encontrei os meus amigos."}$j$::jsonb,
   0.35, ARRAY['cp_unidad7','checkpoint','speaking']),
 ('d2000042-0000-0000-0000-000000000042','20000000-0000-0000-0000-000000000002','A2','speaking','speaking_read_aloud',
   $p$Lee en voz alta:$p$,
   $j${"text":"A semana passada eu trabalhei muito, mas no domingo eu não fiz nada.","audio_url":"https://wiauinufpbkmjlbqlkxo.supabase.co/storage/v1/object/public/audio/items/d2000042-0000-0000-0000-000000000042.mp3"}$j$::jsonb, $j${"expected":"A semana passada eu trabalhei muito, mas no domingo eu não fiz nada."}$j$::jsonb,
   0.35, ARRAY['cp_unidad7','checkpoint','speaking'])
on conflict (id) do update set prompt=excluded.prompt, payload=excluded.payload, correct_answer=excluded.correct_answer, difficulty=excluded.difficulty, tags=excluded.tags, updated_at=now();
insert into lesson_items (lesson_id, item_id, order_index) values
 ('42000000-0000-0000-0000-000000000701','d2000001-0000-0000-0000-000000000001',1),
 ('42000000-0000-0000-0000-000000000701','d2000002-0000-0000-0000-000000000002',2),
 ('42000000-0000-0000-0000-000000000701','d2000003-0000-0000-0000-000000000003',3),
 ('42000000-0000-0000-0000-000000000701','d2000004-0000-0000-0000-000000000004',4),
 ('42000000-0000-0000-0000-000000000701','d2000005-0000-0000-0000-000000000005',5),
 ('42000000-0000-0000-0000-000000000701','d2000006-0000-0000-0000-000000000006',6),
 ('42000000-0000-0000-0000-000000000701','d2000007-0000-0000-0000-000000000007',7),
 ('42000000-0000-0000-0000-000000000701','d2000008-0000-0000-0000-000000000008',8),
 ('42000000-0000-0000-0000-000000000702','d2000009-0000-0000-0000-000000000009',1),
 ('42000000-0000-0000-0000-000000000702','d2000010-0000-0000-0000-000000000010',2),
 ('42000000-0000-0000-0000-000000000702','d2000011-0000-0000-0000-000000000011',3),
 ('42000000-0000-0000-0000-000000000702','d2000012-0000-0000-0000-000000000012',4),
 ('42000000-0000-0000-0000-000000000702','d2000013-0000-0000-0000-000000000013',5),
 ('42000000-0000-0000-0000-000000000702','d2000014-0000-0000-0000-000000000014',6),
 ('42000000-0000-0000-0000-000000000702','d2000015-0000-0000-0000-000000000015',7),
 ('42000000-0000-0000-0000-000000000702','d2000016-0000-0000-0000-000000000016',8),
 ('42000000-0000-0000-0000-000000000703','d2000017-0000-0000-0000-000000000017',1),
 ('42000000-0000-0000-0000-000000000703','d2000018-0000-0000-0000-000000000018',2),
 ('42000000-0000-0000-0000-000000000703','d2000019-0000-0000-0000-000000000019',3),
 ('42000000-0000-0000-0000-000000000703','d2000020-0000-0000-0000-000000000020',4),
 ('42000000-0000-0000-0000-000000000703','d2000021-0000-0000-0000-000000000021',5),
 ('42000000-0000-0000-0000-000000000703','d2000022-0000-0000-0000-000000000022',6),
 ('42000000-0000-0000-0000-000000000703','d2000023-0000-0000-0000-000000000023',7),
 ('42000000-0000-0000-0000-000000000703','d2000024-0000-0000-0000-000000000024',8),
 ('42000000-0000-0000-0000-000000000704','d2000025-0000-0000-0000-000000000025',1),
 ('42000000-0000-0000-0000-000000000704','d2000026-0000-0000-0000-000000000026',2),
 ('42000000-0000-0000-0000-000000000704','d2000027-0000-0000-0000-000000000027',3),
 ('42000000-0000-0000-0000-000000000704','d2000028-0000-0000-0000-000000000028',4),
 ('42000000-0000-0000-0000-000000000704','d2000029-0000-0000-0000-000000000029',5),
 ('42000000-0000-0000-0000-000000000704','d2000030-0000-0000-0000-000000000030',6),
 ('42000000-0000-0000-0000-000000000704','d2000031-0000-0000-0000-000000000031',7),
 ('42000000-0000-0000-0000-000000000704','d2000032-0000-0000-0000-000000000032',8),
 ('42000000-0000-0000-0000-000000000705','d2000033-0000-0000-0000-000000000033',1),
 ('42000000-0000-0000-0000-000000000705','d2000034-0000-0000-0000-000000000034',2),
 ('42000000-0000-0000-0000-000000000705','d2000035-0000-0000-0000-000000000035',3),
 ('42000000-0000-0000-0000-000000000705','d2000036-0000-0000-0000-000000000036',4),
 ('42000000-0000-0000-0000-000000000705','d2000037-0000-0000-0000-000000000037',5),
 ('42000000-0000-0000-0000-000000000705','d2000038-0000-0000-0000-000000000038',6),
 ('42000000-0000-0000-0000-000000000705','d2000039-0000-0000-0000-000000000039',7),
 ('42000000-0000-0000-0000-000000000705','d2000040-0000-0000-0000-000000000040',8),
 ('42000000-0000-0000-0000-000000000705','d2000041-0000-0000-0000-000000000041',9),
 ('42000000-0000-0000-0000-000000000705','d2000042-0000-0000-0000-000000000042',10)
on conflict (lesson_id, item_id) do nothing;
insert into vocabulary (id, course_id, word, translation, frequency_rank, part_of_speech) values
 ('d2b00001-0000-0000-0000-000000000001','20000000-0000-0000-0000-000000000002',$p$ontem$p$,$p$ayer$p$,440,'adv'),
 ('d2b00002-0000-0000-0000-000000000002','20000000-0000-0000-0000-000000000002',$p$anteontem$p$,$p$anteayer$p$,441,'adv'),
 ('d2b00003-0000-0000-0000-000000000003','20000000-0000-0000-0000-000000000002',$p$o fim de semana$p$,$p$el fin de semana$p$,442,'n'),
 ('d2b00004-0000-0000-0000-000000000004','20000000-0000-0000-0000-000000000002',$p$a semana passada$p$,$p$la semana pasada$p$,443,'n'),
 ('d2b00005-0000-0000-0000-000000000005','20000000-0000-0000-0000-000000000002',$p$fui$p$,$p$fui$p$,444,'v'),
 ('d2b00006-0000-0000-0000-000000000006','20000000-0000-0000-0000-000000000002',$p$fiz$p$,$p$hice$p$,445,'v'),
 ('d2b00007-0000-0000-0000-000000000007','20000000-0000-0000-0000-000000000002',$p$tive$p$,$p$tuve$p$,446,'v'),
 ('d2b00008-0000-0000-0000-000000000008','20000000-0000-0000-0000-000000000002',$p$vi$p$,$p$vi$p$,447,'v'),
 ('d2b00009-0000-0000-0000-000000000009','20000000-0000-0000-0000-000000000002',$p$trabalhei$p$,$p$trabajé$p$,448,'v'),
 ('d2b00010-0000-0000-0000-000000000010','20000000-0000-0000-0000-000000000002',$p$cheguei$p$,$p$llegué$p$,449,'v'),
 ('d2b00011-0000-0000-0000-000000000011','20000000-0000-0000-0000-000000000002',$p$comprou$p$,$p$compró$p$,450,'v'),
 ('d2b00012-0000-0000-0000-000000000012','20000000-0000-0000-0000-000000000002',$p$acordou$p$,$p$se despertó$p$,451,'v'),
 ('d2b00013-0000-0000-0000-000000000013','20000000-0000-0000-0000-000000000002',$p$de manhã$p$,$p$por la mañana$p$,452,'adv'),
 ('d2b00014-0000-0000-0000-000000000014','20000000-0000-0000-0000-000000000002',$p$à noite$p$,$p$por la noche$p$,453,'adv'),
 ('d2b00015-0000-0000-0000-000000000015','20000000-0000-0000-0000-000000000002',$p$nada$p$,$p$nada$p$,454,'pron'),
 ('d2b00016-0000-0000-0000-000000000016','20000000-0000-0000-0000-000000000002',$p$o que$p$,$p$qué$p$,455,'pron')
on conflict (id) do nothing;

-- ── Unidad 8 (A2·pt): Planes y futuro ─────────────────────────────
insert into units (id, course_id, cefr_level, order_index, title, theme_color, icon) values
 ('32000000-0000-0000-0000-000000000008','20000000-0000-0000-0000-000000000002','A2',8,$p$Planes y futuro$p$,'#3FA7D6','event')
on conflict (course_id, order_index) do update set title=excluded.title, theme_color=excluded.theme_color, icon=excluded.icon;
insert into lessons (id, unit_id, order_index, title, description, type, xp_reward) values
 ('42000000-0000-0000-0000-000000000801','32000000-0000-0000-0000-000000000008',1,$p$Vou fazer: ir + infinitivo$p$,$p$Vou fazer: ir + infinitivo$p$,'lesson',15),
 ('42000000-0000-0000-0000-000000000802','32000000-0000-0000-0000-000000000008',2,$p$Vamos…? proponer planes$p$,$p$Vamos…? proponer planes$p$,'lesson',15),
 ('42000000-0000-0000-0000-000000000803','32000000-0000-0000-0000-000000000008',3,$p$Cuándo: expresiones de tiempo futuro$p$,$p$Cuándo: expresiones de tiempo futuro$p$,'lesson',15),
 ('42000000-0000-0000-0000-000000000804','32000000-0000-0000-0000-000000000008',4,$p$Quedar con alguien$p$,$p$Quedar con alguien$p$,'lesson',15),
 ('42000000-0000-0000-0000-000000000805','32000000-0000-0000-0000-000000000008',5,$p$🏁 Checkpoint Unidade 8$p$,$p$Demuestra que sabes hablar de tus planes en portugués de Brasil. Usa "ir + infinitivo" (vou viajar), propón planes con "vamos…?" y "que tal…?", y maneja las expresiones de tiempo futuro (amanhã, semana que vem). El checkpoint mezcla las cuatro habilidades con frases nuevas para medir si puedes transferir lo aprendido.$p$,'checkpoint',40)
on conflict (unit_id, order_index) do update set title=excluded.title, description=excluded.description;
insert into exams (id, course_id, type, cefr_level, unit_id, time_limit_sec, pass_threshold, sections) values
 ('52000000-0000-0000-0000-000000000008','20000000-0000-0000-0000-000000000002','checkpoint','A2','32000000-0000-0000-0000-000000000008',300,0.80,$j${"skills":["reading","listening","writing","speaking"],"item_count":10,"randomize":true}$j$::jsonb)
on conflict (id) do nothing;
insert into content_items (id, course_id, cefr_level, skill, type, prompt, payload, correct_answer, difficulty, tags) values
 ('d2000043-0000-0000-0000-000000000043','20000000-0000-0000-0000-000000000002','A2','reading','match',
   $p$Empareja cada forma de "ir" con su sujeto.$p$,
   $j${"pairs":[{"en":"eu vou","es":"yo voy"},{"en":"você vai","es":"tú vas / usted va"},{"en":"nós vamos","es":"nosotros vamos"}]}$j$::jsonb, $j${"pairs":[["eu vou","yo voy"],["você vai","tú vas / usted va"],["nós vamos","nosotros vamos"]]}$j$::jsonb,
   0.35, ARRAY['unidad8','hablar_de_planes_con_ir_infinitivo_vou_viajar','reading']),
 ('d2000044-0000-0000-0000-000000000044','20000000-0000-0000-0000-000000000002','A2','reading','multiple_choice',
   $p$Completa: "Amanhã eu ___ viajar para o Rio."$p$,
   $j${"options":["vou","vai","vamos"]}$j$::jsonb, $j${"value":"vou"}$j$::jsonb,
   0.35, ARRAY['unidad8','hablar_de_planes_con_ir_infinitivo_vou_viajar','reading']),
 ('d2000045-0000-0000-0000-000000000045','20000000-0000-0000-0000-000000000002','A2','reading','multiple_choice',
   $p$Completa: "Ela vai ___ um bolo no fim de semana."$p$,
   $j${"options":["fazer","fez","fazendo"]}$j$::jsonb, $j${"value":"fazer"}$j$::jsonb,
   0.35, ARRAY['unidad8','hablar_de_planes_con_ir_infinitivo_vou_viajar','reading']),
 ('d2000046-0000-0000-0000-000000000046','20000000-0000-0000-0000-000000000002','A2','writing','cloze',
   $p$Completa con la forma de "ir": "Nós ___ estudar hoje à noite."$p$,
   $j${"text":"Nós ___ estudar hoje à noite."}$j$::jsonb, $j${"value":"vamos","accepted":["vamos"]}$j$::jsonb,
   0.35, ARRAY['unidad8','hablar_de_planes_con_ir_infinitivo_vou_viajar','writing']),
 ('d2000047-0000-0000-0000-000000000047','20000000-0000-0000-0000-000000000002','A2','writing','translation',
   $p$Traduce al portugués: "Voy a viajar la próxima semana."$p$,
   $j${"source":"Voy a viajar la próxima semana."}$j$::jsonb, $j${"value":"Vou viajar semana que vem.","accepted":["Vou viajar semana que vem","Vou viajar semana que vem.","Vou viajar na semana que vem","Vou viajar na semana que vem.","Eu vou viajar semana que vem","Eu vou viajar semana que vem.","Eu vou viajar na semana que vem","Eu vou viajar na semana que vem."]}$j$::jsonb,
   0.35, ARRAY['unidad8','hablar_de_planes_con_ir_infinitivo_vou_viajar','writing']),
 ('d2000048-0000-0000-0000-000000000048','20000000-0000-0000-0000-000000000002','A2','writing','word_bank',
   $p$Arma la frase: "Ellos van a comprar las entradas."$p$,
   $j${"tiles":["Eles","vão","comprar","os","ingressos","vai","compraram"]}$j$::jsonb, $j${"value":"Eles vão comprar os ingressos","sequence":["Eles","vão","comprar","os","ingressos"]}$j$::jsonb,
   0.35, ARRAY['unidad8','hablar_de_planes_con_ir_infinitivo_vou_viajar','writing']),
 ('d2000049-0000-0000-0000-000000000049','20000000-0000-0000-0000-000000000002','A2','listening','listening',
   $p$Escucha y elige lo que oíste.$p$,
   $j${"options":["Eu vou trabalhar amanhã de manhã.","Eu trabalhei ontem de manhã.","Eu estou trabalhando agora."],"say":"Eu vou trabalhar amanhã de manhã.","audio_url":"https://wiauinufpbkmjlbqlkxo.supabase.co/storage/v1/object/public/audio/items/d2000049-0000-0000-0000-000000000049.mp3"}$j$::jsonb, $j${"value":"Eu vou trabalhar amanhã de manhã."}$j$::jsonb,
   0.35, ARRAY['unidad8','hablar_de_planes_con_ir_infinitivo_vou_viajar','listening']),
 ('d2000050-0000-0000-0000-000000000050','20000000-0000-0000-0000-000000000002','A2','speaking','speaking_read_aloud',
   $p$Lee en voz alta:$p$,
   $j${"text":"Amanhã eu vou visitar a minha família.","audio_url":"https://wiauinufpbkmjlbqlkxo.supabase.co/storage/v1/object/public/audio/items/d2000050-0000-0000-0000-000000000050.mp3"}$j$::jsonb, $j${"expected":"Amanhã eu vou visitar a minha família."}$j$::jsonb,
   0.35, ARRAY['unidad8','hablar_de_planes_con_ir_infinitivo_vou_viajar','speaking']),
 ('d2000051-0000-0000-0000-000000000051','20000000-0000-0000-0000-000000000002','A2','reading','match',
   $p$Empareja la propuesta con su sentido.$p$,
   $j${"pairs":[{"en":"Vamos ao cinema?","es":"¿Vamos al cine?"},{"en":"Que tal um café?","es":"¿Qué tal un café?"},{"en":"Bora!","es":"¡Vamos! / ¡Dale!"}]}$j$::jsonb, $j${"pairs":[["Vamos ao cinema?","¿Vamos al cine?"],["Que tal um café?","¿Qué tal un café?"],["Bora!","¡Vamos! / ¡Dale!"]]}$j$::jsonb,
   0.35, ARRAY['unidad8','proponer_planes_con_vamos_y_que_tal','reading']),
 ('d2000052-0000-0000-0000-000000000052','20000000-0000-0000-0000-000000000002','A2','reading','multiple_choice',
   $p$Completa una propuesta: "___ jantar fora hoje à noite?"$p$,
   $j${"options":["Vamos","Fomos","Vou"]}$j$::jsonb, $j${"value":"Vamos"}$j$::jsonb,
   0.35, ARRAY['unidad8','proponer_planes_con_vamos_y_que_tal','reading']),
 ('d2000053-0000-0000-0000-000000000053','20000000-0000-0000-0000-000000000002','A2','reading','multiple_choice',
   $p$Completa: "Que ___ ir à praia no domingo?"$p$,
   $j${"options":["tal","tem","vez"]}$j$::jsonb, $j${"value":"tal"}$j$::jsonb,
   0.35, ARRAY['unidad8','proponer_planes_con_vamos_y_que_tal','reading']),
 ('d2000054-0000-0000-0000-000000000054','20000000-0000-0000-0000-000000000002','A2','writing','cloze',
   $p$Completa la propuesta: "___ assistir a um filme hoje?" (nosotros)$p$,
   $j${"text":"___ assistir a um filme hoje?"}$j$::jsonb, $j${"value":"Vamos","accepted":["Vamos"]}$j$::jsonb,
   0.35, ARRAY['unidad8','proponer_planes_con_vamos_y_que_tal','writing']),
 ('d2000055-0000-0000-0000-000000000055','20000000-0000-0000-0000-000000000002','A2','writing','translation',
   $p$Traduce al portugués: "¿Qué tal cenar juntos mañana?"$p$,
   $j${"source":"¿Qué tal cenar juntos mañana?"}$j$::jsonb, $j${"value":"Que tal jantar juntos amanhã?","accepted":["Que tal jantar juntos amanhã?","Que tal jantar juntos amanhã","Que tal jantar junto amanhã?","Que tal jantar junto amanhã","Que tal a gente jantar junto amanhã?","Que tal a gente jantar junto amanhã","Que tal a gente jantar juntos amanhã?","Que tal a gente jantar juntos amanhã","Que tal jantarmos juntos amanhã?","Que tal jantarmos juntos amanhã"]}$j$::jsonb,
   0.35, ARRAY['unidad8','proponer_planes_con_vamos_y_que_tal','writing']),
 ('d2000056-0000-0000-0000-000000000056','20000000-0000-0000-0000-000000000002','A2','writing','reorder',
   $p$Ordena para proponer un plan: "Vamos tomar um café depois?"$p$,
   $j${"tiles":["Vamos","tomar","um","café","depois?"]}$j$::jsonb, $j${"value":"Vamos tomar um café depois?"}$j$::jsonb,
   0.35, ARRAY['unidad8','proponer_planes_con_vamos_y_que_tal','writing']),
 ('d2000057-0000-0000-0000-000000000057','20000000-0000-0000-0000-000000000002','A2','listening','listening',
   $p$Escucha y elige lo que oíste.$p$,
   $j${"options":["Que tal a gente sair no sábado?","A gente saiu no sábado.","Eu não quero sair hoje."],"say":"Que tal a gente sair no sábado?","audio_url":"https://wiauinufpbkmjlbqlkxo.supabase.co/storage/v1/object/public/audio/items/d2000057-0000-0000-0000-000000000057.mp3"}$j$::jsonb, $j${"value":"Que tal a gente sair no sábado?"}$j$::jsonb,
   0.35, ARRAY['unidad8','proponer_planes_con_vamos_y_que_tal','listening']),
 ('d2000058-0000-0000-0000-000000000058','20000000-0000-0000-0000-000000000002','A2','speaking','speaking_read_aloud',
   $p$Lee en voz alta:$p$,
   $j${"text":"Vamos ao shopping mais tarde?","audio_url":"https://wiauinufpbkmjlbqlkxo.supabase.co/storage/v1/object/public/audio/items/d2000058-0000-0000-0000-000000000058.mp3"}$j$::jsonb, $j${"expected":"Vamos ao shopping mais tarde?"}$j$::jsonb,
   0.35, ARRAY['unidad8','proponer_planes_con_vamos_y_que_tal','speaking']),
 ('d2000059-0000-0000-0000-000000000059','20000000-0000-0000-0000-000000000002','A2','reading','match',
   $p$Empareja cada expresión de tiempo.$p$,
   $j${"pairs":[{"en":"amanhã","es":"mañana"},{"en":"semana que vem","es":"la próxima semana"},{"en":"depois de amanhã","es":"pasado mañana"}]}$j$::jsonb, $j${"pairs":[["amanhã","mañana"],["semana que vem","la próxima semana"],["depois de amanhã","pasado mañana"]]}$j$::jsonb,
   0.35, ARRAY['unidad8','expresiones_de_tiempo_futuro_amanha_semana_que_vem_logo','reading']),
 ('d2000060-0000-0000-0000-000000000060','20000000-0000-0000-0000-000000000002','A2','reading','multiple_choice',
   $p$Elige el momento futuro: "Vou te ligar ___."$p$,
   $j${"options":["mais tarde","ontem","na semana passada"]}$j$::jsonb, $j${"value":"mais tarde"}$j$::jsonb,
   0.35, ARRAY['unidad8','expresiones_de_tiempo_futuro_amanha_semana_que_vem_logo','reading']),
 ('d2000061-0000-0000-0000-000000000061','20000000-0000-0000-0000-000000000002','A2','reading','multiple_choice',
   $p$"logo" significa…$p$,
   $j${"options":["pronto","ayer","nunca"]}$j$::jsonb, $j${"value":"pronto"}$j$::jsonb,
   0.35, ARRAY['unidad8','expresiones_de_tiempo_futuro_amanha_semana_que_vem_logo','reading']),
 ('d2000062-0000-0000-0000-000000000062','20000000-0000-0000-0000-000000000002','A2','writing','cloze',
   $p$Completa: "A festa é ___ sábado."$p$,
   $j${"text":"A festa é ___ sábado."}$j$::jsonb, $j${"value":"no","accepted":["no"]}$j$::jsonb,
   0.35, ARRAY['unidad8','expresiones_de_tiempo_futuro_amanha_semana_que_vem_logo','writing']),
 ('d2000063-0000-0000-0000-000000000063','20000000-0000-0000-0000-000000000002','A2','writing','translation',
   $p$Traduce al portugués: "El mes que viene voy a estudiar más."$p$,
   $j${"source":"El mes que viene voy a estudiar más."}$j$::jsonb, $j${"value":"Mês que vem vou estudar mais.","accepted":["Mês que vem vou estudar mais","Mês que vem vou estudar mais.","No mês que vem vou estudar mais","No mês que vem vou estudar mais.","Mês que vem eu vou estudar mais","Mês que vem eu vou estudar mais.","No mês que vem eu vou estudar mais","No mês que vem eu vou estudar mais."]}$j$::jsonb,
   0.35, ARRAY['unidad8','expresiones_de_tiempo_futuro_amanha_semana_que_vem_logo','writing']),
 ('d2000064-0000-0000-0000-000000000064','20000000-0000-0000-0000-000000000002','A2','writing','word_bank',
   $p$Arma la frase: "Pasado mañana tengo un feriado."$p$,
   $j${"tiles":["Depois","de","amanhã","eu","tenho","um","feriado","tinha"]}$j$::jsonb, $j${"value":"Depois de amanhã eu tenho um feriado","sequence":["Depois","de","amanhã","eu","tenho","um","feriado"]}$j$::jsonb,
   0.35, ARRAY['unidad8','expresiones_de_tiempo_futuro_amanha_semana_que_vem_logo','writing']),
 ('d2000065-0000-0000-0000-000000000065','20000000-0000-0000-0000-000000000002','A2','listening','listening',
   $p$Escucha y elige lo que oíste.$p$,
   $j${"options":["A reunião vai ser semana que vem.","A reunião foi semana passada.","A reunião é todo dia."],"say":"A reunião vai ser semana que vem.","audio_url":"https://wiauinufpbkmjlbqlkxo.supabase.co/storage/v1/object/public/audio/items/d2000065-0000-0000-0000-000000000065.mp3"}$j$::jsonb, $j${"value":"A reunião vai ser semana que vem."}$j$::jsonb,
   0.35, ARRAY['unidad8','expresiones_de_tiempo_futuro_amanha_semana_que_vem_logo','listening']),
 ('d2000066-0000-0000-0000-000000000066','20000000-0000-0000-0000-000000000002','A2','speaking','speaking_read_aloud',
   $p$Lee en voz alta:$p$,
   $j${"text":"No fim de semana eu vou descansar.","audio_url":"https://wiauinufpbkmjlbqlkxo.supabase.co/storage/v1/object/public/audio/items/d2000066-0000-0000-0000-000000000066.mp3"}$j$::jsonb, $j${"expected":"No fim de semana eu vou descansar."}$j$::jsonb,
   0.35, ARRAY['unidad8','expresiones_de_tiempo_futuro_amanha_semana_que_vem_logo','speaking']),
 ('d2000067-0000-0000-0000-000000000067','20000000-0000-0000-0000-000000000002','A2','reading','match',
   $p$Empareja cada frase para quedar.$p$,
   $j${"pairs":[{"en":"A que horas?","es":"¿A qué hora?"},{"en":"Onde a gente se encontra?","es":"¿Dónde nos vemos?"},{"en":"Combinado!","es":"¡Hecho! / ¡Quedamos!"}]}$j$::jsonb, $j${"pairs":[["A que horas?","¿A qué hora?"],["Onde a gente se encontra?","¿Dónde nos vemos?"],["Combinado!","¡Hecho! / ¡Quedamos!"]]}$j$::jsonb,
   0.35, ARRAY['unidad8','quedar_con_alguien_combinar_encontrar_horarios','reading']),
 ('d2000068-0000-0000-0000-000000000068','20000000-0000-0000-0000-000000000002','A2','reading','multiple_choice',
   $p$Completa: "A gente se ___ na frente do metrô."$p$,
   $j${"options":["encontra","encontrou","encontrar"]}$j$::jsonb, $j${"value":"encontra"}$j$::jsonb,
   0.35, ARRAY['unidad8','quedar_con_alguien_combinar_encontrar_horarios','reading']),
 ('d2000069-0000-0000-0000-000000000069','20000000-0000-0000-0000-000000000002','A2','reading','multiple_choice',
   $p$Para confirmar un plan respondes…$p$,
   $j${"options":["Combinado!","Tchau, até nunca!","Não sei nada."]}$j$::jsonb, $j${"value":"Combinado!"}$j$::jsonb,
   0.35, ARRAY['unidad8','quedar_con_alguien_combinar_encontrar_horarios','reading']),
 ('d2000070-0000-0000-0000-000000000070','20000000-0000-0000-0000-000000000002','A2','writing','cloze',
   $p$Completa con la preposición de hora: "Vamos nos encontrar ___ sete horas."$p$,
   $j${"text":"Vamos nos encontrar ___ sete horas."}$j$::jsonb, $j${"value":"às","accepted":["às","as"]}$j$::jsonb,
   0.35, ARRAY['unidad8','quedar_con_alguien_combinar_encontrar_horarios','writing']),
 ('d2000071-0000-0000-0000-000000000071','20000000-0000-0000-0000-000000000002','A2','writing','translation',
   $p$Traduce al portugués: "¿Quedamos mañana a las tres?"$p$,
   $j${"source":"¿Quedamos mañana a las tres?"}$j$::jsonb, $j${"value":"A gente combina amanhã às três?","accepted":["A gente combina amanhã às três?","A gente combina amanhã às três","A gente combina amanhã as três?","A gente combina amanhã as três","A gente combina amanhã às 3?","A gente combina amanhã às 3","A gente combina amanhã as 3?","A gente combina amanhã as 3","Vamos combinar amanhã às três?","Vamos combinar amanhã às três","Vamos combinar amanhã às 3?","Vamos combinar amanhã às 3","Vamos combinar amanhã as 3"]}$j$::jsonb,
   0.35, ARRAY['unidad8','quedar_con_alguien_combinar_encontrar_horarios','writing']),
 ('d2000072-0000-0000-0000-000000000072','20000000-0000-0000-0000-000000000002','A2','writing','reorder',
   $p$Ordena: "Te encuentro en frente del cine."$p$,
   $j${"tiles":["Te","encontro","na","frente","do","cinema"]}$j$::jsonb, $j${"value":"Te encontro na frente do cinema"}$j$::jsonb,
   0.35, ARRAY['unidad8','quedar_con_alguien_combinar_encontrar_horarios','writing']),
 ('d2000073-0000-0000-0000-000000000073','20000000-0000-0000-0000-000000000002','A2','listening','listening',
   $p$Escucha y elige lo que oíste.$p$,
   $j${"options":["A gente se encontra às oito na padaria.","A gente se encontrou ontem.","Eu não vou poder ir."],"say":"A gente se encontra às oito na padaria.","audio_url":"https://wiauinufpbkmjlbqlkxo.supabase.co/storage/v1/object/public/audio/items/d2000073-0000-0000-0000-000000000073.mp3"}$j$::jsonb, $j${"value":"A gente se encontra às oito na padaria."}$j$::jsonb,
   0.35, ARRAY['unidad8','quedar_con_alguien_combinar_encontrar_horarios','listening']),
 ('d2000074-0000-0000-0000-000000000074','20000000-0000-0000-0000-000000000002','A2','speaking','speaking_read_aloud',
   $p$Lee en voz alta:$p$,
   $j${"text":"Combinado, a gente se encontra amanhã às duas.","audio_url":"https://wiauinufpbkmjlbqlkxo.supabase.co/storage/v1/object/public/audio/items/d2000074-0000-0000-0000-000000000074.mp3"}$j$::jsonb, $j${"expected":"Combinado, a gente se encontra amanhã às duas."}$j$::jsonb,
   0.35, ARRAY['unidad8','quedar_con_alguien_combinar_encontrar_horarios','speaking']),
 ('d2000075-0000-0000-0000-000000000075','20000000-0000-0000-0000-000000000002','A2','reading','multiple_choice',
   $p$Completa: "Eles ___ chegar depois de amanhã."$p$,
   $j${"options":["vão","vai","fomos"]}$j$::jsonb, $j${"value":"vão"}$j$::jsonb,
   0.35, ARRAY['cp_unidad8','checkpoint','reading']),
 ('d2000076-0000-0000-0000-000000000076','20000000-0000-0000-0000-000000000002','A2','reading','match',
   $p$Empareja cada propuesta o expresión de tiempo.$p$,
   $j${"pairs":[{"en":"Que tal sair?","es":"¿Qué tal salir?"},{"en":"mês que vem","es":"el próximo mes"},{"en":"hoje à noite","es":"esta noche"}]}$j$::jsonb, $j${"pairs":[["Que tal sair?","¿Qué tal salir?"],["mês que vem","el próximo mes"],["hoje à noite","esta noche"]]}$j$::jsonb,
   0.35, ARRAY['cp_unidad8','checkpoint','reading']),
 ('d2000077-0000-0000-0000-000000000077','20000000-0000-0000-0000-000000000002','A2','reading','multiple_choice',
   $p$Propuesta correcta para invitar: "___ tomar um sorvete?"$p$,
   $j${"options":["Vamos","Fui","Tomei"]}$j$::jsonb, $j${"value":"Vamos"}$j$::jsonb,
   0.35, ARRAY['cp_unidad8','checkpoint','reading']),
 ('d2000078-0000-0000-0000-000000000078','20000000-0000-0000-0000-000000000002','A2','writing','cloze',
   $p$Completa con la forma de "ir": "Eu ___ cozinhar no domingo."$p$,
   $j${"text":"Eu ___ cozinhar no domingo."}$j$::jsonb, $j${"value":"vou","accepted":["vou"]}$j$::jsonb,
   0.35, ARRAY['cp_unidad8','checkpoint','writing']),
 ('d2000079-0000-0000-0000-000000000079','20000000-0000-0000-0000-000000000002','A2','writing','translation',
   $p$Traduce al portugués: "Voy a llamarte más tarde."$p$,
   $j${"source":"Voy a llamarte más tarde."}$j$::jsonb, $j${"value":"Vou te ligar mais tarde.","accepted":["Vou te ligar mais tarde","Vou te ligar mais tarde.","Eu vou te ligar mais tarde","Eu vou te ligar mais tarde.","Vou ligar para você mais tarde","Vou ligar para você mais tarde.","Vou ligar pra você mais tarde","Eu vou ligar pra você mais tarde","Eu vou ligar pra você mais tarde."]}$j$::jsonb,
   0.35, ARRAY['cp_unidad8','checkpoint','writing']),
 ('d2000080-0000-0000-0000-000000000080','20000000-0000-0000-0000-000000000002','A2','writing','word_bank',
   $p$Arma la propuesta: "¿Vamos a vernos el fin de semana?"$p$,
   $j${"tiles":["Vamos","nos","encontrar","no","fim","de","semana?","combinar"]}$j$::jsonb, $j${"value":"Vamos nos encontrar no fim de semana?","sequence":["Vamos","nos","encontrar","no","fim","de","semana?"]}$j$::jsonb,
   0.35, ARRAY['cp_unidad8','checkpoint','writing']),
 ('d2000081-0000-0000-0000-000000000081','20000000-0000-0000-0000-000000000002','A2','listening','listening',
   $p$Escucha y elige lo que oíste.$p$,
   $j${"options":["Vou viajar para a praia semana que vem.","Viajei para a praia semana passada.","Não vou poder viajar."],"say":"Vou viajar para a praia semana que vem.","audio_url":"https://wiauinufpbkmjlbqlkxo.supabase.co/storage/v1/object/public/audio/items/d2000081-0000-0000-0000-000000000081.mp3"}$j$::jsonb, $j${"value":"Vou viajar para a praia semana que vem."}$j$::jsonb,
   0.35, ARRAY['cp_unidad8','checkpoint','listening']),
 ('d2000082-0000-0000-0000-000000000082','20000000-0000-0000-0000-000000000002','A2','listening','listening',
   $p$Escucha y elige lo que oíste.$p$,
   $j${"options":["A gente combina o horário amanhã.","A gente combinou o horário ontem.","Eu esqueci o horário."],"say":"A gente combina o horário amanhã.","audio_url":"https://wiauinufpbkmjlbqlkxo.supabase.co/storage/v1/object/public/audio/items/d2000082-0000-0000-0000-000000000082.mp3"}$j$::jsonb, $j${"value":"A gente combina o horário amanhã."}$j$::jsonb,
   0.35, ARRAY['cp_unidad8','checkpoint','listening']),
 ('d2000083-0000-0000-0000-000000000083','20000000-0000-0000-0000-000000000002','A2','speaking','speaking_read_aloud',
   $p$Lee en voz alta:$p$,
   $j${"text":"Que tal a gente se encontrar logo mais?","audio_url":"https://wiauinufpbkmjlbqlkxo.supabase.co/storage/v1/object/public/audio/items/d2000083-0000-0000-0000-000000000083.mp3"}$j$::jsonb, $j${"expected":"Que tal a gente se encontrar logo mais?"}$j$::jsonb,
   0.35, ARRAY['cp_unidad8','checkpoint','speaking']),
 ('d2000084-0000-0000-0000-000000000084','20000000-0000-0000-0000-000000000002','A2','speaking','speaking_read_aloud',
   $p$Lee en voz alta:$p$,
   $j${"text":"Mês que vem eu vou começar um curso novo.","audio_url":"https://wiauinufpbkmjlbqlkxo.supabase.co/storage/v1/object/public/audio/items/d2000084-0000-0000-0000-000000000084.mp3"}$j$::jsonb, $j${"expected":"Mês que vem eu vou começar um curso novo."}$j$::jsonb,
   0.35, ARRAY['cp_unidad8','checkpoint','speaking'])
on conflict (id) do update set prompt=excluded.prompt, payload=excluded.payload, correct_answer=excluded.correct_answer, difficulty=excluded.difficulty, tags=excluded.tags, updated_at=now();
insert into lesson_items (lesson_id, item_id, order_index) values
 ('42000000-0000-0000-0000-000000000801','d2000043-0000-0000-0000-000000000043',1),
 ('42000000-0000-0000-0000-000000000801','d2000044-0000-0000-0000-000000000044',2),
 ('42000000-0000-0000-0000-000000000801','d2000045-0000-0000-0000-000000000045',3),
 ('42000000-0000-0000-0000-000000000801','d2000046-0000-0000-0000-000000000046',4),
 ('42000000-0000-0000-0000-000000000801','d2000047-0000-0000-0000-000000000047',5),
 ('42000000-0000-0000-0000-000000000801','d2000048-0000-0000-0000-000000000048',6),
 ('42000000-0000-0000-0000-000000000801','d2000049-0000-0000-0000-000000000049',7),
 ('42000000-0000-0000-0000-000000000801','d2000050-0000-0000-0000-000000000050',8),
 ('42000000-0000-0000-0000-000000000802','d2000051-0000-0000-0000-000000000051',1),
 ('42000000-0000-0000-0000-000000000802','d2000052-0000-0000-0000-000000000052',2),
 ('42000000-0000-0000-0000-000000000802','d2000053-0000-0000-0000-000000000053',3),
 ('42000000-0000-0000-0000-000000000802','d2000054-0000-0000-0000-000000000054',4),
 ('42000000-0000-0000-0000-000000000802','d2000055-0000-0000-0000-000000000055',5),
 ('42000000-0000-0000-0000-000000000802','d2000056-0000-0000-0000-000000000056',6),
 ('42000000-0000-0000-0000-000000000802','d2000057-0000-0000-0000-000000000057',7),
 ('42000000-0000-0000-0000-000000000802','d2000058-0000-0000-0000-000000000058',8),
 ('42000000-0000-0000-0000-000000000803','d2000059-0000-0000-0000-000000000059',1),
 ('42000000-0000-0000-0000-000000000803','d2000060-0000-0000-0000-000000000060',2),
 ('42000000-0000-0000-0000-000000000803','d2000061-0000-0000-0000-000000000061',3),
 ('42000000-0000-0000-0000-000000000803','d2000062-0000-0000-0000-000000000062',4),
 ('42000000-0000-0000-0000-000000000803','d2000063-0000-0000-0000-000000000063',5),
 ('42000000-0000-0000-0000-000000000803','d2000064-0000-0000-0000-000000000064',6),
 ('42000000-0000-0000-0000-000000000803','d2000065-0000-0000-0000-000000000065',7),
 ('42000000-0000-0000-0000-000000000803','d2000066-0000-0000-0000-000000000066',8),
 ('42000000-0000-0000-0000-000000000804','d2000067-0000-0000-0000-000000000067',1),
 ('42000000-0000-0000-0000-000000000804','d2000068-0000-0000-0000-000000000068',2),
 ('42000000-0000-0000-0000-000000000804','d2000069-0000-0000-0000-000000000069',3),
 ('42000000-0000-0000-0000-000000000804','d2000070-0000-0000-0000-000000000070',4),
 ('42000000-0000-0000-0000-000000000804','d2000071-0000-0000-0000-000000000071',5),
 ('42000000-0000-0000-0000-000000000804','d2000072-0000-0000-0000-000000000072',6),
 ('42000000-0000-0000-0000-000000000804','d2000073-0000-0000-0000-000000000073',7),
 ('42000000-0000-0000-0000-000000000804','d2000074-0000-0000-0000-000000000074',8),
 ('42000000-0000-0000-0000-000000000805','d2000075-0000-0000-0000-000000000075',1),
 ('42000000-0000-0000-0000-000000000805','d2000076-0000-0000-0000-000000000076',2),
 ('42000000-0000-0000-0000-000000000805','d2000077-0000-0000-0000-000000000077',3),
 ('42000000-0000-0000-0000-000000000805','d2000078-0000-0000-0000-000000000078',4),
 ('42000000-0000-0000-0000-000000000805','d2000079-0000-0000-0000-000000000079',5),
 ('42000000-0000-0000-0000-000000000805','d2000080-0000-0000-0000-000000000080',6),
 ('42000000-0000-0000-0000-000000000805','d2000081-0000-0000-0000-000000000081',7),
 ('42000000-0000-0000-0000-000000000805','d2000082-0000-0000-0000-000000000082',8),
 ('42000000-0000-0000-0000-000000000805','d2000083-0000-0000-0000-000000000083',9),
 ('42000000-0000-0000-0000-000000000805','d2000084-0000-0000-0000-000000000084',10)
on conflict (lesson_id, item_id) do nothing;
insert into vocabulary (id, course_id, word, translation, frequency_rank, part_of_speech) values
 ('d2b00017-0000-0000-0000-000000000017','20000000-0000-0000-0000-000000000002',$p$amanhã$p$,$p$mañana$p$,460,'adv'),
 ('d2b00018-0000-0000-0000-000000000018','20000000-0000-0000-0000-000000000002',$p$depois de amanhã$p$,$p$pasado mañana$p$,461,'adv'),
 ('d2b00019-0000-0000-0000-000000000019','20000000-0000-0000-0000-000000000002',$p$semana que vem$p$,$p$la próxima semana$p$,462,'loc'),
 ('d2b00020-0000-0000-0000-000000000020','20000000-0000-0000-0000-000000000002',$p$mês que vem$p$,$p$el próximo mes$p$,463,'loc'),
 ('d2b00021-0000-0000-0000-000000000021','20000000-0000-0000-0000-000000000002',$p$hoje à noite$p$,$p$esta noche$p$,464,'loc'),
 ('d2b00022-0000-0000-0000-000000000022','20000000-0000-0000-0000-000000000002',$p$mais tarde$p$,$p$más tarde$p$,465,'adv'),
 ('d2b00023-0000-0000-0000-000000000023','20000000-0000-0000-0000-000000000002',$p$logo$p$,$p$pronto$p$,466,'adv'),
 ('d2b00024-0000-0000-0000-000000000024','20000000-0000-0000-0000-000000000002',$p$fim de semana$p$,$p$fin de semana$p$,467,'n'),
 ('d2b00025-0000-0000-0000-000000000025','20000000-0000-0000-0000-000000000002',$p$viajar$p$,$p$viajar$p$,468,'v'),
 ('d2b00026-0000-0000-0000-000000000026','20000000-0000-0000-0000-000000000002',$p$que tal$p$,$p$qué tal / qué te parece$p$,469,'loc'),
 ('d2b00027-0000-0000-0000-000000000027','20000000-0000-0000-0000-000000000002',$p$combinar$p$,$p$quedar / acordar$p$,470,'v'),
 ('d2b00028-0000-0000-0000-000000000028','20000000-0000-0000-0000-000000000002',$p$encontrar$p$,$p$encontrar / verse con$p$,471,'v'),
 ('d2b00029-0000-0000-0000-000000000029','20000000-0000-0000-0000-000000000002',$p$plano$p$,$p$plan$p$,472,'n'),
 ('d2b00030-0000-0000-0000-000000000030','20000000-0000-0000-0000-000000000002',$p$feriado$p$,$p$feriado / día festivo$p$,473,'n'),
 ('d2b00031-0000-0000-0000-000000000031','20000000-0000-0000-0000-000000000002',$p$horário$p$,$p$horario$p$,474,'n'),
 ('d2b00032-0000-0000-0000-000000000032','20000000-0000-0000-0000-000000000002',$p$vontade$p$,$p$ganas$p$,475,'n')
on conflict (id) do nothing;

-- ── Unidad 9 (A2·pt): De viaje ─────────────────────────────
insert into units (id, course_id, cefr_level, order_index, title, theme_color, icon) values
 ('32000000-0000-0000-0000-000000000009','20000000-0000-0000-0000-000000000002','A2',9,$p$De viaje$p$,'#16A085','flight')
on conflict (course_id, order_index) do update set title=excluded.title, theme_color=excluded.theme_color, icon=excluded.icon;
insert into lessons (id, unit_id, order_index, title, description, type, xp_reward) values
 ('42000000-0000-0000-0000-000000000901','32000000-0000-0000-0000-000000000009',1,$p$Transporte y aeropuerto$p$,$p$Transporte y aeropuerto$p$,'lesson',15),
 ('42000000-0000-0000-0000-000000000902','32000000-0000-0000-0000-000000000009',2,$p$Direcciones en la ciudad$p$,$p$Direcciones en la ciudad$p$,'lesson',15),
 ('42000000-0000-0000-0000-000000000903','32000000-0000-0000-0000-000000000009',3,$p$En el hotel$p$,$p$En el hotel$p$,'lesson',15),
 ('42000000-0000-0000-0000-000000000904','32000000-0000-0000-0000-000000000009',4,$p$Pedir ayuda (pode/queria)$p$,$p$Pedir ayuda (pode/queria)$p$,'lesson',15),
 ('42000000-0000-0000-0000-000000000905','32000000-0000-0000-0000-000000000009',5,$p$🏁 Checkpoint Unidade 9$p$,$p$checkpoint$p$,'checkpoint',40)
on conflict (unit_id, order_index) do update set title=excluded.title, description=excluded.description;
insert into exams (id, course_id, type, cefr_level, unit_id, time_limit_sec, pass_threshold, sections) values
 ('52000000-0000-0000-0000-000000000009','20000000-0000-0000-0000-000000000002','checkpoint','A2','32000000-0000-0000-0000-000000000009',300,0.80,$j${"skills":["reading","listening","writing","speaking"],"item_count":10,"randomize":true}$j$::jsonb)
on conflict (id) do nothing;
insert into content_items (id, course_id, cefr_level, skill, type, prompt, payload, correct_answer, difficulty, tags) values
 ('d2000085-0000-0000-0000-000000000085','20000000-0000-0000-0000-000000000002','A2','reading','match',
   $p$Empareja cada palabra de viaje con su traducción.$p$,
   $j${"pairs":[{"en":"aeroporto","es":"aeropuerto"},{"en":"avião","es":"avión"},{"en":"bagagem","es":"equipaje"}]}$j$::jsonb, $j${"pairs":[["aeroporto","aeropuerto"],["avião","avión"],["bagagem","equipaje"]]}$j$::jsonb,
   0.35, ARRAY['unidad9','hablar_del_aeropuerto_el_vuelo_y_el_transporte_en_portugues_de_brasil','reading']),
 ('d2000086-0000-0000-0000-000000000086','20000000-0000-0000-0000-000000000002','A2','reading','multiple_choice',
   $p$Completa: "Vou pegar o ___ para o centro."$p$,
   $j${"options":["ônibus","almoço","quarto"]}$j$::jsonb, $j${"value":"ônibus"}$j$::jsonb,
   0.35, ARRAY['unidad9','hablar_del_aeropuerto_el_vuelo_y_el_transporte_en_portugues_de_brasil','reading']),
 ('d2000087-0000-0000-0000-000000000087','20000000-0000-0000-0000-000000000002','A2','reading','multiple_choice',
   $p$En el aeropuerto, ¿dónde esperas para subir al avión?$p$,
   $j${"options":["no portão de embarque","na cozinha","na padaria"]}$j$::jsonb, $j${"value":"no portão de embarque"}$j$::jsonb,
   0.35, ARRAY['unidad9','hablar_del_aeropuerto_el_vuelo_y_el_transporte_en_portugues_de_brasil','reading']),
 ('d2000088-0000-0000-0000-000000000088','20000000-0000-0000-0000-000000000002','A2','writing','cloze',
   $p$Completa: "Quero comprar uma ___ de trem para o Rio." (boleto)$p$,
   $j${"text":"Quero comprar uma ___ de trem para o Rio."}$j$::jsonb, $j${"value":"passagem","accepted":["passagem","Passagem","bilhete","Bilhete"]}$j$::jsonb,
   0.35, ARRAY['unidad9','hablar_del_aeropuerto_el_vuelo_y_el_transporte_en_portugues_de_brasil','writing']),
 ('d2000089-0000-0000-0000-000000000089','20000000-0000-0000-0000-000000000002','A2','writing','translation',
   $p$Traduce: "Mi vuelo sale a las nueve."$p$,
   $j${"source":"Mi vuelo sale a las nueve."}$j$::jsonb, $j${"value":"Meu voo sai às nove.","accepted":["Meu voo sai às nove.","Meu voo sai às nove","Meu voo sai as nove.","Meu voo sai as nove","Meu voo sai às 9.","Meu voo sai às 9","Meu voo sai as 9.","Meu voo sai as 9","O meu voo sai às nove.","O meu voo sai às nove"]}$j$::jsonb,
   0.35, ARRAY['unidad9','hablar_del_aeropuerto_el_vuelo_y_el_transporte_en_portugues_de_brasil','writing']),
 ('d2000090-0000-0000-0000-000000000090','20000000-0000-0000-0000-000000000002','A2','writing','word_bank',
   $p$Arma la pregunta: "¿Dónde está el punto del autobús?".$p$,
   $j${"tiles":["Onde","fica","o","ponto","de","ônibus","metrô"]}$j$::jsonb, $j${"value":"Onde fica o ponto de ônibus","sequence":["Onde","fica","o","ponto","de","ônibus"]}$j$::jsonb,
   0.35, ARRAY['unidad9','hablar_del_aeropuerto_el_vuelo_y_el_transporte_en_portugues_de_brasil','writing']),
 ('d2000091-0000-0000-0000-000000000091','20000000-0000-0000-0000-000000000002','A2','listening','listening',
   $p$Escucha y elige la frase que oíste.$p$,
   $j${"options":["O próximo voo sai às dez.","O ônibus chega às oito.","O trem já saiu."],"say":"O próximo voo sai às dez.","audio_url":"https://wiauinufpbkmjlbqlkxo.supabase.co/storage/v1/object/public/audio/items/d2000091-0000-0000-0000-000000000091.mp3"}$j$::jsonb, $j${"value":"O próximo voo sai às dez."}$j$::jsonb,
   0.35, ARRAY['unidad9','hablar_del_aeropuerto_el_vuelo_y_el_transporte_en_portugues_de_brasil','listening']),
 ('d2000092-0000-0000-0000-000000000092','20000000-0000-0000-0000-000000000002','A2','speaking','speaking_read_aloud',
   $p$Lee en voz alta:$p$,
   $j${"text":"Eu vou viajar de avião amanhã de manhã.","audio_url":"https://wiauinufpbkmjlbqlkxo.supabase.co/storage/v1/object/public/audio/items/d2000092-0000-0000-0000-000000000092.mp3"}$j$::jsonb, $j${"expected":"Eu vou viajar de avião amanhã de manhã."}$j$::jsonb,
   0.35, ARRAY['unidad9','hablar_del_aeropuerto_el_vuelo_y_el_transporte_en_portugues_de_brasil','speaking']),
 ('d2000093-0000-0000-0000-000000000093','20000000-0000-0000-0000-000000000002','A2','reading','match',
   $p$Empareja cada dirección con su traducción.$p$,
   $j${"pairs":[{"en":"à direita","es":"a la derecha"},{"en":"à esquerda","es":"a la izquierda"},{"en":"em frente","es":"de frente/recto"}]}$j$::jsonb, $j${"pairs":[["à direita","a la derecha"],["à esquerda","a la izquierda"],["em frente","de frente/recto"]]}$j$::jsonb,
   0.35, ARRAY['unidad9','pedir_y_dar_direcciones_preposiciones_de_lugar_en_portugues_de_brasil','reading']),
 ('d2000094-0000-0000-0000-000000000094','20000000-0000-0000-0000-000000000002','A2','reading','multiple_choice',
   $p$Completa: "Vire à ___ na próxima esquina." (derecha)$p$,
   $j${"options":["direita","manhã","passagem"]}$j$::jsonb, $j${"value":"direita"}$j$::jsonb,
   0.35, ARRAY['unidad9','pedir_y_dar_direcciones_preposiciones_de_lugar_en_portugues_de_brasil','reading']),
 ('d2000095-0000-0000-0000-000000000095','20000000-0000-0000-0000-000000000002','A2','reading','multiple_choice',
   $p$Completa: "O banco fica ao lado ___ farmácia."$p$,
   $j${"options":["da","do","de"]}$j$::jsonb, $j${"value":"da"}$j$::jsonb,
   0.35, ARRAY['unidad9','pedir_y_dar_direcciones_preposiciones_de_lugar_en_portugues_de_brasil','reading']),
 ('d2000096-0000-0000-0000-000000000096','20000000-0000-0000-0000-000000000002','A2','writing','cloze',
   $p$Completa: "Siga em ___ por dois quarteirões." (recto)$p$,
   $j${"text":"Siga em ___ por dois quarteirões."}$j$::jsonb, $j${"value":"frente","accepted":["frente","Frente"]}$j$::jsonb,
   0.35, ARRAY['unidad9','pedir_y_dar_direcciones_preposiciones_de_lugar_en_portugues_de_brasil','writing']),
 ('d2000097-0000-0000-0000-000000000097','20000000-0000-0000-0000-000000000002','A2','writing','translation',
   $p$Traduce: "Disculpe, ¿cómo llego a la estación?"$p$,
   $j${"source":"Disculpe, ¿cómo llego a la estación?"}$j$::jsonb, $j${"value":"Com licença, como chego à estação?","accepted":["Com licença, como chego à estação?","Com licença, como chego à estação","Com licença, como eu chego à estação?","Com licença, como eu chego à estação","Com licença, como chego na estação?","Com licença, como chego na estação","Desculpe, como chego à estação?","Desculpe, como chego à estação"]}$j$::jsonb,
   0.35, ARRAY['unidad9','pedir_y_dar_direcciones_preposiciones_de_lugar_en_portugues_de_brasil','writing']),
 ('d2000098-0000-0000-0000-000000000098','20000000-0000-0000-0000-000000000002','A2','writing','reorder',
   $p$Ordena: "Gira a la izquierda y sigue de frente".$p$,
   $j${"tiles":["Vire","à","esquerda","e","siga","em","frente"]}$j$::jsonb, $j${"value":"Vire à esquerda e siga em frente"}$j$::jsonb,
   0.35, ARRAY['unidad9','pedir_y_dar_direcciones_preposiciones_de_lugar_en_portugues_de_brasil','writing']),
 ('d2000099-0000-0000-0000-000000000099','20000000-0000-0000-0000-000000000002','A2','listening','listening',
   $p$Escucha y elige la frase que oíste.$p$,
   $j${"options":["Vire à direita no semáforo.","Vire à esquerda no semáforo.","Siga em frente até o final."],"say":"Vire à direita no semáforo.","audio_url":"https://wiauinufpbkmjlbqlkxo.supabase.co/storage/v1/object/public/audio/items/d2000099-0000-0000-0000-000000000099.mp3"}$j$::jsonb, $j${"value":"Vire à direita no semáforo."}$j$::jsonb,
   0.35, ARRAY['unidad9','pedir_y_dar_direcciones_preposiciones_de_lugar_en_portugues_de_brasil','listening']),
 ('d2000100-0000-0000-0000-000000000100','20000000-0000-0000-0000-000000000002','A2','speaking','speaking_read_aloud',
   $p$Lee en voz alta:$p$,
   $j${"text":"Com licença, o museu fica perto daqui?","audio_url":"https://wiauinufpbkmjlbqlkxo.supabase.co/storage/v1/object/public/audio/items/d2000100-0000-0000-0000-000000000100.mp3"}$j$::jsonb, $j${"expected":"Com licença, o museu fica perto daqui?"}$j$::jsonb,
   0.35, ARRAY['unidad9','pedir_y_dar_direcciones_preposiciones_de_lugar_en_portugues_de_brasil','speaking']),
 ('d2000101-0000-0000-0000-000000000101','20000000-0000-0000-0000-000000000002','A2','reading','match',
   $p$Empareja cada palabra del hotel con su traducción.$p$,
   $j${"pairs":[{"en":"quarto","es":"habitación"},{"en":"reserva","es":"reserva"},{"en":"chave","es":"llave"}]}$j$::jsonb, $j${"pairs":[["quarto","habitación"],["reserva","reserva"],["chave","llave"]]}$j$::jsonb,
   0.35, ARRAY['unidad9','hacer_check_in_reservar_y_resolver_cosas_en_el_hotel_en_portugues_de_brasil','reading']),
 ('d2000102-0000-0000-0000-000000000102','20000000-0000-0000-0000-000000000002','A2','reading','multiple_choice',
   $p$Completa: "Eu tenho uma ___ para duas noites."$p$,
   $j${"options":["reserva","receita","revista"]}$j$::jsonb, $j${"value":"reserva"}$j$::jsonb,
   0.35, ARRAY['unidad9','hacer_check_in_reservar_y_resolver_cosas_en_el_hotel_en_portugues_de_brasil','reading']),
 ('d2000103-0000-0000-0000-000000000103','20000000-0000-0000-0000-000000000002','A2','reading','multiple_choice',
   $p$Al llegar al hotel, lo primero que haces es el…$p$,
   $j${"options":["check-in","café","embarque"]}$j$::jsonb, $j${"value":"check-in"}$j$::jsonb,
   0.35, ARRAY['unidad9','hacer_check_in_reservar_y_resolver_cosas_en_el_hotel_en_portugues_de_brasil','reading']),
 ('d2000104-0000-0000-0000-000000000104','20000000-0000-0000-0000-000000000002','A2','writing','cloze',
   $p$Completa con cortesía: "___ um quarto de casal, por favor." (quisiera)$p$,
   $j${"text":"___ um quarto de casal, por favor."}$j$::jsonb, $j${"value":"Queria","accepted":["Queria","queria","Gostaria de","gostaria de"]}$j$::jsonb,
   0.35, ARRAY['unidad9','hacer_check_in_reservar_y_resolver_cosas_en_el_hotel_en_portugues_de_brasil','writing']),
 ('d2000105-0000-0000-0000-000000000105','20000000-0000-0000-0000-000000000002','A2','writing','translation',
   $p$Traduce: "¿A qué hora es el desayuno?"$p$,
   $j${"source":"¿A qué hora es el desayuno?"}$j$::jsonb, $j${"value":"A que horas é o café da manhã?","accepted":["A que horas é o café da manhã?","A que horas é o café da manhã","Que horas é o café da manhã?","Que horas é o café da manhã","A que horas é o café-da-manhã?","A que horas é o café-da-manhã"]}$j$::jsonb,
   0.35, ARRAY['unidad9','hacer_check_in_reservar_y_resolver_cosas_en_el_hotel_en_portugues_de_brasil','writing']),
 ('d2000106-0000-0000-0000-000000000106','20000000-0000-0000-0000-000000000002','A2','writing','word_bank',
   $p$Arma la frase: "La llave de la habitación, por favor".$p$,
   $j${"tiles":["A","chave","do","quarto","por","favor","da"]}$j$::jsonb, $j${"value":"A chave do quarto por favor","sequence":["A","chave","do","quarto","por","favor"]}$j$::jsonb,
   0.35, ARRAY['unidad9','hacer_check_in_reservar_y_resolver_cosas_en_el_hotel_en_portugues_de_brasil','writing']),
 ('d2000107-0000-0000-0000-000000000107','20000000-0000-0000-0000-000000000002','A2','listening','listening',
   $p$Escucha y elige la frase que oíste.$p$,
   $j${"options":["Seu quarto fica no terceiro andar.","Seu quarto fica no primeiro andar.","O hotel está lotado hoje."],"say":"Seu quarto fica no terceiro andar.","audio_url":"https://wiauinufpbkmjlbqlkxo.supabase.co/storage/v1/object/public/audio/items/d2000107-0000-0000-0000-000000000107.mp3"}$j$::jsonb, $j${"value":"Seu quarto fica no terceiro andar."}$j$::jsonb,
   0.35, ARRAY['unidad9','hacer_check_in_reservar_y_resolver_cosas_en_el_hotel_en_portugues_de_brasil','listening']),
 ('d2000108-0000-0000-0000-000000000108','20000000-0000-0000-0000-000000000002','A2','speaking','speaking_read_aloud',
   $p$Lee en voz alta:$p$,
   $j${"text":"Queria um quarto com vista para o mar, por favor.","audio_url":"https://wiauinufpbkmjlbqlkxo.supabase.co/storage/v1/object/public/audio/items/d2000108-0000-0000-0000-000000000108.mp3"}$j$::jsonb, $j${"expected":"Queria um quarto com vista para o mar, por favor."}$j$::jsonb,
   0.35, ARRAY['unidad9','hacer_check_in_reservar_y_resolver_cosas_en_el_hotel_en_portugues_de_brasil','speaking']),
 ('d2000109-0000-0000-0000-000000000109','20000000-0000-0000-0000-000000000002','A2','reading','match',
   $p$Empareja cada pedido cortés con su traducción.$p$,
   $j${"pairs":[{"en":"Você pode me ajudar?","es":"¿Puede ayudarme?"},{"en":"Queria reservar","es":"Quisiera reservar"},{"en":"Com licença","es":"Con permiso/Disculpe"}]}$j$::jsonb, $j${"pairs":[["Você pode me ajudar?","¿Puede ayudarme?"],["Queria reservar","Quisiera reservar"],["Com licença","Con permiso/Disculpe"]]}$j$::jsonb,
   0.35, ARRAY['unidad9','pedidos_corteses_con_pode_e_queria_en_portugues_de_brasil','reading']),
 ('d2000110-0000-0000-0000-000000000110','20000000-0000-0000-0000-000000000002','A2','reading','multiple_choice',
   $p$Completa de forma cortés: "Você ___ me ajudar, por favor?"$p$,
   $j${"options":["pode","tem","vai"]}$j$::jsonb, $j${"value":"pode"}$j$::jsonb,
   0.35, ARRAY['unidad9','pedidos_corteses_con_pode_e_queria_en_portugues_de_brasil','reading']),
 ('d2000111-0000-0000-0000-000000000111','20000000-0000-0000-0000-000000000002','A2','reading','multiple_choice',
   $p$Para pedir algo con educación dices…$p$,
   $j${"options":["Queria um táxi, por favor.","Quero agora!","Me dá isso aí."]}$j$::jsonb, $j${"value":"Queria um táxi, por favor."}$j$::jsonb,
   0.35, ARRAY['unidad9','pedidos_corteses_con_pode_e_queria_en_portugues_de_brasil','reading']),
 ('d2000112-0000-0000-0000-000000000112','20000000-0000-0000-0000-000000000002','A2','writing','cloze',
   $p$Completa: "Você ___ chamar um táxi para mim?" (puede)$p$,
   $j${"text":"Você ___ chamar um táxi para mim?"}$j$::jsonb, $j${"value":"pode","accepted":["pode","Pode","poderia","Poderia"]}$j$::jsonb,
   0.35, ARRAY['unidad9','pedidos_corteses_con_pode_e_queria_en_portugues_de_brasil','writing']),
 ('d2000113-0000-0000-0000-000000000113','20000000-0000-0000-0000-000000000002','A2','writing','translation',
   $p$Traduce: "¿Podría hablar más despacio, por favor?"$p$,
   $j${"source":"¿Podría hablar más despacio, por favor?"}$j$::jsonb, $j${"value":"Você pode falar mais devagar, por favor?","accepted":["Você pode falar mais devagar, por favor?","Você pode falar mais devagar, por favor","Você poderia falar mais devagar, por favor?","Você poderia falar mais devagar, por favor","Pode falar mais devagar, por favor?","Pode falar mais devagar, por favor","Poderia falar mais devagar, por favor?","Poderia falar mais devagar, por favor"]}$j$::jsonb,
   0.35, ARRAY['unidad9','pedidos_corteses_con_pode_e_queria_en_portugues_de_brasil','writing']),
 ('d2000114-0000-0000-0000-000000000114','20000000-0000-0000-0000-000000000002','A2','writing','reorder',
   $p$Ordena: "Quisiera pagar con tarjeta".$p$,
   $j${"tiles":["Queria","pagar","com","cartão"]}$j$::jsonb, $j${"value":"Queria pagar com cartão"}$j$::jsonb,
   0.35, ARRAY['unidad9','pedidos_corteses_con_pode_e_queria_en_portugues_de_brasil','writing']),
 ('d2000115-0000-0000-0000-000000000115','20000000-0000-0000-0000-000000000002','A2','listening','listening',
   $p$Escucha y elige la frase que oíste.$p$,
   $j${"options":["Você pode me trazer a conta, por favor?","Você pode abrir a janela, por favor?","Eu não entendi nada."],"say":"Você pode me trazer a conta, por favor?","audio_url":"https://wiauinufpbkmjlbqlkxo.supabase.co/storage/v1/object/public/audio/items/d2000115-0000-0000-0000-000000000115.mp3"}$j$::jsonb, $j${"value":"Você pode me trazer a conta, por favor?"}$j$::jsonb,
   0.35, ARRAY['unidad9','pedidos_corteses_con_pode_e_queria_en_portugues_de_brasil','listening']),
 ('d2000116-0000-0000-0000-000000000116','20000000-0000-0000-0000-000000000002','A2','speaking','speaking_read_aloud',
   $p$Lee en voz alta:$p$,
   $j${"text":"Com licença, você pode me ajudar, por favor?","audio_url":"https://wiauinufpbkmjlbqlkxo.supabase.co/storage/v1/object/public/audio/items/d2000116-0000-0000-0000-000000000116.mp3"}$j$::jsonb, $j${"expected":"Com licença, você pode me ajudar, por favor?"}$j$::jsonb,
   0.35, ARRAY['unidad9','pedidos_corteses_con_pode_e_queria_en_portugues_de_brasil','speaking']),
 ('d2000117-0000-0000-0000-000000000117','20000000-0000-0000-0000-000000000002','A2','reading','multiple_choice',
   $p$Completa: "O ___ está atrasado, vamos esperar no portão." (vuelo)$p$,
   $j${"options":["voo","quarto","ponto"]}$j$::jsonb, $j${"value":"voo"}$j$::jsonb,
   0.35, ARRAY['cp_unidad9','checkpoint','reading']),
 ('d2000118-0000-0000-0000-000000000118','20000000-0000-0000-0000-000000000002','A2','reading','match',
   $p$Empareja cada preposición de lugar con su traducción.$p$,
   $j${"pairs":[{"en":"perto de","es":"cerca de"},{"en":"ao lado de","es":"al lado de"},{"en":"longe de","es":"lejos de"}]}$j$::jsonb, $j${"pairs":[["perto de","cerca de"],["ao lado de","al lado de"],["longe de","lejos de"]]}$j$::jsonb,
   0.35, ARRAY['cp_unidad9','checkpoint','reading']),
 ('d2000119-0000-0000-0000-000000000119','20000000-0000-0000-0000-000000000002','A2','reading','multiple_choice',
   $p$Completa de forma cortés: "___ um quarto para três noites." (quisiera)$p$,
   $j${"options":["Queria","Quero já","Tenho"]}$j$::jsonb, $j${"value":"Queria"}$j$::jsonb,
   0.35, ARRAY['cp_unidad9','checkpoint','reading']),
 ('d2000120-0000-0000-0000-000000000120','20000000-0000-0000-0000-000000000002','A2','writing','cloze',
   $p$Completa: "Vou despachar a minha ___ no aeroporto." (equipaje)$p$,
   $j${"text":"Vou despachar a minha ___ no aeroporto."}$j$::jsonb, $j${"value":"bagagem","accepted":["bagagem","Bagagem"]}$j$::jsonb,
   0.35, ARRAY['cp_unidad9','checkpoint','writing']),
 ('d2000121-0000-0000-0000-000000000121','20000000-0000-0000-0000-000000000002','A2','writing','translation',
   $p$Traduce: "¿Puede llamar un taxi para el aeropuerto?"$p$,
   $j${"source":"¿Puede llamar un taxi para el aeropuerto?"}$j$::jsonb, $j${"value":"Você pode chamar um táxi para o aeroporto?","accepted":["Você pode chamar um táxi para o aeroporto?","Você pode chamar um táxi para o aeroporto","Você pode chamar um taxi para o aeroporto?","Você pode chamar um taxi para o aeroporto","Pode chamar um táxi para o aeroporto?","Pode chamar um táxi para o aeroporto","Pode chamar um taxi para o aeroporto?","Pode chamar um taxi para o aeroporto","Você poderia chamar um táxi para o aeroporto?","Você poderia chamar um táxi para o aeroporto","Você poderia chamar um taxi para o aeroporto?","Você poderia chamar um taxi para o aeroporto","Poderia chamar um táxi para o aeroporto?","Poderia chamar um táxi para o aeroporto","Poderia chamar um taxi para o aeroporto?","Poderia chamar um taxi para o aeroporto"]}$j$::jsonb,
   0.35, ARRAY['cp_unidad9','checkpoint','writing']),
 ('d2000122-0000-0000-0000-000000000122','20000000-0000-0000-0000-000000000002','A2','writing','word_bank',
   $p$Arma la frase: "Quisiera hacer el check-in, por favor".$p$,
   $j${"tiles":["Queria","fazer","o","check-in","por","favor","pode"]}$j$::jsonb, $j${"value":"Queria fazer o check-in por favor","sequence":["Queria","fazer","o","check-in","por","favor"]}$j$::jsonb,
   0.35, ARRAY['cp_unidad9','checkpoint','writing']),
 ('d2000123-0000-0000-0000-000000000123','20000000-0000-0000-0000-000000000002','A2','listening','listening',
   $p$Escucha y elige la frase que oíste.$p$,
   $j${"options":["O metrô é mais rápido que o ônibus.","O ônibus é mais barato que o táxi.","O trem chega às sete da noite."],"say":"O metrô é mais rápido que o ônibus.","audio_url":"https://wiauinufpbkmjlbqlkxo.supabase.co/storage/v1/object/public/audio/items/d2000123-0000-0000-0000-000000000123.mp3"}$j$::jsonb, $j${"value":"O metrô é mais rápido que o ônibus."}$j$::jsonb,
   0.35, ARRAY['cp_unidad9','checkpoint','listening']),
 ('d2000124-0000-0000-0000-000000000124','20000000-0000-0000-0000-000000000002','A2','listening','listening',
   $p$Escucha y elige la frase que oíste.$p$,
   $j${"options":["A farmácia fica em frente ao hotel.","A farmácia fica ao lado do banco.","A farmácia fica perto da estação."],"say":"A farmácia fica em frente ao hotel.","audio_url":"https://wiauinufpbkmjlbqlkxo.supabase.co/storage/v1/object/public/audio/items/d2000124-0000-0000-0000-000000000124.mp3"}$j$::jsonb, $j${"value":"A farmácia fica em frente ao hotel."}$j$::jsonb,
   0.35, ARRAY['cp_unidad9','checkpoint','listening']),
 ('d2000125-0000-0000-0000-000000000125','20000000-0000-0000-0000-000000000002','A2','speaking','speaking_read_aloud',
   $p$Lee en voz alta:$p$,
   $j${"text":"Onde fica a estação de metrô mais perto?","audio_url":"https://wiauinufpbkmjlbqlkxo.supabase.co/storage/v1/object/public/audio/items/d2000125-0000-0000-0000-000000000125.mp3"}$j$::jsonb, $j${"expected":"Onde fica a estação de metrô mais perto?"}$j$::jsonb,
   0.35, ARRAY['cp_unidad9','checkpoint','speaking']),
 ('d2000126-0000-0000-0000-000000000126','20000000-0000-0000-0000-000000000002','A2','speaking','speaking_read_aloud',
   $p$Lee en voz alta:$p$,
   $j${"text":"Você pode me dizer onde fica o portão de embarque?","audio_url":"https://wiauinufpbkmjlbqlkxo.supabase.co/storage/v1/object/public/audio/items/d2000126-0000-0000-0000-000000000126.mp3"}$j$::jsonb, $j${"expected":"Você pode me dizer onde fica o portão de embarque?"}$j$::jsonb,
   0.35, ARRAY['cp_unidad9','checkpoint','speaking'])
on conflict (id) do update set prompt=excluded.prompt, payload=excluded.payload, correct_answer=excluded.correct_answer, difficulty=excluded.difficulty, tags=excluded.tags, updated_at=now();
insert into lesson_items (lesson_id, item_id, order_index) values
 ('42000000-0000-0000-0000-000000000901','d2000085-0000-0000-0000-000000000085',1),
 ('42000000-0000-0000-0000-000000000901','d2000086-0000-0000-0000-000000000086',2),
 ('42000000-0000-0000-0000-000000000901','d2000087-0000-0000-0000-000000000087',3),
 ('42000000-0000-0000-0000-000000000901','d2000088-0000-0000-0000-000000000088',4),
 ('42000000-0000-0000-0000-000000000901','d2000089-0000-0000-0000-000000000089',5),
 ('42000000-0000-0000-0000-000000000901','d2000090-0000-0000-0000-000000000090',6),
 ('42000000-0000-0000-0000-000000000901','d2000091-0000-0000-0000-000000000091',7),
 ('42000000-0000-0000-0000-000000000901','d2000092-0000-0000-0000-000000000092',8),
 ('42000000-0000-0000-0000-000000000902','d2000093-0000-0000-0000-000000000093',1),
 ('42000000-0000-0000-0000-000000000902','d2000094-0000-0000-0000-000000000094',2),
 ('42000000-0000-0000-0000-000000000902','d2000095-0000-0000-0000-000000000095',3),
 ('42000000-0000-0000-0000-000000000902','d2000096-0000-0000-0000-000000000096',4),
 ('42000000-0000-0000-0000-000000000902','d2000097-0000-0000-0000-000000000097',5),
 ('42000000-0000-0000-0000-000000000902','d2000098-0000-0000-0000-000000000098',6),
 ('42000000-0000-0000-0000-000000000902','d2000099-0000-0000-0000-000000000099',7),
 ('42000000-0000-0000-0000-000000000902','d2000100-0000-0000-0000-000000000100',8),
 ('42000000-0000-0000-0000-000000000903','d2000101-0000-0000-0000-000000000101',1),
 ('42000000-0000-0000-0000-000000000903','d2000102-0000-0000-0000-000000000102',2),
 ('42000000-0000-0000-0000-000000000903','d2000103-0000-0000-0000-000000000103',3),
 ('42000000-0000-0000-0000-000000000903','d2000104-0000-0000-0000-000000000104',4),
 ('42000000-0000-0000-0000-000000000903','d2000105-0000-0000-0000-000000000105',5),
 ('42000000-0000-0000-0000-000000000903','d2000106-0000-0000-0000-000000000106',6),
 ('42000000-0000-0000-0000-000000000903','d2000107-0000-0000-0000-000000000107',7),
 ('42000000-0000-0000-0000-000000000903','d2000108-0000-0000-0000-000000000108',8),
 ('42000000-0000-0000-0000-000000000904','d2000109-0000-0000-0000-000000000109',1),
 ('42000000-0000-0000-0000-000000000904','d2000110-0000-0000-0000-000000000110',2),
 ('42000000-0000-0000-0000-000000000904','d2000111-0000-0000-0000-000000000111',3),
 ('42000000-0000-0000-0000-000000000904','d2000112-0000-0000-0000-000000000112',4),
 ('42000000-0000-0000-0000-000000000904','d2000113-0000-0000-0000-000000000113',5),
 ('42000000-0000-0000-0000-000000000904','d2000114-0000-0000-0000-000000000114',6),
 ('42000000-0000-0000-0000-000000000904','d2000115-0000-0000-0000-000000000115',7),
 ('42000000-0000-0000-0000-000000000904','d2000116-0000-0000-0000-000000000116',8),
 ('42000000-0000-0000-0000-000000000905','d2000117-0000-0000-0000-000000000117',1),
 ('42000000-0000-0000-0000-000000000905','d2000118-0000-0000-0000-000000000118',2),
 ('42000000-0000-0000-0000-000000000905','d2000119-0000-0000-0000-000000000119',3),
 ('42000000-0000-0000-0000-000000000905','d2000120-0000-0000-0000-000000000120',4),
 ('42000000-0000-0000-0000-000000000905','d2000121-0000-0000-0000-000000000121',5),
 ('42000000-0000-0000-0000-000000000905','d2000122-0000-0000-0000-000000000122',6),
 ('42000000-0000-0000-0000-000000000905','d2000123-0000-0000-0000-000000000123',7),
 ('42000000-0000-0000-0000-000000000905','d2000124-0000-0000-0000-000000000124',8),
 ('42000000-0000-0000-0000-000000000905','d2000125-0000-0000-0000-000000000125',9),
 ('42000000-0000-0000-0000-000000000905','d2000126-0000-0000-0000-000000000126',10)
on conflict (lesson_id, item_id) do nothing;
insert into vocabulary (id, course_id, word, translation, frequency_rank, part_of_speech) values
 ('d2b00033-0000-0000-0000-000000000033','20000000-0000-0000-0000-000000000002',$p$aeroporto$p$,$p$aeropuerto$p$,480,'sustantivo'),
 ('d2b00034-0000-0000-0000-000000000034','20000000-0000-0000-0000-000000000002',$p$avião$p$,$p$avión$p$,481,'sustantivo'),
 ('d2b00035-0000-0000-0000-000000000035','20000000-0000-0000-0000-000000000002',$p$voo$p$,$p$vuelo$p$,482,'sustantivo'),
 ('d2b00036-0000-0000-0000-000000000036','20000000-0000-0000-0000-000000000002',$p$embarque$p$,$p$embarque$p$,483,'sustantivo'),
 ('d2b00037-0000-0000-0000-000000000037','20000000-0000-0000-0000-000000000002',$p$bagagem$p$,$p$equipaje$p$,484,'sustantivo'),
 ('d2b00038-0000-0000-0000-000000000038','20000000-0000-0000-0000-000000000002',$p$ônibus$p$,$p$autobús$p$,485,'sustantivo'),
 ('d2b00039-0000-0000-0000-000000000039','20000000-0000-0000-0000-000000000002',$p$metrô$p$,$p$metro$p$,486,'sustantivo'),
 ('d2b00040-0000-0000-0000-000000000040','20000000-0000-0000-0000-000000000002',$p$passagem$p$,$p$boleto/pasaje$p$,487,'sustantivo'),
 ('d2b00041-0000-0000-0000-000000000041','20000000-0000-0000-0000-000000000002',$p$vire$p$,$p$gire/dobla$p$,488,'verbo'),
 ('d2b00042-0000-0000-0000-000000000042','20000000-0000-0000-0000-000000000002',$p$direita$p$,$p$derecha$p$,489,'sustantivo'),
 ('d2b00043-0000-0000-0000-000000000043','20000000-0000-0000-0000-000000000002',$p$esquerda$p$,$p$izquierda$p$,490,'sustantivo'),
 ('d2b00044-0000-0000-0000-000000000044','20000000-0000-0000-0000-000000000002',$p$em frente$p$,$p$de frente/recto$p$,491,'expresion'),
 ('d2b00045-0000-0000-0000-000000000045','20000000-0000-0000-0000-000000000002',$p$perto de$p$,$p$cerca de$p$,492,'preposicion'),
 ('d2b00046-0000-0000-0000-000000000046','20000000-0000-0000-0000-000000000002',$p$longe de$p$,$p$lejos de$p$,493,'preposicion'),
 ('d2b00047-0000-0000-0000-000000000047','20000000-0000-0000-0000-000000000002',$p$ao lado de$p$,$p$al lado de$p$,494,'preposicion'),
 ('d2b00048-0000-0000-0000-000000000048','20000000-0000-0000-0000-000000000002',$p$quarto$p$,$p$habitación/cuarto$p$,495,'sustantivo')
on conflict (id) do nothing;

-- ── Unidad 10 (A2·pt): Comer fuera y comprar ─────────────────────────────
insert into units (id, course_id, cefr_level, order_index, title, theme_color, icon) values
 ('32000000-0000-0000-0000-000000000010','20000000-0000-0000-0000-000000000002','A2',10,$p$Comer fuera y comprar$p$,'#C0392B','restaurant_menu')
on conflict (course_id, order_index) do update set title=excluded.title, theme_color=excluded.theme_color, icon=excluded.icon;
insert into lessons (id, unit_id, order_index, title, description, type, xp_reward) values
 ('42000000-0000-0000-0000-000000001001','32000000-0000-0000-0000-000000000010',1,$p$No restaurante$p$,$p$No restaurante$p$,'lesson',15),
 ('42000000-0000-0000-0000-000000001002','32000000-0000-0000-0000-000000000010',2,$p$Cantidades y precios$p$,$p$Cantidades y precios$p$,'lesson',15),
 ('42000000-0000-0000-0000-000000001003','32000000-0000-0000-0000-000000000010',3,$p$Fazer compras$p$,$p$Fazer compras$p$,'lesson',15),
 ('42000000-0000-0000-0000-000000001004','32000000-0000-0000-0000-000000000010',4,$p$Comparar: mais... que$p$,$p$Comparar: mais... que$p$,'lesson',15),
 ('42000000-0000-0000-0000-000000001005','32000000-0000-0000-0000-000000000010',5,$p$🏁 Checkpoint Unidade 10$p$,$p$Demuestra que sabes desenvolverte en un restaurante y de compras en portugués de Brasil. Pides educadamente con "eu queria", entiendes cantidades y precios (um pouco, muito, quanto custa, reais) y comparas opciones con "mais... (do) que". Las frases y distractores son nuevos para medir transferencia, no memoria.$p$,'checkpoint',40)
on conflict (unit_id, order_index) do update set title=excluded.title, description=excluded.description;
insert into exams (id, course_id, type, cefr_level, unit_id, time_limit_sec, pass_threshold, sections) values
 ('52000000-0000-0000-0000-000000000010','20000000-0000-0000-0000-000000000002','checkpoint','A2','32000000-0000-0000-0000-000000000010',300,0.80,$j${"skills":["reading","listening","writing","speaking"],"item_count":10,"randomize":true}$j$::jsonb)
on conflict (id) do nothing;
insert into content_items (id, course_id, cefr_level, skill, type, prompt, payload, correct_answer, difficulty, tags) values
 ('d2000127-0000-0000-0000-000000000127','20000000-0000-0000-0000-000000000002','A2','reading','match',
   $p$Empareja cada palabra del restaurante con su traducción.$p$,
   $j${"pairs":[{"en":"o cardápio","es":"el menú"},{"en":"o garçom","es":"el camarero"},{"en":"a conta","es":"la cuenta"}]}$j$::jsonb, $j${"pairs":[["o cardápio","el menú"],["o garçom","el camarero"],["a conta","la cuenta"]]}$j$::jsonb,
   0.35, ARRAY['unidad10','pedir_en_el_restaurante_con_eu_queria','reading']),
 ('d2000128-0000-0000-0000-000000000128','20000000-0000-0000-0000-000000000002','A2','reading','multiple_choice',
   $p$Completa el pedido educado: "___ um café, por favor."$p$,
   $j${"options":["Eu queria","Você quer","Eu sou"]}$j$::jsonb, $j${"value":"Eu queria"}$j$::jsonb,
   0.35, ARRAY['unidad10','pedir_en_el_restaurante_con_eu_queria','reading']),
 ('d2000129-0000-0000-0000-000000000129','20000000-0000-0000-0000-000000000002','A2','reading','multiple_choice',
   $p$¿Qué pides para ver los platos del restaurante?$p$,
   $j${"options":["O cardápio, por favor.","A conta, por favor.","O troco, por favor."]}$j$::jsonb, $j${"value":"O cardápio, por favor."}$j$::jsonb,
   0.35, ARRAY['unidad10','pedir_en_el_restaurante_con_eu_queria','reading']),
 ('d2000130-0000-0000-0000-000000000130','20000000-0000-0000-0000-000000000002','A2','writing','cloze',
   $p$Completa para pedir la cuenta: "A ___, por favor!"$p$,
   $j${"text":"A ___, por favor!"}$j$::jsonb, $j${"value":"conta","accepted":["conta","Conta"]}$j$::jsonb,
   0.35, ARRAY['unidad10','pedir_en_el_restaurante_con_eu_queria','writing']),
 ('d2000131-0000-0000-0000-000000000131','20000000-0000-0000-0000-000000000002','A2','writing','translation',
   $p$Traduce: "Yo quisiera un plato de pasta."$p$,
   $j${"source":"Yo quisiera un plato de pasta."}$j$::jsonb, $j${"value":"Eu queria um prato de massa.","accepted":["Eu queria um prato de massa.","Eu queria um prato de massa","Eu queria um prato de macarrão.","Eu queria um prato de macarrão"]}$j$::jsonb,
   0.35, ARRAY['unidad10','pedir_en_el_restaurante_con_eu_queria','writing']),
 ('d2000132-0000-0000-0000-000000000132','20000000-0000-0000-0000-000000000002','A2','writing','word_bank',
   $p$Arma la frase: "Yo quisiera una bebida."$p$,
   $j${"tiles":["Eu","queria","uma","bebida","quero","conta"]}$j$::jsonb, $j${"value":"Eu queria uma bebida","sequence":["Eu","queria","uma","bebida"]}$j$::jsonb,
   0.35, ARRAY['unidad10','pedir_en_el_restaurante_con_eu_queria','writing']),
 ('d2000133-0000-0000-0000-000000000133','20000000-0000-0000-0000-000000000002','A2','listening','listening',
   $p$Escucha y elige la frase que oíste.$p$,
   $j${"options":["Boa noite, eu queria o cardápio.","A conta, por favor, garçom.","Eu queria pagar com cartão."],"say":"Boa noite, eu queria o cardápio.","audio_url":"https://wiauinufpbkmjlbqlkxo.supabase.co/storage/v1/object/public/audio/items/d2000133-0000-0000-0000-000000000133.mp3"}$j$::jsonb, $j${"value":"Boa noite, eu queria o cardápio."}$j$::jsonb,
   0.35, ARRAY['unidad10','pedir_en_el_restaurante_con_eu_queria','listening']),
 ('d2000134-0000-0000-0000-000000000134','20000000-0000-0000-0000-000000000002','A2','speaking','speaking_read_aloud',
   $p$Lee en voz alta:$p$,
   $j${"text":"Garçom, eu queria o cardápio e uma água, por favor.","audio_url":"https://wiauinufpbkmjlbqlkxo.supabase.co/storage/v1/object/public/audio/items/d2000134-0000-0000-0000-000000000134.mp3"}$j$::jsonb, $j${"expected":"Garçom, eu queria o cardápio e uma água, por favor."}$j$::jsonb,
   0.35, ARRAY['unidad10','pedir_en_el_restaurante_con_eu_queria','speaking']),
 ('d2000135-0000-0000-0000-000000000135','20000000-0000-0000-0000-000000000002','A2','reading','match',
   $p$Empareja cada expresión de cantidad o precio con su traducción.$p$,
   $j${"pairs":[{"en":"um pouco","es":"un poco"},{"en":"muito","es":"mucho"},{"en":"quanto custa","es":"cuánto cuesta"}]}$j$::jsonb, $j${"pairs":[["um pouco","un poco"],["muito","mucho"],["quanto custa","cuánto cuesta"]]}$j$::jsonb,
   0.35, ARRAY['unidad10','cantidades_y_precios_um_pouco_muito_quanto_custa','reading']),
 ('d2000136-0000-0000-0000-000000000136','20000000-0000-0000-0000-000000000002','A2','reading','multiple_choice',
   $p$Completa para preguntar el precio: "___ custa o suco?"$p$,
   $j${"options":["Quanto","Quando","Quem"]}$j$::jsonb, $j${"value":"Quanto"}$j$::jsonb,
   0.35, ARRAY['unidad10','cantidades_y_precios_um_pouco_muito_quanto_custa','reading']),
 ('d2000137-0000-0000-0000-000000000137','20000000-0000-0000-0000-000000000002','A2','reading','multiple_choice',
   $p$Quieres solo una pequeña cantidad de azúcar. ¿Qué dices?$p$,
   $j${"options":["Só um pouco de açúcar, por favor.","Muito açúcar, por favor.","Sem preço, por favor."]}$j$::jsonb, $j${"value":"Só um pouco de açúcar, por favor."}$j$::jsonb,
   0.35, ARRAY['unidad10','cantidades_y_precios_um_pouco_muito_quanto_custa','reading']),
 ('d2000138-0000-0000-0000-000000000138','20000000-0000-0000-0000-000000000002','A2','writing','cloze',
   $p$Completa: "O café custa cinco ___." (la moneda de Brasil)$p$,
   $j${"text":"O café custa cinco ___."}$j$::jsonb, $j${"value":"reais","accepted":["reais","Reais"]}$j$::jsonb,
   0.35, ARRAY['unidad10','cantidades_y_precios_um_pouco_muito_quanto_custa','writing']),
 ('d2000139-0000-0000-0000-000000000139','20000000-0000-0000-0000-000000000002','A2','writing','translation',
   $p$Traduce: "¿Cuánto cuesta el plato?"$p$,
   $j${"source":"¿Cuánto cuesta el plato?"}$j$::jsonb, $j${"value":"Quanto custa o prato?","accepted":["Quanto custa o prato?","Quanto custa o prato","Quanto é o prato?","Quanto é o prato"]}$j$::jsonb,
   0.35, ARRAY['unidad10','cantidades_y_precios_um_pouco_muito_quanto_custa','writing']),
 ('d2000140-0000-0000-0000-000000000140','20000000-0000-0000-0000-000000000002','A2','writing','reorder',
   $p$Ordena las palabras: "Hay mucha gente aquí."$p$,
   $j${"tiles":["Tem","muita","gente","aqui"]}$j$::jsonb, $j${"value":"Tem muita gente aqui"}$j$::jsonb,
   0.35, ARRAY['unidad10','cantidades_y_precios_um_pouco_muito_quanto_custa','writing']),
 ('d2000141-0000-0000-0000-000000000141','20000000-0000-0000-0000-000000000002','A2','listening','listening',
   $p$Escucha y elige la frase que oíste.$p$,
   $j${"options":["Quanto custa essa camiseta?","Eu quero um pouco de arroz.","O preço está muito caro hoje."],"say":"Quanto custa essa camiseta?","audio_url":"https://wiauinufpbkmjlbqlkxo.supabase.co/storage/v1/object/public/audio/items/d2000141-0000-0000-0000-000000000141.mp3"}$j$::jsonb, $j${"value":"Quanto custa essa camiseta?"}$j$::jsonb,
   0.35, ARRAY['unidad10','cantidades_y_precios_um_pouco_muito_quanto_custa','listening']),
 ('d2000142-0000-0000-0000-000000000142','20000000-0000-0000-0000-000000000002','A2','speaking','speaking_read_aloud',
   $p$Lee en voz alta:$p$,
   $j${"text":"Quanto custa? Eu quero só um pouco, por favor.","audio_url":"https://wiauinufpbkmjlbqlkxo.supabase.co/storage/v1/object/public/audio/items/d2000142-0000-0000-0000-000000000142.mp3"}$j$::jsonb, $j${"expected":"Quanto custa? Eu quero só um pouco, por favor."}$j$::jsonb,
   0.35, ARRAY['unidad10','cantidades_y_precios_um_pouco_muito_quanto_custa','speaking']),
 ('d2000143-0000-0000-0000-000000000143','20000000-0000-0000-0000-000000000002','A2','reading','match',
   $p$Empareja cada palabra de compras con su traducción.$p$,
   $j${"pairs":[{"en":"a loja","es":"la tienda"},{"en":"o troco","es":"el cambio (vuelto)"},{"en":"o preço","es":"el precio"}]}$j$::jsonb, $j${"pairs":[["a loja","la tienda"],["o troco","el cambio (vuelto)"],["o preço","el precio"]]}$j$::jsonb,
   0.35, ARRAY['unidad10','ir_de_compras_en_la_tienda','reading']),
 ('d2000144-0000-0000-0000-000000000144','20000000-0000-0000-0000-000000000002','A2','reading','multiple_choice',
   $p$En la tienda, ¿cómo pides probarte algo?$p$,
   $j${"options":["Posso experimentar?","Posso pagar a conta?","Posso ver o cardápio?"]}$j$::jsonb, $j${"value":"Posso experimentar?"}$j$::jsonb,
   0.35, ARRAY['unidad10','ir_de_compras_en_la_tienda','reading']),
 ('d2000145-0000-0000-0000-000000000145','20000000-0000-0000-0000-000000000002','A2','reading','multiple_choice',
   $p$Completa: "Vou pagar com ___." (forma de pago)$p$,
   $j${"options":["cartão","cardápio","garçom"]}$j$::jsonb, $j${"value":"cartão"}$j$::jsonb,
   0.35, ARRAY['unidad10','ir_de_compras_en_la_tienda','reading']),
 ('d2000146-0000-0000-0000-000000000146','20000000-0000-0000-0000-000000000002','A2','writing','cloze',
   $p$Completa: "Esta camisa é muito ___; não tenho dinheiro." (contrario de barato)$p$,
   $j${"text":"Esta camisa é muito ___; não tenho dinheiro."}$j$::jsonb, $j${"value":"cara","accepted":["cara","Cara"]}$j$::jsonb,
   0.35, ARRAY['unidad10','ir_de_compras_en_la_tienda','writing']),
 ('d2000147-0000-0000-0000-000000000147','20000000-0000-0000-0000-000000000002','A2','writing','translation',
   $p$Traduce: "Yo quisiera comprar estos zapatos."$p$,
   $j${"source":"Yo quisiera comprar estos zapatos."}$j$::jsonb, $j${"value":"Eu queria comprar estes sapatos.","accepted":["Eu queria comprar estes sapatos.","Eu queria comprar estes sapatos","Eu queria comprar esses sapatos.","Eu queria comprar esses sapatos"]}$j$::jsonb,
   0.35, ARRAY['unidad10','ir_de_compras_en_la_tienda','writing']),
 ('d2000148-0000-0000-0000-000000000148','20000000-0000-0000-0000-000000000002','A2','writing','word_bank',
   $p$Arma la frase: "¿Aceptan tarjeta?"$p$,
   $j${"tiles":["Vocês","aceitam","cartão","troco","loja"]}$j$::jsonb, $j${"value":"Vocês aceitam cartão","sequence":["Vocês","aceitam","cartão"]}$j$::jsonb,
   0.35, ARRAY['unidad10','ir_de_compras_en_la_tienda','writing']),
 ('d2000149-0000-0000-0000-000000000149','20000000-0000-0000-0000-000000000002','A2','listening','listening',
   $p$Escucha y elige la frase que oíste.$p$,
   $j${"options":["Você aceita cartão ou dinheiro?","O troco está na mesa do garçom.","A loja abre só de manhã."],"say":"Você aceita cartão ou dinheiro?","audio_url":"https://wiauinufpbkmjlbqlkxo.supabase.co/storage/v1/object/public/audio/items/d2000149-0000-0000-0000-000000000149.mp3"}$j$::jsonb, $j${"value":"Você aceita cartão ou dinheiro?"}$j$::jsonb,
   0.35, ARRAY['unidad10','ir_de_compras_en_la_tienda','listening']),
 ('d2000150-0000-0000-0000-000000000150','20000000-0000-0000-0000-000000000002','A2','speaking','speaking_read_aloud',
   $p$Lee en voz alta:$p$,
   $j${"text":"Eu queria comprar esta camisa. Vocês aceitam cartão?","audio_url":"https://wiauinufpbkmjlbqlkxo.supabase.co/storage/v1/object/public/audio/items/d2000150-0000-0000-0000-000000000150.mp3"}$j$::jsonb, $j${"expected":"Eu queria comprar esta camisa. Vocês aceitam cartão?"}$j$::jsonb,
   0.35, ARRAY['unidad10','ir_de_compras_en_la_tienda','speaking']),
 ('d2000151-0000-0000-0000-000000000151','20000000-0000-0000-0000-000000000002','A2','reading','match',
   $p$Empareja cada comparación con su traducción.$p$,
   $j${"pairs":[{"en":"mais caro do que","es":"más caro que"},{"en":"mais barato do que","es":"más barato que"},{"en":"mais gostoso do que","es":"más sabroso que"}]}$j$::jsonb, $j${"pairs":[["mais caro do que","más caro que"],["mais barato do que","más barato que"],["mais gostoso do que","más sabroso que"]]}$j$::jsonb,
   0.35, ARRAY['unidad10','comparar_con_mais_do_que','reading']),
 ('d2000152-0000-0000-0000-000000000152','20000000-0000-0000-0000-000000000002','A2','reading','multiple_choice',
   $p$Completa la comparación: "O suco é mais barato ___ o refrigerante."$p$,
   $j${"options":["do que","muito","um pouco"]}$j$::jsonb, $j${"value":"do que"}$j$::jsonb,
   0.35, ARRAY['unidad10','comparar_con_mais_do_que','reading']),
 ('d2000153-0000-0000-0000-000000000153','20000000-0000-0000-0000-000000000002','A2','reading','multiple_choice',
   $p$¿Cómo dices "este plato es más rico que aquel"?$p$,
   $j${"options":["Este prato é mais gostoso do que aquele.","Este prato é muito pouco gostoso.","Este prato custa quanto reais."]}$j$::jsonb, $j${"value":"Este prato é mais gostoso do que aquele."}$j$::jsonb,
   0.35, ARRAY['unidad10','comparar_con_mais_do_que','reading']),
 ('d2000154-0000-0000-0000-000000000154','20000000-0000-0000-0000-000000000002','A2','writing','cloze',
   $p$Completa la comparación: "A pizza é ___ cara do que a salada."$p$,
   $j${"text":"A pizza é ___ cara do que a salada."}$j$::jsonb, $j${"value":"mais","accepted":["mais","Mais"]}$j$::jsonb,
   0.35, ARRAY['unidad10','comparar_con_mais_do_que','writing']),
 ('d2000155-0000-0000-0000-000000000155','20000000-0000-0000-0000-000000000002','A2','writing','translation',
   $p$Traduce: "El café es más barato que el jugo."$p$,
   $j${"source":"El café es más barato que el jugo."}$j$::jsonb, $j${"value":"O café é mais barato do que o suco.","accepted":["O café é mais barato do que o suco.","O café é mais barato do que o suco","O café é mais barato que o suco.","O café é mais barato que o suco"]}$j$::jsonb,
   0.35, ARRAY['unidad10','comparar_con_mais_do_que','writing']),
 ('d2000156-0000-0000-0000-000000000156','20000000-0000-0000-0000-000000000002','A2','writing','reorder',
   $p$Ordena las palabras: "Esta tienda es más cara."$p$,
   $j${"tiles":["Esta","loja","é","mais","cara"]}$j$::jsonb, $j${"value":"Esta loja é mais cara"}$j$::jsonb,
   0.35, ARRAY['unidad10','comparar_con_mais_do_que','writing']),
 ('d2000157-0000-0000-0000-000000000157','20000000-0000-0000-0000-000000000002','A2','listening','listening',
   $p$Escucha y elige la frase que oíste.$p$,
   $j${"options":["O peixe é mais caro do que o frango.","O frango é um pouco barato hoje.","A conta é mais alta que o cardápio."],"say":"O peixe é mais caro do que o frango.","audio_url":"https://wiauinufpbkmjlbqlkxo.supabase.co/storage/v1/object/public/audio/items/d2000157-0000-0000-0000-000000000157.mp3"}$j$::jsonb, $j${"value":"O peixe é mais caro do que o frango."}$j$::jsonb,
   0.35, ARRAY['unidad10','comparar_con_mais_do_que','listening']),
 ('d2000158-0000-0000-0000-000000000158','20000000-0000-0000-0000-000000000002','A2','speaking','speaking_read_aloud',
   $p$Lee en voz alta:$p$,
   $j${"text":"Este restaurante é mais barato do que aquele, mas a comida é mais gostosa.","audio_url":"https://wiauinufpbkmjlbqlkxo.supabase.co/storage/v1/object/public/audio/items/d2000158-0000-0000-0000-000000000158.mp3"}$j$::jsonb, $j${"expected":"Este restaurante é mais barato do que aquele, mas a comida é mais gostosa."}$j$::jsonb,
   0.35, ARRAY['unidad10','comparar_con_mais_do_que','speaking']),
 ('d2000159-0000-0000-0000-000000000159','20000000-0000-0000-0000-000000000002','A2','reading','multiple_choice',
   $p$Completa el pedido educado en el restaurante: "___ um suco de laranja, por favor."$p$,
   $j${"options":["Eu queria","Eu quanto","Eu troco"]}$j$::jsonb, $j${"value":"Eu queria"}$j$::jsonb,
   0.35, ARRAY['cp_unidad10','checkpoint','reading']),
 ('d2000160-0000-0000-0000-000000000160','20000000-0000-0000-0000-000000000002','A2','reading','match',
   $p$Empareja cada palabra con su traducción.$p$,
   $j${"pairs":[{"en":"a bebida","es":"la bebida"},{"en":"barato","es":"barato"},{"en":"o preço","es":"el precio"}]}$j$::jsonb, $j${"pairs":[["a bebida","la bebida"],["barato","barato"],["o preço","el precio"]]}$j$::jsonb,
   0.35, ARRAY['cp_unidad10','checkpoint','reading']),
 ('d2000161-0000-0000-0000-000000000161','20000000-0000-0000-0000-000000000002','A2','reading','multiple_choice',
   $p$Completa la comparación: "O metrô é mais rápido ___ o ônibus."$p$,
   $j${"options":["do que","muito","um pouco"]}$j$::jsonb, $j${"value":"do que"}$j$::jsonb,
   0.35, ARRAY['cp_unidad10','checkpoint','reading']),
 ('d2000162-0000-0000-0000-000000000162','20000000-0000-0000-0000-000000000002','A2','writing','cloze',
   $p$Completa para preguntar el precio: "___ custa a sobremesa?"$p$,
   $j${"text":"___ custa a sobremesa?"}$j$::jsonb, $j${"value":"Quanto","accepted":["Quanto","quanto"]}$j$::jsonb,
   0.35, ARRAY['cp_unidad10','checkpoint','writing']),
 ('d2000163-0000-0000-0000-000000000163','20000000-0000-0000-0000-000000000002','A2','writing','translation',
   $p$Traduce: "El vestido es más caro que la falda."$p$,
   $j${"source":"El vestido es más caro que la falda."}$j$::jsonb, $j${"value":"O vestido é mais caro do que a saia.","accepted":["O vestido é mais caro do que a saia.","O vestido é mais caro do que a saia","O vestido é mais caro que a saia.","O vestido é mais caro que a saia"]}$j$::jsonb,
   0.35, ARRAY['cp_unidad10','checkpoint','writing']),
 ('d2000164-0000-0000-0000-000000000164','20000000-0000-0000-0000-000000000002','A2','writing','word_bank',
   $p$Arma la frase: "¿Aceptan tarjeta aquí?"$p$,
   $j${"tiles":["Vocês","aceitam","cartão","aqui","conta","preço"]}$j$::jsonb, $j${"value":"Vocês aceitam cartão aqui","sequence":["Vocês","aceitam","cartão","aqui"]}$j$::jsonb,
   0.35, ARRAY['cp_unidad10','checkpoint','writing']),
 ('d2000165-0000-0000-0000-000000000165','20000000-0000-0000-0000-000000000002','A2','listening','listening',
   $p$Escucha y elige la frase que oíste.$p$,
   $j${"options":["Coloca só um pouco de açúcar no meu chá.","Tem muita gente na loja hoje.","O troco é de dez reais."],"say":"Coloca só um pouco de açúcar no meu chá.","audio_url":"https://wiauinufpbkmjlbqlkxo.supabase.co/storage/v1/object/public/audio/items/d2000165-0000-0000-0000-000000000165.mp3"}$j$::jsonb, $j${"value":"Coloca só um pouco de açúcar no meu chá."}$j$::jsonb,
   0.35, ARRAY['cp_unidad10','checkpoint','listening']),
 ('d2000166-0000-0000-0000-000000000166','20000000-0000-0000-0000-000000000002','A2','listening','listening',
   $p$Escucha y elige la frase que oíste.$p$,
   $j${"options":["Esta loja é mais barata do que aquela.","O garçom trouxe o cardápio agora.","A sobremesa custa oito reais."],"say":"Esta loja é mais barata do que aquela.","audio_url":"https://wiauinufpbkmjlbqlkxo.supabase.co/storage/v1/object/public/audio/items/d2000166-0000-0000-0000-000000000166.mp3"}$j$::jsonb, $j${"value":"Esta loja é mais barata do que aquela."}$j$::jsonb,
   0.35, ARRAY['cp_unidad10','checkpoint','listening']),
 ('d2000167-0000-0000-0000-000000000167','20000000-0000-0000-0000-000000000002','A2','speaking','speaking_read_aloud',
   $p$Lee en voz alta:$p$,
   $j${"text":"Quanto custa? Eu queria pagar com cartão, por favor.","audio_url":"https://wiauinufpbkmjlbqlkxo.supabase.co/storage/v1/object/public/audio/items/d2000167-0000-0000-0000-000000000167.mp3"}$j$::jsonb, $j${"expected":"Quanto custa? Eu queria pagar com cartão, por favor."}$j$::jsonb,
   0.35, ARRAY['cp_unidad10','checkpoint','speaking']),
 ('d2000168-0000-0000-0000-000000000168','20000000-0000-0000-0000-000000000002','A2','speaking','speaking_read_aloud',
   $p$Lee en voz alta:$p$,
   $j${"text":"A salada é mais barata do que a pizza, mas eu queria as duas.","audio_url":"https://wiauinufpbkmjlbqlkxo.supabase.co/storage/v1/object/public/audio/items/d2000168-0000-0000-0000-000000000168.mp3"}$j$::jsonb, $j${"expected":"A salada é mais barata do que a pizza, mas eu queria as duas."}$j$::jsonb,
   0.35, ARRAY['cp_unidad10','checkpoint','speaking'])
on conflict (id) do update set prompt=excluded.prompt, payload=excluded.payload, correct_answer=excluded.correct_answer, difficulty=excluded.difficulty, tags=excluded.tags, updated_at=now();
insert into lesson_items (lesson_id, item_id, order_index) values
 ('42000000-0000-0000-0000-000000001001','d2000127-0000-0000-0000-000000000127',1),
 ('42000000-0000-0000-0000-000000001001','d2000128-0000-0000-0000-000000000128',2),
 ('42000000-0000-0000-0000-000000001001','d2000129-0000-0000-0000-000000000129',3),
 ('42000000-0000-0000-0000-000000001001','d2000130-0000-0000-0000-000000000130',4),
 ('42000000-0000-0000-0000-000000001001','d2000131-0000-0000-0000-000000000131',5),
 ('42000000-0000-0000-0000-000000001001','d2000132-0000-0000-0000-000000000132',6),
 ('42000000-0000-0000-0000-000000001001','d2000133-0000-0000-0000-000000000133',7),
 ('42000000-0000-0000-0000-000000001001','d2000134-0000-0000-0000-000000000134',8),
 ('42000000-0000-0000-0000-000000001002','d2000135-0000-0000-0000-000000000135',1),
 ('42000000-0000-0000-0000-000000001002','d2000136-0000-0000-0000-000000000136',2),
 ('42000000-0000-0000-0000-000000001002','d2000137-0000-0000-0000-000000000137',3),
 ('42000000-0000-0000-0000-000000001002','d2000138-0000-0000-0000-000000000138',4),
 ('42000000-0000-0000-0000-000000001002','d2000139-0000-0000-0000-000000000139',5),
 ('42000000-0000-0000-0000-000000001002','d2000140-0000-0000-0000-000000000140',6),
 ('42000000-0000-0000-0000-000000001002','d2000141-0000-0000-0000-000000000141',7),
 ('42000000-0000-0000-0000-000000001002','d2000142-0000-0000-0000-000000000142',8),
 ('42000000-0000-0000-0000-000000001003','d2000143-0000-0000-0000-000000000143',1),
 ('42000000-0000-0000-0000-000000001003','d2000144-0000-0000-0000-000000000144',2),
 ('42000000-0000-0000-0000-000000001003','d2000145-0000-0000-0000-000000000145',3),
 ('42000000-0000-0000-0000-000000001003','d2000146-0000-0000-0000-000000000146',4),
 ('42000000-0000-0000-0000-000000001003','d2000147-0000-0000-0000-000000000147',5),
 ('42000000-0000-0000-0000-000000001003','d2000148-0000-0000-0000-000000000148',6),
 ('42000000-0000-0000-0000-000000001003','d2000149-0000-0000-0000-000000000149',7),
 ('42000000-0000-0000-0000-000000001003','d2000150-0000-0000-0000-000000000150',8),
 ('42000000-0000-0000-0000-000000001004','d2000151-0000-0000-0000-000000000151',1),
 ('42000000-0000-0000-0000-000000001004','d2000152-0000-0000-0000-000000000152',2),
 ('42000000-0000-0000-0000-000000001004','d2000153-0000-0000-0000-000000000153',3),
 ('42000000-0000-0000-0000-000000001004','d2000154-0000-0000-0000-000000000154',4),
 ('42000000-0000-0000-0000-000000001004','d2000155-0000-0000-0000-000000000155',5),
 ('42000000-0000-0000-0000-000000001004','d2000156-0000-0000-0000-000000000156',6),
 ('42000000-0000-0000-0000-000000001004','d2000157-0000-0000-0000-000000000157',7),
 ('42000000-0000-0000-0000-000000001004','d2000158-0000-0000-0000-000000000158',8),
 ('42000000-0000-0000-0000-000000001005','d2000159-0000-0000-0000-000000000159',1),
 ('42000000-0000-0000-0000-000000001005','d2000160-0000-0000-0000-000000000160',2),
 ('42000000-0000-0000-0000-000000001005','d2000161-0000-0000-0000-000000000161',3),
 ('42000000-0000-0000-0000-000000001005','d2000162-0000-0000-0000-000000000162',4),
 ('42000000-0000-0000-0000-000000001005','d2000163-0000-0000-0000-000000000163',5),
 ('42000000-0000-0000-0000-000000001005','d2000164-0000-0000-0000-000000000164',6),
 ('42000000-0000-0000-0000-000000001005','d2000165-0000-0000-0000-000000000165',7),
 ('42000000-0000-0000-0000-000000001005','d2000166-0000-0000-0000-000000000166',8),
 ('42000000-0000-0000-0000-000000001005','d2000167-0000-0000-0000-000000000167',9),
 ('42000000-0000-0000-0000-000000001005','d2000168-0000-0000-0000-000000000168',10)
on conflict (lesson_id, item_id) do nothing;
insert into vocabulary (id, course_id, word, translation, frequency_rank, part_of_speech) values
 ('d2b00049-0000-0000-0000-000000000049','20000000-0000-0000-0000-000000000002',$p$o cardápio$p$,$p$el menú$p$,500,'sustantivo'),
 ('d2b00050-0000-0000-0000-000000000050','20000000-0000-0000-0000-000000000002',$p$o garçom$p$,$p$el camarero$p$,501,'sustantivo'),
 ('d2b00051-0000-0000-0000-000000000051','20000000-0000-0000-0000-000000000002',$p$a conta$p$,$p$la cuenta$p$,502,'sustantivo'),
 ('d2b00052-0000-0000-0000-000000000052','20000000-0000-0000-0000-000000000002',$p$eu queria$p$,$p$yo querría / quisiera$p$,503,'expresion'),
 ('d2b00053-0000-0000-0000-000000000053','20000000-0000-0000-0000-000000000002',$p$o prato$p$,$p$el plato$p$,504,'sustantivo'),
 ('d2b00054-0000-0000-0000-000000000054','20000000-0000-0000-0000-000000000002',$p$a bebida$p$,$p$la bebida$p$,505,'sustantivo'),
 ('d2b00055-0000-0000-0000-000000000055','20000000-0000-0000-0000-000000000002',$p$um pouco$p$,$p$un poco$p$,506,'locucion'),
 ('d2b00056-0000-0000-0000-000000000056','20000000-0000-0000-0000-000000000002',$p$muito$p$,$p$mucho$p$,507,'adverbio'),
 ('d2b00057-0000-0000-0000-000000000057','20000000-0000-0000-0000-000000000002',$p$quanto custa$p$,$p$cuánto cuesta$p$,508,'expresion'),
 ('d2b00058-0000-0000-0000-000000000058','20000000-0000-0000-0000-000000000002',$p$o preço$p$,$p$el precio$p$,509,'sustantivo'),
 ('d2b00059-0000-0000-0000-000000000059','20000000-0000-0000-0000-000000000002',$p$caro$p$,$p$caro$p$,510,'adjetivo'),
 ('d2b00060-0000-0000-0000-000000000060','20000000-0000-0000-0000-000000000002',$p$barato$p$,$p$barato$p$,511,'adjetivo'),
 ('d2b00061-0000-0000-0000-000000000061','20000000-0000-0000-0000-000000000002',$p$a loja$p$,$p$la tienda$p$,512,'sustantivo'),
 ('d2b00062-0000-0000-0000-000000000062','20000000-0000-0000-0000-000000000002',$p$o troco$p$,$p$el cambio (vuelto)$p$,513,'sustantivo'),
 ('d2b00063-0000-0000-0000-000000000063','20000000-0000-0000-0000-000000000002',$p$mais... do que$p$,$p$más... que$p$,514,'estructura_comparativa'),
 ('d2b00064-0000-0000-0000-000000000064','20000000-0000-0000-0000-000000000002',$p$o real$p$,$p$el real (moneda)$p$,515,'sustantivo')
on conflict (id) do nothing;

-- ── Unidad 11 (A2·pt): Personas y descripciones ─────────────────────────────
insert into units (id, course_id, cefr_level, order_index, title, theme_color, icon) values
 ('32000000-0000-0000-0000-000000000011','20000000-0000-0000-0000-000000000002','A2',11,$p$Personas y descripciones$p$,'#8E44AD','face')
on conflict (course_id, order_index) do update set title=excluded.title, theme_color=excluded.theme_color, icon=excluded.icon;
insert into lessons (id, unit_id, order_index, title, description, type, xp_reward) values
 ('42000000-0000-0000-0000-000000001101','32000000-0000-0000-0000-000000000011',1,$p$Apariencia y personalidad$p$,$p$Apariencia y personalidad$p$,'lesson',15),
 ('42000000-0000-0000-0000-000000001102','32000000-0000-0000-0000-000000000011',2,$p$Está fazendo: presente contínuo$p$,$p$Está fazendo: presente contínuo$p$,'lesson',15),
 ('42000000-0000-0000-0000-000000001103','32000000-0000-0000-0000-000000000011',3,$p$Adjetivos para describir$p$,$p$Adjetivos para describir$p$,'lesson',15),
 ('42000000-0000-0000-0000-000000001104','32000000-0000-0000-0000-000000000011',4,$p$O mais…: superlativos$p$,$p$O mais…: superlativos$p$,'lesson',15),
 ('42000000-0000-0000-0000-000000001105','32000000-0000-0000-0000-000000000011',5,$p$🏁 Checkpoint Unidade 11$p$,$p$Demuestra que sabes describir a las personas y los lugares en portugués de Brasil. Usa adjetivos de apariencia y personalidad, el presente continuo (estar + gerúndio) y los superlativos con "o mais". Las frases son nuevas para medir si transfieres lo aprendido.$p$,'checkpoint',40)
on conflict (unit_id, order_index) do update set title=excluded.title, description=excluded.description;
insert into exams (id, course_id, type, cefr_level, unit_id, time_limit_sec, pass_threshold, sections) values
 ('52000000-0000-0000-0000-000000000011','20000000-0000-0000-0000-000000000002','checkpoint','A2','32000000-0000-0000-0000-000000000011',300,0.80,$j${"skills":["reading","listening","writing","speaking"],"item_count":10,"randomize":true}$j$::jsonb)
on conflict (id) do nothing;
insert into content_items (id, course_id, cefr_level, skill, type, prompt, payload, correct_answer, difficulty, tags) values
 ('d2000169-0000-0000-0000-000000000169','20000000-0000-0000-0000-000000000002','A2','reading','match',
   $p$Relaciona los adjetivos en portugués con su traducción.$p$,
   $j${"pairs":[{"en":"alto","es":"alto"},{"en":"simpático","es":"simpático"},{"en":"tímido","es":"tímido"}]}$j$::jsonb, $j${"pairs":[["alto","alto"],["simpático","simpático"],["tímido","tímido"]]}$j$::jsonb,
   0.35, ARRAY['unidad11','l1','reading']),
 ('d2000170-0000-0000-0000-000000000170','20000000-0000-0000-0000-000000000002','A2','reading','multiple_choice',
   $p$¿Cómo se dice "Ella tiene el cabello largo"?$p$,
   $j${"options":["Ela tem o cabelo comprido.","Ela tem os olhos verdes.","Ela tem o cabelo curto."]}$j$::jsonb, $j${"value":"Ela tem o cabelo comprido."}$j$::jsonb,
   0.35, ARRAY['unidad11','l1','reading']),
 ('d2000171-0000-0000-0000-000000000171','20000000-0000-0000-0000-000000000002','A2','reading','multiple_choice',
   $p$Elige la frase que describe la personalidad: "Mi hermano es muy gracioso".$p$,
   $j${"options":["Meu irmão é muito engraçado.","Meu irmão é muito alto.","Meu irmão é muito magro."]}$j$::jsonb, $j${"value":"Meu irmão é muito engraçado."}$j$::jsonb,
   0.35, ARRAY['unidad11','l1','reading']),
 ('d2000172-0000-0000-0000-000000000172','20000000-0000-0000-0000-000000000002','A2','writing','cloze',
   $p$Completa: "Ana es muy simpática".$p$,
   $j${"text":"Ana é muito ___."}$j$::jsonb, $j${"value":"simpática","accepted":["simpática"]}$j$::jsonb,
   0.35, ARRAY['unidad11','l1','writing']),
 ('d2000173-0000-0000-0000-000000000173','20000000-0000-0000-0000-000000000002','A2','writing','translation',
   $p$Traduce al portugués: "Él es alto y delgado".$p$,
   $j${"source":"Él es alto y delgado."}$j$::jsonb, $j${"value":"Ele é alto e magro.","accepted":["Ele é alto e magro.","Ele é alto e magro","Ele e alto e magro.","Ele e alto e magro"]}$j$::jsonb,
   0.35, ARRAY['unidad11','l1','writing']),
 ('d2000174-0000-0000-0000-000000000174','20000000-0000-0000-0000-000000000002','A2','writing','word_bank',
   $p$Ordena las palabras: "Ella tiene los ojos azules".$p$,
   $j${"tiles":["Ela","tem","os","olhos","azuis","verdes"]}$j$::jsonb, $j${"value":"Ela tem os olhos azuis","sequence":["Ela","tem","os","olhos","azuis"]}$j$::jsonb,
   0.35, ARRAY['unidad11','l1','writing']),
 ('d2000175-0000-0000-0000-000000000175','20000000-0000-0000-0000-000000000002','A2','listening','listening',
   $p$Escucha y elige lo que oyes.$p$,
   $j${"options":["Ele é muito tímido.","Ele é muito alto.","Ele é muito simpático."],"say":"Ele é muito tímido.","audio_url":"https://wiauinufpbkmjlbqlkxo.supabase.co/storage/v1/object/public/audio/items/d2000175-0000-0000-0000-000000000175.mp3"}$j$::jsonb, $j${"value":"Ele é muito tímido."}$j$::jsonb,
   0.35, ARRAY['unidad11','l1','listening']),
 ('d2000176-0000-0000-0000-000000000176','20000000-0000-0000-0000-000000000002','A2','speaking','speaking_read_aloud',
   $p$Lee en voz alta describiendo a una persona.$p$,
   $j${"text":"Minha amiga é inteligente e engraçada.","audio_url":"https://wiauinufpbkmjlbqlkxo.supabase.co/storage/v1/object/public/audio/items/d2000176-0000-0000-0000-000000000176.mp3"}$j$::jsonb, $j${"expected":"Minha amiga é inteligente e engraçada."}$j$::jsonb,
   0.35, ARRAY['unidad11','l1','speaking']),
 ('d2000177-0000-0000-0000-000000000177','20000000-0000-0000-0000-000000000002','A2','reading','match',
   $p$Relaciona el gerundio en portugués con su traducción.$p$,
   $j${"pairs":[{"en":"trabalhando","es":"trabajando"},{"en":"estudando","es":"estudiando"},{"en":"comendo","es":"comiendo"}]}$j$::jsonb, $j${"pairs":[["trabalhando","trabajando"],["estudando","estudiando"],["comendo","comiendo"]]}$j$::jsonb,
   0.35, ARRAY['unidad11','l2','reading']),
 ('d2000178-0000-0000-0000-000000000178','20000000-0000-0000-0000-000000000002','A2','reading','multiple_choice',
   $p$¿Cómo se dice "Estoy estudiando portugués ahora"?$p$,
   $j${"options":["Estou estudando português agora.","Estudo português todos os dias.","Vou estudar português amanhã."]}$j$::jsonb, $j${"value":"Estou estudando português agora."}$j$::jsonb,
   0.35, ARRAY['unidad11','l2','reading']),
 ('d2000179-0000-0000-0000-000000000179','20000000-0000-0000-0000-000000000002','A2','reading','multiple_choice',
   $p$Elige la forma correcta: "Ella está trabajando".$p$,
   $j${"options":["Ela está trabalhando.","Ela está trabalhar.","Ela está trabalha."]}$j$::jsonb, $j${"value":"Ela está trabalhando."}$j$::jsonb,
   0.35, ARRAY['unidad11','l2','reading']),
 ('d2000180-0000-0000-0000-000000000180','20000000-0000-0000-0000-000000000002','A2','writing','cloze',
   $p$Completa con el gerundio: "Nosotros estamos comiendo".$p$,
   $j${"text":"Nós estamos ___."}$j$::jsonb, $j${"value":"comendo","accepted":["comendo"]}$j$::jsonb,
   0.35, ARRAY['unidad11','l2','writing']),
 ('d2000181-0000-0000-0000-000000000181','20000000-0000-0000-0000-000000000002','A2','writing','translation',
   $p$Traduce al portugués: "Ellos están viendo televisión".$p$,
   $j${"source":"Ellos están viendo televisión."}$j$::jsonb, $j${"value":"Eles estão assistindo televisão.","accepted":["Eles estão assistindo televisão.","Eles estão assistindo televisão","Eles estão assistindo à televisão.","Eles estão assistindo à televisão","Eles estão assistindo TV.","Eles estão assistindo TV","Eles estão vendo televisão.","Eles estão vendo televisão"]}$j$::jsonb,
   0.35, ARRAY['unidad11','l2','writing']),
 ('d2000182-0000-0000-0000-000000000182','20000000-0000-0000-0000-000000000002','A2','writing','reorder',
   $p$Ordena las palabras: "Yo estoy hablando al teléfono".$p$,
   $j${"tiles":["Eu","estou","falando","ao","telefone"]}$j$::jsonb, $j${"value":"Eu estou falando ao telefone"}$j$::jsonb,
   0.35, ARRAY['unidad11','l2','writing']),
 ('d2000183-0000-0000-0000-000000000183','20000000-0000-0000-0000-000000000002','A2','listening','listening',
   $p$Escucha y elige lo que oyes.$p$,
   $j${"options":["Ela está dormindo agora.","Ela está cozinhando agora.","Ela está cantando agora."],"say":"Ela está dormindo agora.","audio_url":"https://wiauinufpbkmjlbqlkxo.supabase.co/storage/v1/object/public/audio/items/d2000183-0000-0000-0000-000000000183.mp3"}$j$::jsonb, $j${"value":"Ela está dormindo agora."}$j$::jsonb,
   0.35, ARRAY['unidad11','l2','listening']),
 ('d2000184-0000-0000-0000-000000000184','20000000-0000-0000-0000-000000000002','A2','speaking','speaking_read_aloud',
   $p$Lee en voz alta lo que estás haciendo.$p$,
   $j${"text":"Eu estou fazendo o meu trabalho agora.","audio_url":"https://wiauinufpbkmjlbqlkxo.supabase.co/storage/v1/object/public/audio/items/d2000184-0000-0000-0000-000000000184.mp3"}$j$::jsonb, $j${"expected":"Eu estou fazendo o meu trabalho agora."}$j$::jsonb,
   0.35, ARRAY['unidad11','l2','speaking']),
 ('d2000185-0000-0000-0000-000000000185','20000000-0000-0000-0000-000000000002','A2','reading','match',
   $p$Relaciona el adjetivo en portugués con su traducción.$p$,
   $j${"pairs":[{"en":"bonito","es":"bonito"},{"en":"velho","es":"viejo"},{"en":"novo","es":"nuevo"}]}$j$::jsonb, $j${"pairs":[["bonito","bonito"],["velho","viejo"],["novo","nuevo"]]}$j$::jsonb,
   0.35, ARRAY['unidad11','l3','reading']),
 ('d2000186-0000-0000-0000-000000000186','20000000-0000-0000-0000-000000000002','A2','reading','multiple_choice',
   $p$¿Cómo se dice "La casa es grande y bonita"?$p$,
   $j${"options":["A casa é grande e bonita.","A casa é pequena e feia.","A casa é grande e velha."]}$j$::jsonb, $j${"value":"A casa é grande e bonita."}$j$::jsonb,
   0.35, ARRAY['unidad11','l3','reading']),
 ('d2000187-0000-0000-0000-000000000187','20000000-0000-0000-0000-000000000002','A2','reading','multiple_choice',
   $p$Elige la concordancia correcta: "Las chicas son simpáticas".$p$,
   $j${"options":["As meninas são simpáticas.","As meninas são simpático.","As meninas é simpáticas."]}$j$::jsonb, $j${"value":"As meninas são simpáticas."}$j$::jsonb,
   0.35, ARRAY['unidad11','l3','reading']),
 ('d2000188-0000-0000-0000-000000000188','20000000-0000-0000-0000-000000000002','A2','writing','cloze',
   $p$Completa con el adjetivo: "El carro es nuevo".$p$,
   $j${"text":"O carro é ___."}$j$::jsonb, $j${"value":"novo","accepted":["novo"]}$j$::jsonb,
   0.35, ARRAY['unidad11','l3','writing']),
 ('d2000189-0000-0000-0000-000000000189','20000000-0000-0000-0000-000000000002','A2','writing','translation',
   $p$Traduce al portugués: "Esta ciudad es muy bonita".$p$,
   $j${"source":"Esta ciudad es muy bonita."}$j$::jsonb, $j${"value":"Esta cidade é muito bonita.","accepted":["Esta cidade é muito bonita.","Esta cidade é muito bonita","Essa cidade é muito bonita.","Essa cidade é muito bonita"]}$j$::jsonb,
   0.35, ARRAY['unidad11','l3','writing']),
 ('d2000190-0000-0000-0000-000000000190','20000000-0000-0000-0000-000000000002','A2','writing','word_bank',
   $p$Ordena las palabras: "El restaurante es pequeño pero agradable".$p$,
   $j${"tiles":["O","restaurante","é","pequeno","mas","agradável","grande"]}$j$::jsonb, $j${"value":"O restaurante é pequeno mas agradável","sequence":["O","restaurante","é","pequeno","mas","agradável"]}$j$::jsonb,
   0.35, ARRAY['unidad11','l3','writing']),
 ('d2000191-0000-0000-0000-000000000191','20000000-0000-0000-0000-000000000002','A2','listening','listening',
   $p$Escucha y elige lo que oyes.$p$,
   $j${"options":["O hotel é confortável e limpo.","O hotel é caro e sujo.","O hotel é pequeno e velho."],"say":"O hotel é confortável e limpo.","audio_url":"https://wiauinufpbkmjlbqlkxo.supabase.co/storage/v1/object/public/audio/items/d2000191-0000-0000-0000-000000000191.mp3"}$j$::jsonb, $j${"value":"O hotel é confortável e limpo."}$j$::jsonb,
   0.35, ARRAY['unidad11','l3','listening']),
 ('d2000192-0000-0000-0000-000000000192','20000000-0000-0000-0000-000000000002','A2','speaking','speaking_read_aloud',
   $p$Lee en voz alta describiendo un lugar.$p$,
   $j${"text":"O parque é grande, bonito e muito tranquilo.","audio_url":"https://wiauinufpbkmjlbqlkxo.supabase.co/storage/v1/object/public/audio/items/d2000192-0000-0000-0000-000000000192.mp3"}$j$::jsonb, $j${"expected":"O parque é grande, bonito e muito tranquilo."}$j$::jsonb,
   0.35, ARRAY['unidad11','l3','speaking']),
 ('d2000193-0000-0000-0000-000000000193','20000000-0000-0000-0000-000000000002','A2','reading','match',
   $p$Relaciona las expresiones comparativas en portugués con su traducción.$p$,
   $j${"pairs":[{"en":"o mais alto","es":"el más alto"},{"en":"o melhor","es":"el mejor"},{"en":"o maior","es":"el más grande"}]}$j$::jsonb, $j${"pairs":[["o mais alto","el más alto"],["o melhor","el mejor"],["o maior","el más grande"]]}$j$::jsonb,
   0.35, ARRAY['unidad11','l4','reading']),
 ('d2000194-0000-0000-0000-000000000194','20000000-0000-0000-0000-000000000002','A2','reading','multiple_choice',
   $p$¿Cómo se dice "Él es el más inteligente de la clase"?$p$,
   $j${"options":["Ele é o mais inteligente da turma.","Ele é mais inteligente que eu.","Ele é muito inteligente hoje."]}$j$::jsonb, $j${"value":"Ele é o mais inteligente da turma."}$j$::jsonb,
   0.35, ARRAY['unidad11','l4','reading']),
 ('d2000195-0000-0000-0000-000000000195','20000000-0000-0000-0000-000000000002','A2','reading','multiple_choice',
   $p$Elige el comparativo: "São Paulo es más grande que Curitiba".$p$,
   $j${"options":["São Paulo é maior do que Curitiba.","São Paulo é menor do que Curitiba.","São Paulo é tão grande quanto Curitiba."]}$j$::jsonb, $j${"value":"São Paulo é maior do que Curitiba."}$j$::jsonb,
   0.35, ARRAY['unidad11','l4','reading']),
 ('d2000196-0000-0000-0000-000000000196','20000000-0000-0000-0000-000000000002','A2','writing','cloze',
   $p$Completa el superlativo: "Es la playa más bonita".$p$,
   $j${"text":"É a praia ___ bonita."}$j$::jsonb, $j${"value":"mais","accepted":["mais"]}$j$::jsonb,
   0.35, ARRAY['unidad11','l4','writing']),
 ('d2000197-0000-0000-0000-000000000197','20000000-0000-0000-0000-000000000002','A2','writing','translation',
   $p$Traduce al portugués: "Ella es la más simpática del grupo".$p$,
   $j${"source":"Ella es la más simpática del grupo."}$j$::jsonb, $j${"value":"Ela é a mais simpática do grupo.","accepted":["Ela é a mais simpática do grupo.","Ela é a mais simpática do grupo"]}$j$::jsonb,
   0.35, ARRAY['unidad11','l4','writing']),
 ('d2000198-0000-0000-0000-000000000198','20000000-0000-0000-0000-000000000002','A2','writing','reorder',
   $p$Ordena las palabras: "Este es el restaurante más caro de la ciudad".$p$,
   $j${"tiles":["Este","é","o","restaurante","mais","caro","da","cidade"]}$j$::jsonb, $j${"value":"Este é o restaurante mais caro da cidade"}$j$::jsonb,
   0.35, ARRAY['unidad11','l4','writing']),
 ('d2000199-0000-0000-0000-000000000199','20000000-0000-0000-0000-000000000002','A2','listening','listening',
   $p$Escucha y elige lo que oyes.$p$,
   $j${"options":["Ela é a pessoa mais engraçada do escritório.","Ela é a pessoa mais alta do escritório.","Ela é a pessoa mais tímida do escritório."],"say":"Ela é a pessoa mais engraçada do escritório.","audio_url":"https://wiauinufpbkmjlbqlkxo.supabase.co/storage/v1/object/public/audio/items/d2000199-0000-0000-0000-000000000199.mp3"}$j$::jsonb, $j${"value":"Ela é a pessoa mais engraçada do escritório."}$j$::jsonb,
   0.35, ARRAY['unidad11','l4','listening']),
 ('d2000200-0000-0000-0000-000000000200','20000000-0000-0000-0000-000000000002','A2','speaking','speaking_read_aloud',
   $p$Lee en voz alta esta comparación.$p$,
   $j${"text":"O Rio de Janeiro é uma das cidades mais bonitas do Brasil.","audio_url":"https://wiauinufpbkmjlbqlkxo.supabase.co/storage/v1/object/public/audio/items/d2000200-0000-0000-0000-000000000200.mp3"}$j$::jsonb, $j${"expected":"O Rio de Janeiro é uma das cidades mais bonitas do Brasil."}$j$::jsonb,
   0.35, ARRAY['unidad11','l4','speaking']),
 ('d2000201-0000-0000-0000-000000000201','20000000-0000-0000-0000-000000000002','A2','reading','match',
   $p$Relaciona el portugués con su traducción.$p$,
   $j${"pairs":[{"en":"magro","es":"delgado"},{"en":"estudando","es":"estudiando"},{"en":"o melhor","es":"el mejor"}]}$j$::jsonb, $j${"pairs":[["magro","delgado"],["estudando","estudiando"],["o melhor","el mejor"]]}$j$::jsonb,
   0.35, ARRAY['cp_unidad11','checkpoint','reading']),
 ('d2000202-0000-0000-0000-000000000202','20000000-0000-0000-0000-000000000002','A2','reading','multiple_choice',
   $p$¿Cómo se dice "Mi madre está cocinando ahora"?$p$,
   $j${"options":["Minha mãe está cozinhando agora.","Minha mãe cozinha muito bem.","Minha mãe vai cozinhar hoje."]}$j$::jsonb, $j${"value":"Minha mãe está cozinhando agora."}$j$::jsonb,
   0.35, ARRAY['cp_unidad11','checkpoint','reading']),
 ('d2000203-0000-0000-0000-000000000203','20000000-0000-0000-0000-000000000002','A2','reading','multiple_choice',
   $p$Elige el superlativo correcto: "Es el día más caluroso del año".$p$,
   $j${"options":["É o dia mais quente do ano.","É um dia muito quente.","É o dia tão quente quanto ontem."]}$j$::jsonb, $j${"value":"É o dia mais quente do ano."}$j$::jsonb,
   0.35, ARRAY['cp_unidad11','checkpoint','reading']),
 ('d2000204-0000-0000-0000-000000000204','20000000-0000-0000-0000-000000000002','A2','writing','cloze',
   $p$Completa con el gerundio: "Mi padre está trabajando en el jardín".$p$,
   $j${"text":"Meu pai está ___ no jardim."}$j$::jsonb, $j${"value":"trabalhando","accepted":["trabalhando"]}$j$::jsonb,
   0.35, ARRAY['cp_unidad11','checkpoint','writing']),
 ('d2000205-0000-0000-0000-000000000205','20000000-0000-0000-0000-000000000002','A2','writing','translation',
   $p$Traduce al portugués: "Mi hermana es tímida pero muy inteligente".$p$,
   $j${"source":"Mi hermana es tímida pero muy inteligente."}$j$::jsonb, $j${"value":"Minha irmã é tímida mas muito inteligente.","accepted":["Minha irmã é tímida mas muito inteligente.","Minha irmã é tímida mas muito inteligente","Minha irmã é tímida, mas muito inteligente.","Minha irmã é tímida, mas muito inteligente","Minha irmã é tímida porém muito inteligente.","Minha irmã é tímida porém muito inteligente"]}$j$::jsonb,
   0.35, ARRAY['cp_unidad11','checkpoint','writing']),
 ('d2000206-0000-0000-0000-000000000206','20000000-0000-0000-0000-000000000002','A2','writing','word_bank',
   $p$Ordena las palabras: "Él es el más alto de la familia".$p$,
   $j${"tiles":["Ele","é","o","mais","alto","da","família","menor"]}$j$::jsonb, $j${"value":"Ele é o mais alto da família","sequence":["Ele","é","o","mais","alto","da","família"]}$j$::jsonb,
   0.35, ARRAY['cp_unidad11','checkpoint','writing']),
 ('d2000207-0000-0000-0000-000000000207','20000000-0000-0000-0000-000000000002','A2','listening','listening',
   $p$Escucha y elige lo que oyes.$p$,
   $j${"options":["Eles estão jogando futebol no parque.","Eles estão estudando na escola.","Eles estão correndo na praia."],"say":"Eles estão jogando futebol no parque.","audio_url":"https://wiauinufpbkmjlbqlkxo.supabase.co/storage/v1/object/public/audio/items/d2000207-0000-0000-0000-000000000207.mp3"}$j$::jsonb, $j${"value":"Eles estão jogando futebol no parque."}$j$::jsonb,
   0.35, ARRAY['cp_unidad11','checkpoint','listening']),
 ('d2000208-0000-0000-0000-000000000208','20000000-0000-0000-0000-000000000002','A2','listening','listening',
   $p$Escucha y elige lo que oyes.$p$,
   $j${"options":["Esta é a cidade mais bonita do país.","Esta é a cidade mais antiga do país.","Esta é a cidade mais cara do país."],"say":"Esta é a cidade mais bonita do país.","audio_url":"https://wiauinufpbkmjlbqlkxo.supabase.co/storage/v1/object/public/audio/items/d2000208-0000-0000-0000-000000000208.mp3"}$j$::jsonb, $j${"value":"Esta é a cidade mais bonita do país."}$j$::jsonb,
   0.35, ARRAY['cp_unidad11','checkpoint','listening']),
 ('d2000209-0000-0000-0000-000000000209','20000000-0000-0000-0000-000000000002','A2','speaking','speaking_read_aloud',
   $p$Lee en voz alta describiendo a un amigo.$p$,
   $j${"text":"Meu melhor amigo é alto, simpático e muito engraçado.","audio_url":"https://wiauinufpbkmjlbqlkxo.supabase.co/storage/v1/object/public/audio/items/d2000209-0000-0000-0000-000000000209.mp3"}$j$::jsonb, $j${"expected":"Meu melhor amigo é alto, simpático e muito engraçado."}$j$::jsonb,
   0.35, ARRAY['cp_unidad11','checkpoint','speaking']),
 ('d2000210-0000-0000-0000-000000000210','20000000-0000-0000-0000-000000000002','A2','speaking','speaking_read_aloud',
   $p$Lee en voz alta esta frase.$p$,
   $j${"text":"Agora estou estudando para a prova mais importante do ano.","audio_url":"https://wiauinufpbkmjlbqlkxo.supabase.co/storage/v1/object/public/audio/items/d2000210-0000-0000-0000-000000000210.mp3"}$j$::jsonb, $j${"expected":"Agora estou estudando para a prova mais importante do ano."}$j$::jsonb,
   0.35, ARRAY['cp_unidad11','checkpoint','speaking'])
on conflict (id) do update set prompt=excluded.prompt, payload=excluded.payload, correct_answer=excluded.correct_answer, difficulty=excluded.difficulty, tags=excluded.tags, updated_at=now();
insert into lesson_items (lesson_id, item_id, order_index) values
 ('42000000-0000-0000-0000-000000001101','d2000169-0000-0000-0000-000000000169',1),
 ('42000000-0000-0000-0000-000000001101','d2000170-0000-0000-0000-000000000170',2),
 ('42000000-0000-0000-0000-000000001101','d2000171-0000-0000-0000-000000000171',3),
 ('42000000-0000-0000-0000-000000001101','d2000172-0000-0000-0000-000000000172',4),
 ('42000000-0000-0000-0000-000000001101','d2000173-0000-0000-0000-000000000173',5),
 ('42000000-0000-0000-0000-000000001101','d2000174-0000-0000-0000-000000000174',6),
 ('42000000-0000-0000-0000-000000001101','d2000175-0000-0000-0000-000000000175',7),
 ('42000000-0000-0000-0000-000000001101','d2000176-0000-0000-0000-000000000176',8),
 ('42000000-0000-0000-0000-000000001102','d2000177-0000-0000-0000-000000000177',1),
 ('42000000-0000-0000-0000-000000001102','d2000178-0000-0000-0000-000000000178',2),
 ('42000000-0000-0000-0000-000000001102','d2000179-0000-0000-0000-000000000179',3),
 ('42000000-0000-0000-0000-000000001102','d2000180-0000-0000-0000-000000000180',4),
 ('42000000-0000-0000-0000-000000001102','d2000181-0000-0000-0000-000000000181',5),
 ('42000000-0000-0000-0000-000000001102','d2000182-0000-0000-0000-000000000182',6),
 ('42000000-0000-0000-0000-000000001102','d2000183-0000-0000-0000-000000000183',7),
 ('42000000-0000-0000-0000-000000001102','d2000184-0000-0000-0000-000000000184',8),
 ('42000000-0000-0000-0000-000000001103','d2000185-0000-0000-0000-000000000185',1),
 ('42000000-0000-0000-0000-000000001103','d2000186-0000-0000-0000-000000000186',2),
 ('42000000-0000-0000-0000-000000001103','d2000187-0000-0000-0000-000000000187',3),
 ('42000000-0000-0000-0000-000000001103','d2000188-0000-0000-0000-000000000188',4),
 ('42000000-0000-0000-0000-000000001103','d2000189-0000-0000-0000-000000000189',5),
 ('42000000-0000-0000-0000-000000001103','d2000190-0000-0000-0000-000000000190',6),
 ('42000000-0000-0000-0000-000000001103','d2000191-0000-0000-0000-000000000191',7),
 ('42000000-0000-0000-0000-000000001103','d2000192-0000-0000-0000-000000000192',8),
 ('42000000-0000-0000-0000-000000001104','d2000193-0000-0000-0000-000000000193',1),
 ('42000000-0000-0000-0000-000000001104','d2000194-0000-0000-0000-000000000194',2),
 ('42000000-0000-0000-0000-000000001104','d2000195-0000-0000-0000-000000000195',3),
 ('42000000-0000-0000-0000-000000001104','d2000196-0000-0000-0000-000000000196',4),
 ('42000000-0000-0000-0000-000000001104','d2000197-0000-0000-0000-000000000197',5),
 ('42000000-0000-0000-0000-000000001104','d2000198-0000-0000-0000-000000000198',6),
 ('42000000-0000-0000-0000-000000001104','d2000199-0000-0000-0000-000000000199',7),
 ('42000000-0000-0000-0000-000000001104','d2000200-0000-0000-0000-000000000200',8),
 ('42000000-0000-0000-0000-000000001105','d2000201-0000-0000-0000-000000000201',1),
 ('42000000-0000-0000-0000-000000001105','d2000202-0000-0000-0000-000000000202',2),
 ('42000000-0000-0000-0000-000000001105','d2000203-0000-0000-0000-000000000203',3),
 ('42000000-0000-0000-0000-000000001105','d2000204-0000-0000-0000-000000000204',4),
 ('42000000-0000-0000-0000-000000001105','d2000205-0000-0000-0000-000000000205',5),
 ('42000000-0000-0000-0000-000000001105','d2000206-0000-0000-0000-000000000206',6),
 ('42000000-0000-0000-0000-000000001105','d2000207-0000-0000-0000-000000000207',7),
 ('42000000-0000-0000-0000-000000001105','d2000208-0000-0000-0000-000000000208',8),
 ('42000000-0000-0000-0000-000000001105','d2000209-0000-0000-0000-000000000209',9),
 ('42000000-0000-0000-0000-000000001105','d2000210-0000-0000-0000-000000000210',10)
on conflict (lesson_id, item_id) do nothing;
insert into vocabulary (id, course_id, word, translation, frequency_rank, part_of_speech) values
 ('d2b00065-0000-0000-0000-000000000065','20000000-0000-0000-0000-000000000002',$p$alto$p$,$p$alto$p$,520,'adj'),
 ('d2b00066-0000-0000-0000-000000000066','20000000-0000-0000-0000-000000000002',$p$baixo$p$,$p$bajo$p$,521,'adj'),
 ('d2b00067-0000-0000-0000-000000000067','20000000-0000-0000-0000-000000000002',$p$magro$p$,$p$delgado$p$,522,'adj'),
 ('d2b00068-0000-0000-0000-000000000068','20000000-0000-0000-0000-000000000002',$p$gordo$p$,$p$gordo$p$,523,'adj'),
 ('d2b00069-0000-0000-0000-000000000069','20000000-0000-0000-0000-000000000002',$p$simpático$p$,$p$simpático$p$,524,'adj'),
 ('d2b00070-0000-0000-0000-000000000070','20000000-0000-0000-0000-000000000002',$p$tímido$p$,$p$tímido$p$,525,'adj'),
 ('d2b00071-0000-0000-0000-000000000071','20000000-0000-0000-0000-000000000002',$p$inteligente$p$,$p$inteligente$p$,526,'adj'),
 ('d2b00072-0000-0000-0000-000000000072','20000000-0000-0000-0000-000000000002',$p$engraçado$p$,$p$gracioso$p$,527,'adj'),
 ('d2b00073-0000-0000-0000-000000000073','20000000-0000-0000-0000-000000000002',$p$o cabelo$p$,$p$el cabello$p$,528,'n'),
 ('d2b00074-0000-0000-0000-000000000074','20000000-0000-0000-0000-000000000002',$p$os olhos$p$,$p$los ojos$p$,529,'n'),
 ('d2b00075-0000-0000-0000-000000000075','20000000-0000-0000-0000-000000000002',$p$trabalhando$p$,$p$trabajando$p$,530,'ger'),
 ('d2b00076-0000-0000-0000-000000000076','20000000-0000-0000-0000-000000000002',$p$estudando$p$,$p$estudiando$p$,531,'ger'),
 ('d2b00077-0000-0000-0000-000000000077','20000000-0000-0000-0000-000000000002',$p$o mais$p$,$p$el más$p$,532,'phr'),
 ('d2b00078-0000-0000-0000-000000000078','20000000-0000-0000-0000-000000000002',$p$do que$p$,$p$que (comparativo)$p$,533,'phr'),
 ('d2b00079-0000-0000-0000-000000000079','20000000-0000-0000-0000-000000000002',$p$a pessoa$p$,$p$la persona$p$,534,'n'),
 ('d2b00080-0000-0000-0000-000000000080','20000000-0000-0000-0000-000000000002',$p$bonito$p$,$p$bonito/guapo$p$,535,'adj')
on conflict (id) do nothing;

-- ── Unidad 12 (A2·pt): Saúde, experiências e conselhos ─────────────────────────────
insert into units (id, course_id, cefr_level, order_index, title, theme_color, icon) values
 ('32000000-0000-0000-0000-000000000012','20000000-0000-0000-0000-000000000002','A2',12,$p$Saúde, experiências e conselhos$p$,'#D4A017','healing')
on conflict (course_id, order_index) do update set title=excluded.title, theme_color=excluded.theme_color, icon=excluded.icon;
insert into lessons (id, unit_id, order_index, title, description, type, xp_reward) values
 ('42000000-0000-0000-0000-000000001201','32000000-0000-0000-0000-000000000012',1,$p$El cuerpo y el médico$p$,$p$El cuerpo y el médico$p$,'lesson',15),
 ('42000000-0000-0000-0000-000000001202','32000000-0000-0000-0000-000000000012',2,$p$Consejos: deveria / tem que$p$,$p$Consejos: deveria / tem que$p$,'lesson',15),
 ('42000000-0000-0000-0000-000000001203','32000000-0000-0000-0000-000000000012',3,$p$Já / nunca: experiencias$p$,$p$Já / nunca: experiencias$p$,'lesson',15),
 ('42000000-0000-0000-0000-000000001204','32000000-0000-0000-0000-000000000012',4,$p$Há / atrás: hace cuánto$p$,$p$Há / atrás: hace cuánto$p$,'lesson',15),
 ('42000000-0000-0000-0000-000000001205','32000000-0000-0000-0000-000000000012',5,$p$🏁 Checkpoint Unidade 12$p$,$p$En esta unidad hablas de salud: las partes del cuerpo y lo que pasa en el médico (estou com dor, o que você tem). Aprendes a dar consejos con deveria (debería) y tem que (tienes que). Cuentas experiencias con o pretérito perfeito y los marcadores já (ya) y nunca, y dices hace cuánto tiempo pasó algo usando há y atrás.$p$,'checkpoint',40)
on conflict (unit_id, order_index) do update set title=excluded.title, description=excluded.description;
insert into exams (id, course_id, type, cefr_level, unit_id, time_limit_sec, pass_threshold, sections) values
 ('52000000-0000-0000-0000-000000000012','20000000-0000-0000-0000-000000000002','checkpoint','A2','32000000-0000-0000-0000-000000000012',300,0.80,$j${"skills":["reading","listening","writing","speaking"],"item_count":10,"randomize":true}$j$::jsonb)
on conflict (id) do nothing;
insert into content_items (id, course_id, cefr_level, skill, type, prompt, payload, correct_answer, difficulty, tags) values
 ('d2000211-0000-0000-0000-000000000211','20000000-0000-0000-0000-000000000002','A2','reading','match',
   $p$Empareja cada palabra del cuerpo con su traducción.$p$,
   $j${"pairs":[{"en":"a cabeça","es":"la cabeza"},{"en":"a garganta","es":"la garganta"},{"en":"o estômago","es":"el estómago"}]}$j$::jsonb, $j${"pairs":[["a cabeça","la cabeza"],["a garganta","la garganta"],["o estômago","el estómago"]]}$j$::jsonb,
   0.35, ARRAY['unidad12','partes_del_cuerpo_y_hablar_de_sintomas_en_el_medico','reading']),
 ('d2000212-0000-0000-0000-000000000212','20000000-0000-0000-0000-000000000002','A2','reading','multiple_choice',
   $p$Completa en el médico: "Estou com dor de ___." (cabeza)$p$,
   $j${"options":["cabeça","garganta","febre"]}$j$::jsonb, $j${"value":"cabeça"}$j$::jsonb,
   0.35, ARRAY['unidad12','partes_del_cuerpo_y_hablar_de_sintomas_en_el_medico','reading']),
 ('d2000213-0000-0000-0000-000000000213','20000000-0000-0000-0000-000000000002','A2','reading','multiple_choice',
   $p$El médico pregunta. ¿Cómo dices "¿qué tienes?" / "¿qué te pasa?"?$p$,
   $j${"options":["O que você tem?","Quem é você?","Onde você mora?"]}$j$::jsonb, $j${"value":"O que você tem?"}$j$::jsonb,
   0.35, ARRAY['unidad12','partes_del_cuerpo_y_hablar_de_sintomas_en_el_medico','reading']),
 ('d2000214-0000-0000-0000-000000000214','20000000-0000-0000-0000-000000000002','A2','writing','cloze',
   $p$Completa: "Estou com ___ alta, acho que estou doente." (fiebre)$p$,
   $j${"text":"Estou com ___ alta, acho que estou doente."}$j$::jsonb, $j${"value":"febre","accepted":["febre","Febre"]}$j$::jsonb,
   0.35, ARRAY['unidad12','partes_del_cuerpo_y_hablar_de_sintomas_en_el_medico','writing']),
 ('d2000215-0000-0000-0000-000000000215','20000000-0000-0000-0000-000000000002','A2','writing','translation',
   $p$Traduce: "Me duele la garganta."$p$,
   $j${"source":"Me duele la garganta."}$j$::jsonb, $j${"value":"Estou com dor de garganta","accepted":["Estou com dor de garganta","Estou com dor de garganta.","Minha garganta dói","Minha garganta dói.","A minha garganta dói","A minha garganta dói.","Tô com dor de garganta","Tô com dor de garganta.","Estou com dor na garganta","Estou com dor na garganta."]}$j$::jsonb,
   0.35, ARRAY['unidad12','partes_del_cuerpo_y_hablar_de_sintomas_en_el_medico','writing']),
 ('d2000216-0000-0000-0000-000000000216','20000000-0000-0000-0000-000000000002','A2','writing','word_bank',
   $p$Arma la frase: "Necesito ir al médico".$p$,
   $j${"tiles":["Preciso","ir","ao","médico","remédio","corpo"]}$j$::jsonb, $j${"value":"Preciso ir ao médico","sequence":["Preciso","ir","ao","médico"]}$j$::jsonb,
   0.35, ARRAY['unidad12','partes_del_cuerpo_y_hablar_de_sintomas_en_el_medico','writing']),
 ('d2000217-0000-0000-0000-000000000217','20000000-0000-0000-0000-000000000002','A2','listening','listening',
   $p$Escucha y elige la frase que oíste.$p$,
   $j${"options":["Estou com dor de estômago hoje.","Estou com fome agora.","Vou ao mercado hoje."],"say":"Estou com dor de estômago hoje.","audio_url":"https://wiauinufpbkmjlbqlkxo.supabase.co/storage/v1/object/public/audio/items/d2000217-0000-0000-0000-000000000217.mp3"}$j$::jsonb, $j${"value":"Estou com dor de estômago hoje."}$j$::jsonb,
   0.35, ARRAY['unidad12','partes_del_cuerpo_y_hablar_de_sintomas_en_el_medico','listening']),
 ('d2000218-0000-0000-0000-000000000218','20000000-0000-0000-0000-000000000002','A2','speaking','speaking_read_aloud',
   $p$Lee en voz alta:$p$,
   $j${"text":"Bom dia, doutor. Estou com febre e dor de cabeça.","audio_url":"https://wiauinufpbkmjlbqlkxo.supabase.co/storage/v1/object/public/audio/items/d2000218-0000-0000-0000-000000000218.mp3"}$j$::jsonb, $j${"expected":"Bom dia, doutor. Estou com febre e dor de cabeça."}$j$::jsonb,
   0.35, ARRAY['unidad12','partes_del_cuerpo_y_hablar_de_sintomas_en_el_medico','speaking']),
 ('d2000219-0000-0000-0000-000000000219','20000000-0000-0000-0000-000000000002','A2','reading','match',
   $p$Empareja cada expresión con su traducción.$p$,
   $j${"pairs":[{"en":"você deveria","es":"tú deberías"},{"en":"você tem que","es":"tú tienes que"},{"en":"descansar","es":"descansar"}]}$j$::jsonb, $j${"pairs":[["você deveria","tú deberías"],["você tem que","tú tienes que"],["descansar","descansar"]]}$j$::jsonb,
   0.35, ARRAY['unidad12','dar_consejos_y_recomendaciones_con_deveria_y_tem_que','reading']),
 ('d2000220-0000-0000-0000-000000000220','20000000-0000-0000-0000-000000000002','A2','reading','multiple_choice',
   $p$Completa el consejo: "Você está doente, ___ descansar mais." (deberías)$p$,
   $j${"options":["deveria","gosta","tem"]}$j$::jsonb, $j${"value":"deveria"}$j$::jsonb,
   0.35, ARRAY['unidad12','dar_consejos_y_recomendaciones_con_deveria_y_tem_que','reading']),
 ('d2000221-0000-0000-0000-000000000221','20000000-0000-0000-0000-000000000002','A2','reading','multiple_choice',
   $p$Completa la obligación: "Você ___ que tomar o remédio agora."$p$,
   $j${"options":["tem","deve","é"]}$j$::jsonb, $j${"value":"tem"}$j$::jsonb,
   0.35, ARRAY['unidad12','dar_consejos_y_recomendaciones_con_deveria_y_tem_que','reading']),
 ('d2000222-0000-0000-0000-000000000222','20000000-0000-0000-0000-000000000002','A2','writing','cloze',
   $p$Completa el consejo: "Você ___ beber mais água." (deberías)$p$,
   $j${"text":"Você ___ beber mais água."}$j$::jsonb, $j${"value":"deveria","accepted":["deveria","Deveria"]}$j$::jsonb,
   0.35, ARRAY['unidad12','dar_consejos_y_recomendaciones_con_deveria_y_tem_que','writing']),
 ('d2000223-0000-0000-0000-000000000223','20000000-0000-0000-0000-000000000002','A2','writing','translation',
   $p$Traduce: "Tienes que descansar hoy."$p$,
   $j${"source":"Tienes que descansar hoy."}$j$::jsonb, $j${"value":"Você tem que descansar hoje","accepted":["Você tem que descansar hoje","Você tem que descansar hoje.","Tem que descansar hoje","Tem que descansar hoje.","Você tem de descansar hoje","Você tem de descansar hoje.","Tem de descansar hoje","Tem de descansar hoje."]}$j$::jsonb,
   0.35, ARRAY['unidad12','dar_consejos_y_recomendaciones_con_deveria_y_tem_que','writing']),
 ('d2000224-0000-0000-0000-000000000224','20000000-0000-0000-0000-000000000002','A2','writing','reorder',
   $p$Ordena: "Deberías ir al médico".$p$,
   $j${"tiles":["Você","deveria","ir","ao","médico"]}$j$::jsonb, $j${"value":"Você deveria ir ao médico"}$j$::jsonb,
   0.35, ARRAY['unidad12','dar_consejos_y_recomendaciones_con_deveria_y_tem_que','writing']),
 ('d2000225-0000-0000-0000-000000000225','20000000-0000-0000-0000-000000000002','A2','listening','listening',
   $p$Escucha y elige la frase que oíste.$p$,
   $j${"options":["Você deveria tomar um chá quente.","Você deveria comprar um carro novo.","Você tem que estudar para a prova."],"say":"Você deveria tomar um chá quente.","audio_url":"https://wiauinufpbkmjlbqlkxo.supabase.co/storage/v1/object/public/audio/items/d2000225-0000-0000-0000-000000000225.mp3"}$j$::jsonb, $j${"value":"Você deveria tomar um chá quente."}$j$::jsonb,
   0.35, ARRAY['unidad12','dar_consejos_y_recomendaciones_con_deveria_y_tem_que','listening']),
 ('d2000226-0000-0000-0000-000000000226','20000000-0000-0000-0000-000000000002','A2','speaking','speaking_read_aloud',
   $p$Lee en voz alta:$p$,
   $j${"text":"Você tem que descansar e deveria beber bastante água.","audio_url":"https://wiauinufpbkmjlbqlkxo.supabase.co/storage/v1/object/public/audio/items/d2000226-0000-0000-0000-000000000226.mp3"}$j$::jsonb, $j${"expected":"Você tem que descansar e deveria beber bastante água."}$j$::jsonb,
   0.35, ARRAY['unidad12','dar_consejos_y_recomendaciones_con_deveria_y_tem_que','speaking']),
 ('d2000227-0000-0000-0000-000000000227','20000000-0000-0000-0000-000000000002','A2','reading','match',
   $p$Empareja cada frase con su traducción.$p$,
   $j${"pairs":[{"en":"eu já fui","es":"ya fui"},{"en":"eu nunca tomei","es":"nunca tomé"},{"en":"você já comeu?","es":"¿ya comiste?"}]}$j$::jsonb, $j${"pairs":[["eu já fui","ya fui"],["eu nunca tomei","nunca tomé"],["você já comeu?","¿ya comiste?"]]}$j$::jsonb,
   0.35, ARRAY['unidad12','hablar_de_experiencias_con_preterito_perfeito_y_ja_nunca','reading']),
 ('d2000228-0000-0000-0000-000000000228','20000000-0000-0000-0000-000000000002','A2','reading','multiple_choice',
   $p$Completa la pregunta sobre experiencia: "Você ___ foi ao hospital?" (ya)$p$,
   $j${"options":["já","ainda","ontem"]}$j$::jsonb, $j${"value":"já"}$j$::jsonb,
   0.35, ARRAY['unidad12','hablar_de_experiencias_con_preterito_perfeito_y_ja_nunca','reading']),
 ('d2000229-0000-0000-0000-000000000229','20000000-0000-0000-0000-000000000002','A2','reading','multiple_choice',
   $p$Completa: "Eu ___ tomei esse remédio na vida." (nunca)$p$,
   $j${"options":["nunca","já","sempre"]}$j$::jsonb, $j${"value":"nunca"}$j$::jsonb,
   0.35, ARRAY['unidad12','hablar_de_experiencias_con_preterito_perfeito_y_ja_nunca','reading']),
 ('d2000230-0000-0000-0000-000000000230','20000000-0000-0000-0000-000000000002','A2','writing','cloze',
   $p$Completa: "Eu já ___ ao médico esta semana." (verbo ir, pretérito)$p$,
   $j${"text":"Eu já ___ ao médico esta semana."}$j$::jsonb, $j${"value":"fui","accepted":["fui","Fui"]}$j$::jsonb,
   0.35, ARRAY['unidad12','hablar_de_experiencias_con_preterito_perfeito_y_ja_nunca','writing']),
 ('d2000231-0000-0000-0000-000000000231','20000000-0000-0000-0000-000000000002','A2','writing','translation',
   $p$Traduce: "Nunca tuve fiebre alta."$p$,
   $j${"source":"Nunca tuve fiebre alta."}$j$::jsonb, $j${"value":"Eu nunca tive febre alta","accepted":["Eu nunca tive febre alta","Eu nunca tive febre alta.","Nunca tive febre alta","Nunca tive febre alta.","Eu nunca tive uma febre alta","Eu nunca tive uma febre alta."]}$j$::jsonb,
   0.35, ARRAY['unidad12','hablar_de_experiencias_con_preterito_perfeito_y_ja_nunca','writing']),
 ('d2000232-0000-0000-0000-000000000232','20000000-0000-0000-0000-000000000002','A2','writing','word_bank',
   $p$Arma la frase: "Yo ya tomé el remedio".$p$,
   $j${"tiles":["Eu","já","tomei","o","remédio","nunca","vou"]}$j$::jsonb, $j${"value":"Eu já tomei o remédio","sequence":["Eu","já","tomei","o","remédio"]}$j$::jsonb,
   0.35, ARRAY['unidad12','hablar_de_experiencias_con_preterito_perfeito_y_ja_nunca','writing']),
 ('d2000233-0000-0000-0000-000000000233','20000000-0000-0000-0000-000000000002','A2','listening','listening',
   $p$Escucha y elige la frase que oíste.$p$,
   $j${"options":["Eu nunca fui ao dentista.","Eu já fui ao dentista ontem.","Eu vou ao dentista amanhã."],"say":"Eu nunca fui ao dentista.","audio_url":"https://wiauinufpbkmjlbqlkxo.supabase.co/storage/v1/object/public/audio/items/d2000233-0000-0000-0000-000000000233.mp3"}$j$::jsonb, $j${"value":"Eu nunca fui ao dentista."}$j$::jsonb,
   0.35, ARRAY['unidad12','hablar_de_experiencias_con_preterito_perfeito_y_ja_nunca','listening']),
 ('d2000234-0000-0000-0000-000000000234','20000000-0000-0000-0000-000000000002','A2','speaking','speaking_read_aloud',
   $p$Lee en voz alta:$p$,
   $j${"text":"Você já tomou esse remédio? Eu nunca tomei.","audio_url":"https://wiauinufpbkmjlbqlkxo.supabase.co/storage/v1/object/public/audio/items/d2000234-0000-0000-0000-000000000234.mp3"}$j$::jsonb, $j${"expected":"Você já tomou esse remédio? Eu nunca tomei."}$j$::jsonb,
   0.35, ARRAY['unidad12','hablar_de_experiencias_con_preterito_perfeito_y_ja_nunca','speaking']),
 ('d2000235-0000-0000-0000-000000000235','20000000-0000-0000-0000-000000000002','A2','reading','match',
   $p$Empareja cada expresión de tiempo con su traducción.$p$,
   $j${"pairs":[{"en":"há dois dias","es":"hace dos días"},{"en":"uma semana atrás","es":"hace una semana"},{"en":"há muito tempo","es":"hace mucho tiempo"}]}$j$::jsonb, $j${"pairs":[["há dois dias","hace dos días"],["uma semana atrás","hace una semana"],["há muito tempo","hace mucho tiempo"]]}$j$::jsonb,
   0.35, ARRAY['unidad12','decir_hace_cuanto_tiempo_paso_algo_con_ha_y_atras','reading']),
 ('d2000236-0000-0000-0000-000000000236','20000000-0000-0000-0000-000000000002','A2','reading','multiple_choice',
   $p$Completa: "Fiquei doente ___ três dias." (hace)$p$,
   $j${"options":["há","tem","em"]}$j$::jsonb, $j${"value":"há"}$j$::jsonb,
   0.35, ARRAY['unidad12','decir_hace_cuanto_tiempo_paso_algo_con_ha_y_atras','reading']),
 ('d2000237-0000-0000-0000-000000000237','20000000-0000-0000-0000-000000000002','A2','reading','multiple_choice',
   $p$Completa con "atrás": "Fui ao médico uma semana ___."$p$,
   $j${"options":["atrás","antes","depois"]}$j$::jsonb, $j${"value":"atrás"}$j$::jsonb,
   0.35, ARRAY['unidad12','decir_hace_cuanto_tiempo_paso_algo_con_ha_y_atras','reading']),
 ('d2000238-0000-0000-0000-000000000238','20000000-0000-0000-0000-000000000002','A2','writing','cloze',
   $p$Completa con "há": "Tomei o remédio ___ duas horas." (hace)$p$,
   $j${"text":"Tomei o remédio ___ duas horas."}$j$::jsonb, $j${"value":"há","accepted":["há","Há"]}$j$::jsonb,
   0.35, ARRAY['unidad12','decir_hace_cuanto_tiempo_paso_algo_con_ha_y_atras','writing']),
 ('d2000239-0000-0000-0000-000000000239','20000000-0000-0000-0000-000000000002','A2','writing','translation',
   $p$Traduce: "Fui al hospital hace dos meses."$p$,
   $j${"source":"Fui al hospital hace dos meses."}$j$::jsonb, $j${"value":"Eu fui ao hospital há dois meses","accepted":["Eu fui ao hospital há dois meses","Eu fui ao hospital há dois meses.","Fui ao hospital há dois meses","Fui ao hospital há dois meses.","Eu fui ao hospital dois meses atrás","Fui ao hospital dois meses atrás","Eu fui ao hospital dois meses atrás.","Fui ao hospital dois meses atrás."]}$j$::jsonb,
   0.35, ARRAY['unidad12','decir_hace_cuanto_tiempo_paso_algo_con_ha_y_atras','writing']),
 ('d2000240-0000-0000-0000-000000000240','20000000-0000-0000-0000-000000000002','A2','writing','reorder',
   $p$Ordena: "Tuve fiebre hace tres días".$p$,
   $j${"tiles":["Tive","febre","há","três","dias"]}$j$::jsonb, $j${"value":"Tive febre há três dias"}$j$::jsonb,
   0.35, ARRAY['unidad12','decir_hace_cuanto_tiempo_paso_algo_con_ha_y_atras','writing']),
 ('d2000241-0000-0000-0000-000000000241','20000000-0000-0000-0000-000000000002','A2','listening','listening',
   $p$Escucha y elige la frase que oíste.$p$,
   $j${"options":["Fiquei doente há uma semana.","Vou ficar doente amanhã.","Estou doente faz um ano inteiro."],"say":"Fiquei doente há uma semana.","audio_url":"https://wiauinufpbkmjlbqlkxo.supabase.co/storage/v1/object/public/audio/items/d2000241-0000-0000-0000-000000000241.mp3"}$j$::jsonb, $j${"value":"Fiquei doente há uma semana."}$j$::jsonb,
   0.35, ARRAY['unidad12','decir_hace_cuanto_tiempo_paso_algo_con_ha_y_atras','listening']),
 ('d2000242-0000-0000-0000-000000000242','20000000-0000-0000-0000-000000000002','A2','speaking','speaking_read_aloud',
   $p$Lee en voz alta:$p$,
   $j${"text":"Eu fui ao médico há dois dias porque estava com muita dor.","audio_url":"https://wiauinufpbkmjlbqlkxo.supabase.co/storage/v1/object/public/audio/items/d2000242-0000-0000-0000-000000000242.mp3"}$j$::jsonb, $j${"expected":"Eu fui ao médico há dois dias porque estava com muita dor."}$j$::jsonb,
   0.35, ARRAY['unidad12','decir_hace_cuanto_tiempo_paso_algo_con_ha_y_atras','speaking']),
 ('d2000243-0000-0000-0000-000000000243','20000000-0000-0000-0000-000000000002','A2','reading','multiple_choice',
   $p$Completa en el médico: "Estou com dor de ___, não consigo comer." (estómago)$p$,
   $j${"options":["estômago","cabeça","garganta"]}$j$::jsonb, $j${"value":"estômago"}$j$::jsonb,
   0.35, ARRAY['cp_unidad12','checkpoint','reading']),
 ('d2000244-0000-0000-0000-000000000244','20000000-0000-0000-0000-000000000002','A2','reading','match',
   $p$Empareja cada frase con su traducción.$p$,
   $j${"pairs":[{"en":"você deveria","es":"tú deberías"},{"en":"há dois dias","es":"hace dos días"},{"en":"eu nunca tive","es":"nunca tuve"}]}$j$::jsonb, $j${"pairs":[["você deveria","tú deberías"],["há dois dias","hace dos días"],["eu nunca tive","nunca tuve"]]}$j$::jsonb,
   0.35, ARRAY['cp_unidad12','checkpoint','reading']),
 ('d2000245-0000-0000-0000-000000000245','20000000-0000-0000-0000-000000000002','A2','reading','multiple_choice',
   $p$Completa la experiencia: "Você ___ tomou uma injeção?" (ya)$p$,
   $j${"options":["já","atrás","tem"]}$j$::jsonb, $j${"value":"já"}$j$::jsonb,
   0.35, ARRAY['cp_unidad12','checkpoint','reading']),
 ('d2000246-0000-0000-0000-000000000246','20000000-0000-0000-0000-000000000002','A2','writing','cloze',
   $p$Completa el consejo: "Você está com febre, ___ ficar em casa." (deberías)$p$,
   $j${"text":"Você está com febre, ___ ficar em casa."}$j$::jsonb, $j${"value":"deveria","accepted":["deveria","Deveria"]}$j$::jsonb,
   0.35, ARRAY['cp_unidad12','checkpoint','writing']),
 ('d2000247-0000-0000-0000-000000000247','20000000-0000-0000-0000-000000000002','A2','writing','translation',
   $p$Traduce: "Tienes que tomar el remedio dos veces al día."$p$,
   $j${"source":"Tienes que tomar el remedio dos veces al día."}$j$::jsonb, $j${"value":"Você tem que tomar o remédio duas vezes por dia","accepted":["Você tem que tomar o remédio duas vezes por dia","Você tem que tomar o remédio duas vezes por dia.","Tem que tomar o remédio duas vezes por dia","Tem que tomar o remédio duas vezes por dia.","Você tem que tomar o remédio duas vezes ao dia","Você tem que tomar o remédio duas vezes ao dia.","Tem que tomar o remédio duas vezes ao dia","Tem que tomar o remédio duas vezes ao dia.","Você tem de tomar o remédio duas vezes por dia","Você tem de tomar o remédio duas vezes por dia."]}$j$::jsonb,
   0.35, ARRAY['cp_unidad12','checkpoint','writing']),
 ('d2000248-0000-0000-0000-000000000248','20000000-0000-0000-0000-000000000002','A2','writing','reorder',
   $p$Ordena: "Nunca fui al dentista".$p$,
   $j${"tiles":["Eu","nunca","fui","ao","dentista"]}$j$::jsonb, $j${"value":"Eu nunca fui ao dentista"}$j$::jsonb,
   0.35, ARRAY['cp_unidad12','checkpoint','writing']),
 ('d2000249-0000-0000-0000-000000000249','20000000-0000-0000-0000-000000000002','A2','listening','listening',
   $p$Escucha y elige la frase que oíste.$p$,
   $j${"options":["Eu fiquei resfriado há três dias.","Eu vou ao médico amanhã de manhã.","Eu nunca fiquei resfriado na vida."],"say":"Eu fiquei resfriado há três dias.","audio_url":"https://wiauinufpbkmjlbqlkxo.supabase.co/storage/v1/object/public/audio/items/d2000249-0000-0000-0000-000000000249.mp3"}$j$::jsonb, $j${"value":"Eu fiquei resfriado há três dias."}$j$::jsonb,
   0.35, ARRAY['cp_unidad12','checkpoint','listening']),
 ('d2000250-0000-0000-0000-000000000250','20000000-0000-0000-0000-000000000002','A2','listening','listening',
   $p$Escucha y elige la frase que oíste.$p$,
   $j${"options":["Você deveria descansar e beber água.","Você precisa trabalhar mais hoje.","Você já comprou o remédio ontem."],"say":"Você deveria descansar e beber água.","audio_url":"https://wiauinufpbkmjlbqlkxo.supabase.co/storage/v1/object/public/audio/items/d2000250-0000-0000-0000-000000000250.mp3"}$j$::jsonb, $j${"value":"Você deveria descansar e beber água."}$j$::jsonb,
   0.35, ARRAY['cp_unidad12','checkpoint','listening']),
 ('d2000251-0000-0000-0000-000000000251','20000000-0000-0000-0000-000000000002','A2','speaking','speaking_read_aloud',
   $p$Lee en voz alta:$p$,
   $j${"text":"Estou com dor de cabeça desde ontem e nunca tomei esse remédio.","audio_url":"https://wiauinufpbkmjlbqlkxo.supabase.co/storage/v1/object/public/audio/items/d2000251-0000-0000-0000-000000000251.mp3"}$j$::jsonb, $j${"expected":"Estou com dor de cabeça desde ontem e nunca tomei esse remédio."}$j$::jsonb,
   0.35, ARRAY['cp_unidad12','checkpoint','speaking']),
 ('d2000252-0000-0000-0000-000000000252','20000000-0000-0000-0000-000000000002','A2','speaking','speaking_read_aloud',
   $p$Lee en voz alta:$p$,
   $j${"text":"Fiquei doente há uma semana, então você tem que descansar bastante.","audio_url":"https://wiauinufpbkmjlbqlkxo.supabase.co/storage/v1/object/public/audio/items/d2000252-0000-0000-0000-000000000252.mp3"}$j$::jsonb, $j${"expected":"Fiquei doente há uma semana, então você tem que descansar bastante."}$j$::jsonb,
   0.35, ARRAY['cp_unidad12','checkpoint','speaking'])
on conflict (id) do update set prompt=excluded.prompt, payload=excluded.payload, correct_answer=excluded.correct_answer, difficulty=excluded.difficulty, tags=excluded.tags, updated_at=now();
insert into lesson_items (lesson_id, item_id, order_index) values
 ('42000000-0000-0000-0000-000000001201','d2000211-0000-0000-0000-000000000211',1),
 ('42000000-0000-0000-0000-000000001201','d2000212-0000-0000-0000-000000000212',2),
 ('42000000-0000-0000-0000-000000001201','d2000213-0000-0000-0000-000000000213',3),
 ('42000000-0000-0000-0000-000000001201','d2000214-0000-0000-0000-000000000214',4),
 ('42000000-0000-0000-0000-000000001201','d2000215-0000-0000-0000-000000000215',5),
 ('42000000-0000-0000-0000-000000001201','d2000216-0000-0000-0000-000000000216',6),
 ('42000000-0000-0000-0000-000000001201','d2000217-0000-0000-0000-000000000217',7),
 ('42000000-0000-0000-0000-000000001201','d2000218-0000-0000-0000-000000000218',8),
 ('42000000-0000-0000-0000-000000001202','d2000219-0000-0000-0000-000000000219',1),
 ('42000000-0000-0000-0000-000000001202','d2000220-0000-0000-0000-000000000220',2),
 ('42000000-0000-0000-0000-000000001202','d2000221-0000-0000-0000-000000000221',3),
 ('42000000-0000-0000-0000-000000001202','d2000222-0000-0000-0000-000000000222',4),
 ('42000000-0000-0000-0000-000000001202','d2000223-0000-0000-0000-000000000223',5),
 ('42000000-0000-0000-0000-000000001202','d2000224-0000-0000-0000-000000000224',6),
 ('42000000-0000-0000-0000-000000001202','d2000225-0000-0000-0000-000000000225',7),
 ('42000000-0000-0000-0000-000000001202','d2000226-0000-0000-0000-000000000226',8),
 ('42000000-0000-0000-0000-000000001203','d2000227-0000-0000-0000-000000000227',1),
 ('42000000-0000-0000-0000-000000001203','d2000228-0000-0000-0000-000000000228',2),
 ('42000000-0000-0000-0000-000000001203','d2000229-0000-0000-0000-000000000229',3),
 ('42000000-0000-0000-0000-000000001203','d2000230-0000-0000-0000-000000000230',4),
 ('42000000-0000-0000-0000-000000001203','d2000231-0000-0000-0000-000000000231',5),
 ('42000000-0000-0000-0000-000000001203','d2000232-0000-0000-0000-000000000232',6),
 ('42000000-0000-0000-0000-000000001203','d2000233-0000-0000-0000-000000000233',7),
 ('42000000-0000-0000-0000-000000001203','d2000234-0000-0000-0000-000000000234',8),
 ('42000000-0000-0000-0000-000000001204','d2000235-0000-0000-0000-000000000235',1),
 ('42000000-0000-0000-0000-000000001204','d2000236-0000-0000-0000-000000000236',2),
 ('42000000-0000-0000-0000-000000001204','d2000237-0000-0000-0000-000000000237',3),
 ('42000000-0000-0000-0000-000000001204','d2000238-0000-0000-0000-000000000238',4),
 ('42000000-0000-0000-0000-000000001204','d2000239-0000-0000-0000-000000000239',5),
 ('42000000-0000-0000-0000-000000001204','d2000240-0000-0000-0000-000000000240',6),
 ('42000000-0000-0000-0000-000000001204','d2000241-0000-0000-0000-000000000241',7),
 ('42000000-0000-0000-0000-000000001204','d2000242-0000-0000-0000-000000000242',8),
 ('42000000-0000-0000-0000-000000001205','d2000243-0000-0000-0000-000000000243',1),
 ('42000000-0000-0000-0000-000000001205','d2000244-0000-0000-0000-000000000244',2),
 ('42000000-0000-0000-0000-000000001205','d2000245-0000-0000-0000-000000000245',3),
 ('42000000-0000-0000-0000-000000001205','d2000246-0000-0000-0000-000000000246',4),
 ('42000000-0000-0000-0000-000000001205','d2000247-0000-0000-0000-000000000247',5),
 ('42000000-0000-0000-0000-000000001205','d2000248-0000-0000-0000-000000000248',6),
 ('42000000-0000-0000-0000-000000001205','d2000249-0000-0000-0000-000000000249',7),
 ('42000000-0000-0000-0000-000000001205','d2000250-0000-0000-0000-000000000250',8),
 ('42000000-0000-0000-0000-000000001205','d2000251-0000-0000-0000-000000000251',9),
 ('42000000-0000-0000-0000-000000001205','d2000252-0000-0000-0000-000000000252',10)
on conflict (lesson_id, item_id) do nothing;
insert into vocabulary (id, course_id, word, translation, frequency_rank, part_of_speech) values
 ('d2b00081-0000-0000-0000-000000000081','20000000-0000-0000-0000-000000000002',$p$a saúde$p$,$p$la salud$p$,540,'sustantivo'),
 ('d2b00082-0000-0000-0000-000000000082','20000000-0000-0000-0000-000000000002',$p$o corpo$p$,$p$el cuerpo$p$,541,'sustantivo'),
 ('d2b00083-0000-0000-0000-000000000083','20000000-0000-0000-0000-000000000002',$p$a cabeça$p$,$p$la cabeza$p$,542,'sustantivo'),
 ('d2b00084-0000-0000-0000-000000000084','20000000-0000-0000-0000-000000000002',$p$a garganta$p$,$p$la garganta$p$,543,'sustantivo'),
 ('d2b00085-0000-0000-0000-000000000085','20000000-0000-0000-0000-000000000002',$p$o estômago$p$,$p$el estómago$p$,544,'sustantivo'),
 ('d2b00086-0000-0000-0000-000000000086','20000000-0000-0000-0000-000000000002',$p$a febre$p$,$p$la fiebre$p$,545,'sustantivo'),
 ('d2b00087-0000-0000-0000-000000000087','20000000-0000-0000-0000-000000000002',$p$a dor$p$,$p$el dolor$p$,546,'sustantivo'),
 ('d2b00088-0000-0000-0000-000000000088','20000000-0000-0000-0000-000000000002',$p$o médico$p$,$p$el médico$p$,547,'sustantivo'),
 ('d2b00089-0000-0000-0000-000000000089','20000000-0000-0000-0000-000000000002',$p$o remédio$p$,$p$el remedio/medicamento$p$,548,'sustantivo'),
 ('d2b00090-0000-0000-0000-000000000090','20000000-0000-0000-0000-000000000002',$p$doente$p$,$p$enfermo$p$,549,'adjetivo'),
 ('d2b00091-0000-0000-0000-000000000091','20000000-0000-0000-0000-000000000002',$p$deveria$p$,$p$debería$p$,550,'verbo'),
 ('d2b00092-0000-0000-0000-000000000092','20000000-0000-0000-0000-000000000002',$p$ter que$p$,$p$tener que$p$,551,'verbo'),
 ('d2b00093-0000-0000-0000-000000000093','20000000-0000-0000-0000-000000000002',$p$descansar$p$,$p$descansar$p$,552,'verbo'),
 ('d2b00094-0000-0000-0000-000000000094','20000000-0000-0000-0000-000000000002',$p$já$p$,$p$ya$p$,553,'adverbio'),
 ('d2b00095-0000-0000-0000-000000000095','20000000-0000-0000-0000-000000000002',$p$nunca$p$,$p$nunca$p$,554,'adverbio'),
 ('d2b00096-0000-0000-0000-000000000096','20000000-0000-0000-0000-000000000002',$p$atrás$p$,$p$atrás (hace)$p$,555,'adverbio')
on conflict (id) do nothing;

commit;
