-- ============================================================================
-- Jezici · Migración 063 · Siembra del currículo C1 de INGLÉS (es→en, U25–U30)
-- ----------------------------------------------------------------------------
-- Autorado (profesor-IA por unidad) + validado contra el grader. cefr 'C1'.
-- TECHO DETERMINISTA (ver docs/LEVELS_C1_DESIGN.md): los ítems de LECCIÓN llevan
-- tag 'c1_unidadN' (NO 'unidad%') → FUERA del pool del examen de nivel: no se puede
-- formar/aprobar examen C1 ni emitir cert JZC-C1. C1 = "en progreso" hasta Fase 2
-- (evaluación real de writing/speaking). Checkpoints FRESCOS ('cp_unidadN'), también
-- fuera del pool, gatean la progresión intra-C1 (≥80%, autocalificados).
-- Namespace de ids separado (31…/41…/51…/c5…/b5b…). content_items idempotente.
-- ============================================================================
begin;

-- ── Unidad 25 (C1·en): Precisión y matiz ─────────────────────────────
insert into units (id, course_id, cefr_level, order_index, title, theme_color, icon) values
 ('31000000-0000-0000-0000-000000000025','20000000-0000-0000-0000-000000000001','C1',25,$p$Precisión y matiz$p$,'#6C5CE7','x')
on conflict (course_id, order_index) do update set title=excluded.title, theme_color=excluded.theme_color, icon=excluded.icon;
insert into lessons (id, unit_id, order_index, title, description, type, xp_reward) values
 ('41000000-0000-0000-0000-000000002501','31000000-0000-0000-0000-000000000025',1,$p$Matices de carácter$p$,$p$Matices de carácter$p$,'lesson',15),
 ('41000000-0000-0000-0000-000000002502','31000000-0000-0000-0000-000000000025',2,$p$Colocaciones fuertes$p$,$p$Colocaciones fuertes$p$,'lesson',15),
 ('41000000-0000-0000-0000-000000002503','31000000-0000-0000-0000-000000000025',3,$p$Atenuación y hedging$p$,$p$Atenuación y hedging$p$,'lesson',15),
 ('41000000-0000-0000-0000-000000002504','31000000-0000-0000-0000-000000000025',4,$p$Registro y precisión$p$,$p$Registro y precisión$p$,'lesson',15),
 ('41000000-0000-0000-0000-000000002505','31000000-0000-0000-0000-000000000025',5,$p$🏁 Checkpoint Unidad 25$p$,$p$Cronometrado · 4 habilidades · 80%.$p$,'checkpoint',40)
on conflict (unit_id, order_index) do update set title=excluded.title, description=excluded.description;
insert into exams (id, course_id, type, cefr_level, unit_id, time_limit_sec, pass_threshold, sections) values
 ('51000000-0000-0000-0000-000000000025','20000000-0000-0000-0000-000000000001','checkpoint','C1','31000000-0000-0000-0000-000000000025',300,0.80,$j${"skills":["reading","listening","writing","speaking"],"item_count":10,"randomize":true}$j$::jsonb)
on conflict (id) do nothing;
insert into content_items (id, course_id, cefr_level, skill, type, prompt, payload, correct_answer, difficulty, tags) values
 ('c5000001-0000-0000-0000-000000000001','20000000-0000-0000-0000-000000000001','C1','reading','multiple_choice',
   $p$Elige el adjetivo con connotación POSITIVA para describir a un líder que defiende sus ideas con seguridad:$p$,
   $j${"options":["assertive","aggressive","pushy"]}$j$::jsonb, $j${"value":"assertive"}$j$::jsonb,
   0.72, ARRAY['c1_unidad25','near_synonyms_con_connotacion','reading']),
 ('c5000002-0000-0000-0000-000000000002','20000000-0000-0000-0000-000000000001','C1','reading','multiple_choice',
   $p$Quieres elogiar a alguien por ahorrar con sensatez (matiz positivo). ¿Cuál usas?$p$,
   $j${"options":["frugal","stingy","miserly"]}$j$::jsonb, $j${"value":"frugal"}$j$::jsonb,
   0.72, ARRAY['c1_unidad25','near_synonyms_con_connotacion','reading']),
 ('c5000003-0000-0000-0000-000000000003','20000000-0000-0000-0000-000000000001','C1','reading','match',
   $p$Empareja la palabra con su matiz/registro:$p$,
   $j${"pairs":[{"en":"candid","es":"franco (positivo)"},{"en":"blunt","es":"brusco, sin tacto"},{"en":"nuanced","es":"con matices"}]}$j$::jsonb, $j${"pairs":[["candid","franco (positivo)"],["blunt","brusco, sin tacto"],["nuanced","con matices"]]}$j$::jsonb,
   0.72, ARRAY['c1_unidad25','near_synonyms_con_connotacion','reading']),
 ('c5000004-0000-0000-0000-000000000004','20000000-0000-0000-0000-000000000001','C1','reading','multiple_choice',
   $p$Lee: "She was admirably candid about her own shortcomings." ¿Qué actitud transmite?$p$,
   $j${"options":["honestidad valiente","arrogancia","indiferencia"]}$j$::jsonb, $j${"value":"honestidad valiente"}$j$::jsonb,
   0.72, ARRAY['c1_unidad25','near_synonyms_con_connotacion','reading']),
 ('c5000005-0000-0000-0000-000000000005','20000000-0000-0000-0000-000000000001','C1','writing','cloze',
   $p$Completa con el near-synonym de connotación negativa:$p$,
   $j${"text":"He refused to tip the waiter; everyone found him terribly ___."}$j$::jsonb, $j${"value":"stingy","accepted":["stingy"]}$j$::jsonb,
   0.72, ARRAY['c1_unidad25','near_synonyms_con_connotacion','writing']),
 ('c5000006-0000-0000-0000-000000000006','20000000-0000-0000-0000-000000000001','C1','speaking','speaking_read_aloud',
   $p$Lee en voz alta:$p$,
   $j${"text":"Being assertive isn't the same as being aggressive; the difference lies in respect.","audio_url":"https://wiauinufpbkmjlbqlkxo.supabase.co/storage/v1/object/public/audio/items/c5000006-0000-0000-0000-000000000006.mp3"}$j$::jsonb, $j${"expected":"Being assertive isn't the same as being aggressive; the difference lies in respect."}$j$::jsonb,
   0.72, ARRAY['c1_unidad25','near_synonyms_con_connotacion','speaking']),
 ('c5000007-0000-0000-0000-000000000007','20000000-0000-0000-0000-000000000001','C1','listening','listening',
   $p$Escucha y elige lo que oíste.$p$,
   $j${"options":["His feedback was blunt but well-intentioned.","His feedback was blind but well-intentioned.","His feedback was bland but well-mentioned."],"say":"His feedback was blunt but well-intentioned.","audio_url":"https://wiauinufpbkmjlbqlkxo.supabase.co/storage/v1/object/public/audio/items/c5000007-0000-0000-0000-000000000007.mp3"}$j$::jsonb, $j${"value":"His feedback was blunt but well-intentioned."}$j$::jsonb,
   0.72, ARRAY['c1_unidad25','near_synonyms_con_connotacion','listening']),
 ('c5000008-0000-0000-0000-000000000008','20000000-0000-0000-0000-000000000001','C1','writing','translation',
   $p$Traduce al inglés (registro formal): "Su análisis fue muy matizado."$p$,
   $j${"source":"Su análisis fue muy matizado."}$j$::jsonb, $j${"value":"Her analysis was highly nuanced.","accepted":["Her analysis was highly nuanced.","Her analysis was highly nuanced","His analysis was highly nuanced.","His analysis was highly nuanced","Her analysis was very nuanced.","Her analysis was very nuanced"]}$j$::jsonb,
   0.72, ARRAY['c1_unidad25','near_synonyms_con_connotacion','writing']),
 ('c5000009-0000-0000-0000-000000000009','20000000-0000-0000-0000-000000000001','C1','writing','cloze',
   $p$Completa con la colocación correcta:$p$,
   $j${"text":"The report makes a ___ case for reform."}$j$::jsonb, $j${"value":"compelling","accepted":["compelling"]}$j$::jsonb,
   0.72, ARRAY['c1_unidad25','strong_collocations','writing']),
 ('c5000010-0000-0000-0000-000000000010','20000000-0000-0000-0000-000000000001','C1','writing','cloze',
   $p$Completa con la colocación correcta:$p$,
   $j${"text":"The economy is heavily ___ on oil exports."}$j$::jsonb, $j${"value":"reliant","accepted":["reliant"]}$j$::jsonb,
   0.72, ARRAY['c1_unidad25','strong_collocations','writing']),
 ('c5000011-0000-0000-0000-000000000011','20000000-0000-0000-0000-000000000001','C1','reading','multiple_choice',
   $p$Elige la colocación natural en inglés C1:$p$,
   $j${"options":["deeply concerned","strongly concerned","heavily concerned"]}$j$::jsonb, $j${"value":"deeply concerned"}$j$::jsonb,
   0.72, ARRAY['c1_unidad25','strong_collocations','reading']),
 ('c5000012-0000-0000-0000-000000000012','20000000-0000-0000-0000-000000000001','C1','reading','match',
   $p$Empareja para formar la colocación correcta:$p$,
   $j${"pairs":[{"en":"a compelling","es":"argument"},{"en":"heavily","es":"reliant"},{"en":"deeply","es":"concerned"}]}$j$::jsonb, $j${"pairs":[["a compelling","argument"],["heavily","reliant"],["deeply","concerned"]]}$j$::jsonb,
   0.72, ARRAY['c1_unidad25','strong_collocations','reading']),
 ('c5000013-0000-0000-0000-000000000013','20000000-0000-0000-0000-000000000001','C1','writing','word_bank',
   $p$Arma la frase: "Estamos profundamente preocupados por la tendencia."$p$,
   $j${"tiles":["We","are","deeply","concerned","about","the","trend","strongly","heavily"]}$j$::jsonb, $j${"value":"We are deeply concerned about the trend","sequence":["We","are","deeply","concerned","about","the","trend"]}$j$::jsonb,
   0.72, ARRAY['c1_unidad25','strong_collocations','writing']),
 ('c5000014-0000-0000-0000-000000000014','20000000-0000-0000-0000-000000000001','C1','writing','reorder',
   $p$Ordena: "The firm remains heavily reliant on foreign capital."$p$,
   $j${"tiles":["The","firm","remains","heavily","reliant","on","foreign","capital"]}$j$::jsonb, $j${"value":"The firm remains heavily reliant on foreign capital"}$j$::jsonb,
   0.72, ARRAY['c1_unidad25','strong_collocations','writing']),
 ('c5000015-0000-0000-0000-000000000015','20000000-0000-0000-0000-000000000001','C1','speaking','speaking_read_aloud',
   $p$Lee en voz alta:$p$,
   $j${"text":"The committee was deeply concerned about the project's heavy reliance on outdated data.","audio_url":"https://wiauinufpbkmjlbqlkxo.supabase.co/storage/v1/object/public/audio/items/c5000015-0000-0000-0000-000000000015.mp3"}$j$::jsonb, $j${"expected":"The committee was deeply concerned about the project's heavy reliance on outdated data."}$j$::jsonb,
   0.72, ARRAY['c1_unidad25','strong_collocations','speaking']),
 ('c5000016-0000-0000-0000-000000000016','20000000-0000-0000-0000-000000000001','C1','listening','listening',
   $p$Escucha y elige lo que oíste.$p$,
   $j${"options":["The author makes a compelling case for change.","The author makes a compiling case for change.","The author makes a compelled case for change."],"say":"The author makes a compelling case for change.","audio_url":"https://wiauinufpbkmjlbqlkxo.supabase.co/storage/v1/object/public/audio/items/c5000016-0000-0000-0000-000000000016.mp3"}$j$::jsonb, $j${"value":"The author makes a compelling case for change."}$j$::jsonb,
   0.72, ARRAY['c1_unidad25','strong_collocations','listening']),
 ('c5000017-0000-0000-0000-000000000017','20000000-0000-0000-0000-000000000001','C1','reading','multiple_choice',
   $p$Elige el hedge que suaviza una afirmación tajante en registro académico:$p$,
   $j${"options":["arguably","obviously","definitely"]}$j$::jsonb, $j${"value":"arguably"}$j$::jsonb,
   0.72, ARRAY['c1_unidad25','hedging_y_cautela_academica','reading']),
 ('c5000018-0000-0000-0000-000000000018','20000000-0000-0000-0000-000000000001','C1','writing','cloze',
   $p$Completa con el atenuador adecuado:$p$,
   $j${"text":"The results are ___ surprising, though further study is needed."}$j$::jsonb, $j${"value":"somewhat","accepted":["somewhat"]}$j$::jsonb,
   0.72, ARRAY['c1_unidad25','hedging_y_cautela_academica','writing']),
 ('c5000019-0000-0000-0000-000000000019','20000000-0000-0000-0000-000000000001','C1','reading','multiple_choice',
   $p$Lee: "To some extent, the policy succeeded." ¿Qué implica el hablante?$p$,
   $j${"options":["éxito parcial, con reservas","éxito total","fracaso rotundo"]}$j$::jsonb, $j${"value":"éxito parcial, con reservas"}$j$::jsonb,
   0.72, ARRAY['c1_unidad25','hedging_y_cautela_academica','reading']),
 ('c5000020-0000-0000-0000-000000000020','20000000-0000-0000-0000-000000000001','C1','reading','match',
   $p$Empareja el hedge con su función:$p$,
   $j${"pairs":[{"en":"arguably","es":"afirmación discutible"},{"en":"somewhat","es":"grado moderado"},{"en":"to some extent","es":"parcialmente"}]}$j$::jsonb, $j${"pairs":[["arguably","afirmación discutible"],["somewhat","grado moderado"],["to some extent","parcialmente"]]}$j$::jsonb,
   0.72, ARRAY['c1_unidad25','hedging_y_cautela_academica','reading']),
 ('c5000021-0000-0000-0000-000000000021','20000000-0000-0000-0000-000000000001','C1','writing','word_bank',
   $p$Arma la frase: "Esto es, posiblemente, su mejor obra."$p$,
   $j${"tiles":["This","is","arguably","her","finest","work","clearly","very"]}$j$::jsonb, $j${"value":"This is arguably her finest work","sequence":["This","is","arguably","her","finest","work"]}$j$::jsonb,
   0.72, ARRAY['c1_unidad25','hedging_y_cautela_academica','writing']),
 ('c5000022-0000-0000-0000-000000000022','20000000-0000-0000-0000-000000000001','C1','writing','translation',
   $p$Traduce al inglés (registro formal, con atenuación): "Hasta cierto punto, estamos de acuerdo."$p$,
   $j${"source":"Hasta cierto punto, estamos de acuerdo."}$j$::jsonb, $j${"value":"To some extent, we agree.","accepted":["To some extent, we agree.","To some extent, we agree","To some extent we agree.","To some extent we agree","We agree to some extent.","We agree to some extent"]}$j$::jsonb,
   0.72, ARRAY['c1_unidad25','hedging_y_cautela_academica','writing']),
 ('c5000023-0000-0000-0000-000000000023','20000000-0000-0000-0000-000000000001','C1','speaking','speaking_read_aloud',
   $p$Lee en voz alta:$p$,
   $j${"text":"The findings are, to some extent, inconclusive and should be interpreted with caution.","audio_url":"https://wiauinufpbkmjlbqlkxo.supabase.co/storage/v1/object/public/audio/items/c5000023-0000-0000-0000-000000000023.mp3"}$j$::jsonb, $j${"expected":"The findings are, to some extent, inconclusive and should be interpreted with caution."}$j$::jsonb,
   0.72, ARRAY['c1_unidad25','hedging_y_cautela_academica','speaking']),
 ('c5000024-0000-0000-0000-000000000024','20000000-0000-0000-0000-000000000001','C1','listening','listening',
   $p$Escucha y elige lo que oíste.$p$,
   $j${"options":["The claim is somewhat exaggerated.","The claim is some what exaggerated.","The claim is somehow exaggerated."],"say":"The claim is somewhat exaggerated.","audio_url":"https://wiauinufpbkmjlbqlkxo.supabase.co/storage/v1/object/public/audio/items/c5000024-0000-0000-0000-000000000024.mp3"}$j$::jsonb, $j${"value":"The claim is somewhat exaggerated."}$j$::jsonb,
   0.72, ARRAY['c1_unidad25','hedging_y_cautela_academica','listening']),
 ('c5000025-0000-0000-0000-000000000025','20000000-0000-0000-0000-000000000001','C1','reading','multiple_choice',
   $p$Elige la versión FORMAL de "to make something seem less important":$p$,
   $j${"options":["to downplay","to play down big-time","to brush off"]}$j$::jsonb, $j${"value":"to downplay"}$j$::jsonb,
   0.72, ARRAY['c1_unidad25','formal_vs_coloquial_downplay_overstate','reading']),
 ('c5000026-0000-0000-0000-000000000026','20000000-0000-0000-0000-000000000001','C1','writing','cloze',
   $p$Completa con el verbo de precisión:$p$,
   $j${"text":"Critics argue the government tends to ___ the risks to reassure the public."}$j$::jsonb, $j${"value":"downplay","accepted":["downplay"]}$j$::jsonb,
   0.72, ARRAY['c1_unidad25','formal_vs_coloquial_downplay_overstate','writing']),
 ('c5000027-0000-0000-0000-000000000027','20000000-0000-0000-0000-000000000001','C1','reading','multiple_choice',
   $p$Elige el verbo que significa "exagerar la importancia de algo":$p$,
   $j${"options":["to overstate","to understate","to restate"]}$j$::jsonb, $j${"value":"to overstate"}$j$::jsonb,
   0.72, ARRAY['c1_unidad25','formal_vs_coloquial_downplay_overstate','reading']),
 ('c5000028-0000-0000-0000-000000000028','20000000-0000-0000-0000-000000000001','C1','reading','match',
   $p$Empareja registro coloquial con su equivalente formal:$p$,
   $j${"pairs":[{"en":"to play down","es":"to downplay"},{"en":"to blow up","es":"to overstate"},{"en":"picky","es":"meticulous"}]}$j$::jsonb, $j${"pairs":[["to play down","to downplay"],["to blow up","to overstate"],["picky","meticulous"]]}$j$::jsonb,
   0.72, ARRAY['c1_unidad25','formal_vs_coloquial_downplay_overstate','reading']),
 ('c5000029-0000-0000-0000-000000000029','20000000-0000-0000-0000-000000000001','C1','writing','cloze',
   $p$Completa con el adjetivo formal (atención al detalle):$p$,
   $j${"text":"Her ___ attention to detail made the audit flawless."}$j$::jsonb, $j${"value":"meticulous","accepted":["meticulous"]}$j$::jsonb,
   0.72, ARRAY['c1_unidad25','formal_vs_coloquial_downplay_overstate','writing']),
 ('c5000030-0000-0000-0000-000000000030','20000000-0000-0000-0000-000000000001','C1','writing','reorder',
   $p$Ordena: "It would be unwise to overstate the significance of these results."$p$,
   $j${"tiles":["It","would","be","unwise","to","overstate","the","significance","of","these","results"]}$j$::jsonb, $j${"value":"It would be unwise to overstate the significance of these results"}$j$::jsonb,
   0.72, ARRAY['c1_unidad25','formal_vs_coloquial_downplay_overstate','writing']),
 ('c5000031-0000-0000-0000-000000000031','20000000-0000-0000-0000-000000000001','C1','writing','translation',
   $p$Traduce al inglés (registro formal): "No deberíamos restar importancia a sus preocupaciones."$p$,
   $j${"source":"No deberíamos restar importancia a sus preocupaciones."}$j$::jsonb, $j${"value":"We shouldn't downplay their concerns.","accepted":["We shouldn't downplay their concerns.","We shouldn't downplay their concerns","We should not downplay their concerns.","We should not downplay their concerns","We shouldn't play down their concerns.","We should not play down their concerns."]}$j$::jsonb,
   0.72, ARRAY['c1_unidad25','formal_vs_coloquial_downplay_overstate','writing']),
 ('c5000032-0000-0000-0000-000000000032','20000000-0000-0000-0000-000000000001','C1','speaking','speaking_read_aloud',
   $p$Lee en voz alta:$p$,
   $j${"text":"Her meticulous approach to detail impressed the entire board.","audio_url":"https://wiauinufpbkmjlbqlkxo.supabase.co/storage/v1/object/public/audio/items/c5000032-0000-0000-0000-000000000032.mp3"}$j$::jsonb, $j${"expected":"Her meticulous approach to detail impressed the entire board."}$j$::jsonb,
   0.72, ARRAY['c1_unidad25','formal_vs_coloquial_downplay_overstate','speaking']),
 ('c5000033-0000-0000-0000-000000000033','20000000-0000-0000-0000-000000000001','C1','reading','multiple_choice',
   $p$Elige el near-synonym con la connotación POSITIVA adecuada para un colega directo pero respetuoso:$p$,
   $j${"options":["candid","blunt","tactless"]}$j$::jsonb, $j${"value":"candid"}$j$::jsonb,
   0.72, ARRAY['cp_unidad25','checkpoint','reading']),
 ('c5000034-0000-0000-0000-000000000034','20000000-0000-0000-0000-000000000001','C1','reading','multiple_choice',
   $p$Lee: "The minister was careful not to overstate the gains." ¿Qué hizo el ministro?$p$,
   $j${"options":["evitó exagerar los logros","mintió sobre los logros","ocultó los logros por completo"]}$j$::jsonb, $j${"value":"evitó exagerar los logros"}$j$::jsonb,
   0.72, ARRAY['cp_unidad25','checkpoint','reading']),
 ('c5000035-0000-0000-0000-000000000035','20000000-0000-0000-0000-000000000001','C1','writing','cloze',
   $p$Completa con la colocación fuerte:$p$,
   $j${"text":"The study presents a ___ case against the new tax."}$j$::jsonb, $j${"value":"compelling","accepted":["compelling"]}$j$::jsonb,
   0.72, ARRAY['cp_unidad25','checkpoint','writing']),
 ('c5000036-0000-0000-0000-000000000036','20000000-0000-0000-0000-000000000001','C1','writing','cloze',
   $p$Completa con el atenuador:$p$,
   $j${"text":"The data is ___ outdated, so treat it with caution."}$j$::jsonb, $j${"value":"somewhat","accepted":["somewhat"]}$j$::jsonb,
   0.72, ARRAY['cp_unidad25','checkpoint','writing']),
 ('c5000037-0000-0000-0000-000000000037','20000000-0000-0000-0000-000000000001','C1','writing','translation',
   $p$Traduce al inglés (registro formal): "La región sigue muy dependiente del turismo."$p$,
   $j${"source":"La región sigue muy dependiente del turismo."}$j$::jsonb, $j${"value":"The region remains heavily reliant on tourism.","accepted":["The region remains heavily reliant on tourism.","The region remains heavily reliant on tourism","The region is still heavily reliant on tourism.","The region is still heavily reliant on tourism","The region remains heavily dependent on tourism.","The region remains heavily dependent on tourism"]}$j$::jsonb,
   0.72, ARRAY['cp_unidad25','checkpoint','writing']),
 ('c5000038-0000-0000-0000-000000000038','20000000-0000-0000-0000-000000000001','C1','reading','match',
   $p$Empareja la palabra con su matiz:$p$,
   $j${"pairs":[{"en":"frugal","es":"ahorrador (positivo)"},{"en":"stingy","es":"tacaño (negativo)"},{"en":"assertive","es":"firme (positivo)"}]}$j$::jsonb, $j${"pairs":[["frugal","ahorrador (positivo)"],["stingy","tacaño (negativo)"],["assertive","firme (positivo)"]]}$j$::jsonb,
   0.72, ARRAY['cp_unidad25','checkpoint','reading']),
 ('c5000039-0000-0000-0000-000000000039','20000000-0000-0000-0000-000000000001','C1','writing','reorder',
   $p$Ordena: "Arguably, this is the most nuanced argument so far."$p$,
   $j${"tiles":["Arguably","this","is","the","most","nuanced","argument","so","far"]}$j$::jsonb, $j${"value":"Arguably this is the most nuanced argument so far"}$j$::jsonb,
   0.72, ARRAY['cp_unidad25','checkpoint','writing']),
 ('c5000040-0000-0000-0000-000000000040','20000000-0000-0000-0000-000000000001','C1','listening','listening',
   $p$Escucha y elige lo que oíste.$p$,
   $j${"options":["The official tried to downplay the scandal.","The official tried to down pay the scandal.","The official tried to display the scandal."],"say":"The official tried to downplay the scandal.","audio_url":"https://wiauinufpbkmjlbqlkxo.supabase.co/storage/v1/object/public/audio/items/c5000040-0000-0000-0000-000000000040.mp3"}$j$::jsonb, $j${"value":"The official tried to downplay the scandal."}$j$::jsonb,
   0.72, ARRAY['cp_unidad25','checkpoint','listening']),
 ('c5000041-0000-0000-0000-000000000041','20000000-0000-0000-0000-000000000001','C1','listening','listening',
   $p$Escucha y elige lo que oíste.$p$,
   $j${"options":["We remain deeply concerned about the delay.","We remain deep concerned about the delay.","We remain dearly concerned about the delay."],"say":"We remain deeply concerned about the delay.","audio_url":"https://wiauinufpbkmjlbqlkxo.supabase.co/storage/v1/object/public/audio/items/c5000041-0000-0000-0000-000000000041.mp3"}$j$::jsonb, $j${"value":"We remain deeply concerned about the delay."}$j$::jsonb,
   0.72, ARRAY['cp_unidad25','checkpoint','listening']),
 ('c5000042-0000-0000-0000-000000000042','20000000-0000-0000-0000-000000000001','C1','speaking','speaking_read_aloud',
   $p$Lee en voz alta:$p$,
   $j${"text":"While the proposal is arguably sound, its success remains heavily reliant on funding.","audio_url":"https://wiauinufpbkmjlbqlkxo.supabase.co/storage/v1/object/public/audio/items/c5000042-0000-0000-0000-000000000042.mp3"}$j$::jsonb, $j${"expected":"While the proposal is arguably sound, its success remains heavily reliant on funding."}$j$::jsonb,
   0.72, ARRAY['cp_unidad25','checkpoint','speaking'])
on conflict (id) do update set skill=excluded.skill, type=excluded.type, prompt=excluded.prompt, payload=excluded.payload, correct_answer=excluded.correct_answer, difficulty=excluded.difficulty, tags=excluded.tags, updated_at=now();
insert into lesson_items (lesson_id, item_id, order_index) values
 ('41000000-0000-0000-0000-000000002501','c5000001-0000-0000-0000-000000000001',1),
 ('41000000-0000-0000-0000-000000002501','c5000002-0000-0000-0000-000000000002',2),
 ('41000000-0000-0000-0000-000000002501','c5000003-0000-0000-0000-000000000003',3),
 ('41000000-0000-0000-0000-000000002501','c5000004-0000-0000-0000-000000000004',4),
 ('41000000-0000-0000-0000-000000002501','c5000005-0000-0000-0000-000000000005',5),
 ('41000000-0000-0000-0000-000000002501','c5000006-0000-0000-0000-000000000006',6),
 ('41000000-0000-0000-0000-000000002501','c5000007-0000-0000-0000-000000000007',7),
 ('41000000-0000-0000-0000-000000002501','c5000008-0000-0000-0000-000000000008',8),
 ('41000000-0000-0000-0000-000000002502','c5000009-0000-0000-0000-000000000009',1),
 ('41000000-0000-0000-0000-000000002502','c5000010-0000-0000-0000-000000000010',2),
 ('41000000-0000-0000-0000-000000002502','c5000011-0000-0000-0000-000000000011',3),
 ('41000000-0000-0000-0000-000000002502','c5000012-0000-0000-0000-000000000012',4),
 ('41000000-0000-0000-0000-000000002502','c5000013-0000-0000-0000-000000000013',5),
 ('41000000-0000-0000-0000-000000002502','c5000014-0000-0000-0000-000000000014',6),
 ('41000000-0000-0000-0000-000000002502','c5000015-0000-0000-0000-000000000015',7),
 ('41000000-0000-0000-0000-000000002502','c5000016-0000-0000-0000-000000000016',8),
 ('41000000-0000-0000-0000-000000002503','c5000017-0000-0000-0000-000000000017',1),
 ('41000000-0000-0000-0000-000000002503','c5000018-0000-0000-0000-000000000018',2),
 ('41000000-0000-0000-0000-000000002503','c5000019-0000-0000-0000-000000000019',3),
 ('41000000-0000-0000-0000-000000002503','c5000020-0000-0000-0000-000000000020',4),
 ('41000000-0000-0000-0000-000000002503','c5000021-0000-0000-0000-000000000021',5),
 ('41000000-0000-0000-0000-000000002503','c5000022-0000-0000-0000-000000000022',6),
 ('41000000-0000-0000-0000-000000002503','c5000023-0000-0000-0000-000000000023',7),
 ('41000000-0000-0000-0000-000000002503','c5000024-0000-0000-0000-000000000024',8),
 ('41000000-0000-0000-0000-000000002504','c5000025-0000-0000-0000-000000000025',1),
 ('41000000-0000-0000-0000-000000002504','c5000026-0000-0000-0000-000000000026',2),
 ('41000000-0000-0000-0000-000000002504','c5000027-0000-0000-0000-000000000027',3),
 ('41000000-0000-0000-0000-000000002504','c5000028-0000-0000-0000-000000000028',4),
 ('41000000-0000-0000-0000-000000002504','c5000029-0000-0000-0000-000000000029',5),
 ('41000000-0000-0000-0000-000000002504','c5000030-0000-0000-0000-000000000030',6),
 ('41000000-0000-0000-0000-000000002504','c5000031-0000-0000-0000-000000000031',7),
 ('41000000-0000-0000-0000-000000002504','c5000032-0000-0000-0000-000000000032',8),
 ('41000000-0000-0000-0000-000000002505','c5000033-0000-0000-0000-000000000033',1),
 ('41000000-0000-0000-0000-000000002505','c5000034-0000-0000-0000-000000000034',2),
 ('41000000-0000-0000-0000-000000002505','c5000035-0000-0000-0000-000000000035',3),
 ('41000000-0000-0000-0000-000000002505','c5000036-0000-0000-0000-000000000036',4),
 ('41000000-0000-0000-0000-000000002505','c5000037-0000-0000-0000-000000000037',5),
 ('41000000-0000-0000-0000-000000002505','c5000038-0000-0000-0000-000000000038',6),
 ('41000000-0000-0000-0000-000000002505','c5000039-0000-0000-0000-000000000039',7),
 ('41000000-0000-0000-0000-000000002505','c5000040-0000-0000-0000-000000000040',8),
 ('41000000-0000-0000-0000-000000002505','c5000041-0000-0000-0000-000000000041',9),
 ('41000000-0000-0000-0000-000000002505','c5000042-0000-0000-0000-000000000042',10)
on conflict (lesson_id, item_id) do nothing;
insert into vocabulary (id, course_id, word, translation, frequency_rank, part_of_speech) values
 ('b5b00001-0000-0000-0000-000000000001','20000000-0000-0000-0000-000000000001',$p$assertive$p$,$p$firme, seguro (positivo)$p$,1600,'adj'),
 ('b5b00002-0000-0000-0000-000000000002','20000000-0000-0000-0000-000000000001',$p$aggressive$p$,$p$agresivo (negativo)$p$,1601,'adj'),
 ('b5b00003-0000-0000-0000-000000000003','20000000-0000-0000-0000-000000000001',$p$frugal$p$,$p$frugal, austero (positivo)$p$,1602,'adj'),
 ('b5b00004-0000-0000-0000-000000000004','20000000-0000-0000-0000-000000000001',$p$stingy$p$,$p$tacaño (negativo)$p$,1603,'adj'),
 ('b5b00005-0000-0000-0000-000000000005','20000000-0000-0000-0000-000000000001',$p$meticulous$p$,$p$meticuloso, minucioso$p$,1604,'adj'),
 ('b5b00006-0000-0000-0000-000000000006','20000000-0000-0000-0000-000000000001',$p$compelling$p$,$p$convincente, persuasivo$p$,1605,'adj'),
 ('b5b00007-0000-0000-0000-000000000007','20000000-0000-0000-0000-000000000001',$p$heavily reliant$p$,$p$muy dependiente$p$,1606,'expr'),
 ('b5b00008-0000-0000-0000-000000000008','20000000-0000-0000-0000-000000000001',$p$deeply concerned$p$,$p$profundamente preocupado$p$,1607,'expr'),
 ('b5b00009-0000-0000-0000-000000000009','20000000-0000-0000-0000-000000000001',$p$arguably$p$,$p$posiblemente, podría decirse$p$,1608,'adv'),
 ('b5b00010-0000-0000-0000-000000000010','20000000-0000-0000-0000-000000000001',$p$somewhat$p$,$p$algo, un tanto$p$,1609,'adv'),
 ('b5b00011-0000-0000-0000-000000000011','20000000-0000-0000-0000-000000000001',$p$to some extent$p$,$p$hasta cierto punto$p$,1610,'expr'),
 ('b5b00012-0000-0000-0000-000000000012','20000000-0000-0000-0000-000000000001',$p$candid$p$,$p$franco, sincero$p$,1611,'adj'),
 ('b5b00013-0000-0000-0000-000000000013','20000000-0000-0000-0000-000000000001',$p$blunt$p$,$p$brusco, directo (sin tacto)$p$,1612,'adj'),
 ('b5b00014-0000-0000-0000-000000000014','20000000-0000-0000-0000-000000000001',$p$nuanced$p$,$p$matizado, con matices$p$,1613,'adj'),
 ('b5b00015-0000-0000-0000-000000000015','20000000-0000-0000-0000-000000000001',$p$to downplay$p$,$p$restar importancia, minimizar$p$,1614,'v'),
 ('b5b00016-0000-0000-0000-000000000016','20000000-0000-0000-0000-000000000001',$p$to overstate$p$,$p$exagerar, sobredimensionar$p$,1615,'v')
on conflict (id) do nothing;

-- ── Unidad 26 (C1·en): Argumentar y persuadir ─────────────────────────────
insert into units (id, course_id, cefr_level, order_index, title, theme_color, icon) values
 ('31000000-0000-0000-0000-000000000026','20000000-0000-0000-0000-000000000001','C1',26,$p$Argumentar y persuadir$p$,'#00B894','x')
on conflict (course_id, order_index) do update set title=excluded.title, theme_color=excluded.theme_color, icon=excluded.icon;
insert into lessons (id, unit_id, order_index, title, description, type, xp_reward) values
 ('41000000-0000-0000-0000-000000002601','31000000-0000-0000-0000-000000000026',1,$p$Conectores de contraste$p$,$p$Conectores de contraste$p$,'lesson',15),
 ('41000000-0000-0000-0000-000000002602','31000000-0000-0000-0000-000000000026',2,$p$Añadir y deducir$p$,$p$Añadir y deducir$p$,'lesson',15),
 ('41000000-0000-0000-0000-000000002603','31000000-0000-0000-0000-000000000026',3,$p$Concesión y refutación$p$,$p$Concesión y refutación$p$,'lesson',15),
 ('41000000-0000-0000-0000-000000002604','31000000-0000-0000-0000-000000000026',4,$p$Estructurar una postura$p$,$p$Estructurar una postura$p$,'lesson',15),
 ('41000000-0000-0000-0000-000000002605','31000000-0000-0000-0000-000000000026',5,$p$🏁 Checkpoint Unidad 26$p$,$p$Cronometrado · 4 habilidades · 80%.$p$,'checkpoint',40)
on conflict (unit_id, order_index) do update set title=excluded.title, description=excluded.description;
insert into exams (id, course_id, type, cefr_level, unit_id, time_limit_sec, pass_threshold, sections) values
 ('51000000-0000-0000-0000-000000000026','20000000-0000-0000-0000-000000000001','checkpoint','C1','31000000-0000-0000-0000-000000000026',300,0.80,$j${"skills":["reading","listening","writing","speaking"],"item_count":10,"randomize":true}$j$::jsonb)
on conflict (id) do nothing;
insert into content_items (id, course_id, cefr_level, skill, type, prompt, payload, correct_answer, difficulty, tags) values
 ('c5000043-0000-0000-0000-000000000043','20000000-0000-0000-0000-000000000001','C1','reading','multiple_choice',
   $p$Elige el conector que mejor encaja:$p$,
   $j${"options":["nevertheless","therefore","moreover"]}$j$::jsonb, $j${"value":"nevertheless"}$j$::jsonb,
   0.72, ARRAY['c1_unidad26','oponer_ideas_y_matizar','reading']),
 ('c5000044-0000-0000-0000-000000000044','20000000-0000-0000-0000-000000000001','C1','writing','cloze',
   $p$Completa con el conector adecuado:$p$,
   $j${"text":"The proposal is expensive; ___, it may prove indispensable in the long run."}$j$::jsonb, $j${"value":"nevertheless","accepted":["nevertheless"]}$j$::jsonb,
   0.72, ARRAY['c1_unidad26','oponer_ideas_y_matizar','writing']),
 ('c5000045-0000-0000-0000-000000000045','20000000-0000-0000-0000-000000000001','C1','reading','match',
   $p$Empareja el conector con su función:$p$,
   $j${"pairs":[{"en":"whereas","es":"contraste entre dos cosas"},{"en":"conversely","es":"a la inversa"},{"en":"nevertheless","es":"concesión/contraste"}]}$j$::jsonb, $j${"pairs":[["whereas","contraste entre dos cosas"],["conversely","a la inversa"],["nevertheless","concesión/contraste"]]}$j$::jsonb,
   0.72, ARRAY['c1_unidad26','oponer_ideas_y_matizar','reading']),
 ('c5000046-0000-0000-0000-000000000046','20000000-0000-0000-0000-000000000001','C1','writing','translation',
   $p$Traduce al inglés: "Algunos prefieren la rapidez, mientras que otros valoran la precisión."$p$,
   $j${"source":"Algunos prefieren la rapidez, mientras que otros valoran la precisión."}$j$::jsonb, $j${"value":"Some prefer speed, whereas others value accuracy.","accepted":["Some prefer speed, whereas others value accuracy.","Some prefer speed whereas others value accuracy.","Some people prefer speed, whereas others value accuracy.","Some prefer speed, while others value accuracy."]}$j$::jsonb,
   0.72, ARRAY['c1_unidad26','oponer_ideas_y_matizar','writing']),
 ('c5000047-0000-0000-0000-000000000047','20000000-0000-0000-0000-000000000001','C1','reading','multiple_choice',
   $p$Elige el conector que mejor encaja:$p$,
   $j${"options":["Conversely","Hence","Furthermore"]}$j$::jsonb, $j${"value":"Conversely"}$j$::jsonb,
   0.72, ARRAY['c1_unidad26','oponer_ideas_y_matizar','reading']),
 ('c5000048-0000-0000-0000-000000000048','20000000-0000-0000-0000-000000000001','C1','listening','listening',
   $p$Escucha y elige lo que oíste.$p$,
   $j${"options":["The data is robust; nevertheless, the conclusion remains contested.","The data is robust; therefore, the conclusion is settled.","The data is weak, hence the conclusion stands."],"say":"The data is robust; nevertheless, the conclusion remains contested.","audio_url":"https://wiauinufpbkmjlbqlkxo.supabase.co/storage/v1/object/public/audio/items/c5000048-0000-0000-0000-000000000048.mp3"}$j$::jsonb, $j${"value":"The data is robust; nevertheless, the conclusion remains contested."}$j$::jsonb,
   0.72, ARRAY['c1_unidad26','oponer_ideas_y_matizar','listening']),
 ('c5000049-0000-0000-0000-000000000049','20000000-0000-0000-0000-000000000001','C1','speaking','speaking_read_aloud',
   $p$Lee en voz alta:$p$,
   $j${"text":"The evidence is persuasive; nevertheless, it would be rash to treat the matter as wholly resolved.","audio_url":"https://wiauinufpbkmjlbqlkxo.supabase.co/storage/v1/object/public/audio/items/c5000049-0000-0000-0000-000000000049.mp3"}$j$::jsonb, $j${"expected":"The evidence is persuasive; nevertheless, it would be rash to treat the matter as wholly resolved."}$j$::jsonb,
   0.72, ARRAY['c1_unidad26','oponer_ideas_y_matizar','speaking']),
 ('c5000050-0000-0000-0000-000000000050','20000000-0000-0000-0000-000000000001','C1','writing','word_bank',
   $p$Arma la frase: "El plan es ambicioso; sin embargo, sigue siendo viable."$p$,
   $j${"tiles":["The","plan","is","ambitious","nevertheless","it","remains","viable","however","therefore"]}$j$::jsonb, $j${"value":"The plan is ambitious nevertheless it remains viable","sequence":["The","plan","is","ambitious","nevertheless","it","remains","viable"]}$j$::jsonb,
   0.72, ARRAY['c1_unidad26','oponer_ideas_y_matizar','writing']),
 ('c5000051-0000-0000-0000-000000000051','20000000-0000-0000-0000-000000000001','C1','reading','multiple_choice',
   $p$Elige el conector que mejor encaja:$p$,
   $j${"options":["Furthermore","Conversely","Albeit"]}$j$::jsonb, $j${"value":"Furthermore"}$j$::jsonb,
   0.72, ARRAY['c1_unidad26','reforzar_y_concluir_un_argumento','reading']),
 ('c5000052-0000-0000-0000-000000000052','20000000-0000-0000-0000-000000000001','C1','writing','cloze',
   $p$Completa con el conector adecuado:$p$,
   $j${"text":"The costs have soared and demand has fallen; ___, the project is no longer tenable."}$j$::jsonb, $j${"value":"hence","accepted":["hence"]}$j$::jsonb,
   0.72, ARRAY['c1_unidad26','reforzar_y_concluir_un_argumento','writing']),
 ('c5000053-0000-0000-0000-000000000053','20000000-0000-0000-0000-000000000001','C1','reading','multiple_choice',
   $p$Lee e infiere la postura del autor: "Granted, the policy curbed emissions; furthermore, it created jobs. The objections, frankly, look thin." ¿Qué postura sostiene?$p$,
   $j${"options":["Apoya la política con una concesión menor","Rechaza la política por completo","Permanece neutral sin tomar partido"]}$j$::jsonb, $j${"value":"Apoya la política con una concesión menor"}$j$::jsonb,
   0.72, ARRAY['c1_unidad26','reforzar_y_concluir_un_argumento','reading']),
 ('c5000054-0000-0000-0000-000000000054','20000000-0000-0000-0000-000000000001','C1','reading','match',
   $p$Empareja el conector con su función:$p$,
   $j${"pairs":[{"en":"furthermore","es":"añadir un punto"},{"en":"hence","es":"extraer una conclusión"},{"en":"thereby","es":"indicar el resultado/medio"}]}$j$::jsonb, $j${"pairs":[["furthermore","añadir un punto"],["hence","extraer una conclusión"],["thereby","indicar el resultado/medio"]]}$j$::jsonb,
   0.72, ARRAY['c1_unidad26','reforzar_y_concluir_un_argumento','reading']),
 ('c5000055-0000-0000-0000-000000000055','20000000-0000-0000-0000-000000000001','C1','writing','translation',
   $p$Traduce al inglés: "La demanda ha caído; por lo tanto, debemos reconsiderar la estrategia."$p$,
   $j${"source":"La demanda ha caído; por lo tanto, debemos reconsiderar la estrategia."}$j$::jsonb, $j${"value":"Demand has fallen; hence, we must reconsider the strategy.","accepted":["Demand has fallen; hence, we must reconsider the strategy.","Demand has fallen, hence we must reconsider the strategy.","Demand has fallen; hence we must reconsider our strategy.","Demand has fallen; therefore, we must reconsider the strategy."]}$j$::jsonb,
   0.72, ARRAY['c1_unidad26','reforzar_y_concluir_un_argumento','writing']),
 ('c5000056-0000-0000-0000-000000000056','20000000-0000-0000-0000-000000000001','C1','writing','cloze',
   $p$Completa con el conector adecuado:$p$,
   $j${"text":"The firm automated its records, ___ cutting processing time in half."}$j$::jsonb, $j${"value":"thereby","accepted":["thereby"]}$j$::jsonb,
   0.72, ARRAY['c1_unidad26','reforzar_y_concluir_un_argumento','writing']),
 ('c5000057-0000-0000-0000-000000000057','20000000-0000-0000-0000-000000000001','C1','listening','listening',
   $p$Escucha y elige lo que oíste.$p$,
   $j${"options":["The reforms are modest; furthermore, they are reversible.","The reforms are modest; conversely, they are permanent.","The reforms are sweeping; hence they are reversible."],"say":"The reforms are modest; furthermore, they are reversible.","audio_url":"https://wiauinufpbkmjlbqlkxo.supabase.co/storage/v1/object/public/audio/items/c5000057-0000-0000-0000-000000000057.mp3"}$j$::jsonb, $j${"value":"The reforms are modest; furthermore, they are reversible."}$j$::jsonb,
   0.72, ARRAY['c1_unidad26','reforzar_y_concluir_un_argumento','listening']),
 ('c5000058-0000-0000-0000-000000000058','20000000-0000-0000-0000-000000000001','C1','speaking','speaking_read_aloud',
   $p$Lee en voz alta:$p$,
   $j${"text":"Furthermore, the scheme streamlined approvals, thereby sparing applicants weeks of needless delay.","audio_url":"https://wiauinufpbkmjlbqlkxo.supabase.co/storage/v1/object/public/audio/items/c5000058-0000-0000-0000-000000000058.mp3"}$j$::jsonb, $j${"expected":"Furthermore, the scheme streamlined approvals, thereby sparing applicants weeks of needless delay."}$j$::jsonb,
   0.72, ARRAY['c1_unidad26','reforzar_y_concluir_un_argumento','speaking']),
 ('c5000059-0000-0000-0000-000000000059','20000000-0000-0000-0000-000000000001','C1','reading','multiple_choice',
   $p$Elige la apertura concesiva que mejor encaja:$p$,
   $j${"options":["Admittedly, the cost is high, but the long-term savings outweigh it.","Therefore the cost is high, but the savings outweigh it.","Thereby the cost is high, but the savings outweigh it."]}$j$::jsonb, $j${"value":"Admittedly, the cost is high, but the long-term savings outweigh it."}$j$::jsonb,
   0.72, ARRAY['c1_unidad26','admitir_para_luego_rebatir','reading']),
 ('c5000060-0000-0000-0000-000000000060','20000000-0000-0000-0000-000000000001','C1','writing','cloze',
   $p$Completa con el conector concesivo (una palabra):$p$,
   $j${"text":"The findings are promising, ___ preliminary, and warrant a larger trial."}$j$::jsonb, $j${"value":"albeit","accepted":["albeit"]}$j$::jsonb,
   0.72, ARRAY['c1_unidad26','admitir_para_luego_rebatir','writing']),
 ('c5000061-0000-0000-0000-000000000061','20000000-0000-0000-0000-000000000001','C1','writing','reorder',
   $p$Ordena el argumento (concesión → tesis): "Aunque cuesta más, sigue siendo la opción más segura."$p$,
   $j${"tiles":["While","it","is","true","that","it","costs","more","it","remains","the","safest","option"]}$j$::jsonb, $j${"value":"While it is true that it costs more, it remains the safest option"}$j$::jsonb,
   0.72, ARRAY['c1_unidad26','admitir_para_luego_rebatir','writing']),
 ('c5000062-0000-0000-0000-000000000062','20000000-0000-0000-0000-000000000001','C1','reading','match',
   $p$Empareja la fórmula con su función:$p$,
   $j${"pairs":[{"en":"Admittedly","es":"conceder un punto"},{"en":"That said","es":"reintroducir la objeción"},{"en":"albeit","es":"matiz concesivo breve"}]}$j$::jsonb, $j${"pairs":[["Admittedly","conceder un punto"],["That said","reintroducir la objeción"],["albeit","matiz concesivo breve"]]}$j$::jsonb,
   0.72, ARRAY['c1_unidad26','admitir_para_luego_rebatir','reading']),
 ('c5000063-0000-0000-0000-000000000063','20000000-0000-0000-0000-000000000001','C1','writing','translation',
   $p$Traduce al inglés: "Hay que reconocer que el plan es arriesgado; dicho esto, la inacción es peor."$p$,
   $j${"source":"Hay que reconocer que el plan es arriesgado; dicho esto, la inacción es peor."}$j$::jsonb, $j${"value":"Admittedly, the plan is risky; that said, inaction is worse.","accepted":["Admittedly, the plan is risky; that said, inaction is worse.","Admittedly the plan is risky; that said, inaction is worse.","Admittedly, the plan is risky; that said, doing nothing is worse.","Granted, the plan is risky; that said, inaction is worse."]}$j$::jsonb,
   0.72, ARRAY['c1_unidad26','admitir_para_luego_rebatir','writing']),
 ('c5000064-0000-0000-0000-000000000064','20000000-0000-0000-0000-000000000001','C1','writing','word_bank',
   $p$Arma la frase: "Aunque breve, el informe es contundente."$p$,
   $j${"tiles":["Albeit","brief","the","report","is","compelling","because","therefore"]}$j$::jsonb, $j${"value":"Albeit brief the report is compelling","sequence":["Albeit","brief","the","report","is","compelling"]}$j$::jsonb,
   0.72, ARRAY['c1_unidad26','admitir_para_luego_rebatir','writing']),
 ('c5000065-0000-0000-0000-000000000065','20000000-0000-0000-0000-000000000001','C1','listening','listening',
   $p$Escucha y elige lo que oíste.$p$,
   $j${"options":["Admittedly the method has flaws; that said, no rival has bettered it.","Admittedly the method is flawless; that said, rivals have bettered it.","Granted the method has flaws, hence rivals have bettered it."],"say":"Admittedly the method has flaws; that said, no rival has bettered it.","audio_url":"https://wiauinufpbkmjlbqlkxo.supabase.co/storage/v1/object/public/audio/items/c5000065-0000-0000-0000-000000000065.mp3"}$j$::jsonb, $j${"value":"Admittedly the method has flaws; that said, no rival has bettered it."}$j$::jsonb,
   0.72, ARRAY['c1_unidad26','admitir_para_luego_rebatir','listening']),
 ('c5000066-0000-0000-0000-000000000066','20000000-0000-0000-0000-000000000001','C1','speaking','speaking_read_aloud',
   $p$Lee en voz alta:$p$,
   $j${"text":"While it is true that the data are incomplete, the underlying trend is too pronounced to dismiss.","audio_url":"https://wiauinufpbkmjlbqlkxo.supabase.co/storage/v1/object/public/audio/items/c5000066-0000-0000-0000-000000000066.mp3"}$j$::jsonb, $j${"expected":"While it is true that the data are incomplete, the underlying trend is too pronounced to dismiss."}$j$::jsonb,
   0.72, ARRAY['c1_unidad26','admitir_para_luego_rebatir','speaking']),
 ('c5000067-0000-0000-0000-000000000067','20000000-0000-0000-0000-000000000001','C1','reading','multiple_choice',
   $p$Elige el conector formal de concesión (preposición):$p$,
   $j${"options":["Notwithstanding","Nevertheless","Whereas"]}$j$::jsonb, $j${"value":"Notwithstanding"}$j$::jsonb,
   0.72, ARRAY['c1_unidad26','refutar_y_sostener_una_tesis','reading']),
 ('c5000068-0000-0000-0000-000000000068','20000000-0000-0000-0000-000000000001','C1','writing','cloze',
   $p$Completa con el conector adecuado:$p$,
   $j${"text":"___ the objections raised, the committee endorsed the measure."}$j$::jsonb, $j${"value":"Notwithstanding","accepted":["Notwithstanding"]}$j$::jsonb,
   0.72, ARRAY['c1_unidad26','refutar_y_sostener_una_tesis','writing']),
 ('c5000069-0000-0000-0000-000000000069','20000000-0000-0000-0000-000000000001','C1','reading','multiple_choice',
   $p$Lee e infiere la implicación: "Critics call the tax punitive. This conflates burden with intent: the levy targets pollution, not prosperity." ¿Qué hace el autor?$p$,
   $j${"options":["Refuta la crítica distinguiendo dos conceptos","Concede que el impuesto es punitivo","Cambia de tema sin responder"]}$j$::jsonb, $j${"value":"Refuta la crítica distinguiendo dos conceptos"}$j$::jsonb,
   0.72, ARRAY['c1_unidad26','refutar_y_sostener_una_tesis','reading']),
 ('c5000070-0000-0000-0000-000000000070','20000000-0000-0000-0000-000000000001','C1','writing','translation',
   $p$Traduce al inglés: "Su argumento descansa sobre una premisa endeble que socava toda la conclusión."$p$,
   $j${"source":"Su argumento descansa sobre una premisa endeble que socava toda la conclusión."}$j$::jsonb, $j${"value":"His argument rests on a shaky premise that undermines the entire conclusion.","accepted":["His argument rests on a shaky premise that undermines the entire conclusion.","Her argument rests on a shaky premise that undermines the entire conclusion.","His argument rests on a weak premise that undermines the whole conclusion.","Their argument rests on a shaky premise that undermines the entire conclusion."]}$j$::jsonb,
   0.72, ARRAY['c1_unidad26','refutar_y_sostener_una_tesis','writing']),
 ('c5000071-0000-0000-0000-000000000071','20000000-0000-0000-0000-000000000001','C1','writing','reorder',
   $p$Ordena la refutación (concesión → giro): "Aunque convincente a primera vista, el dato no resiste el escrutinio."$p$,
   $j${"tiles":["Compelling","at","first","glance","the","figure","does","not","withstand","scrutiny"]}$j$::jsonb, $j${"value":"Compelling at first glance, the figure does not withstand scrutiny"}$j$::jsonb,
   0.72, ARRAY['c1_unidad26','refutar_y_sostener_una_tesis','writing']),
 ('c5000072-0000-0000-0000-000000000072','20000000-0000-0000-0000-000000000001','C1','reading','match',
   $p$Empareja el término con su significado:$p$,
   $j${"pairs":[{"en":"refute","es":"rebatir con pruebas"},{"en":"concede","es":"admitir un punto"},{"en":"caveat","es":"salvedad o advertencia"}]}$j$::jsonb, $j${"pairs":[["refute","rebatir con pruebas"],["concede","admitir un punto"],["caveat","salvedad o advertencia"]]}$j$::jsonb,
   0.72, ARRAY['c1_unidad26','refutar_y_sostener_una_tesis','reading']),
 ('c5000073-0000-0000-0000-000000000073','20000000-0000-0000-0000-000000000001','C1','listening','listening',
   $p$Escucha y elige lo que oíste.$p$,
   $j${"options":["Notwithstanding its flaws, the theory accounts for the anomaly elegantly.","Notwithstanding its merits, the theory ignores the anomaly entirely.","Nevertheless its flaws, the theory accounts for nothing."],"say":"Notwithstanding its flaws, the theory accounts for the anomaly elegantly.","audio_url":"https://wiauinufpbkmjlbqlkxo.supabase.co/storage/v1/object/public/audio/items/c5000073-0000-0000-0000-000000000073.mp3"}$j$::jsonb, $j${"value":"Notwithstanding its flaws, the theory accounts for the anomaly elegantly."}$j$::jsonb,
   0.72, ARRAY['c1_unidad26','refutar_y_sostener_una_tesis','listening']),
 ('c5000074-0000-0000-0000-000000000074','20000000-0000-0000-0000-000000000001','C1','speaking','speaking_read_aloud',
   $p$Lee en voz alta:$p$,
   $j${"text":"Granted, no single study is conclusive; taken together, however, the body of evidence is hard to refute.","audio_url":"https://wiauinufpbkmjlbqlkxo.supabase.co/storage/v1/object/public/audio/items/c5000074-0000-0000-0000-000000000074.mp3"}$j$::jsonb, $j${"expected":"Granted, no single study is conclusive; taken together, however, the body of evidence is hard to refute."}$j$::jsonb,
   0.72, ARRAY['c1_unidad26','refutar_y_sostener_una_tesis','speaking']),
 ('c5000075-0000-0000-0000-000000000075','20000000-0000-0000-0000-000000000001','C1','reading','multiple_choice',
   $p$Elige el conector que mejor encaja:$p$,
   $j${"options":["whereas","therefore","albeit"]}$j$::jsonb, $j${"value":"whereas"}$j$::jsonb,
   0.72, ARRAY['cp_unidad26','checkpoint','reading']),
 ('c5000076-0000-0000-0000-000000000076','20000000-0000-0000-0000-000000000001','C1','reading','multiple_choice',
   $p$Lee e infiere la postura: "That said, the critics raise a fair point about cost; it does not, however, sink the proposal." ¿Qué postura sostiene el autor?$p$,
   $j${"options":["Concede una objeción pero mantiene su tesis","Abandona su tesis ante la crítica","Niega que el coste importe en absoluto"]}$j$::jsonb, $j${"value":"Concede una objeción pero mantiene su tesis"}$j$::jsonb,
   0.72, ARRAY['cp_unidad26','checkpoint','reading']),
 ('c5000077-0000-0000-0000-000000000077','20000000-0000-0000-0000-000000000001','C1','writing','cloze',
   $p$Completa con el conector adecuado:$p$,
   $j${"text":"The trial succeeded in the lab; ___, it failed under real-world conditions."}$j$::jsonb, $j${"value":"conversely","accepted":["conversely"]}$j$::jsonb,
   0.72, ARRAY['cp_unidad26','checkpoint','writing']),
 ('c5000078-0000-0000-0000-000000000078','20000000-0000-0000-0000-000000000001','C1','writing','cloze',
   $p$Completa con el conector concesivo breve que une dos adjetivos (una palabra):$p$,
   $j${"text":"The reform was effective, ___ slow to take hold."}$j$::jsonb, $j${"value":"albeit","accepted":["albeit"]}$j$::jsonb,
   0.72, ARRAY['cp_unidad26','checkpoint','writing']),
 ('c5000079-0000-0000-0000-000000000079','20000000-0000-0000-0000-000000000001','C1','writing','translation',
   $p$Traduce al inglés: "A pesar de las objeciones, la junta aprobó la medida; de ese modo zanjó el debate."$p$,
   $j${"source":"A pesar de las objeciones, la junta aprobó la medida; de ese modo zanjó el debate."}$j$::jsonb, $j${"value":"Notwithstanding the objections, the board approved the measure, thereby settling the debate.","accepted":["Notwithstanding the objections, the board approved the measure, thereby settling the debate.","Despite the objections, the board approved the measure, thereby settling the debate.","Notwithstanding the objections, the board approved the measure thereby settling the debate."]}$j$::jsonb,
   0.72, ARRAY['cp_unidad26','checkpoint','writing']),
 ('c5000080-0000-0000-0000-000000000080','20000000-0000-0000-0000-000000000001','C1','writing','reorder',
   $p$Ordena el argumento (concesión → tesis): "Hay que reconocer que es caro, no obstante vale la pena."$p$,
   $j${"tiles":["Admittedly","it","is","expensive","nevertheless","it","is","worth","it"]}$j$::jsonb, $j${"value":"Admittedly it is expensive nevertheless it is worth it"}$j$::jsonb,
   0.72, ARRAY['cp_unidad26','checkpoint','writing']),
 ('c5000081-0000-0000-0000-000000000081','20000000-0000-0000-0000-000000000001','C1','listening','listening',
   $p$Escucha y elige lo que oíste.$p$,
   $j${"options":["His case is coherent, albeit built on a contested premise.","His case is incoherent, hence built on a sound premise.","His case is coherent, thereby built on no premise."],"say":"His case is coherent, albeit built on a contested premise.","audio_url":"https://wiauinufpbkmjlbqlkxo.supabase.co/storage/v1/object/public/audio/items/c5000081-0000-0000-0000-000000000081.mp3"}$j$::jsonb, $j${"value":"His case is coherent, albeit built on a contested premise."}$j$::jsonb,
   0.72, ARRAY['cp_unidad26','checkpoint','listening']),
 ('c5000082-0000-0000-0000-000000000082','20000000-0000-0000-0000-000000000001','C1','listening','listening',
   $p$Escucha y elige lo que oíste.$p$,
   $j${"options":["Conversely, the rural figures point in the opposite direction.","Furthermore, the rural figures point in the same direction.","Hence the rural figures point nowhere at all."],"say":"Conversely, the rural figures point in the opposite direction.","audio_url":"https://wiauinufpbkmjlbqlkxo.supabase.co/storage/v1/object/public/audio/items/c5000082-0000-0000-0000-000000000082.mp3"}$j$::jsonb, $j${"value":"Conversely, the rural figures point in the opposite direction."}$j$::jsonb,
   0.72, ARRAY['cp_unidad26','checkpoint','listening']),
 ('c5000083-0000-0000-0000-000000000083','20000000-0000-0000-0000-000000000001','C1','speaking','speaking_read_aloud',
   $p$Lee en voz alta:$p$,
   $j${"text":"Admittedly, the sample is small; that said, the effect is too consistent to be dismissed as chance.","audio_url":"https://wiauinufpbkmjlbqlkxo.supabase.co/storage/v1/object/public/audio/items/c5000083-0000-0000-0000-000000000083.mp3"}$j$::jsonb, $j${"expected":"Admittedly, the sample is small; that said, the effect is too consistent to be dismissed as chance."}$j$::jsonb,
   0.72, ARRAY['cp_unidad26','checkpoint','speaking']),
 ('c5000084-0000-0000-0000-000000000084','20000000-0000-0000-0000-000000000001','C1','speaking','speaking_read_aloud',
   $p$Lee en voz alta:$p$,
   $j${"text":"Whereas his rivals appeal to emotion, she builds a case so tightly reasoned it is hard to refute.","audio_url":"https://wiauinufpbkmjlbqlkxo.supabase.co/storage/v1/object/public/audio/items/c5000084-0000-0000-0000-000000000084.mp3"}$j$::jsonb, $j${"expected":"Whereas his rivals appeal to emotion, she builds a case so tightly reasoned it is hard to refute."}$j$::jsonb,
   0.72, ARRAY['cp_unidad26','checkpoint','speaking'])
on conflict (id) do update set skill=excluded.skill, type=excluded.type, prompt=excluded.prompt, payload=excluded.payload, correct_answer=excluded.correct_answer, difficulty=excluded.difficulty, tags=excluded.tags, updated_at=now();
insert into lesson_items (lesson_id, item_id, order_index) values
 ('41000000-0000-0000-0000-000000002601','c5000043-0000-0000-0000-000000000043',1),
 ('41000000-0000-0000-0000-000000002601','c5000044-0000-0000-0000-000000000044',2),
 ('41000000-0000-0000-0000-000000002601','c5000045-0000-0000-0000-000000000045',3),
 ('41000000-0000-0000-0000-000000002601','c5000046-0000-0000-0000-000000000046',4),
 ('41000000-0000-0000-0000-000000002601','c5000047-0000-0000-0000-000000000047',5),
 ('41000000-0000-0000-0000-000000002601','c5000048-0000-0000-0000-000000000048',6),
 ('41000000-0000-0000-0000-000000002601','c5000049-0000-0000-0000-000000000049',7),
 ('41000000-0000-0000-0000-000000002601','c5000050-0000-0000-0000-000000000050',8),
 ('41000000-0000-0000-0000-000000002602','c5000051-0000-0000-0000-000000000051',1),
 ('41000000-0000-0000-0000-000000002602','c5000052-0000-0000-0000-000000000052',2),
 ('41000000-0000-0000-0000-000000002602','c5000053-0000-0000-0000-000000000053',3),
 ('41000000-0000-0000-0000-000000002602','c5000054-0000-0000-0000-000000000054',4),
 ('41000000-0000-0000-0000-000000002602','c5000055-0000-0000-0000-000000000055',5),
 ('41000000-0000-0000-0000-000000002602','c5000056-0000-0000-0000-000000000056',6),
 ('41000000-0000-0000-0000-000000002602','c5000057-0000-0000-0000-000000000057',7),
 ('41000000-0000-0000-0000-000000002602','c5000058-0000-0000-0000-000000000058',8),
 ('41000000-0000-0000-0000-000000002603','c5000059-0000-0000-0000-000000000059',1),
 ('41000000-0000-0000-0000-000000002603','c5000060-0000-0000-0000-000000000060',2),
 ('41000000-0000-0000-0000-000000002603','c5000061-0000-0000-0000-000000000061',3),
 ('41000000-0000-0000-0000-000000002603','c5000062-0000-0000-0000-000000000062',4),
 ('41000000-0000-0000-0000-000000002603','c5000063-0000-0000-0000-000000000063',5),
 ('41000000-0000-0000-0000-000000002603','c5000064-0000-0000-0000-000000000064',6),
 ('41000000-0000-0000-0000-000000002603','c5000065-0000-0000-0000-000000000065',7),
 ('41000000-0000-0000-0000-000000002603','c5000066-0000-0000-0000-000000000066',8),
 ('41000000-0000-0000-0000-000000002604','c5000067-0000-0000-0000-000000000067',1),
 ('41000000-0000-0000-0000-000000002604','c5000068-0000-0000-0000-000000000068',2),
 ('41000000-0000-0000-0000-000000002604','c5000069-0000-0000-0000-000000000069',3),
 ('41000000-0000-0000-0000-000000002604','c5000070-0000-0000-0000-000000000070',4),
 ('41000000-0000-0000-0000-000000002604','c5000071-0000-0000-0000-000000000071',5),
 ('41000000-0000-0000-0000-000000002604','c5000072-0000-0000-0000-000000000072',6),
 ('41000000-0000-0000-0000-000000002604','c5000073-0000-0000-0000-000000000073',7),
 ('41000000-0000-0000-0000-000000002604','c5000074-0000-0000-0000-000000000074',8),
 ('41000000-0000-0000-0000-000000002605','c5000075-0000-0000-0000-000000000075',1),
 ('41000000-0000-0000-0000-000000002605','c5000076-0000-0000-0000-000000000076',2),
 ('41000000-0000-0000-0000-000000002605','c5000077-0000-0000-0000-000000000077',3),
 ('41000000-0000-0000-0000-000000002605','c5000078-0000-0000-0000-000000000078',4),
 ('41000000-0000-0000-0000-000000002605','c5000079-0000-0000-0000-000000000079',5),
 ('41000000-0000-0000-0000-000000002605','c5000080-0000-0000-0000-000000000080',6),
 ('41000000-0000-0000-0000-000000002605','c5000081-0000-0000-0000-000000000081',7),
 ('41000000-0000-0000-0000-000000002605','c5000082-0000-0000-0000-000000000082',8),
 ('41000000-0000-0000-0000-000000002605','c5000083-0000-0000-0000-000000000083',9),
 ('41000000-0000-0000-0000-000000002605','c5000084-0000-0000-0000-000000000084',10)
on conflict (lesson_id, item_id) do nothing;
insert into vocabulary (id, course_id, word, translation, frequency_rank, part_of_speech) values
 ('b5b00017-0000-0000-0000-000000000017','20000000-0000-0000-0000-000000000001',$p$nevertheless$p$,$p$no obstante, sin embargo$p$,1620,'adv'),
 ('b5b00018-0000-0000-0000-000000000018','20000000-0000-0000-0000-000000000001',$p$furthermore$p$,$p$además, es más$p$,1621,'adv'),
 ('b5b00019-0000-0000-0000-000000000019','20000000-0000-0000-0000-000000000001',$p$granted$p$,$p$es cierto que, de acuerdo$p$,1622,'adv'),
 ('b5b00020-0000-0000-0000-000000000020','20000000-0000-0000-0000-000000000001',$p$albeit$p$,$p$aunque, si bien$p$,1623,'conj'),
 ('b5b00021-0000-0000-0000-000000000021','20000000-0000-0000-0000-000000000001',$p$notwithstanding$p$,$p$a pesar de, no obstante$p$,1624,'prep'),
 ('b5b00022-0000-0000-0000-000000000022','20000000-0000-0000-0000-000000000001',$p$hence$p$,$p$por lo tanto, de ahí que$p$,1625,'adv'),
 ('b5b00023-0000-0000-0000-000000000023','20000000-0000-0000-0000-000000000001',$p$conversely$p$,$p$a la inversa, por el contrario$p$,1626,'adv'),
 ('b5b00024-0000-0000-0000-000000000024','20000000-0000-0000-0000-000000000001',$p$whereas$p$,$p$mientras que, en cambio$p$,1627,'conj'),
 ('b5b00025-0000-0000-0000-000000000025','20000000-0000-0000-0000-000000000001',$p$thereby$p$,$p$de ese modo, así$p$,1628,'adv'),
 ('b5b00026-0000-0000-0000-000000000026','20000000-0000-0000-0000-000000000001',$p$admittedly$p$,$p$hay que reconocer que$p$,1629,'adv'),
 ('b5b00027-0000-0000-0000-000000000027','20000000-0000-0000-0000-000000000001',$p$compelling$p$,$p$convincente, contundente$p$,1630,'adj'),
 ('b5b00028-0000-0000-0000-000000000028','20000000-0000-0000-0000-000000000001',$p$refute$p$,$p$refutar, rebatir$p$,1631,'v'),
 ('b5b00029-0000-0000-0000-000000000029','20000000-0000-0000-0000-000000000001',$p$concede$p$,$p$conceder, admitir$p$,1632,'v'),
 ('b5b00030-0000-0000-0000-000000000030','20000000-0000-0000-0000-000000000001',$p$undermine$p$,$p$socavar, minar$p$,1633,'v'),
 ('b5b00031-0000-0000-0000-000000000031','20000000-0000-0000-0000-000000000001',$p$premise$p$,$p$premisa$p$,1634,'n'),
 ('b5b00032-0000-0000-0000-000000000032','20000000-0000-0000-0000-000000000001',$p$caveat$p$,$p$salvedad, advertencia$p$,1635,'n')
on conflict (id) do nothing;

-- ── Unidad 27 (C1·en): Énfasis e inferencia ─────────────────────────────
insert into units (id, course_id, cefr_level, order_index, title, theme_color, icon) values
 ('31000000-0000-0000-0000-000000000027','20000000-0000-0000-0000-000000000001','C1',27,$p$Énfasis e inferencia$p$,'#0984E3','x')
on conflict (course_id, order_index) do update set title=excluded.title, theme_color=excluded.theme_color, icon=excluded.icon;
insert into lessons (id, unit_id, order_index, title, description, type, xp_reward) values
 ('41000000-0000-0000-0000-000000002701','31000000-0000-0000-0000-000000000027',1,$p$Inversión negativa$p$,$p$Inversión negativa$p$,'lesson',15),
 ('41000000-0000-0000-0000-000000002702','31000000-0000-0000-0000-000000000027',2,$p$Hardly / No sooner$p$,$p$Hardly / No sooner$p$,'lesson',15),
 ('41000000-0000-0000-0000-000000002703','31000000-0000-0000-0000-000000000027',3,$p$Oraciones hendidas$p$,$p$Oraciones hendidas$p$,'lesson',15),
 ('41000000-0000-0000-0000-000000002704','31000000-0000-0000-0000-000000000027',4,$p$Inferencia de actitud$p$,$p$Inferencia de actitud$p$,'lesson',15),
 ('41000000-0000-0000-0000-000000002705','31000000-0000-0000-0000-000000000027',5,$p$🏁 Checkpoint Unidad 27$p$,$p$Cronometrado · 4 habilidades · 80%.$p$,'checkpoint',40)
on conflict (unit_id, order_index) do update set title=excluded.title, description=excluded.description;
insert into exams (id, course_id, type, cefr_level, unit_id, time_limit_sec, pass_threshold, sections) values
 ('51000000-0000-0000-0000-000000000027','20000000-0000-0000-0000-000000000001','checkpoint','C1','31000000-0000-0000-0000-000000000027',300,0.80,$j${"skills":["reading","listening","writing","speaking"],"item_count":10,"randomize":true}$j$::jsonb)
on conflict (id) do nothing;
insert into content_items (id, course_id, cefr_level, skill, type, prompt, payload, correct_answer, difficulty, tags) values
 ('c5000085-0000-0000-0000-000000000085','20000000-0000-0000-0000-000000000001','C1','reading','multiple_choice',
   $p$Elige la forma con inversión correcta:$p$,
   $j${"options":["Not only did she resign, but she also sued the firm.","Not only she resigned, but she also sued the firm.","Not only resigned she, but she also sued the firm."]}$j$::jsonb, $j${"value":"Not only did she resign, but she also sued the firm."}$j$::jsonb,
   0.72, ARRAY['c1_unidad27','inversion_enfatica_con_adverbios_negativos','reading']),
 ('c5000086-0000-0000-0000-000000000086','20000000-0000-0000-0000-000000000001','C1','writing','cloze',
   $p$Completa la inversión enfática:$p$,
   $j${"text":"Not only ___ he apologize, but he also paid for the damage."}$j$::jsonb, $j${"value":"did","accepted":["did"]}$j$::jsonb,
   0.72, ARRAY['c1_unidad27','inversion_enfatica_con_adverbios_negativos','writing']),
 ('c5000087-0000-0000-0000-000000000087','20000000-0000-0000-0000-000000000001','C1','reading','multiple_choice',
   $p$Elige la forma con inversión correcta:$p$,
   $j${"options":["Rarely have I seen such a compelling argument.","Rarely I have seen such a compelling argument.","Rarely seen I have such a compelling argument."]}$j$::jsonb, $j${"value":"Rarely have I seen such a compelling argument."}$j$::jsonb,
   0.72, ARRAY['c1_unidad27','inversion_enfatica_con_adverbios_negativos','reading']),
 ('c5000088-0000-0000-0000-000000000088','20000000-0000-0000-0000-000000000001','C1','writing','reorder',
   $p$Ordena (inversión): "Rara vez había yo presenciado tanta tensión."$p$,
   $j${"tiles":["Seldom","had","I","witnessed","such","tension"]}$j$::jsonb, $j${"value":"Seldom had I witnessed such tension"}$j$::jsonb,
   0.72, ARRAY['c1_unidad27','inversion_enfatica_con_adverbios_negativos','writing']),
 ('c5000089-0000-0000-0000-000000000089','20000000-0000-0000-0000-000000000001','C1','writing','cloze',
   $p$Completa la inversión enfática:$p$,
   $j${"text":"Never before ___ we faced a challenge of this magnitude."}$j$::jsonb, $j${"value":"had","accepted":["had"]}$j$::jsonb,
   0.72, ARRAY['c1_unidad27','inversion_enfatica_con_adverbios_negativos','writing']),
 ('c5000090-0000-0000-0000-000000000090','20000000-0000-0000-0000-000000000001','C1','listening','listening',
   $p$Escucha y elige lo que oíste.$p$,
   $j${"options":["Rarely have I encountered such reluctance.","Rarely I have encountered such reluctance.","Rare have I encountered such reluctance."],"say":"Rarely have I encountered such reluctance.","audio_url":"https://wiauinufpbkmjlbqlkxo.supabase.co/storage/v1/object/public/audio/items/c5000090-0000-0000-0000-000000000090.mp3"}$j$::jsonb, $j${"value":"Rarely have I encountered such reluctance."}$j$::jsonb,
   0.72, ARRAY['c1_unidad27','inversion_enfatica_con_adverbios_negativos','listening']),
 ('c5000091-0000-0000-0000-000000000091','20000000-0000-0000-0000-000000000001','C1','speaking','speaking_read_aloud',
   $p$Lee en voz alta:$p$,
   $j${"text":"Not only did the report mislead the board, but it also downplayed the risks.","audio_url":"https://wiauinufpbkmjlbqlkxo.supabase.co/storage/v1/object/public/audio/items/c5000091-0000-0000-0000-000000000091.mp3"}$j$::jsonb, $j${"expected":"Not only did the report mislead the board, but it also downplayed the risks."}$j$::jsonb,
   0.72, ARRAY['c1_unidad27','inversion_enfatica_con_adverbios_negativos','speaking']),
 ('c5000092-0000-0000-0000-000000000092','20000000-0000-0000-0000-000000000001','C1','writing','translation',
   $p$Traduce al inglés usando énfasis (cleft/inversión): "Rara vez he visto tanto entusiasmo."$p$,
   $j${"source":"Rara vez he visto tanto entusiasmo."}$j$::jsonb, $j${"value":"Rarely have I seen such enthusiasm.","accepted":["Rarely have I seen such enthusiasm.","Seldom have I seen such enthusiasm.","Rarely have I seen so much enthusiasm."]}$j$::jsonb,
   0.72, ARRAY['c1_unidad27','inversion_enfatica_con_adverbios_negativos','writing']),
 ('c5000093-0000-0000-0000-000000000093','20000000-0000-0000-0000-000000000001','C1','reading','multiple_choice',
   $p$Elige la forma con inversión correcta:$p$,
   $j${"options":["Hardly had I sat down when the phone rang.","Hardly I had sat down when the phone rang.","Hardly had I sat down than the phone rang."]}$j$::jsonb, $j${"value":"Hardly had I sat down when the phone rang."}$j$::jsonb,
   0.72, ARRAY['c1_unidad27','inversion_con_clausulas_temporales','reading']),
 ('c5000094-0000-0000-0000-000000000094','20000000-0000-0000-0000-000000000001','C1','writing','cloze',
   $p$Completa la inversión enfática:$p$,
   $j${"text":"No sooner had the meeting begun ___ a dispute broke out."}$j$::jsonb, $j${"value":"than","accepted":["than"]}$j$::jsonb,
   0.72, ARRAY['c1_unidad27','inversion_con_clausulas_temporales','writing']),
 ('c5000095-0000-0000-0000-000000000095','20000000-0000-0000-0000-000000000001','C1','writing','word_bank',
   $p$Arma la frase enfática: "Apenas había llegado cuando empezó a llover."$p$,
   $j${"tiles":["Scarcely","had","I","arrived","when","it","started","to","rain","than"]}$j$::jsonb, $j${"value":"Scarcely had I arrived when it started to rain","sequence":["Scarcely","had","I","arrived","when","it","started","to","rain"]}$j$::jsonb,
   0.72, ARRAY['c1_unidad27','inversion_con_clausulas_temporales','writing']),
 ('c5000096-0000-0000-0000-000000000096','20000000-0000-0000-0000-000000000001','C1','writing','reorder',
   $p$Ordena (inversión): "Apenas habían terminado de hablar cuando estalló el aplauso."$p$,
   $j${"tiles":["Hardly","had","they","finished","speaking","when","applause","erupted"]}$j$::jsonb, $j${"value":"Hardly had they finished speaking when applause erupted"}$j$::jsonb,
   0.72, ARRAY['c1_unidad27','inversion_con_clausulas_temporales','writing']),
 ('c5000097-0000-0000-0000-000000000097','20000000-0000-0000-0000-000000000001','C1','reading','multiple_choice',
   $p$Elige la forma con inversión correcta:$p$,
   $j${"options":["No sooner had we left than the storm hit.","No sooner we had left than the storm hit.","No sooner had we left when the storm hit."]}$j$::jsonb, $j${"value":"No sooner had we left than the storm hit."}$j$::jsonb,
   0.72, ARRAY['c1_unidad27','inversion_con_clausulas_temporales','reading']),
 ('c5000098-0000-0000-0000-000000000098','20000000-0000-0000-0000-000000000001','C1','listening','listening',
   $p$Escucha y elige lo que oíste.$p$,
   $j${"options":["No sooner had he spoken than he regretted it.","No sooner he had spoken than he regretted it.","No sooner had he spoken when he regretted it."],"say":"No sooner had he spoken than he regretted it.","audio_url":"https://wiauinufpbkmjlbqlkxo.supabase.co/storage/v1/object/public/audio/items/c5000098-0000-0000-0000-000000000098.mp3"}$j$::jsonb, $j${"value":"No sooner had he spoken than he regretted it."}$j$::jsonb,
   0.72, ARRAY['c1_unidad27','inversion_con_clausulas_temporales','listening']),
 ('c5000099-0000-0000-0000-000000000099','20000000-0000-0000-0000-000000000001','C1','speaking','speaking_read_aloud',
   $p$Lee en voz alta:$p$,
   $j${"text":"Hardly had the negotiations resumed when both sides walked out again.","audio_url":"https://wiauinufpbkmjlbqlkxo.supabase.co/storage/v1/object/public/audio/items/c5000099-0000-0000-0000-000000000099.mp3"}$j$::jsonb, $j${"expected":"Hardly had the negotiations resumed when both sides walked out again."}$j$::jsonb,
   0.72, ARRAY['c1_unidad27','inversion_con_clausulas_temporales','speaking']),
 ('c5000100-0000-0000-0000-000000000100','20000000-0000-0000-0000-000000000001','C1','writing','translation',
   $p$Traduce al inglés usando énfasis (cleft/inversión): "Apenas había colgado cuando volvió a sonar."$p$,
   $j${"source":"Apenas había colgado cuando volvió a sonar."}$j$::jsonb, $j${"value":"Hardly had I hung up when it rang again.","accepted":["Hardly had I hung up when it rang again.","Scarcely had I hung up when it rang again.","No sooner had I hung up than it rang again."]}$j$::jsonb,
   0.72, ARRAY['c1_unidad27','inversion_con_clausulas_temporales','writing']),
 ('c5000101-0000-0000-0000-000000000101','20000000-0000-0000-0000-000000000001','C1','reading','multiple_choice',
   $p$Elige la oración hendida correcta:$p$,
   $j${"options":["It was her persistence that won them over.","It was her persistence what won them over.","It was her persistence won them over."]}$j$::jsonb, $j${"value":"It was her persistence that won them over."}$j$::jsonb,
   0.72, ARRAY['c1_unidad27','cleft_sentences_it_cleft_y_wh_cleft','reading']),
 ('c5000102-0000-0000-0000-000000000102','20000000-0000-0000-0000-000000000001','C1','writing','cloze',
   $p$Completa la oración hendida:$p$,
   $j${"text":"___ I really need is a straight answer, not excuses."}$j$::jsonb, $j${"value":"What","accepted":["What"]}$j$::jsonb,
   0.72, ARRAY['c1_unidad27','cleft_sentences_it_cleft_y_wh_cleft','writing']),
 ('c5000103-0000-0000-0000-000000000103','20000000-0000-0000-0000-000000000001','C1','reading','match',
   $p$Empareja la estructura con su efecto:$p$,
   $j${"pairs":[{"en":"It was the timing that mattered","es":"resalta el sujeto/elemento clave"},{"en":"What surprised me was his calm","es":"introduce la información nueva al final"},{"en":"The reason why he left was fear","es":"explica la causa de forma enfática"}]}$j$::jsonb, $j${"pairs":[["It was the timing that mattered","resalta el sujeto/elemento clave"],["What surprised me was his calm","introduce la información nueva al final"],["The reason why he left was fear","explica la causa de forma enfática"]]}$j$::jsonb,
   0.72, ARRAY['c1_unidad27','cleft_sentences_it_cleft_y_wh_cleft','reading']),
 ('c5000104-0000-0000-0000-000000000104','20000000-0000-0000-0000-000000000001','C1','writing','word_bank',
   $p$Arma la frase hendida: "Lo que más me molestó fue su tono."$p$,
   $j${"tiles":["What","annoyed","me","most","was","his","tone","that"]}$j$::jsonb, $j${"value":"What annoyed me most was his tone","sequence":["What","annoyed","me","most","was","his","tone"]}$j$::jsonb,
   0.72, ARRAY['c1_unidad27','cleft_sentences_it_cleft_y_wh_cleft','writing']),
 ('c5000105-0000-0000-0000-000000000105','20000000-0000-0000-0000-000000000001','C1','writing','reorder',
   $p$Ordena (cleft): "Fue en 2019 cuando todo cambió."$p$,
   $j${"tiles":["It","was","in","2019","that","everything","changed"]}$j$::jsonb, $j${"value":"It was in 2019 that everything changed"}$j$::jsonb,
   0.72, ARRAY['c1_unidad27','cleft_sentences_it_cleft_y_wh_cleft','writing']),
 ('c5000106-0000-0000-0000-000000000106','20000000-0000-0000-0000-000000000001','C1','writing','translation',
   $p$Traduce al inglés usando énfasis (cleft/inversión): "Lo que de verdad importa es cómo respondes."$p$,
   $j${"source":"Lo que de verdad importa es cómo respondes."}$j$::jsonb, $j${"value":"What really matters is how you respond.","accepted":["What really matters is how you respond.","What truly matters is how you respond.","What really matters is the way you respond."]}$j$::jsonb,
   0.72, ARRAY['c1_unidad27','cleft_sentences_it_cleft_y_wh_cleft','writing']),
 ('c5000107-0000-0000-0000-000000000107','20000000-0000-0000-0000-000000000001','C1','listening','listening',
   $p$Escucha y elige lo que oíste.$p$,
   $j${"options":["It was the silence that unsettled me, not the words.","It was the silence what unsettled me, not the words.","It was the silence unsettled me, not the words."],"say":"It was the silence that unsettled me, not the words.","audio_url":"https://wiauinufpbkmjlbqlkxo.supabase.co/storage/v1/object/public/audio/items/c5000107-0000-0000-0000-000000000107.mp3"}$j$::jsonb, $j${"value":"It was the silence that unsettled me, not the words."}$j$::jsonb,
   0.72, ARRAY['c1_unidad27','cleft_sentences_it_cleft_y_wh_cleft','listening']),
 ('c5000108-0000-0000-0000-000000000108','20000000-0000-0000-0000-000000000001','C1','speaking','speaking_read_aloud',
   $p$Lee en voz alta:$p$,
   $j${"text":"What the committee failed to grasp was the urgency of the situation.","audio_url":"https://wiauinufpbkmjlbqlkxo.supabase.co/storage/v1/object/public/audio/items/c5000108-0000-0000-0000-000000000108.mp3"}$j$::jsonb, $j${"expected":"What the committee failed to grasp was the urgency of the situation."}$j$::jsonb,
   0.72, ARRAY['c1_unidad27','cleft_sentences_it_cleft_y_wh_cleft','speaking']),
 ('c5000109-0000-0000-0000-000000000109','20000000-0000-0000-0000-000000000001','C1','reading','multiple_choice',
   $p$Lee: "I suppose the proposal has its merits, though I'd hardly call it groundbreaking." ¿Qué da a entender el hablante?$p$,
   $j${"options":["No está realmente impresionado.","Está totalmente convencido.","Rechaza la propuesta por completo."]}$j$::jsonb, $j${"value":"No está realmente impresionado."}$j$::jsonb,
   0.72, ARRAY['c1_unidad27','inferir_actitud_e_implicacion_en_textos','reading']),
 ('c5000110-0000-0000-0000-000000000110','20000000-0000-0000-0000-000000000001','C1','reading','multiple_choice',
   $p$Lee: "She conceded, begrudgingly, that he might have a point." ¿Qué se infiere?$p$,
   $j${"options":["Admite el argumento de mala gana.","Está encantada de darle la razón.","Niega rotundamente su argumento."]}$j$::jsonb, $j${"value":"Admite el argumento de mala gana."}$j$::jsonb,
   0.72, ARRAY['c1_unidad27','inferir_actitud_e_implicacion_en_textos','reading']),
 ('c5000111-0000-0000-0000-000000000111','20000000-0000-0000-0000-000000000001','C1','reading','multiple_choice',
   $p$Lee: "Far be it from me to criticize, but the figures simply don't add up." ¿Qué implica?$p$,
   $j${"options":["Va a criticar pese a fingir lo contrario.","Se niega por completo a opinar.","Cree que las cifras son correctas."]}$j$::jsonb, $j${"value":"Va a criticar pese a fingir lo contrario."}$j$::jsonb,
   0.72, ARRAY['c1_unidad27','inferir_actitud_e_implicacion_en_textos','reading']),
 ('c5000112-0000-0000-0000-000000000112','20000000-0000-0000-0000-000000000001','C1','reading','match',
   $p$Empareja la frase con la actitud que sugiere:$p$,
   $j${"pairs":[{"en":"I'm sure you did your best","es":"crítica velada / reproche suave"},{"en":"It's not that I disagree, exactly","es":"desacuerdo matizado"},{"en":"How very generous of him","es":"ironía / sarcasmo"}]}$j$::jsonb, $j${"pairs":[["I'm sure you did your best","crítica velada / reproche suave"],["It's not that I disagree, exactly","desacuerdo matizado"],["How very generous of him","ironía / sarcasmo"]]}$j$::jsonb,
   0.72, ARRAY['c1_unidad27','inferir_actitud_e_implicacion_en_textos','reading']),
 ('c5000113-0000-0000-0000-000000000113','20000000-0000-0000-0000-000000000001','C1','writing','cloze',
   $p$Completa para sugerir reticencia (inversión):$p$,
   $j${"text":"Little ___ they know how close the deal was to collapsing."}$j$::jsonb, $j${"value":"did","accepted":["did"]}$j$::jsonb,
   0.72, ARRAY['c1_unidad27','inferir_actitud_e_implicacion_en_textos','writing']),
 ('c5000114-0000-0000-0000-000000000114','20000000-0000-0000-0000-000000000001','C1','writing','translation',
   $p$Traduce al inglés usando énfasis (cleft/inversión): "No solo lo sabía, sino que no dijo nada."$p$,
   $j${"source":"No solo lo sabía, sino que no dijo nada."}$j$::jsonb, $j${"value":"Not only did he know, but he also said nothing.","accepted":["Not only did he know, but he also said nothing.","Not only did he know, but he said nothing.","Not only did she know, but she also said nothing."]}$j$::jsonb,
   0.72, ARRAY['c1_unidad27','inferir_actitud_e_implicacion_en_textos','writing']),
 ('c5000115-0000-0000-0000-000000000115','20000000-0000-0000-0000-000000000001','C1','listening','listening',
   $p$Escucha y elige lo que oíste.$p$,
   $j${"options":["Little did they realize what was at stake.","Little they did realize what was at stake.","Little did they realized what was at stake."],"say":"Little did they realize what was at stake.","audio_url":"https://wiauinufpbkmjlbqlkxo.supabase.co/storage/v1/object/public/audio/items/c5000115-0000-0000-0000-000000000115.mp3"}$j$::jsonb, $j${"value":"Little did they realize what was at stake."}$j$::jsonb,
   0.72, ARRAY['c1_unidad27','inferir_actitud_e_implicacion_en_textos','listening']),
 ('c5000116-0000-0000-0000-000000000116','20000000-0000-0000-0000-000000000001','C1','speaking','speaking_read_aloud',
   $p$Lee en voz alta:$p$,
   $j${"text":"Much as I admire her ambition, I remain unconvinced by the plan.","audio_url":"https://wiauinufpbkmjlbqlkxo.supabase.co/storage/v1/object/public/audio/items/c5000116-0000-0000-0000-000000000116.mp3"}$j$::jsonb, $j${"expected":"Much as I admire her ambition, I remain unconvinced by the plan."}$j$::jsonb,
   0.72, ARRAY['c1_unidad27','inferir_actitud_e_implicacion_en_textos','speaking']),
 ('c5000117-0000-0000-0000-000000000117','20000000-0000-0000-0000-000000000001','C1','reading','multiple_choice',
   $p$Elige la forma con inversión correcta:$p$,
   $j${"options":["Under no circumstances should you sign without reading it.","Under no circumstances you should sign without reading it.","Under no circumstances should sign you without reading it."]}$j$::jsonb, $j${"value":"Under no circumstances should you sign without reading it."}$j$::jsonb,
   0.72, ARRAY['cp_unidad27','checkpoint','reading']),
 ('c5000118-0000-0000-0000-000000000118','20000000-0000-0000-0000-000000000001','C1','reading','multiple_choice',
   $p$Lee: "The service was, shall we say, less than impressive." ¿Qué implica?$p$,
   $j${"options":["El servicio fue malo, dicho con eufemismo.","El servicio fue excelente.","El hablante no llegó a probar el servicio."]}$j$::jsonb, $j${"value":"El servicio fue malo, dicho con eufemismo."}$j$::jsonb,
   0.72, ARRAY['cp_unidad27','checkpoint','reading']),
 ('c5000119-0000-0000-0000-000000000119','20000000-0000-0000-0000-000000000001','C1','writing','cloze',
   $p$Completa la inversión enfática con el auxiliar adecuado:$p$,
   $j${"text":"Only after the audit ___ the discrepancies come to light."}$j$::jsonb, $j${"value":"did","accepted":["did"]}$j$::jsonb,
   0.72, ARRAY['cp_unidad27','checkpoint','writing']),
 ('c5000120-0000-0000-0000-000000000120','20000000-0000-0000-0000-000000000001','C1','writing','cloze',
   $p$Completa la oración hendida (wh-cleft inicial):$p$,
   $j${"text":"___ struck me most was how calmly she handled the crisis."}$j$::jsonb, $j${"value":"What","accepted":["What"]}$j$::jsonb,
   0.72, ARRAY['cp_unidad27','checkpoint','writing']),
 ('c5000121-0000-0000-0000-000000000121','20000000-0000-0000-0000-000000000001','C1','writing','reorder',
   $p$Ordena (inversión): "En ningún momento mencionaron el coste."$p$,
   $j${"tiles":["At","no","point","did","they","mention","the","cost"]}$j$::jsonb, $j${"value":"At no point did they mention the cost"}$j$::jsonb,
   0.72, ARRAY['cp_unidad27','checkpoint','writing']),
 ('c5000122-0000-0000-0000-000000000122','20000000-0000-0000-0000-000000000001','C1','writing','translation',
   $p$Traduce al inglés usando énfasis (cleft/inversión): "Fue su silencio lo que más me preocupó."$p$,
   $j${"source":"Fue su silencio lo que más me preocupó."}$j$::jsonb, $j${"value":"It was his silence that worried me most.","accepted":["It was his silence that worried me most.","It was her silence that worried me most.","It was his silence that worried me the most."]}$j$::jsonb,
   0.72, ARRAY['cp_unidad27','checkpoint','writing']),
 ('c5000123-0000-0000-0000-000000000123','20000000-0000-0000-0000-000000000001','C1','reading','match',
   $p$Empareja la estructura con su efecto:$p$,
   $j${"pairs":[{"en":"Not only... but also...","es":"añade un segundo punto enfático"},{"en":"It was X that...","es":"resalta el elemento clave (it-cleft)"},{"en":"Little did she know...","es":"sugiere ignorancia dramática"}]}$j$::jsonb, $j${"pairs":[["Not only... but also...","añade un segundo punto enfático"],["It was X that...","resalta el elemento clave (it-cleft)"],["Little did she know...","sugiere ignorancia dramática"]]}$j$::jsonb,
   0.72, ARRAY['cp_unidad27','checkpoint','reading']),
 ('c5000124-0000-0000-0000-000000000124','20000000-0000-0000-0000-000000000001','C1','listening','listening',
   $p$Escucha y elige lo que oíste.$p$,
   $j${"options":["Only then did I grasp the full extent of the problem.","Only then I did grasp the full extent of the problem.","Only then did I grasped the full extent of the problem."],"say":"Only then did I grasp the full extent of the problem.","audio_url":"https://wiauinufpbkmjlbqlkxo.supabase.co/storage/v1/object/public/audio/items/c5000124-0000-0000-0000-000000000124.mp3"}$j$::jsonb, $j${"value":"Only then did I grasp the full extent of the problem."}$j$::jsonb,
   0.72, ARRAY['cp_unidad27','checkpoint','listening']),
 ('c5000125-0000-0000-0000-000000000125','20000000-0000-0000-0000-000000000001','C1','listening','listening',
   $p$Escucha y elige lo que oíste.$p$,
   $j${"options":["What he resented was being kept in the dark.","What he resented were being kept in the dark.","What he resented was been kept in the dark."],"say":"What he resented was being kept in the dark.","audio_url":"https://wiauinufpbkmjlbqlkxo.supabase.co/storage/v1/object/public/audio/items/c5000125-0000-0000-0000-000000000125.mp3"}$j$::jsonb, $j${"value":"What he resented was being kept in the dark."}$j$::jsonb,
   0.72, ARRAY['cp_unidad27','checkpoint','listening']),
 ('c5000126-0000-0000-0000-000000000126','20000000-0000-0000-0000-000000000001','C1','speaking','speaking_read_aloud',
   $p$Lee en voz alta:$p$,
   $j${"text":"Seldom has a single decision had such far-reaching consequences.","audio_url":"https://wiauinufpbkmjlbqlkxo.supabase.co/storage/v1/object/public/audio/items/c5000126-0000-0000-0000-000000000126.mp3"}$j$::jsonb, $j${"expected":"Seldom has a single decision had such far-reaching consequences."}$j$::jsonb,
   0.72, ARRAY['cp_unidad27','checkpoint','speaking'])
on conflict (id) do update set skill=excluded.skill, type=excluded.type, prompt=excluded.prompt, payload=excluded.payload, correct_answer=excluded.correct_answer, difficulty=excluded.difficulty, tags=excluded.tags, updated_at=now();
insert into lesson_items (lesson_id, item_id, order_index) values
 ('41000000-0000-0000-0000-000000002701','c5000085-0000-0000-0000-000000000085',1),
 ('41000000-0000-0000-0000-000000002701','c5000086-0000-0000-0000-000000000086',2),
 ('41000000-0000-0000-0000-000000002701','c5000087-0000-0000-0000-000000000087',3),
 ('41000000-0000-0000-0000-000000002701','c5000088-0000-0000-0000-000000000088',4),
 ('41000000-0000-0000-0000-000000002701','c5000089-0000-0000-0000-000000000089',5),
 ('41000000-0000-0000-0000-000000002701','c5000090-0000-0000-0000-000000000090',6),
 ('41000000-0000-0000-0000-000000002701','c5000091-0000-0000-0000-000000000091',7),
 ('41000000-0000-0000-0000-000000002701','c5000092-0000-0000-0000-000000000092',8),
 ('41000000-0000-0000-0000-000000002702','c5000093-0000-0000-0000-000000000093',1),
 ('41000000-0000-0000-0000-000000002702','c5000094-0000-0000-0000-000000000094',2),
 ('41000000-0000-0000-0000-000000002702','c5000095-0000-0000-0000-000000000095',3),
 ('41000000-0000-0000-0000-000000002702','c5000096-0000-0000-0000-000000000096',4),
 ('41000000-0000-0000-0000-000000002702','c5000097-0000-0000-0000-000000000097',5),
 ('41000000-0000-0000-0000-000000002702','c5000098-0000-0000-0000-000000000098',6),
 ('41000000-0000-0000-0000-000000002702','c5000099-0000-0000-0000-000000000099',7),
 ('41000000-0000-0000-0000-000000002702','c5000100-0000-0000-0000-000000000100',8),
 ('41000000-0000-0000-0000-000000002703','c5000101-0000-0000-0000-000000000101',1),
 ('41000000-0000-0000-0000-000000002703','c5000102-0000-0000-0000-000000000102',2),
 ('41000000-0000-0000-0000-000000002703','c5000103-0000-0000-0000-000000000103',3),
 ('41000000-0000-0000-0000-000000002703','c5000104-0000-0000-0000-000000000104',4),
 ('41000000-0000-0000-0000-000000002703','c5000105-0000-0000-0000-000000000105',5),
 ('41000000-0000-0000-0000-000000002703','c5000106-0000-0000-0000-000000000106',6),
 ('41000000-0000-0000-0000-000000002703','c5000107-0000-0000-0000-000000000107',7),
 ('41000000-0000-0000-0000-000000002703','c5000108-0000-0000-0000-000000000108',8),
 ('41000000-0000-0000-0000-000000002704','c5000109-0000-0000-0000-000000000109',1),
 ('41000000-0000-0000-0000-000000002704','c5000110-0000-0000-0000-000000000110',2),
 ('41000000-0000-0000-0000-000000002704','c5000111-0000-0000-0000-000000000111',3),
 ('41000000-0000-0000-0000-000000002704','c5000112-0000-0000-0000-000000000112',4),
 ('41000000-0000-0000-0000-000000002704','c5000113-0000-0000-0000-000000000113',5),
 ('41000000-0000-0000-0000-000000002704','c5000114-0000-0000-0000-000000000114',6),
 ('41000000-0000-0000-0000-000000002704','c5000115-0000-0000-0000-000000000115',7),
 ('41000000-0000-0000-0000-000000002704','c5000116-0000-0000-0000-000000000116',8),
 ('41000000-0000-0000-0000-000000002705','c5000117-0000-0000-0000-000000000117',1),
 ('41000000-0000-0000-0000-000000002705','c5000118-0000-0000-0000-000000000118',2),
 ('41000000-0000-0000-0000-000000002705','c5000119-0000-0000-0000-000000000119',3),
 ('41000000-0000-0000-0000-000000002705','c5000120-0000-0000-0000-000000000120',4),
 ('41000000-0000-0000-0000-000000002705','c5000121-0000-0000-0000-000000000121',5),
 ('41000000-0000-0000-0000-000000002705','c5000122-0000-0000-0000-000000000122',6),
 ('41000000-0000-0000-0000-000000002705','c5000123-0000-0000-0000-000000000123',7),
 ('41000000-0000-0000-0000-000000002705','c5000124-0000-0000-0000-000000000124',8),
 ('41000000-0000-0000-0000-000000002705','c5000125-0000-0000-0000-000000000125',9),
 ('41000000-0000-0000-0000-000000002705','c5000126-0000-0000-0000-000000000126',10)
on conflict (lesson_id, item_id) do nothing;
insert into vocabulary (id, course_id, word, translation, frequency_rank, part_of_speech) values
 ('b5b00033-0000-0000-0000-000000000033','20000000-0000-0000-0000-000000000001',$p$emphasis$p$,$p$énfasis$p$,1640,'n'),
 ('b5b00034-0000-0000-0000-000000000034','20000000-0000-0000-0000-000000000001',$p$inversion$p$,$p$inversión$p$,1641,'n'),
 ('b5b00035-0000-0000-0000-000000000035','20000000-0000-0000-0000-000000000001',$p$to imply$p$,$p$dar a entender, implicar$p$,1642,'v'),
 ('b5b00036-0000-0000-0000-000000000036','20000000-0000-0000-0000-000000000001',$p$inference$p$,$p$inferencia$p$,1643,'n'),
 ('b5b00037-0000-0000-0000-000000000037','20000000-0000-0000-0000-000000000001',$p$to underscore$p$,$p$recalcar, subrayar$p$,1644,'v'),
 ('b5b00038-0000-0000-0000-000000000038','20000000-0000-0000-0000-000000000001',$p$reluctance$p$,$p$reticencia$p$,1645,'n'),
 ('b5b00039-0000-0000-0000-000000000039','20000000-0000-0000-0000-000000000001',$p$scarcely$p$,$p$apenas$p$,1646,'adv'),
 ('b5b00040-0000-0000-0000-000000000040','20000000-0000-0000-0000-000000000001',$p$hardly$p$,$p$apenas, difícilmente$p$,1647,'adv'),
 ('b5b00041-0000-0000-0000-000000000041','20000000-0000-0000-0000-000000000001',$p$seldom$p$,$p$rara vez$p$,1648,'adv'),
 ('b5b00042-0000-0000-0000-000000000042','20000000-0000-0000-0000-000000000001',$p$to concede$p$,$p$admitir, conceder$p$,1649,'v'),
 ('b5b00043-0000-0000-0000-000000000043','20000000-0000-0000-0000-000000000001',$p$undertone$p$,$p$trasfondo, matiz$p$,1650,'n'),
 ('b5b00044-0000-0000-0000-000000000044','20000000-0000-0000-0000-000000000001',$p$to allude$p$,$p$aludir$p$,1651,'v'),
 ('b5b00045-0000-0000-0000-000000000045','20000000-0000-0000-0000-000000000001',$p$forthcoming$p$,$p$comunicativo, dispuesto a hablar$p$,1652,'adj'),
 ('b5b00046-0000-0000-0000-000000000046','20000000-0000-0000-0000-000000000001',$p$begrudgingly$p$,$p$a regañadientes$p$,1653,'adv'),
 ('b5b00047-0000-0000-0000-000000000047','20000000-0000-0000-0000-000000000001',$p$to downplay$p$,$p$restar importancia$p$,1654,'v'),
 ('b5b00048-0000-0000-0000-000000000048','20000000-0000-0000-0000-000000000001',$p$conspicuous$p$,$p$llamativo, evidente$p$,1655,'adj')
on conflict (id) do nothing;

-- ── Unidad 28 (C1·en): Modismos y registro ─────────────────────────────
insert into units (id, course_id, cefr_level, order_index, title, theme_color, icon) values
 ('31000000-0000-0000-0000-000000000028','20000000-0000-0000-0000-000000000001','C1',28,$p$Modismos y registro$p$,'#E17055','x')
on conflict (course_id, order_index) do update set title=excluded.title, theme_color=excluded.theme_color, icon=excluded.icon;
insert into lessons (id, unit_id, order_index, title, description, type, xp_reward) values
 ('41000000-0000-0000-0000-000000002801','31000000-0000-0000-0000-000000000028',1,$p$Phrasal verbs avanzados$p$,$p$Phrasal verbs avanzados$p$,'lesson',15),
 ('41000000-0000-0000-0000-000000002802','31000000-0000-0000-0000-000000000028',2,$p$Idioms de uso genuino$p$,$p$Idioms de uso genuino$p$,'lesson',15),
 ('41000000-0000-0000-0000-000000002803','31000000-0000-0000-0000-000000000028',3,$p$Understatement e ironía$p$,$p$Understatement e ironía$p$,'lesson',15),
 ('41000000-0000-0000-0000-000000002804','31000000-0000-0000-0000-000000000028',4,$p$Registro y eufemismo$p$,$p$Registro y eufemismo$p$,'lesson',15),
 ('41000000-0000-0000-0000-000000002805','31000000-0000-0000-0000-000000000028',5,$p$🏁 Checkpoint Unidad 28$p$,$p$Cronometrado · 4 habilidades · 80%.$p$,'checkpoint',40)
on conflict (unit_id, order_index) do update set title=excluded.title, description=excluded.description;
insert into exams (id, course_id, type, cefr_level, unit_id, time_limit_sec, pass_threshold, sections) values
 ('51000000-0000-0000-0000-000000000028','20000000-0000-0000-0000-000000000001','checkpoint','C1','31000000-0000-0000-0000-000000000028',300,0.80,$j${"skills":["reading","listening","writing","speaking"],"item_count":10,"randomize":true}$j$::jsonb)
on conflict (id) do nothing;
insert into content_items (id, course_id, cefr_level, skill, type, prompt, payload, correct_answer, difficulty, tags) values
 ('c5000127-0000-0000-0000-000000000127','20000000-0000-0000-0000-000000000001','C1','reading','multiple_choice',
   $p$¿Qué phrasal verb completa correctamente la frase?$p$,
   $j${"options":["The proposal was watered down to appease the critics.","The proposal was glossed down to appease the critics.","The proposal was ruled down to appease the critics."]}$j$::jsonb, $j${"value":"The proposal was watered down to appease the critics."}$j$::jsonb,
   0.72, ARRAY['c1_unidad28','account_for_rule_out_water_down_gloss_over_bring_about','reading']),
 ('c5000128-0000-0000-0000-000000000128','20000000-0000-0000-0000-000000000001','C1','writing','cloze',
   $p$Completa el phrasal verb:$p$,
   $j${"text":"Investigators have not yet ___ out foul play."}$j$::jsonb, $j${"value":"ruled","accepted":["ruled"]}$j$::jsonb,
   0.72, ARRAY['c1_unidad28','account_for_rule_out_water_down_gloss_over_bring_about','writing']),
 ('c5000129-0000-0000-0000-000000000129','20000000-0000-0000-0000-000000000001','C1','reading','match',
   $p$Empareja el phrasal verb con su significado:$p$,
   $j${"pairs":[{"en":"account for","es":"explicar la causa de"},{"en":"gloss over","es":"minimizar algo incómodo"},{"en":"bring about","es":"provocar un cambio"}]}$j$::jsonb, $j${"pairs":[["account for","explicar la causa de"],["gloss over","minimizar algo incómodo"],["bring about","provocar un cambio"]]}$j$::jsonb,
   0.72, ARRAY['c1_unidad28','account_for_rule_out_water_down_gloss_over_bring_about','reading']),
 ('c5000130-0000-0000-0000-000000000130','20000000-0000-0000-0000-000000000001','C1','writing','translation',
   $p$Traduce al inglés (usa un phrasal natural): "El informe pasó por alto los costes reales."$p$,
   $j${"source":"El informe pasó por alto los costes reales."}$j$::jsonb, $j${"value":"The report glossed over the real costs.","accepted":["The report glossed over the real costs.","The report glossed over the actual costs.","The report glossed over the true costs."]}$j$::jsonb,
   0.72, ARRAY['c1_unidad28','account_for_rule_out_water_down_gloss_over_bring_about','writing']),
 ('c5000131-0000-0000-0000-000000000131','20000000-0000-0000-0000-000000000001','C1','listening','listening',
   $p$Escucha y elige lo que oíste.$p$,
   $j${"options":["These reforms brought about lasting change.","These reforms ruled out lasting change.","These reforms watered down lasting change."],"say":"These reforms brought about lasting change.","audio_url":"https://wiauinufpbkmjlbqlkxo.supabase.co/storage/v1/object/public/audio/items/c5000131-0000-0000-0000-000000000131.mp3"}$j$::jsonb, $j${"value":"These reforms brought about lasting change."}$j$::jsonb,
   0.72, ARRAY['c1_unidad28','account_for_rule_out_water_down_gloss_over_bring_about','listening']),
 ('c5000132-0000-0000-0000-000000000132','20000000-0000-0000-0000-000000000001','C1','speaking','speaking_read_aloud',
   $p$Lee en voz alta:$p$,
   $j${"text":"The minister glossed over the failures and accounted for only the successes.","audio_url":"https://wiauinufpbkmjlbqlkxo.supabase.co/storage/v1/object/public/audio/items/c5000132-0000-0000-0000-000000000132.mp3"}$j$::jsonb, $j${"expected":"The minister glossed over the failures and accounted for only the successes."}$j$::jsonb,
   0.72, ARRAY['c1_unidad28','account_for_rule_out_water_down_gloss_over_bring_about','speaking']),
 ('c5000133-0000-0000-0000-000000000133','20000000-0000-0000-0000-000000000001','C1','reading','multiple_choice',
   $p$¿Qué significa "account for" en "Poor planning accounts for the delay"?$p$,
   $j${"options":["explica / es la causa de","compensa económicamente","da por terminado"]}$j$::jsonb, $j${"value":"explica / es la causa de"}$j$::jsonb,
   0.72, ARRAY['c1_unidad28','account_for_rule_out_water_down_gloss_over_bring_about','reading']),
 ('c5000134-0000-0000-0000-000000000134','20000000-0000-0000-0000-000000000001','C1','writing','cloze',
   $p$Completa el phrasal verb:$p$,
   $j${"text":"The new policy will bring ___ sweeping reforms."}$j$::jsonb, $j${"value":"about","accepted":["about"]}$j$::jsonb,
   0.72, ARRAY['c1_unidad28','account_for_rule_out_water_down_gloss_over_bring_about','writing']),
 ('c5000135-0000-0000-0000-000000000135','20000000-0000-0000-0000-000000000001','C1','reading','multiple_choice',
   $p$¿Qué significa "the tip of the iceberg" en contexto?$p$,
   $j${"options":["solo una pequeña parte visible de un problema mayor","la mejor parte de algo","algo frío e impersonal"]}$j$::jsonb, $j${"value":"solo una pequeña parte visible de un problema mayor"}$j$::jsonb,
   0.72, ARRAY['c1_unidad28','a_blessing_in_disguise_the_tip_of_the_iceberg_on_the_fence_a_far_cry_from','reading']),
 ('c5000136-0000-0000-0000-000000000136','20000000-0000-0000-0000-000000000001','C1','reading','match',
   $p$Empareja el idiom con su significado:$p$,
   $j${"pairs":[{"en":"a blessing in disguise","es":"un mal que resulta beneficioso"},{"en":"on the fence","es":"sin decidirse aún"},{"en":"a far cry from","es":"muy distinto de"}]}$j$::jsonb, $j${"pairs":[["a blessing in disguise","un mal que resulta beneficioso"],["on the fence","sin decidirse aún"],["a far cry from","muy distinto de"]]}$j$::jsonb,
   0.72, ARRAY['c1_unidad28','a_blessing_in_disguise_the_tip_of_the_iceberg_on_the_fence_a_far_cry_from','reading']),
 ('c5000137-0000-0000-0000-000000000137','20000000-0000-0000-0000-000000000001','C1','writing','word_bank',
   $p$Arma la expresión: "Resultó ser un mal que vino para bien."$p$,
   $j${"tiles":["a","blessing","in","disguise","curse","fortune"]}$j$::jsonb, $j${"value":"a blessing in disguise","sequence":["a","blessing","in","disguise"]}$j$::jsonb,
   0.72, ARRAY['c1_unidad28','a_blessing_in_disguise_the_tip_of_the_iceberg_on_the_fence_a_far_cry_from','writing']),
 ('c5000138-0000-0000-0000-000000000138','20000000-0000-0000-0000-000000000001','C1','writing','translation',
   $p$Traduce al inglés (usa un idiom natural): "Sigo indeciso sobre la oferta."$p$,
   $j${"source":"Sigo indeciso sobre la oferta."}$j$::jsonb, $j${"value":"I'm still on the fence about the offer.","accepted":["I'm still on the fence about the offer.","I am still on the fence about the offer.","I'm still sitting on the fence about the offer."]}$j$::jsonb,
   0.72, ARRAY['c1_unidad28','a_blessing_in_disguise_the_tip_of_the_iceberg_on_the_fence_a_far_cry_from','writing']),
 ('c5000139-0000-0000-0000-000000000139','20000000-0000-0000-0000-000000000001','C1','listening','listening',
   $p$Escucha y elige lo que oíste.$p$,
   $j${"options":["This is just the tip of the iceberg.","This is just the edge of the iceberg.","This is just the top of the iceberg."],"say":"This is just the tip of the iceberg.","audio_url":"https://wiauinufpbkmjlbqlkxo.supabase.co/storage/v1/object/public/audio/items/c5000139-0000-0000-0000-000000000139.mp3"}$j$::jsonb, $j${"value":"This is just the tip of the iceberg."}$j$::jsonb,
   0.72, ARRAY['c1_unidad28','a_blessing_in_disguise_the_tip_of_the_iceberg_on_the_fence_a_far_cry_from','listening']),
 ('c5000140-0000-0000-0000-000000000140','20000000-0000-0000-0000-000000000001','C1','speaking','speaking_read_aloud',
   $p$Lee en voz alta:$p$,
   $j${"text":"Losing that job was a blessing in disguise; the new role is a far cry from the old one.","audio_url":"https://wiauinufpbkmjlbqlkxo.supabase.co/storage/v1/object/public/audio/items/c5000140-0000-0000-0000-000000000140.mp3"}$j$::jsonb, $j${"expected":"Losing that job was a blessing in disguise; the new role is a far cry from the old one."}$j$::jsonb,
   0.72, ARRAY['c1_unidad28','a_blessing_in_disguise_the_tip_of_the_iceberg_on_the_fence_a_far_cry_from','speaking']),
 ('c5000141-0000-0000-0000-000000000141','20000000-0000-0000-0000-000000000001','C1','reading','multiple_choice',
   $p$"Their service is a far cry from what they advertise." ¿Qué implica?$p$,
   $j${"options":["es muy inferior a lo prometido","es idéntico a lo prometido","es ligeramente mejor"]}$j$::jsonb, $j${"value":"es muy inferior a lo prometido"}$j$::jsonb,
   0.72, ARRAY['c1_unidad28','a_blessing_in_disguise_the_tip_of_the_iceberg_on_the_fence_a_far_cry_from','reading']),
 ('c5000142-0000-0000-0000-000000000142','20000000-0000-0000-0000-000000000001','C1','writing','cloze',
   $p$Completa el idiom:$p$,
   $j${"text":"Honestly, these complaints are just the tip of the ___."}$j$::jsonb, $j${"value":"iceberg","accepted":["iceberg"]}$j$::jsonb,
   0.72, ARRAY['c1_unidad28','a_blessing_in_disguise_the_tip_of_the_iceberg_on_the_fence_a_far_cry_from','writing']),
 ('c5000143-0000-0000-0000-000000000143','20000000-0000-0000-0000-000000000001','C1','reading','multiple_choice',
   $p$"The exam was, to put it mildly, challenging." ¿Qué tono transmite?$p$,
   $j${"options":["atenuación irónica: fue durísimo","entusiasmo sincero","total indiferencia"]}$j$::jsonb, $j${"value":"atenuación irónica: fue durísimo"}$j$::jsonb,
   0.72, ARRAY['c1_unidad28','to_put_it_mildly_by_no_means_par_for_the_course_understatement','reading']),
 ('c5000144-0000-0000-0000-000000000144','20000000-0000-0000-0000-000000000001','C1','reading','match',
   $p$Empareja la expresión con su significado:$p$,
   $j${"pairs":[{"en":"to put it mildly","es":"suavizando lo que en realidad es fuerte"},{"en":"par for the course","es":"lo habitual y esperable"},{"en":"by no means","es":"de ningún modo"}]}$j$::jsonb, $j${"pairs":[["to put it mildly","suavizando lo que en realidad es fuerte"],["par for the course","lo habitual y esperable"],["by no means","de ningún modo"]]}$j$::jsonb,
   0.72, ARRAY['c1_unidad28','to_put_it_mildly_by_no_means_par_for_the_course_understatement','reading']),
 ('c5000145-0000-0000-0000-000000000145','20000000-0000-0000-0000-000000000001','C1','writing','reorder',
   $p$Ordena: "Delays here are par for the course."$p$,
   $j${"tiles":["Delays","here","are","par","for","the","course"]}$j$::jsonb, $j${"value":"Delays here are par for the course"}$j$::jsonb,
   0.72, ARRAY['c1_unidad28','to_put_it_mildly_by_no_means_par_for_the_course_understatement','writing']),
 ('c5000146-0000-0000-0000-000000000146','20000000-0000-0000-0000-000000000001','C1','writing','translation',
   $p$Traduce al inglés (usa understatement natural): "No fue precisamente barato, por no decir más."$p$,
   $j${"source":"No fue precisamente barato, por no decir más."}$j$::jsonb, $j${"value":"It wasn't exactly cheap, to put it mildly.","accepted":["It wasn't exactly cheap, to put it mildly.","It was not exactly cheap, to put it mildly.","It wasn't cheap, to put it mildly."]}$j$::jsonb,
   0.72, ARRAY['c1_unidad28','to_put_it_mildly_by_no_means_par_for_the_course_understatement','writing']),
 ('c5000147-0000-0000-0000-000000000147','20000000-0000-0000-0000-000000000001','C1','listening','listening',
   $p$Escucha y elige lo que oíste.$p$,
   $j${"options":["The result was by no means certain.","The result was by no means urgent.","The result was by no means recent."],"say":"The result was by no means certain.","audio_url":"https://wiauinufpbkmjlbqlkxo.supabase.co/storage/v1/object/public/audio/items/c5000147-0000-0000-0000-000000000147.mp3"}$j$::jsonb, $j${"value":"The result was by no means certain."}$j$::jsonb,
   0.72, ARRAY['c1_unidad28','to_put_it_mildly_by_no_means_par_for_the_course_understatement','listening']),
 ('c5000148-0000-0000-0000-000000000148','20000000-0000-0000-0000-000000000001','C1','speaking','speaking_read_aloud',
   $p$Lee en voz alta:$p$,
   $j${"text":"Calling the storm 'a bit of rain' was, to put it mildly, an understatement.","audio_url":"https://wiauinufpbkmjlbqlkxo.supabase.co/storage/v1/object/public/audio/items/c5000148-0000-0000-0000-000000000148.mp3"}$j$::jsonb, $j${"expected":"Calling the storm 'a bit of rain' was, to put it mildly, an understatement."}$j$::jsonb,
   0.72, ARRAY['c1_unidad28','to_put_it_mildly_by_no_means_par_for_the_course_understatement','speaking']),
 ('c5000149-0000-0000-0000-000000000149','20000000-0000-0000-0000-000000000001','C1','reading','multiple_choice',
   $p$¿Qué frase es un understatement típico?$p$,
   $j${"options":["\"It's not bad,\" said about a brilliant performance.","\"It's the best thing ever!\"","\"It's a complete disaster.\""]}$j$::jsonb, $j${"value":"\"It's not bad,\" said about a brilliant performance."}$j$::jsonb,
   0.72, ARRAY['c1_unidad28','to_put_it_mildly_by_no_means_par_for_the_course_understatement','reading']),
 ('c5000150-0000-0000-0000-000000000150','20000000-0000-0000-0000-000000000001','C1','writing','cloze',
   $p$Completa la expresión:$p$,
   $j${"text":"The negotiations were by no ___ straightforward."}$j$::jsonb, $j${"value":"means","accepted":["means"]}$j$::jsonb,
   0.72, ARRAY['c1_unidad28','to_put_it_mildly_by_no_means_par_for_the_course_understatement','writing']),
 ('c5000151-0000-0000-0000-000000000151','20000000-0000-0000-0000-000000000001','C1','reading','multiple_choice',
   $p$En lenguaje corporativo, "We had to let some staff go" es un eufemismo de:$p$,
   $j${"options":["despedimos a empleados","ascendimos a empleados","contratamos a empleados"]}$j$::jsonb, $j${"value":"despedimos a empleados"}$j$::jsonb,
   0.72, ARRAY['c1_unidad28','formal_vs_coloquial_let_go_reading_between_the_lines_euphemism','reading']),
 ('c5000152-0000-0000-0000-000000000152','20000000-0000-0000-0000-000000000001','C1','reading','match',
   $p$Empareja el registro formal con su equivalente coloquial:$p$,
   $j${"pairs":[{"en":"purchase","es":"buy"},{"en":"commence","es":"start"},{"en":"request","es":"ask for"}]}$j$::jsonb, $j${"pairs":[["purchase","buy"],["commence","start"],["request","ask for"]]}$j$::jsonb,
   0.72, ARRAY['c1_unidad28','formal_vs_coloquial_let_go_reading_between_the_lines_euphemism','reading']),
 ('c5000153-0000-0000-0000-000000000153','20000000-0000-0000-0000-000000000001','C1','writing','word_bank',
   $p$Arma la expresión: "Tienes que leer entre líneas."$p$,
   $j${"tiles":["reading","between","the","lines","over","words"]}$j$::jsonb, $j${"value":"reading between the lines","sequence":["reading","between","the","lines"]}$j$::jsonb,
   0.72, ARRAY['c1_unidad28','formal_vs_coloquial_let_go_reading_between_the_lines_euphemism','writing']),
 ('c5000154-0000-0000-0000-000000000154','20000000-0000-0000-0000-000000000001','C1','writing','translation',
   $p$Traduce al inglés (eufemismo natural): "La empresa tuvo que despedir a doscientas personas."$p$,
   $j${"source":"La empresa tuvo que despedir a doscientas personas."}$j$::jsonb, $j${"value":"The company had to let two hundred people go.","accepted":["The company had to let two hundred people go.","The company had to let go of two hundred people.","The firm had to let two hundred people go."]}$j$::jsonb,
   0.72, ARRAY['c1_unidad28','formal_vs_coloquial_let_go_reading_between_the_lines_euphemism','writing']),
 ('c5000155-0000-0000-0000-000000000155','20000000-0000-0000-0000-000000000001','C1','listening','listening',
   $p$Escucha y elige lo que oíste.$p$,
   $j${"options":["Reading between the lines, she wasn't impressed.","Reading between the lines, she was impressed.","Reading beyond the lines, she wasn't impressed."],"say":"Reading between the lines, she wasn't impressed.","audio_url":"https://wiauinufpbkmjlbqlkxo.supabase.co/storage/v1/object/public/audio/items/c5000155-0000-0000-0000-000000000155.mp3"}$j$::jsonb, $j${"value":"Reading between the lines, she wasn't impressed."}$j$::jsonb,
   0.72, ARRAY['c1_unidad28','formal_vs_coloquial_let_go_reading_between_the_lines_euphemism','listening']),
 ('c5000156-0000-0000-0000-000000000156','20000000-0000-0000-0000-000000000001','C1','speaking','speaking_read_aloud',
   $p$Lee en voz alta:$p$,
   $j${"text":"Reading between the lines, the polite rejection was a euphemism for a firm no.","audio_url":"https://wiauinufpbkmjlbqlkxo.supabase.co/storage/v1/object/public/audio/items/c5000156-0000-0000-0000-000000000156.mp3"}$j$::jsonb, $j${"expected":"Reading between the lines, the polite rejection was a euphemism for a firm no."}$j$::jsonb,
   0.72, ARRAY['c1_unidad28','formal_vs_coloquial_let_go_reading_between_the_lines_euphemism','speaking']),
 ('c5000157-0000-0000-0000-000000000157','20000000-0000-0000-0000-000000000001','C1','writing','reorder',
   $p$Ordena: "We may have to let you go."$p$,
   $j${"tiles":["We","may","have","to","let","you","go"]}$j$::jsonb, $j${"value":"We may have to let you go"}$j$::jsonb,
   0.72, ARRAY['c1_unidad28','formal_vs_coloquial_let_go_reading_between_the_lines_euphemism','writing']),
 ('c5000158-0000-0000-0000-000000000158','20000000-0000-0000-0000-000000000001','C1','reading','multiple_choice',
   $p$¿Cuál es la versión más formal de "We need to ask for more time"?$p$,
   $j${"options":["We need to request an extension.","We gotta ask for more time.","We wanna get more time."]}$j$::jsonb, $j${"value":"We need to request an extension."}$j$::jsonb,
   0.72, ARRAY['c1_unidad28','formal_vs_coloquial_let_go_reading_between_the_lines_euphemism','reading']),
 ('c5000159-0000-0000-0000-000000000159','20000000-0000-0000-0000-000000000001','C1','reading','multiple_choice',
   $p$¿Qué significa "par for the course" en "Long queues are par for the course here"?$p$,
   $j${"options":["lo habitual y esperable","algo excepcional","algo prohibido"]}$j$::jsonb, $j${"value":"lo habitual y esperable"}$j$::jsonb,
   0.72, ARRAY['cp_unidad28','checkpoint','reading']),
 ('c5000160-0000-0000-0000-000000000160','20000000-0000-0000-0000-000000000001','C1','writing','cloze',
   $p$Completa el phrasal verb:$p$,
   $j${"text":"We can't ___ out the possibility of human error."}$j$::jsonb, $j${"value":"rule","accepted":["rule"]}$j$::jsonb,
   0.72, ARRAY['cp_unidad28','checkpoint','writing']),
 ('c5000161-0000-0000-0000-000000000161','20000000-0000-0000-0000-000000000001','C1','reading','match',
   $p$Empareja el idiom con su significado:$p$,
   $j${"pairs":[{"en":"a blessing in disguise","es":"un mal que resulta beneficioso"},{"en":"the tip of the iceberg","es":"una mínima parte visible"},{"en":"on the fence","es":"sin decidirse"}]}$j$::jsonb, $j${"pairs":[["a blessing in disguise","un mal que resulta beneficioso"],["the tip of the iceberg","una mínima parte visible"],["on the fence","sin decidirse"]]}$j$::jsonb,
   0.72, ARRAY['cp_unidad28','checkpoint','reading']),
 ('c5000162-0000-0000-0000-000000000162','20000000-0000-0000-0000-000000000001','C1','writing','translation',
   $p$Traduce al inglés (usa un phrasal natural): "Sus declaraciones no explican el retraso."$p$,
   $j${"source":"Sus declaraciones no explican el retraso."}$j$::jsonb, $j${"value":"Their statements don't account for the delay.","accepted":["Their statements don't account for the delay.","Their statements do not account for the delay.","Their statements fail to account for the delay."]}$j$::jsonb,
   0.72, ARRAY['cp_unidad28','checkpoint','writing']),
 ('c5000163-0000-0000-0000-000000000163','20000000-0000-0000-0000-000000000001','C1','listening','listening',
   $p$Escucha y elige lo que oíste.$p$,
   $j${"options":["They watered down the original demands.","They ruled out the original demands.","They glossed over the original demands."],"say":"They watered down the original demands.","audio_url":"https://wiauinufpbkmjlbqlkxo.supabase.co/storage/v1/object/public/audio/items/c5000163-0000-0000-0000-000000000163.mp3"}$j$::jsonb, $j${"value":"They watered down the original demands."}$j$::jsonb,
   0.72, ARRAY['cp_unidad28','checkpoint','listening']),
 ('c5000164-0000-0000-0000-000000000164','20000000-0000-0000-0000-000000000001','C1','speaking','speaking_read_aloud',
   $p$Lee en voz alta:$p$,
   $j${"text":"To put it mildly, their response was a far cry from what we had hoped for.","audio_url":"https://wiauinufpbkmjlbqlkxo.supabase.co/storage/v1/object/public/audio/items/c5000164-0000-0000-0000-000000000164.mp3"}$j$::jsonb, $j${"expected":"To put it mildly, their response was a far cry from what we had hoped for."}$j$::jsonb,
   0.72, ARRAY['cp_unidad28','checkpoint','speaking']),
 ('c5000165-0000-0000-0000-000000000165','20000000-0000-0000-0000-000000000001','C1','writing','word_bank',
   $p$Arma la expresión: "Es solo la punta del iceberg."$p$,
   $j${"tiles":["the","tip","of","the","iceberg","peak","mountain"]}$j$::jsonb, $j${"value":"the tip of the iceberg","sequence":["the","tip","of","the","iceberg"]}$j$::jsonb,
   0.72, ARRAY['cp_unidad28','checkpoint','writing']),
 ('c5000166-0000-0000-0000-000000000166','20000000-0000-0000-0000-000000000001','C1','reading','multiple_choice',
   $p$"We had to let her go" es un eufemismo de:$p$,
   $j${"options":["la despedimos","la dejamos ir de vacaciones","la ascendimos"]}$j$::jsonb, $j${"value":"la despedimos"}$j$::jsonb,
   0.72, ARRAY['cp_unidad28','checkpoint','reading']),
 ('c5000167-0000-0000-0000-000000000167','20000000-0000-0000-0000-000000000001','C1','writing','reorder',
   $p$Ordena: "This is by no means the end."$p$,
   $j${"tiles":["This","is","by","no","means","the","end"]}$j$::jsonb, $j${"value":"This is by no means the end"}$j$::jsonb,
   0.72, ARRAY['cp_unidad28','checkpoint','writing']),
 ('c5000168-0000-0000-0000-000000000168','20000000-0000-0000-0000-000000000001','C1','listening','listening',
   $p$Escucha y elige lo que oíste.$p$,
   $j${"options":["The reforms brought about real change.","The reforms glossed over real change.","The reforms ruled out real change."],"say":"The reforms brought about real change.","audio_url":"https://wiauinufpbkmjlbqlkxo.supabase.co/storage/v1/object/public/audio/items/c5000168-0000-0000-0000-000000000168.mp3"}$j$::jsonb, $j${"value":"The reforms brought about real change."}$j$::jsonb,
   0.72, ARRAY['cp_unidad28','checkpoint','listening'])
on conflict (id) do update set skill=excluded.skill, type=excluded.type, prompt=excluded.prompt, payload=excluded.payload, correct_answer=excluded.correct_answer, difficulty=excluded.difficulty, tags=excluded.tags, updated_at=now();
insert into lesson_items (lesson_id, item_id, order_index) values
 ('41000000-0000-0000-0000-000000002801','c5000127-0000-0000-0000-000000000127',1),
 ('41000000-0000-0000-0000-000000002801','c5000128-0000-0000-0000-000000000128',2),
 ('41000000-0000-0000-0000-000000002801','c5000129-0000-0000-0000-000000000129',3),
 ('41000000-0000-0000-0000-000000002801','c5000130-0000-0000-0000-000000000130',4),
 ('41000000-0000-0000-0000-000000002801','c5000131-0000-0000-0000-000000000131',5),
 ('41000000-0000-0000-0000-000000002801','c5000132-0000-0000-0000-000000000132',6),
 ('41000000-0000-0000-0000-000000002801','c5000133-0000-0000-0000-000000000133',7),
 ('41000000-0000-0000-0000-000000002801','c5000134-0000-0000-0000-000000000134',8),
 ('41000000-0000-0000-0000-000000002802','c5000135-0000-0000-0000-000000000135',1),
 ('41000000-0000-0000-0000-000000002802','c5000136-0000-0000-0000-000000000136',2),
 ('41000000-0000-0000-0000-000000002802','c5000137-0000-0000-0000-000000000137',3),
 ('41000000-0000-0000-0000-000000002802','c5000138-0000-0000-0000-000000000138',4),
 ('41000000-0000-0000-0000-000000002802','c5000139-0000-0000-0000-000000000139',5),
 ('41000000-0000-0000-0000-000000002802','c5000140-0000-0000-0000-000000000140',6),
 ('41000000-0000-0000-0000-000000002802','c5000141-0000-0000-0000-000000000141',7),
 ('41000000-0000-0000-0000-000000002802','c5000142-0000-0000-0000-000000000142',8),
 ('41000000-0000-0000-0000-000000002803','c5000143-0000-0000-0000-000000000143',1),
 ('41000000-0000-0000-0000-000000002803','c5000144-0000-0000-0000-000000000144',2),
 ('41000000-0000-0000-0000-000000002803','c5000145-0000-0000-0000-000000000145',3),
 ('41000000-0000-0000-0000-000000002803','c5000146-0000-0000-0000-000000000146',4),
 ('41000000-0000-0000-0000-000000002803','c5000147-0000-0000-0000-000000000147',5),
 ('41000000-0000-0000-0000-000000002803','c5000148-0000-0000-0000-000000000148',6),
 ('41000000-0000-0000-0000-000000002803','c5000149-0000-0000-0000-000000000149',7),
 ('41000000-0000-0000-0000-000000002803','c5000150-0000-0000-0000-000000000150',8),
 ('41000000-0000-0000-0000-000000002804','c5000151-0000-0000-0000-000000000151',1),
 ('41000000-0000-0000-0000-000000002804','c5000152-0000-0000-0000-000000000152',2),
 ('41000000-0000-0000-0000-000000002804','c5000153-0000-0000-0000-000000000153',3),
 ('41000000-0000-0000-0000-000000002804','c5000154-0000-0000-0000-000000000154',4),
 ('41000000-0000-0000-0000-000000002804','c5000155-0000-0000-0000-000000000155',5),
 ('41000000-0000-0000-0000-000000002804','c5000156-0000-0000-0000-000000000156',6),
 ('41000000-0000-0000-0000-000000002804','c5000157-0000-0000-0000-000000000157',7),
 ('41000000-0000-0000-0000-000000002804','c5000158-0000-0000-0000-000000000158',8),
 ('41000000-0000-0000-0000-000000002805','c5000159-0000-0000-0000-000000000159',1),
 ('41000000-0000-0000-0000-000000002805','c5000160-0000-0000-0000-000000000160',2),
 ('41000000-0000-0000-0000-000000002805','c5000161-0000-0000-0000-000000000161',3),
 ('41000000-0000-0000-0000-000000002805','c5000162-0000-0000-0000-000000000162',4),
 ('41000000-0000-0000-0000-000000002805','c5000163-0000-0000-0000-000000000163',5),
 ('41000000-0000-0000-0000-000000002805','c5000164-0000-0000-0000-000000000164',6),
 ('41000000-0000-0000-0000-000000002805','c5000165-0000-0000-0000-000000000165',7),
 ('41000000-0000-0000-0000-000000002805','c5000166-0000-0000-0000-000000000166',8),
 ('41000000-0000-0000-0000-000000002805','c5000167-0000-0000-0000-000000000167',9),
 ('41000000-0000-0000-0000-000000002805','c5000168-0000-0000-0000-000000000168',10)
on conflict (lesson_id, item_id) do nothing;
insert into vocabulary (id, course_id, word, translation, frequency_rank, part_of_speech) values
 ('b5b00049-0000-0000-0000-000000000049','20000000-0000-0000-0000-000000000001',$p$account for$p$,$p$explicar / dar cuenta de$p$,1660,'phrasal'),
 ('b5b00050-0000-0000-0000-000000000050','20000000-0000-0000-0000-000000000001',$p$rule out$p$,$p$descartar$p$,1661,'phrasal'),
 ('b5b00051-0000-0000-0000-000000000051','20000000-0000-0000-0000-000000000001',$p$water down$p$,$p$suavizar / diluir$p$,1662,'phrasal'),
 ('b5b00052-0000-0000-0000-000000000052','20000000-0000-0000-0000-000000000001',$p$gloss over$p$,$p$pasar por alto / minimizar$p$,1663,'phrasal'),
 ('b5b00053-0000-0000-0000-000000000053','20000000-0000-0000-0000-000000000001',$p$bring about$p$,$p$provocar / ocasionar$p$,1664,'phrasal'),
 ('b5b00054-0000-0000-0000-000000000054','20000000-0000-0000-0000-000000000001',$p$a blessing in disguise$p$,$p$un mal que viene para bien$p$,1665,'idiom'),
 ('b5b00055-0000-0000-0000-000000000055','20000000-0000-0000-0000-000000000001',$p$the tip of the iceberg$p$,$p$la punta del iceberg$p$,1666,'idiom'),
 ('b5b00056-0000-0000-0000-000000000056','20000000-0000-0000-0000-000000000001',$p$on the fence$p$,$p$indeciso / sin decidirse$p$,1667,'idiom'),
 ('b5b00057-0000-0000-0000-000000000057','20000000-0000-0000-0000-000000000001',$p$a far cry from$p$,$p$muy distinto de$p$,1668,'idiom'),
 ('b5b00058-0000-0000-0000-000000000058','20000000-0000-0000-0000-000000000001',$p$par for the course$p$,$p$lo habitual / lo esperable$p$,1669,'idiom'),
 ('b5b00059-0000-0000-0000-000000000059','20000000-0000-0000-0000-000000000001',$p$to put it mildly$p$,$p$por no decir más / suavizándolo$p$,1670,'expr'),
 ('b5b00060-0000-0000-0000-000000000060','20000000-0000-0000-0000-000000000001',$p$understatement$p$,$p$atenuación / eufemismo$p$,1671,'n'),
 ('b5b00061-0000-0000-0000-000000000061','20000000-0000-0000-0000-000000000001',$p$euphemism$p$,$p$eufemismo$p$,1672,'n'),
 ('b5b00062-0000-0000-0000-000000000062','20000000-0000-0000-0000-000000000001',$p$let go$p$,$p$despedir (eufemismo)$p$,1673,'phrasal'),
 ('b5b00063-0000-0000-0000-000000000063','20000000-0000-0000-0000-000000000001',$p$reading between the lines$p$,$p$leer entre líneas$p$,1674,'expr'),
 ('b5b00064-0000-0000-0000-000000000064','20000000-0000-0000-0000-000000000001',$p$by no means$p$,$p$de ningún modo$p$,1675,'expr')
on conflict (id) do nothing;

-- ── Unidad 29 (C1·en): Hipótesis y modalidad avanzada ─────────────────────────────
insert into units (id, course_id, cefr_level, order_index, title, theme_color, icon) values
 ('31000000-0000-0000-0000-000000000029','20000000-0000-0000-0000-000000000001','C1',29,$p$Hipótesis y modalidad avanzada$p$,'#D63031','x')
on conflict (course_id, order_index) do update set title=excluded.title, theme_color=excluded.theme_color, icon=excluded.icon;
insert into lessons (id, unit_id, order_index, title, description, type, xp_reward) values
 ('41000000-0000-0000-0000-000000002901','31000000-0000-0000-0000-000000000029',1,$p$Condicionales con inversión$p$,$p$Condicionales con inversión$p$,'lesson',15),
 ('41000000-0000-0000-0000-000000002902','31000000-0000-0000-0000-000000000029',2,$p$Condicionales mixtos$p$,$p$Condicionales mixtos$p$,'lesson',15),
 ('41000000-0000-0000-0000-000000002903','31000000-0000-0000-0000-000000000029',3,$p$Matiz modal: probabilidad y deducción$p$,$p$Matiz modal: probabilidad y deducción$p$,'lesson',15),
 ('41000000-0000-0000-0000-000000002904','31000000-0000-0000-0000-000000000029',4,$p$Matiz modal: arrepentimiento y preferencia$p$,$p$Matiz modal: arrepentimiento y preferencia$p$,'lesson',15),
 ('41000000-0000-0000-0000-000000002905','31000000-0000-0000-0000-000000000029',5,$p$🏁 Checkpoint Unidad 29$p$,$p$Cronometrado · 4 habilidades · 80%.$p$,'checkpoint',40)
on conflict (unit_id, order_index) do update set title=excluded.title, description=excluded.description;
insert into exams (id, course_id, type, cefr_level, unit_id, time_limit_sec, pass_threshold, sections) values
 ('51000000-0000-0000-0000-000000000029','20000000-0000-0000-0000-000000000001','checkpoint','C1','31000000-0000-0000-0000-000000000029',300,0.80,$j${"skills":["reading","listening","writing","speaking"],"item_count":10,"randomize":true}$j$::jsonb)
on conflict (id) do nothing;
insert into content_items (id, course_id, cefr_level, skill, type, prompt, payload, correct_answer, difficulty, tags) values
 ('c5000169-0000-0000-0000-000000000169','20000000-0000-0000-0000-000000000001','C1','reading','multiple_choice',
   $p$Elige la forma correcta:$p$,
   $j${"options":["Had I known about the meeting, I would have attended.","If I would have known about the meeting, I had attended.","Had I knew about the meeting, I would have attended."]}$j$::jsonb, $j${"value":"Had I known about the meeting, I would have attended."}$j$::jsonb,
   0.72, ARRAY['c1_unidad29','had_i_were_i_to_should_you','reading']),
 ('c5000170-0000-0000-0000-000000000170','20000000-0000-0000-0000-000000000001','C1','writing','cloze',
   $p$Completa el condicional con inversión:$p$,
   $j${"text":"___ I known earlier, I would have helped."}$j$::jsonb, $j${"value":"Had","accepted":["Had"]}$j$::jsonb,
   0.72, ARRAY['c1_unidad29','had_i_were_i_to_should_you','writing']),
 ('c5000171-0000-0000-0000-000000000171','20000000-0000-0000-0000-000000000001','C1','reading','multiple_choice',
   $p$Elige la forma correcta:$p$,
   $j${"options":["Were I to accept the offer, I'd relocate to Berlin.","Was I to accept the offer, I'd relocate to Berlin.","Were I accepting to the offer, I'd relocate to Berlin."]}$j$::jsonb, $j${"value":"Were I to accept the offer, I'd relocate to Berlin."}$j$::jsonb,
   0.72, ARRAY['c1_unidad29','had_i_were_i_to_should_you','reading']),
 ('c5000172-0000-0000-0000-000000000172','20000000-0000-0000-0000-000000000001','C1','writing','cloze',
   $p$Completa con inversión (oferta hipotética futura):$p$,
   $j${"text":"___ I to lose this job, I'd start my own business."}$j$::jsonb, $j${"value":"Were","accepted":["Were"]}$j$::jsonb,
   0.72, ARRAY['c1_unidad29','had_i_were_i_to_should_you','writing']),
 ('c5000173-0000-0000-0000-000000000173','20000000-0000-0000-0000-000000000001','C1','writing','reorder',
   $p$Ordena (inversión condicional): "Si llegaras a necesitar ayuda, llámame."$p$,
   $j${"tiles":["Should","you","need","help","call","me"]}$j$::jsonb, $j${"value":"Should you need help, call me"}$j$::jsonb,
   0.72, ARRAY['c1_unidad29','had_i_were_i_to_should_you','writing']),
 ('c5000174-0000-0000-0000-000000000174','20000000-0000-0000-0000-000000000001','C1','speaking','speaking_read_aloud',
   $p$Lee en voz alta:$p$,
   $j${"text":"Had it not been for her support, I would never have finished the thesis.","audio_url":"https://wiauinufpbkmjlbqlkxo.supabase.co/storage/v1/object/public/audio/items/c5000174-0000-0000-0000-000000000174.mp3"}$j$::jsonb, $j${"expected":"Had it not been for her support, I would never have finished the thesis."}$j$::jsonb,
   0.72, ARRAY['c1_unidad29','had_i_were_i_to_should_you','speaking']),
 ('c5000175-0000-0000-0000-000000000175','20000000-0000-0000-0000-000000000001','C1','listening','listening',
   $p$Escucha y elige lo que oíste.$p$,
   $j${"options":["Should you require assistance, our team is available around the clock.","If you required assistance, our team was available around the clock.","Should you required assistance, our team is available around the clock."],"say":"Should you require assistance, our team is available around the clock.","audio_url":"https://wiauinufpbkmjlbqlkxo.supabase.co/storage/v1/object/public/audio/items/c5000175-0000-0000-0000-000000000175.mp3"}$j$::jsonb, $j${"value":"Should you require assistance, our team is available around the clock."}$j$::jsonb,
   0.72, ARRAY['c1_unidad29','had_i_were_i_to_should_you','listening']),
 ('c5000176-0000-0000-0000-000000000176','20000000-0000-0000-0000-000000000001','C1','writing','translation',
   $p$Traduce al inglés (condicional/modal avanzado): "De haberlo sabido, te habría avisado."$p$,
   $j${"source":"De haberlo sabido, te habría avisado."}$j$::jsonb, $j${"value":"Had I known, I would have told you.","accepted":["Had I known, I would have told you.","Had I known, I would have warned you.","Had I known, I'd have told you.","Had I known, I'd have warned you."]}$j$::jsonb,
   0.72, ARRAY['c1_unidad29','had_i_were_i_to_should_you','writing']),
 ('c5000177-0000-0000-0000-000000000177','20000000-0000-0000-0000-000000000001','C1','reading','multiple_choice',
   $p$Elige la forma correcta:$p$,
   $j${"options":["If I had studied medicine, I would be a doctor now.","If I had studied medicine, I would have been a doctor now.","If I studied medicine, I would be a doctor now."]}$j$::jsonb, $j${"value":"If I had studied medicine, I would be a doctor now."}$j$::jsonb,
   0.72, ARRAY['c1_unidad29','pasado_que_afecta_el_presente_y_viceversa','reading']),
 ('c5000178-0000-0000-0000-000000000178','20000000-0000-0000-0000-000000000001','C1','writing','cloze',
   $p$Completa el condicional mixto (pasado → presente):$p$,
   $j${"text":"If she ___ saved more, she wouldn't be broke today."}$j$::jsonb, $j${"value":"had","accepted":["had"]}$j$::jsonb,
   0.72, ARRAY['c1_unidad29','pasado_que_afecta_el_presente_y_viceversa','writing']),
 ('c5000179-0000-0000-0000-000000000179','20000000-0000-0000-0000-000000000001','C1','reading','multiple_choice',
   $p$Elige la forma correcta (presente → pasado):$p$,
   $j${"options":["If I were more organised, I wouldn't have missed the deadline.","If I had been more organised, I wouldn't be missing the deadline.","If I were more organised, I wouldn't miss the deadline yesterday."]}$j$::jsonb, $j${"value":"If I were more organised, I wouldn't have missed the deadline."}$j$::jsonb,
   0.72, ARRAY['c1_unidad29','pasado_que_afecta_el_presente_y_viceversa','reading']),
 ('c5000180-0000-0000-0000-000000000180','20000000-0000-0000-0000-000000000001','C1','writing','word_bank',
   $p$Arma la frase: "Si hablara francés, habría conseguido ese puesto."$p$,
   $j${"tiles":["If","I","spoke","French","I","would","have","got","the","job","had"]}$j$::jsonb, $j${"value":"If I spoke French I would have got the job","sequence":["If","I","spoke","French","I","would","have","got","the","job"]}$j$::jsonb,
   0.72, ARRAY['c1_unidad29','pasado_que_afecta_el_presente_y_viceversa','writing']),
 ('c5000181-0000-0000-0000-000000000181','20000000-0000-0000-0000-000000000001','C1','writing','cloze',
   $p$Completa el condicional mixto:$p$,
   $j${"text":"If they had invested wisely, they ___ wealthy now."}$j$::jsonb, $j${"value":"would be","accepted":["would be"]}$j$::jsonb,
   0.72, ARRAY['c1_unidad29','pasado_que_afecta_el_presente_y_viceversa','writing']),
 ('c5000182-0000-0000-0000-000000000182','20000000-0000-0000-0000-000000000001','C1','speaking','speaking_read_aloud',
   $p$Lee en voz alta:$p$,
   $j${"text":"If I hadn't quit my last job, I would be stuck in that office right now.","audio_url":"https://wiauinufpbkmjlbqlkxo.supabase.co/storage/v1/object/public/audio/items/c5000182-0000-0000-0000-000000000182.mp3"}$j$::jsonb, $j${"expected":"If I hadn't quit my last job, I would be stuck in that office right now."}$j$::jsonb,
   0.72, ARRAY['c1_unidad29','pasado_que_afecta_el_presente_y_viceversa','speaking']),
 ('c5000183-0000-0000-0000-000000000183','20000000-0000-0000-0000-000000000001','C1','listening','listening',
   $p$Escucha y elige lo que oíste.$p$,
   $j${"options":["If he had listened to me, he wouldn't be in this mess now.","If he listened to me, he wouldn't have been in this mess now.","If he had listened to me, he wouldn't have been in this mess then."],"say":"If he had listened to me, he wouldn't be in this mess now.","audio_url":"https://wiauinufpbkmjlbqlkxo.supabase.co/storage/v1/object/public/audio/items/c5000183-0000-0000-0000-000000000183.mp3"}$j$::jsonb, $j${"value":"If he had listened to me, he wouldn't be in this mess now."}$j$::jsonb,
   0.72, ARRAY['c1_unidad29','pasado_que_afecta_el_presente_y_viceversa','listening']),
 ('c5000184-0000-0000-0000-000000000184','20000000-0000-0000-0000-000000000001','C1','writing','translation',
   $p$Traduce al inglés (condicional/modal avanzado): "Si hubiera ahorrado, ahora no estaría preocupado."$p$,
   $j${"source":"Si hubiera ahorrado, ahora no estaría preocupado."}$j$::jsonb, $j${"value":"If I had saved, I wouldn't be worried now.","accepted":["If I had saved, I wouldn't be worried now.","If I had saved money, I wouldn't be worried now.","Had I saved, I wouldn't be worried now.","If I'd saved, I wouldn't be worried now."]}$j$::jsonb,
   0.72, ARRAY['c1_unidad29','pasado_que_afecta_el_presente_y_viceversa','writing']),
 ('c5000185-0000-0000-0000-000000000185','20000000-0000-0000-0000-000000000001','C1','reading','match',
   $p$Empareja el modal con su matiz:$p$,
   $j${"pairs":[{"en":"might well","es":"muy probablemente sí"},{"en":"must have","es":"deducción segura del pasado"},{"en":"could have","es":"posibilidad pasada no realizada"}]}$j$::jsonb, $j${"pairs":[["might well","muy probablemente sí"],["must have","deducción segura del pasado"],["could have","posibilidad pasada no realizada"]]}$j$::jsonb,
   0.72, ARRAY['c1_unidad29','might_well_must_have_could_have','reading']),
 ('c5000186-0000-0000-0000-000000000186','20000000-0000-0000-0000-000000000001','C1','reading','multiple_choice',
   $p$Elige la forma correcta (deducción del pasado):$p$,
   $j${"options":["She must have left already; her coat is gone.","She must left already; her coat is gone.","She must have to leave already; her coat is gone."]}$j$::jsonb, $j${"value":"She must have left already; her coat is gone."}$j$::jsonb,
   0.72, ARRAY['c1_unidad29','might_well_must_have_could_have','reading']),
 ('c5000187-0000-0000-0000-000000000187','20000000-0000-0000-0000-000000000001','C1','writing','cloze',
   $p$Completa (probabilidad alta):$p$,
   $j${"text":"That plan might ___ work, but it's risky."}$j$::jsonb, $j${"value":"well","accepted":["well"]}$j$::jsonb,
   0.72, ARRAY['c1_unidad29','might_well_must_have_could_have','writing']),
 ('c5000188-0000-0000-0000-000000000188','20000000-0000-0000-0000-000000000001','C1','reading','multiple_choice',
   $p$Elige la forma correcta (posibilidad pasada no cumplida):$p$,
   $j${"options":["You could have warned me before signing it.","You could have warn me before signing it.","You could warned me before signing it."]}$j$::jsonb, $j${"value":"You could have warned me before signing it."}$j$::jsonb,
   0.72, ARRAY['c1_unidad29','might_well_must_have_could_have','reading']),
 ('c5000189-0000-0000-0000-000000000189','20000000-0000-0000-0000-000000000001','C1','writing','reorder',
   $p$Ordena: "Bien podría llover más tarde."$p$,
   $j${"tiles":["It","might","well","rain","later"]}$j$::jsonb, $j${"value":"It might well rain later"}$j$::jsonb,
   0.72, ARRAY['c1_unidad29','might_well_must_have_could_have','writing']),
 ('c5000190-0000-0000-0000-000000000190','20000000-0000-0000-0000-000000000001','C1','speaking','speaking_read_aloud',
   $p$Lee en voz alta:$p$,
   $j${"text":"He must have misread the schedule, otherwise he could have caught the earlier train.","audio_url":"https://wiauinufpbkmjlbqlkxo.supabase.co/storage/v1/object/public/audio/items/c5000190-0000-0000-0000-000000000190.mp3"}$j$::jsonb, $j${"expected":"He must have misread the schedule, otherwise he could have caught the earlier train."}$j$::jsonb,
   0.72, ARRAY['c1_unidad29','might_well_must_have_could_have','speaking']),
 ('c5000191-0000-0000-0000-000000000191','20000000-0000-0000-0000-000000000001','C1','listening','listening',
   $p$Escucha y elige lo que oíste.$p$,
   $j${"options":["They might well have missed the connection by now.","They might have well missed the connection by now.","They must well have missed the connection by now."],"say":"They might well have missed the connection by now.","audio_url":"https://wiauinufpbkmjlbqlkxo.supabase.co/storage/v1/object/public/audio/items/c5000191-0000-0000-0000-000000000191.mp3"}$j$::jsonb, $j${"value":"They might well have missed the connection by now."}$j$::jsonb,
   0.72, ARRAY['c1_unidad29','might_well_must_have_could_have','listening']),
 ('c5000192-0000-0000-0000-000000000192','20000000-0000-0000-0000-000000000001','C1','writing','translation',
   $p$Traduce al inglés (condicional/modal avanzado): "Debe de haber olvidado la reunión."$p$,
   $j${"source":"Debe de haber olvidado la reunión."}$j$::jsonb, $j${"value":"He must have forgotten the meeting.","accepted":["He must have forgotten the meeting.","She must have forgotten the meeting.","They must have forgotten the meeting.","He must have forgotten about the meeting."]}$j$::jsonb,
   0.72, ARRAY['c1_unidad29','might_well_must_have_could_have','writing']),
 ('c5000193-0000-0000-0000-000000000193','20000000-0000-0000-0000-000000000001','C1','reading','match',
   $p$Empareja el modal con su matiz:$p$,
   $j${"pairs":[{"en":"needn't have","es":"esfuerzo innecesario ya hecho"},{"en":"ought to have","es":"reproche/deber pasado incumplido"},{"en":"would rather","es":"preferencia"}]}$j$::jsonb, $j${"pairs":[["needn't have","esfuerzo innecesario ya hecho"],["ought to have","reproche/deber pasado incumplido"],["would rather","preferencia"]]}$j$::jsonb,
   0.72, ARRAY['c1_unidad29','needn_t_have_ought_to_have_would_rather_may_as_well','reading']),
 ('c5000194-0000-0000-0000-000000000194','20000000-0000-0000-0000-000000000001','C1','reading','multiple_choice',
   $p$Elige la forma correcta (esfuerzo innecesario):$p$,
   $j${"options":["You needn't have cooked; we'd already eaten.","You needn't cooked; we'd already eaten.","You don't need have cooked; we'd already eaten."]}$j$::jsonb, $j${"value":"You needn't have cooked; we'd already eaten."}$j$::jsonb,
   0.72, ARRAY['c1_unidad29','needn_t_have_ought_to_have_would_rather_may_as_well','reading']),
 ('c5000195-0000-0000-0000-000000000195','20000000-0000-0000-0000-000000000001','C1','writing','cloze',
   $p$Completa (reproche por algo no hecho):$p$,
   $j${"text":"You ___ to have told me sooner."}$j$::jsonb, $j${"value":"ought","accepted":["ought"]}$j$::jsonb,
   0.72, ARRAY['c1_unidad29','needn_t_have_ought_to_have_would_rather_may_as_well','writing']),
 ('c5000196-0000-0000-0000-000000000196','20000000-0000-0000-0000-000000000001','C1','reading','multiple_choice',
   $p$Elige la forma correcta (preferencia con sujeto distinto):$p$,
   $j${"options":["I'd rather you didn't mention it to anyone.","I'd rather you don't mentioned it to anyone.","I'd rather you wouldn't mention it to anyone."]}$j$::jsonb, $j${"value":"I'd rather you didn't mention it to anyone."}$j$::jsonb,
   0.72, ARRAY['c1_unidad29','needn_t_have_ought_to_have_would_rather_may_as_well','reading']),
 ('c5000197-0000-0000-0000-000000000197','20000000-0000-0000-0000-000000000001','C1','writing','word_bank',
   $p$Arma la frase: "Ya que estamos aquí, más vale que nos quedemos."$p$,
   $j${"tiles":["Since","we're","here","we","may","as","well","stay","must"]}$j$::jsonb, $j${"value":"Since we're here we may as well stay","sequence":["Since","we're","here","we","may","as","well","stay"]}$j$::jsonb,
   0.72, ARRAY['c1_unidad29','needn_t_have_ought_to_have_would_rather_may_as_well','writing']),
 ('c5000198-0000-0000-0000-000000000198','20000000-0000-0000-0000-000000000001','C1','speaking','speaking_read_aloud',
   $p$Lee en voz alta:$p$,
   $j${"text":"You needn't have worried; the results ought to have reassured everyone.","audio_url":"https://wiauinufpbkmjlbqlkxo.supabase.co/storage/v1/object/public/audio/items/c5000198-0000-0000-0000-000000000198.mp3"}$j$::jsonb, $j${"expected":"You needn't have worried; the results ought to have reassured everyone."}$j$::jsonb,
   0.72, ARRAY['c1_unidad29','needn_t_have_ought_to_have_would_rather_may_as_well','speaking']),
 ('c5000199-0000-0000-0000-000000000199','20000000-0000-0000-0000-000000000001','C1','listening','listening',
   $p$Escucha y elige lo que oíste.$p$,
   $j${"options":["We may as well leave now, since the train's been cancelled.","We must as well leave now, since the train's been cancelled.","We may well as leave now, since the train's been cancelled."],"say":"We may as well leave now, since the train's been cancelled.","audio_url":"https://wiauinufpbkmjlbqlkxo.supabase.co/storage/v1/object/public/audio/items/c5000199-0000-0000-0000-000000000199.mp3"}$j$::jsonb, $j${"value":"We may as well leave now, since the train's been cancelled."}$j$::jsonb,
   0.72, ARRAY['c1_unidad29','needn_t_have_ought_to_have_would_rather_may_as_well','listening']),
 ('c5000200-0000-0000-0000-000000000200','20000000-0000-0000-0000-000000000001','C1','writing','translation',
   $p$Traduce al inglés (condicional/modal avanzado): "Preferiría que no llegaras tarde."$p$,
   $j${"source":"Preferiría que no llegaras tarde."}$j$::jsonb, $j${"value":"I'd rather you didn't arrive late.","accepted":["I'd rather you didn't arrive late.","I would rather you didn't arrive late.","I'd rather you weren't late.","I would rather you weren't late.","I'd rather you didn't come late."]}$j$::jsonb,
   0.72, ARRAY['c1_unidad29','needn_t_have_ought_to_have_would_rather_may_as_well','writing']),
 ('c5000201-0000-0000-0000-000000000201','20000000-0000-0000-0000-000000000001','C1','reading','multiple_choice',
   $p$Elige la forma correcta (inversión):$p$,
   $j${"options":["Were it not for your advice, I'd have made a terrible mistake.","Was it not for your advice, I'd have made a terrible mistake.","Were it not for your advice, I'd made a terrible mistake."]}$j$::jsonb, $j${"value":"Were it not for your advice, I'd have made a terrible mistake."}$j$::jsonb,
   0.72, ARRAY['cp_unidad29','checkpoint','reading']),
 ('c5000202-0000-0000-0000-000000000202','20000000-0000-0000-0000-000000000001','C1','reading','match',
   $p$Empareja el modal con su matiz:$p$,
   $j${"pairs":[{"en":"needn't have","es":"no hacía falta hacerlo"},{"en":"might well","es":"muy probablemente"},{"en":"would rather","es":"preferiría"}]}$j$::jsonb, $j${"pairs":[["needn't have","no hacía falta hacerlo"],["might well","muy probablemente"],["would rather","preferiría"]]}$j$::jsonb,
   0.72, ARRAY['cp_unidad29','checkpoint','reading']),
 ('c5000203-0000-0000-0000-000000000203','20000000-0000-0000-0000-000000000001','C1','writing','cloze',
   $p$Completa el condicional mixto (pasado → presente):$p$,
   $j${"text":"If I had taken that flight, I ___ be home by now."}$j$::jsonb, $j${"value":"would","accepted":["would"]}$j$::jsonb,
   0.72, ARRAY['cp_unidad29','checkpoint','writing']),
 ('c5000204-0000-0000-0000-000000000204','20000000-0000-0000-0000-000000000001','C1','writing','cloze',
   $p$Completa con inversión:$p$,
   $j${"text":"___ you change your mind, the offer still stands."}$j$::jsonb, $j${"value":"Should","accepted":["Should"]}$j$::jsonb,
   0.72, ARRAY['cp_unidad29','checkpoint','writing']),
 ('c5000205-0000-0000-0000-000000000205','20000000-0000-0000-0000-000000000001','C1','writing','reorder',
   $p$Ordena (inversión condicional): "De no haber sido por la lluvia, habríamos ido."$p$,
   $j${"tiles":["Had","it","not","been","for","the","rain","we","would","have","gone"]}$j$::jsonb, $j${"value":"Had it not been for the rain, we would have gone"}$j$::jsonb,
   0.72, ARRAY['cp_unidad29','checkpoint','writing']),
 ('c5000206-0000-0000-0000-000000000206','20000000-0000-0000-0000-000000000001','C1','writing','translation',
   $p$Traduce al inglés (condicional/modal avanzado): "No deberías haber pagado tanto."$p$,
   $j${"source":"No deberías haber pagado tanto."}$j$::jsonb, $j${"value":"You oughtn't to have paid so much.","accepted":["You oughtn't to have paid so much.","You ought not to have paid so much.","You shouldn't have paid so much.","You ought not to have paid that much.","You shouldn't have paid that much."]}$j$::jsonb,
   0.72, ARRAY['cp_unidad29','checkpoint','writing']),
 ('c5000207-0000-0000-0000-000000000207','20000000-0000-0000-0000-000000000001','C1','listening','listening',
   $p$Escucha y elige lo que oíste.$p$,
   $j${"options":["Had I realised the cost, I would never have agreed to it.","If I realised the cost, I would never agree to it.","Had I realised the cost, I would never agreed to it."],"say":"Had I realised the cost, I would never have agreed to it.","audio_url":"https://wiauinufpbkmjlbqlkxo.supabase.co/storage/v1/object/public/audio/items/c5000207-0000-0000-0000-000000000207.mp3"}$j$::jsonb, $j${"value":"Had I realised the cost, I would never have agreed to it."}$j$::jsonb,
   0.72, ARRAY['cp_unidad29','checkpoint','listening']),
 ('c5000208-0000-0000-0000-000000000208','20000000-0000-0000-0000-000000000001','C1','listening','listening',
   $p$Escucha y elige lo que oíste.$p$,
   $j${"options":["She could have called, but she may well have lost my number.","She could called, but she may well have lost my number.","She could have called, but she might well lost my number."],"say":"She could have called, but she may well have lost my number.","audio_url":"https://wiauinufpbkmjlbqlkxo.supabase.co/storage/v1/object/public/audio/items/c5000208-0000-0000-0000-000000000208.mp3"}$j$::jsonb, $j${"value":"She could have called, but she may well have lost my number."}$j$::jsonb,
   0.72, ARRAY['cp_unidad29','checkpoint','listening']),
 ('c5000209-0000-0000-0000-000000000209','20000000-0000-0000-0000-000000000001','C1','speaking','speaking_read_aloud',
   $p$Lee en voz alta:$p$,
   $j${"text":"Were I to start over, I would rather pursue research than management.","audio_url":"https://wiauinufpbkmjlbqlkxo.supabase.co/storage/v1/object/public/audio/items/c5000209-0000-0000-0000-000000000209.mp3"}$j$::jsonb, $j${"expected":"Were I to start over, I would rather pursue research than management."}$j$::jsonb,
   0.72, ARRAY['cp_unidad29','checkpoint','speaking']),
 ('c5000210-0000-0000-0000-000000000210','20000000-0000-0000-0000-000000000001','C1','speaking','speaking_read_aloud',
   $p$Lee en voz alta:$p$,
   $j${"text":"But for that one decision, I might well be living abroad today.","audio_url":"https://wiauinufpbkmjlbqlkxo.supabase.co/storage/v1/object/public/audio/items/c5000210-0000-0000-0000-000000000210.mp3"}$j$::jsonb, $j${"expected":"But for that one decision, I might well be living abroad today."}$j$::jsonb,
   0.72, ARRAY['cp_unidad29','checkpoint','speaking'])
on conflict (id) do update set skill=excluded.skill, type=excluded.type, prompt=excluded.prompt, payload=excluded.payload, correct_answer=excluded.correct_answer, difficulty=excluded.difficulty, tags=excluded.tags, updated_at=now();
insert into lesson_items (lesson_id, item_id, order_index) values
 ('41000000-0000-0000-0000-000000002901','c5000169-0000-0000-0000-000000000169',1),
 ('41000000-0000-0000-0000-000000002901','c5000170-0000-0000-0000-000000000170',2),
 ('41000000-0000-0000-0000-000000002901','c5000171-0000-0000-0000-000000000171',3),
 ('41000000-0000-0000-0000-000000002901','c5000172-0000-0000-0000-000000000172',4),
 ('41000000-0000-0000-0000-000000002901','c5000173-0000-0000-0000-000000000173',5),
 ('41000000-0000-0000-0000-000000002901','c5000174-0000-0000-0000-000000000174',6),
 ('41000000-0000-0000-0000-000000002901','c5000175-0000-0000-0000-000000000175',7),
 ('41000000-0000-0000-0000-000000002901','c5000176-0000-0000-0000-000000000176',8),
 ('41000000-0000-0000-0000-000000002902','c5000177-0000-0000-0000-000000000177',1),
 ('41000000-0000-0000-0000-000000002902','c5000178-0000-0000-0000-000000000178',2),
 ('41000000-0000-0000-0000-000000002902','c5000179-0000-0000-0000-000000000179',3),
 ('41000000-0000-0000-0000-000000002902','c5000180-0000-0000-0000-000000000180',4),
 ('41000000-0000-0000-0000-000000002902','c5000181-0000-0000-0000-000000000181',5),
 ('41000000-0000-0000-0000-000000002902','c5000182-0000-0000-0000-000000000182',6),
 ('41000000-0000-0000-0000-000000002902','c5000183-0000-0000-0000-000000000183',7),
 ('41000000-0000-0000-0000-000000002902','c5000184-0000-0000-0000-000000000184',8),
 ('41000000-0000-0000-0000-000000002903','c5000185-0000-0000-0000-000000000185',1),
 ('41000000-0000-0000-0000-000000002903','c5000186-0000-0000-0000-000000000186',2),
 ('41000000-0000-0000-0000-000000002903','c5000187-0000-0000-0000-000000000187',3),
 ('41000000-0000-0000-0000-000000002903','c5000188-0000-0000-0000-000000000188',4),
 ('41000000-0000-0000-0000-000000002903','c5000189-0000-0000-0000-000000000189',5),
 ('41000000-0000-0000-0000-000000002903','c5000190-0000-0000-0000-000000000190',6),
 ('41000000-0000-0000-0000-000000002903','c5000191-0000-0000-0000-000000000191',7),
 ('41000000-0000-0000-0000-000000002903','c5000192-0000-0000-0000-000000000192',8),
 ('41000000-0000-0000-0000-000000002904','c5000193-0000-0000-0000-000000000193',1),
 ('41000000-0000-0000-0000-000000002904','c5000194-0000-0000-0000-000000000194',2),
 ('41000000-0000-0000-0000-000000002904','c5000195-0000-0000-0000-000000000195',3),
 ('41000000-0000-0000-0000-000000002904','c5000196-0000-0000-0000-000000000196',4),
 ('41000000-0000-0000-0000-000000002904','c5000197-0000-0000-0000-000000000197',5),
 ('41000000-0000-0000-0000-000000002904','c5000198-0000-0000-0000-000000000198',6),
 ('41000000-0000-0000-0000-000000002904','c5000199-0000-0000-0000-000000000199',7),
 ('41000000-0000-0000-0000-000000002904','c5000200-0000-0000-0000-000000000200',8),
 ('41000000-0000-0000-0000-000000002905','c5000201-0000-0000-0000-000000000201',1),
 ('41000000-0000-0000-0000-000000002905','c5000202-0000-0000-0000-000000000202',2),
 ('41000000-0000-0000-0000-000000002905','c5000203-0000-0000-0000-000000000203',3),
 ('41000000-0000-0000-0000-000000002905','c5000204-0000-0000-0000-000000000204',4),
 ('41000000-0000-0000-0000-000000002905','c5000205-0000-0000-0000-000000000205',5),
 ('41000000-0000-0000-0000-000000002905','c5000206-0000-0000-0000-000000000206',6),
 ('41000000-0000-0000-0000-000000002905','c5000207-0000-0000-0000-000000000207',7),
 ('41000000-0000-0000-0000-000000002905','c5000208-0000-0000-0000-000000000208',8),
 ('41000000-0000-0000-0000-000000002905','c5000209-0000-0000-0000-000000000209',9),
 ('41000000-0000-0000-0000-000000002905','c5000210-0000-0000-0000-000000000210',10)
on conflict (lesson_id, item_id) do nothing;
insert into vocabulary (id, course_id, word, translation, frequency_rank, part_of_speech) values
 ('b5b00065-0000-0000-0000-000000000065','20000000-0000-0000-0000-000000000001',$p$had I known$p$,$p$de haberlo sabido$p$,1680,'expr'),
 ('b5b00066-0000-0000-0000-000000000066','20000000-0000-0000-0000-000000000001',$p$were I to$p$,$p$si yo fuera a$p$,1681,'expr'),
 ('b5b00067-0000-0000-0000-000000000067','20000000-0000-0000-0000-000000000001',$p$should you need$p$,$p$si llegaras a necesitar$p$,1682,'expr'),
 ('b5b00068-0000-0000-0000-000000000068','20000000-0000-0000-0000-000000000001',$p$might well$p$,$p$bien podría / es muy probable que$p$,1683,'expr'),
 ('b5b00069-0000-0000-0000-000000000069','20000000-0000-0000-0000-000000000001',$p$may as well$p$,$p$más vale que / igual$p$,1684,'expr'),
 ('b5b00070-0000-0000-0000-000000000070','20000000-0000-0000-0000-000000000001',$p$would rather$p$,$p$preferiría$p$,1685,'expr'),
 ('b5b00071-0000-0000-0000-000000000071','20000000-0000-0000-0000-000000000001',$p$needn't have$p$,$p$no hacía falta que$p$,1686,'expr'),
 ('b5b00072-0000-0000-0000-000000000072','20000000-0000-0000-0000-000000000001',$p$ought to have$p$,$p$debería haber$p$,1687,'expr'),
 ('b5b00073-0000-0000-0000-000000000073','20000000-0000-0000-0000-000000000001',$p$could have$p$,$p$podría haber$p$,1688,'expr'),
 ('b5b00074-0000-0000-0000-000000000074','20000000-0000-0000-0000-000000000001',$p$must have$p$,$p$debe de haber$p$,1689,'expr'),
 ('b5b00075-0000-0000-0000-000000000075','20000000-0000-0000-0000-000000000001',$p$mixed conditional$p$,$p$condicional mixto$p$,1690,'n'),
 ('b5b00076-0000-0000-0000-000000000076','20000000-0000-0000-0000-000000000001',$p$inversion$p$,$p$inversión$p$,1691,'n'),
 ('b5b00077-0000-0000-0000-000000000077','20000000-0000-0000-0000-000000000001',$p$hypothetical$p$,$p$hipotético$p$,1692,'adj'),
 ('b5b00078-0000-0000-0000-000000000078','20000000-0000-0000-0000-000000000001',$p$had it not been for$p$,$p$de no haber sido por$p$,1693,'expr'),
 ('b5b00079-0000-0000-0000-000000000079','20000000-0000-0000-0000-000000000001',$p$but for$p$,$p$de no ser por$p$,1694,'expr'),
 ('b5b00080-0000-0000-0000-000000000080','20000000-0000-0000-0000-000000000001',$p$were it not for$p$,$p$si no fuera por$p$,1695,'expr')
on conflict (id) do nothing;

-- ── Unidad 30 (C1·en): Lenguaje académico y profesional ─────────────────────────────
insert into units (id, course_id, cefr_level, order_index, title, theme_color, icon) values
 ('31000000-0000-0000-0000-000000000030','20000000-0000-0000-0000-000000000001','C1',30,$p$Lenguaje académico y profesional$p$,'#6C5CE7','x')
on conflict (course_id, order_index) do update set title=excluded.title, theme_color=excluded.theme_color, icon=excluded.icon;
insert into lessons (id, unit_id, order_index, title, description, type, xp_reward) values
 ('41000000-0000-0000-0000-000000003001','31000000-0000-0000-0000-000000000030',1,$p$Reporting verbs con matiz$p$,$p$Reporting verbs con matiz$p$,'lesson',15),
 ('41000000-0000-0000-0000-000000003002','31000000-0000-0000-0000-000000000030',2,$p$Nominalización$p$,$p$Nominalización$p$,'lesson',15),
 ('41000000-0000-0000-0000-000000003003','31000000-0000-0000-0000-000000000030',3,$p$Voz pasiva formal$p$,$p$Voz pasiva formal$p$,'lesson',15),
 ('41000000-0000-0000-0000-000000003004','31000000-0000-0000-0000-000000000030',4,$p$Cohesión y cualificación$p$,$p$Cohesión y cualificación$p$,'lesson',15),
 ('41000000-0000-0000-0000-000000003005','31000000-0000-0000-0000-000000000030',5,$p$🏁 Checkpoint Unidad 30$p$,$p$Cronometrado · 4 habilidades · 80%.$p$,'checkpoint',40)
on conflict (unit_id, order_index) do update set title=excluded.title, description=excluded.description;
insert into exams (id, course_id, type, cefr_level, unit_id, time_limit_sec, pass_threshold, sections) values
 ('51000000-0000-0000-0000-000000000030','20000000-0000-0000-0000-000000000001','checkpoint','C1','31000000-0000-0000-0000-000000000030',300,0.80,$j${"skills":["reading","listening","writing","speaking"],"item_count":10,"randomize":true}$j$::jsonb)
on conflict (id) do nothing;
insert into content_items (id, course_id, cefr_level, skill, type, prompt, payload, correct_answer, difficulty, tags) values
 ('c5000211-0000-0000-0000-000000000211','20000000-0000-0000-0000-000000000001','C1','reading','multiple_choice',
   $p$Elige el reporting verb más preciso (el autor admite algo en contra de su postura):$p$,
   $j${"options":["The author concedes that the data are incomplete.","The author asserts that the data are incomplete.","The author highlights that the data are incomplete."]}$j$::jsonb, $j${"value":"The author concedes that the data are incomplete."}$j$::jsonb,
   0.72, ARRAY['c1_unidad30','verbos_de_cita_academicos','reading']),
 ('c5000212-0000-0000-0000-000000000212','20000000-0000-0000-0000-000000000001','C1','reading','match',
   $p$Empareja el reporting verb con su matiz:$p$,
   $j${"pairs":[{"en":"assert","es":"afirmar con seguridad"},{"en":"concede","es":"admitir a regañadientes"},{"en":"imply","es":"dar a entender sin decirlo"}]}$j$::jsonb, $j${"pairs":[["assert","afirmar con seguridad"],["concede","admitir a regañadientes"],["imply","dar a entender sin decirlo"]]}$j$::jsonb,
   0.72, ARRAY['c1_unidad30','verbos_de_cita_academicos','reading']),
 ('c5000213-0000-0000-0000-000000000213','20000000-0000-0000-0000-000000000001','C1','writing','cloze',
   $p$Completa con el reporting verb adecuado (sostener un argumento):$p$,
   $j${"text":"The researchers ___ that the model is fundamentally flawed."}$j$::jsonb, $j${"value":"contend","accepted":["contend"]}$j$::jsonb,
   0.72, ARRAY['c1_unidad30','verbos_de_cita_academicos','writing']),
 ('c5000214-0000-0000-0000-000000000214','20000000-0000-0000-0000-000000000001','C1','writing','translation',
   $p$Traduce al inglés (registro académico): "El estudio reconoce sus propias limitaciones."$p$,
   $j${"source":"El estudio reconoce sus propias limitaciones."}$j$::jsonb, $j${"value":"The study acknowledges its own limitations.","accepted":["The study acknowledges its own limitations.","The study acknowledges its own limitations","The study acknowledges its limitations.","The study acknowledges its limitations"]}$j$::jsonb,
   0.72, ARRAY['c1_unidad30','verbos_de_cita_academicos','writing']),
 ('c5000215-0000-0000-0000-000000000215','20000000-0000-0000-0000-000000000001','C1','writing','reorder',
   $p$Ordena (registro formal): "The author implies that the policy failed."$p$,
   $j${"tiles":["The","author","implies","that","the","policy","failed"]}$j$::jsonb, $j${"value":"The author implies that the policy failed"}$j$::jsonb,
   0.72, ARRAY['c1_unidad30','verbos_de_cita_academicos','writing']),
 ('c5000216-0000-0000-0000-000000000216','20000000-0000-0000-0000-000000000001','C1','listening','listening',
   $p$Escucha y elige lo que oíste.$p$,
   $j${"options":["The committee acknowledges the underlying tension.","The committee asserts the underlying tension.","The committee implies the underlying tension."],"say":"The committee acknowledges the underlying tension.","audio_url":"https://wiauinufpbkmjlbqlkxo.supabase.co/storage/v1/object/public/audio/items/c5000216-0000-0000-0000-000000000216.mp3"}$j$::jsonb, $j${"value":"The committee acknowledges the underlying tension."}$j$::jsonb,
   0.72, ARRAY['c1_unidad30','verbos_de_cita_academicos','listening']),
 ('c5000217-0000-0000-0000-000000000217','20000000-0000-0000-0000-000000000001','C1','speaking','speaking_read_aloud',
   $p$Lee en voz alta:$p$,
   $j${"text":"While the author contends that the reform was effective, she concedes that the evidence remains inconclusive.","audio_url":"https://wiauinufpbkmjlbqlkxo.supabase.co/storage/v1/object/public/audio/items/c5000217-0000-0000-0000-000000000217.mp3"}$j$::jsonb, $j${"expected":"While the author contends that the reform was effective, she concedes that the evidence remains inconclusive."}$j$::jsonb,
   0.72, ARRAY['c1_unidad30','verbos_de_cita_academicos','speaking']),
 ('c5000218-0000-0000-0000-000000000218','20000000-0000-0000-0000-000000000001','C1','reading','multiple_choice',
   $p$Inferencia: ¿qué actitud transmite "The report merely implies a correlation, without ever asserting causation"?$p$,
   $j${"options":["Cautela deliberada del informe","Convicción absoluta del informe","Rechazo del informe a la idea"]}$j$::jsonb, $j${"value":"Cautela deliberada del informe"}$j$::jsonb,
   0.72, ARRAY['c1_unidad30','verbos_de_cita_academicos','reading']),
 ('c5000219-0000-0000-0000-000000000219','20000000-0000-0000-0000-000000000001','C1','writing','cloze',
   $p$Completa con la nominalización (de 'implement'):$p$,
   $j${"text":"The ___ of the policy took two years."}$j$::jsonb, $j${"value":"implementation","accepted":["implementation"]}$j$::jsonb,
   0.72, ARRAY['c1_unidad30','sustantivar_lo_verbal','writing']),
 ('c5000220-0000-0000-0000-000000000220','20000000-0000-0000-0000-000000000001','C1','writing','cloze',
   $p$Completa con la nominalización formal (de 'increase'):$p$,
   $j${"text":"There was a significant ___ in productivity after the reform."}$j$::jsonb, $j${"value":"increase","accepted":["increase"]}$j$::jsonb,
   0.72, ARRAY['c1_unidad30','sustantivar_lo_verbal','writing']),
 ('c5000221-0000-0000-0000-000000000221','20000000-0000-0000-0000-000000000001','C1','reading','multiple_choice',
   $p$Elige la versión más nominalizada (registro académico):$p$,
   $j${"options":["The acquisition of new skills enhances employability.","When people acquire new skills, they can get hired more easily.","If you learn new skills, you'll find a job faster."]}$j$::jsonb, $j${"value":"The acquisition of new skills enhances employability."}$j$::jsonb,
   0.72, ARRAY['c1_unidad30','sustantivar_lo_verbal','reading']),
 ('c5000222-0000-0000-0000-000000000222','20000000-0000-0000-0000-000000000001','C1','writing','word_bank',
   $p$Arma la frase formal: "The analysis revealed a marked deterioration."$p$,
   $j${"tiles":["The","analysis","revealed","a","marked","deterioration","showed","got","worse"]}$j$::jsonb, $j${"value":"The analysis revealed a marked deterioration","sequence":["The","analysis","revealed","a","marked","deterioration"]}$j$::jsonb,
   0.72, ARRAY['c1_unidad30','sustantivar_lo_verbal','writing']),
 ('c5000223-0000-0000-0000-000000000223','20000000-0000-0000-0000-000000000001','C1','writing','translation',
   $p$Traduce al inglés (registro académico, usa nominalización): "La reducción de costes fue considerable."$p$,
   $j${"source":"La reducción de costes fue considerable."}$j$::jsonb, $j${"value":"The reduction in costs was considerable.","accepted":["The reduction in costs was considerable.","The reduction in costs was considerable","The reduction of costs was considerable.","The reduction of costs was considerable","The cost reduction was considerable.","The cost reduction was considerable"]}$j$::jsonb,
   0.72, ARRAY['c1_unidad30','sustantivar_lo_verbal','writing']),
 ('c5000224-0000-0000-0000-000000000224','20000000-0000-0000-0000-000000000001','C1','writing','reorder',
   $p$Ordena (registro formal): "The evaluation of the program is ongoing."$p$,
   $j${"tiles":["The","evaluation","of","the","program","is","ongoing"]}$j$::jsonb, $j${"value":"The evaluation of the program is ongoing"}$j$::jsonb,
   0.72, ARRAY['c1_unidad30','sustantivar_lo_verbal','writing']),
 ('c5000225-0000-0000-0000-000000000225','20000000-0000-0000-0000-000000000001','C1','listening','listening',
   $p$Escucha y elige lo que oíste.$p$,
   $j${"options":["The implementation of the strategy was delayed.","The implication of the strategy was delayed.","The implant of the strategy was delayed."],"say":"The implementation of the strategy was delayed.","audio_url":"https://wiauinufpbkmjlbqlkxo.supabase.co/storage/v1/object/public/audio/items/c5000225-0000-0000-0000-000000000225.mp3"}$j$::jsonb, $j${"value":"The implementation of the strategy was delayed."}$j$::jsonb,
   0.72, ARRAY['c1_unidad30','sustantivar_lo_verbal','listening']),
 ('c5000226-0000-0000-0000-000000000226','20000000-0000-0000-0000-000000000001','C1','speaking','speaking_read_aloud',
   $p$Lee en voz alta:$p$,
   $j${"text":"The introduction of the new framework led to a significant increase in operational efficiency.","audio_url":"https://wiauinufpbkmjlbqlkxo.supabase.co/storage/v1/object/public/audio/items/c5000226-0000-0000-0000-000000000226.mp3"}$j$::jsonb, $j${"expected":"The introduction of the new framework led to a significant increase in operational efficiency."}$j$::jsonb,
   0.72, ARRAY['c1_unidad30','sustantivar_lo_verbal','speaking']),
 ('c5000227-0000-0000-0000-000000000227','20000000-0000-0000-0000-000000000001','C1','writing','cloze',
   $p$Completa con la forma pasiva impersonal (de 'argue'):$p$,
   $j${"text":"It has been ___ that early intervention improves outcomes."}$j$::jsonb, $j${"value":"argued","accepted":["argued"]}$j$::jsonb,
   0.72, ARRAY['c1_unidad30','pasiva_impersonal_academica','writing']),
 ('c5000228-0000-0000-0000-000000000228','20000000-0000-0000-0000-000000000001','C1','reading','multiple_choice',
   $p$Elige la versión más formal e impersonal:$p$,
   $j${"options":["The theory is widely regarded as obsolete.","Lots of people think the theory is old now.","Everybody says the theory is out of date."]}$j$::jsonb, $j${"value":"The theory is widely regarded as obsolete."}$j$::jsonb,
   0.72, ARRAY['c1_unidad30','pasiva_impersonal_academica','reading']),
 ('c5000229-0000-0000-0000-000000000229','20000000-0000-0000-0000-000000000001','C1','writing','word_bank',
   $p$Arma la frase formal: "It is generally assumed that markets self-correct."$p$,
   $j${"tiles":["It","is","generally","assumed","that","markets","self-correct","everyone","thinks"]}$j$::jsonb, $j${"value":"It is generally assumed that markets self-correct","sequence":["It","is","generally","assumed","that","markets","self-correct"]}$j$::jsonb,
   0.72, ARRAY['c1_unidad30','pasiva_impersonal_academica','writing']),
 ('c5000230-0000-0000-0000-000000000230','20000000-0000-0000-0000-000000000001','C1','writing','reorder',
   $p$Ordena (registro formal): "It has been argued that the method is unreliable."$p$,
   $j${"tiles":["It","has","been","argued","that","the","method","is","unreliable"]}$j$::jsonb, $j${"value":"It has been argued that the method is unreliable"}$j$::jsonb,
   0.72, ARRAY['c1_unidad30','pasiva_impersonal_academica','writing']),
 ('c5000231-0000-0000-0000-000000000231','20000000-0000-0000-0000-000000000001','C1','writing','translation',
   $p$Traduce al inglés (pasiva formal): "Se ha demostrado que el efecto es duradero."$p$,
   $j${"source":"Se ha demostrado que el efecto es duradero."}$j$::jsonb, $j${"value":"It has been shown that the effect is lasting.","accepted":["It has been shown that the effect is lasting.","It has been shown that the effect is lasting","It has been demonstrated that the effect is lasting.","It has been demonstrated that the effect is lasting","It has been shown that the effect is long-lasting.","It has been shown that the effect is long-lasting"]}$j$::jsonb,
   0.72, ARRAY['c1_unidad30','pasiva_impersonal_academica','writing']),
 ('c5000232-0000-0000-0000-000000000232','20000000-0000-0000-0000-000000000001','C1','reading','multiple_choice',
   $p$Elige el reporting verb pasivo más cauto (sin afirmar como hecho):$p$,
   $j${"options":["It is suggested that the link may be causal.","It is proven that the link is causal.","It is obvious that the link is causal."]}$j$::jsonb, $j${"value":"It is suggested that the link may be causal."}$j$::jsonb,
   0.72, ARRAY['c1_unidad30','pasiva_impersonal_academica','reading']),
 ('c5000233-0000-0000-0000-000000000233','20000000-0000-0000-0000-000000000001','C1','listening','listening',
   $p$Escucha y elige lo que oíste.$p$,
   $j${"options":["It is widely regarded as a turning point.","It is widely regretted as a turning point.","It was widely regarded at a turning point."],"say":"It is widely regarded as a turning point.","audio_url":"https://wiauinufpbkmjlbqlkxo.supabase.co/storage/v1/object/public/audio/items/c5000233-0000-0000-0000-000000000233.mp3"}$j$::jsonb, $j${"value":"It is widely regarded as a turning point."}$j$::jsonb,
   0.72, ARRAY['c1_unidad30','pasiva_impersonal_academica','listening']),
 ('c5000234-0000-0000-0000-000000000234','20000000-0000-0000-0000-000000000001','C1','speaking','speaking_read_aloud',
   $p$Lee en voz alta:$p$,
   $j${"text":"It has been argued that the findings, while compelling, should be interpreted with a degree of caution.","audio_url":"https://wiauinufpbkmjlbqlkxo.supabase.co/storage/v1/object/public/audio/items/c5000234-0000-0000-0000-000000000234.mp3"}$j$::jsonb, $j${"expected":"It has been argued that the findings, while compelling, should be interpreted with a degree of caution."}$j$::jsonb,
   0.72, ARRAY['c1_unidad30','pasiva_impersonal_academica','speaking']),
 ('c5000235-0000-0000-0000-000000000235','20000000-0000-0000-0000-000000000001','C1','reading','multiple_choice',
   $p$Elige el conector que introduce una cualificación (límite del alcance):$p$,
   $j${"options":["with the exception of the youngest group, the trend holds","therefore the trend holds","for example the trend holds"]}$j$::jsonb, $j${"value":"with the exception of the youngest group, the trend holds"}$j$::jsonb,
   0.72, ARRAY['c1_unidad30','matizar_y_conectar_ideas','reading']),
 ('c5000236-0000-0000-0000-000000000236','20000000-0000-0000-0000-000000000001','C1','reading','match',
   $p$Empareja la expresión de cualificación con su sentido:$p$,
   $j${"pairs":[{"en":"to a large extent","es":"en gran medida"},{"en":"insofar as","es":"en la medida en que"},{"en":"nonetheless","es":"no obstante"}]}$j$::jsonb, $j${"pairs":[["to a large extent","en gran medida"],["insofar as","en la medida en que"],["nonetheless","no obstante"]]}$j$::jsonb,
   0.72, ARRAY['c1_unidad30','matizar_y_conectar_ideas','reading']),
 ('c5000237-0000-0000-0000-000000000237','20000000-0000-0000-0000-000000000001','C1','writing','cloze',
   $p$Completa con la expresión de cualificación (en gran medida):$p$,
   $j${"text":"The hypothesis holds ___ a large extent across the samples."}$j$::jsonb, $j${"value":"to","accepted":["to"]}$j$::jsonb,
   0.72, ARRAY['c1_unidad30','matizar_y_conectar_ideas','writing']),
 ('c5000238-0000-0000-0000-000000000238','20000000-0000-0000-0000-000000000001','C1','writing','translation',
   $p$Traduce al inglés (registro formal): "Los resultados son sólidos, con la excepción de un caso atípico."$p$,
   $j${"source":"Los resultados son sólidos, con la excepción de un caso atípico."}$j$::jsonb, $j${"value":"The results are robust, with the exception of one outlier.","accepted":["The results are robust, with the exception of one outlier.","The results are robust, with the exception of one outlier","The findings are robust, with the exception of one outlier.","The findings are robust, with the exception of one outlier","The results are robust, with the exception of a single outlier.","The results are robust, with the exception of a single outlier"]}$j$::jsonb,
   0.72, ARRAY['c1_unidad30','matizar_y_conectar_ideas','writing']),
 ('c5000239-0000-0000-0000-000000000239','20000000-0000-0000-0000-000000000001','C1','writing','word_bank',
   $p$Arma la frase formal: "The argument is valid insofar as the assumptions hold."$p$,
   $j${"tiles":["The","argument","is","valid","insofar","as","the","assumptions","hold","because","why"]}$j$::jsonb, $j${"value":"The argument is valid insofar as the assumptions hold","sequence":["The","argument","is","valid","insofar","as","the","assumptions","hold"]}$j$::jsonb,
   0.72, ARRAY['c1_unidad30','matizar_y_conectar_ideas','writing']),
 ('c5000240-0000-0000-0000-000000000240','20000000-0000-0000-0000-000000000001','C1','writing','reorder',
   $p$Ordena (registro formal): "Nonetheless the underlying assumptions remain questionable."$p$,
   $j${"tiles":["Nonetheless","the","underlying","assumptions","remain","questionable"]}$j$::jsonb, $j${"value":"Nonetheless the underlying assumptions remain questionable"}$j$::jsonb,
   0.72, ARRAY['c1_unidad30','matizar_y_conectar_ideas','writing']),
 ('c5000241-0000-0000-0000-000000000241','20000000-0000-0000-0000-000000000001','C1','listening','listening',
   $p$Escucha y elige lo que oíste.$p$,
   $j${"options":["The conclusions are valid to a large extent.","The conclusions are valid to a large content.","The conclusions are valid for a large extent."],"say":"The conclusions are valid to a large extent.","audio_url":"https://wiauinufpbkmjlbqlkxo.supabase.co/storage/v1/object/public/audio/items/c5000241-0000-0000-0000-000000000241.mp3"}$j$::jsonb, $j${"value":"The conclusions are valid to a large extent."}$j$::jsonb,
   0.72, ARRAY['c1_unidad30','matizar_y_conectar_ideas','listening']),
 ('c5000242-0000-0000-0000-000000000242','20000000-0000-0000-0000-000000000001','C1','speaking','speaking_read_aloud',
   $p$Lee en voz alta:$p$,
   $j${"text":"To a large extent, the findings underpin the prevailing theory; nonetheless, several anomalies warrant further investigation.","audio_url":"https://wiauinufpbkmjlbqlkxo.supabase.co/storage/v1/object/public/audio/items/c5000242-0000-0000-0000-000000000242.mp3"}$j$::jsonb, $j${"expected":"To a large extent, the findings underpin the prevailing theory; nonetheless, several anomalies warrant further investigation."}$j$::jsonb,
   0.72, ARRAY['c1_unidad30','matizar_y_conectar_ideas','speaking']),
 ('c5000243-0000-0000-0000-000000000243','20000000-0000-0000-0000-000000000001','C1','reading','multiple_choice',
   $p$Elige el reporting verb más preciso (admitir un punto en contra):$p$,
   $j${"options":["The author concedes that alternative explanations exist.","The author asserts that alternative explanations exist.","The author highlights that alternative explanations exist."]}$j$::jsonb, $j${"value":"The author concedes that alternative explanations exist."}$j$::jsonb,
   0.72, ARRAY['cp_unidad30','checkpoint','reading']),
 ('c5000244-0000-0000-0000-000000000244','20000000-0000-0000-0000-000000000001','C1','reading','multiple_choice',
   $p$Inferencia: "The paper stops short of asserting causation." ¿Qué transmite?$p$,
   $j${"options":["Evita afirmar la causalidad","Afirma rotundamente la causalidad","Niega cualquier relación"]}$j$::jsonb, $j${"value":"Evita afirmar la causalidad"}$j$::jsonb,
   0.72, ARRAY['cp_unidad30','checkpoint','reading']),
 ('c5000245-0000-0000-0000-000000000245','20000000-0000-0000-0000-000000000001','C1','reading','match',
   $p$Empareja la expresión con su sentido:$p$,
   $j${"pairs":[{"en":"with the exception of","es":"con la excepción de"},{"en":"insofar as","es":"en la medida en que"},{"en":"is widely regarded as","es":"es ampliamente considerado como"}]}$j$::jsonb, $j${"pairs":[["with the exception of","con la excepción de"],["insofar as","en la medida en que"],["is widely regarded as","es ampliamente considerado como"]]}$j$::jsonb,
   0.72, ARRAY['cp_unidad30','checkpoint','reading']),
 ('c5000246-0000-0000-0000-000000000246','20000000-0000-0000-0000-000000000001','C1','writing','cloze',
   $p$Completa con la nominalización (de 'introduce'):$p$,
   $j${"text":"The ___ of the reform was widely debated."}$j$::jsonb, $j${"value":"introduction","accepted":["introduction"]}$j$::jsonb,
   0.72, ARRAY['cp_unidad30','checkpoint','writing']),
 ('c5000247-0000-0000-0000-000000000247','20000000-0000-0000-0000-000000000001','C1','writing','cloze',
   $p$Completa con la pasiva impersonal (de 'demonstrate'):$p$,
   $j${"text":"It has been ___ that the correlation is robust."}$j$::jsonb, $j${"value":"demonstrated","accepted":["demonstrated"]}$j$::jsonb,
   0.72, ARRAY['cp_unidad30','checkpoint','writing']),
 ('c5000248-0000-0000-0000-000000000248','20000000-0000-0000-0000-000000000001','C1','writing','translation',
   $p$Traduce al inglés (registro académico): "En gran medida, los hallazgos sustentan la teoría."$p$,
   $j${"source":"En gran medida, los hallazgos sustentan la teoría."}$j$::jsonb, $j${"value":"To a large extent, the findings underpin the theory.","accepted":["To a large extent, the findings underpin the theory.","To a large extent, the findings underpin the theory","To a large extent the findings underpin the theory.","To a large extent the findings underpin the theory","To a large extent, the findings support the theory.","To a large extent, the findings support the theory"]}$j$::jsonb,
   0.72, ARRAY['cp_unidad30','checkpoint','writing']),
 ('c5000249-0000-0000-0000-000000000249','20000000-0000-0000-0000-000000000001','C1','writing','reorder',
   $p$Ordena (registro formal): "It is widely regarded as a seminal contribution."$p$,
   $j${"tiles":["It","is","widely","regarded","as","a","seminal","contribution"]}$j$::jsonb, $j${"value":"It is widely regarded as a seminal contribution"}$j$::jsonb,
   0.72, ARRAY['cp_unidad30','checkpoint','writing']),
 ('c5000250-0000-0000-0000-000000000250','20000000-0000-0000-0000-000000000001','C1','listening','listening',
   $p$Escucha y elige lo que oíste.$p$,
   $j${"options":["The increase was significant, nonetheless it was temporary.","The increase was significant, nevertheless it was temporal.","The increase was insignificant, nonetheless it was temporary."],"say":"The increase was significant, nonetheless it was temporary.","audio_url":"https://wiauinufpbkmjlbqlkxo.supabase.co/storage/v1/object/public/audio/items/c5000250-0000-0000-0000-000000000250.mp3"}$j$::jsonb, $j${"value":"The increase was significant, nonetheless it was temporary."}$j$::jsonb,
   0.72, ARRAY['cp_unidad30','checkpoint','listening']),
 ('c5000251-0000-0000-0000-000000000251','20000000-0000-0000-0000-000000000001','C1','listening','listening',
   $p$Escucha y elige lo que oíste.$p$,
   $j${"options":["The underlying assumptions were never made explicit.","The underlining assumptions were never made explicit.","The underlying assumptions were never made implicit."],"say":"The underlying assumptions were never made explicit.","audio_url":"https://wiauinufpbkmjlbqlkxo.supabase.co/storage/v1/object/public/audio/items/c5000251-0000-0000-0000-000000000251.mp3"}$j$::jsonb, $j${"value":"The underlying assumptions were never made explicit."}$j$::jsonb,
   0.72, ARRAY['cp_unidad30','checkpoint','listening']),
 ('c5000252-0000-0000-0000-000000000252','20000000-0000-0000-0000-000000000001','C1','speaking','speaking_read_aloud',
   $p$Lee en voz alta:$p$,
   $j${"text":"With the exception of one anomalous case, the implementation is widely regarded as a significant success.","audio_url":"https://wiauinufpbkmjlbqlkxo.supabase.co/storage/v1/object/public/audio/items/c5000252-0000-0000-0000-000000000252.mp3"}$j$::jsonb, $j${"expected":"With the exception of one anomalous case, the implementation is widely regarded as a significant success."}$j$::jsonb,
   0.72, ARRAY['cp_unidad30','checkpoint','speaking'])
on conflict (id) do update set skill=excluded.skill, type=excluded.type, prompt=excluded.prompt, payload=excluded.payload, correct_answer=excluded.correct_answer, difficulty=excluded.difficulty, tags=excluded.tags, updated_at=now();
insert into lesson_items (lesson_id, item_id, order_index) values
 ('41000000-0000-0000-0000-000000003001','c5000211-0000-0000-0000-000000000211',1),
 ('41000000-0000-0000-0000-000000003001','c5000212-0000-0000-0000-000000000212',2),
 ('41000000-0000-0000-0000-000000003001','c5000213-0000-0000-0000-000000000213',3),
 ('41000000-0000-0000-0000-000000003001','c5000214-0000-0000-0000-000000000214',4),
 ('41000000-0000-0000-0000-000000003001','c5000215-0000-0000-0000-000000000215',5),
 ('41000000-0000-0000-0000-000000003001','c5000216-0000-0000-0000-000000000216',6),
 ('41000000-0000-0000-0000-000000003001','c5000217-0000-0000-0000-000000000217',7),
 ('41000000-0000-0000-0000-000000003001','c5000218-0000-0000-0000-000000000218',8),
 ('41000000-0000-0000-0000-000000003002','c5000219-0000-0000-0000-000000000219',1),
 ('41000000-0000-0000-0000-000000003002','c5000220-0000-0000-0000-000000000220',2),
 ('41000000-0000-0000-0000-000000003002','c5000221-0000-0000-0000-000000000221',3),
 ('41000000-0000-0000-0000-000000003002','c5000222-0000-0000-0000-000000000222',4),
 ('41000000-0000-0000-0000-000000003002','c5000223-0000-0000-0000-000000000223',5),
 ('41000000-0000-0000-0000-000000003002','c5000224-0000-0000-0000-000000000224',6),
 ('41000000-0000-0000-0000-000000003002','c5000225-0000-0000-0000-000000000225',7),
 ('41000000-0000-0000-0000-000000003002','c5000226-0000-0000-0000-000000000226',8),
 ('41000000-0000-0000-0000-000000003003','c5000227-0000-0000-0000-000000000227',1),
 ('41000000-0000-0000-0000-000000003003','c5000228-0000-0000-0000-000000000228',2),
 ('41000000-0000-0000-0000-000000003003','c5000229-0000-0000-0000-000000000229',3),
 ('41000000-0000-0000-0000-000000003003','c5000230-0000-0000-0000-000000000230',4),
 ('41000000-0000-0000-0000-000000003003','c5000231-0000-0000-0000-000000000231',5),
 ('41000000-0000-0000-0000-000000003003','c5000232-0000-0000-0000-000000000232',6),
 ('41000000-0000-0000-0000-000000003003','c5000233-0000-0000-0000-000000000233',7),
 ('41000000-0000-0000-0000-000000003003','c5000234-0000-0000-0000-000000000234',8),
 ('41000000-0000-0000-0000-000000003004','c5000235-0000-0000-0000-000000000235',1),
 ('41000000-0000-0000-0000-000000003004','c5000236-0000-0000-0000-000000000236',2),
 ('41000000-0000-0000-0000-000000003004','c5000237-0000-0000-0000-000000000237',3),
 ('41000000-0000-0000-0000-000000003004','c5000238-0000-0000-0000-000000000238',4),
 ('41000000-0000-0000-0000-000000003004','c5000239-0000-0000-0000-000000000239',5),
 ('41000000-0000-0000-0000-000000003004','c5000240-0000-0000-0000-000000000240',6),
 ('41000000-0000-0000-0000-000000003004','c5000241-0000-0000-0000-000000000241',7),
 ('41000000-0000-0000-0000-000000003004','c5000242-0000-0000-0000-000000000242',8),
 ('41000000-0000-0000-0000-000000003005','c5000243-0000-0000-0000-000000000243',1),
 ('41000000-0000-0000-0000-000000003005','c5000244-0000-0000-0000-000000000244',2),
 ('41000000-0000-0000-0000-000000003005','c5000245-0000-0000-0000-000000000245',3),
 ('41000000-0000-0000-0000-000000003005','c5000246-0000-0000-0000-000000000246',4),
 ('41000000-0000-0000-0000-000000003005','c5000247-0000-0000-0000-000000000247',5),
 ('41000000-0000-0000-0000-000000003005','c5000248-0000-0000-0000-000000000248',6),
 ('41000000-0000-0000-0000-000000003005','c5000249-0000-0000-0000-000000000249',7),
 ('41000000-0000-0000-0000-000000003005','c5000250-0000-0000-0000-000000000250',8),
 ('41000000-0000-0000-0000-000000003005','c5000251-0000-0000-0000-000000000251',9),
 ('41000000-0000-0000-0000-000000003005','c5000252-0000-0000-0000-000000000252',10)
on conflict (lesson_id, item_id) do nothing;
insert into vocabulary (id, course_id, word, translation, frequency_rank, part_of_speech) values
 ('b5b00081-0000-0000-0000-000000000081','20000000-0000-0000-0000-000000000001',$p$to assert$p$,$p$afirmar (con seguridad)$p$,1700,'v'),
 ('b5b00082-0000-0000-0000-000000000082','20000000-0000-0000-0000-000000000001',$p$to contend$p$,$p$sostener (un argumento)$p$,1701,'v'),
 ('b5b00083-0000-0000-0000-000000000083','20000000-0000-0000-0000-000000000001',$p$to acknowledge$p$,$p$reconocer (admitir)$p$,1702,'v'),
 ('b5b00084-0000-0000-0000-000000000084','20000000-0000-0000-0000-000000000001',$p$to concede$p$,$p$conceder (admitir a regañadientes)$p$,1703,'v'),
 ('b5b00085-0000-0000-0000-000000000085','20000000-0000-0000-0000-000000000001',$p$to imply$p$,$p$dar a entender$p$,1704,'v'),
 ('b5b00086-0000-0000-0000-000000000086','20000000-0000-0000-0000-000000000001',$p$to highlight$p$,$p$poner de relieve$p$,1705,'v'),
 ('b5b00087-0000-0000-0000-000000000087','20000000-0000-0000-0000-000000000001',$p$implementation$p$,$p$implementación$p$,1706,'n'),
 ('b5b00088-0000-0000-0000-000000000088','20000000-0000-0000-0000-000000000001',$p$to a large extent$p$,$p$en gran medida$p$,1707,'expr'),
 ('b5b00089-0000-0000-0000-000000000089','20000000-0000-0000-0000-000000000001',$p$with the exception of$p$,$p$con la excepción de$p$,1708,'expr'),
 ('b5b00090-0000-0000-0000-000000000090','20000000-0000-0000-0000-000000000001',$p$is widely regarded as$p$,$p$es ampliamente considerado como$p$,1709,'expr'),
 ('b5b00091-0000-0000-0000-000000000091','20000000-0000-0000-0000-000000000001',$p$significant increase$p$,$p$aumento significativo$p$,1710,'n'),
 ('b5b00092-0000-0000-0000-000000000092','20000000-0000-0000-0000-000000000001',$p$nonetheless$p$,$p$no obstante$p$,1711,'adv'),
 ('b5b00093-0000-0000-0000-000000000093','20000000-0000-0000-0000-000000000001',$p$underlying$p$,$p$subyacente$p$,1712,'adj'),
 ('b5b00094-0000-0000-0000-000000000094','20000000-0000-0000-0000-000000000001',$p$to underpin$p$,$p$sustentar (servir de base)$p$,1713,'v'),
 ('b5b00095-0000-0000-0000-000000000095','20000000-0000-0000-0000-000000000001',$p$findings$p$,$p$hallazgos (resultados)$p$,1714,'n'),
 ('b5b00096-0000-0000-0000-000000000096','20000000-0000-0000-0000-000000000001',$p$insofar as$p$,$p$en la medida en que$p$,1715,'conj')
on conflict (id) do nothing;

commit;
