-- ============================================================================
-- Jezici · Migración 043 · Siembra del currículo B1 (Unidades 13–18) — generado
-- ----------------------------------------------------------------------------
-- Autorado + QA adversarial (workflow b1-author-content) + validado contra el
-- grader. cefr 'B1', order_index 13..18 (tras A2). Listening/speaking con
-- audio_url determinista (TTS aparte). content_items idempotente (DO UPDATE).
-- ============================================================================
begin;

-- ── Unidad 13 (B1): Rutinas, hábitos y experiencias ───────────────────────────────────────
insert into units (id, course_id, cefr_level, order_index, title, theme_color, icon) values
 ('30000000-0000-0000-0000-000000000013','20000000-0000-0000-0000-000000000001','B1',13,$p$Rutinas, hábitos y experiencias$p$,'#3FA7D6','history')
on conflict (course_id, order_index) do update set title=excluded.title, theme_color=excluded.theme_color, icon=excluded.icon;
insert into lessons (id, unit_id, order_index, title, description, type, xp_reward) values
 ('40000000-0000-0000-0000-000000001301','30000000-0000-0000-0000-000000000013',1,$p$¿Alguna vez lo has hecho?$p$,$p$¿Alguna vez lo has hecho?$p$,'lesson',15),
 ('40000000-0000-0000-0000-000000001302','30000000-0000-0000-0000-000000000013',2,$p$Just, already y yet$p$,$p$Just, already y yet$p$,'lesson',15),
 ('40000000-0000-0000-0000-000000001303','30000000-0000-0000-0000-000000000013',3,$p$Desde hace cuánto: for y since$p$,$p$Desde hace cuánto: for y since$p$,'lesson',15),
 ('40000000-0000-0000-0000-000000001304','30000000-0000-0000-0000-000000000013',4,$p$Antes y ahora: used to y pasado simple$p$,$p$Antes y ahora: used to y pasado simple$p$,'lesson',15),
 ('40000000-0000-0000-0000-000000001305','30000000-0000-0000-0000-000000000013',5,$p$🏁 Checkpoint Unidad 13$p$,$p$En esta unidad practicas el present perfect (have/has + participio) para hablar de experiencias y de acciones recientes, con just (justo/recién), already (ya) y yet (todavía / ya, en negativas y preguntas), y con for (durante) y since (desde). Contrastas el pasado simple (momento terminado y conocido: yesterday, last week, ago) con el present perfect (experiencia o pasado sin tiempo concreto), y usas used to para hablar de hábitos y estados del pasado que ya no ocurren.$p$,'checkpoint',40)
on conflict (unit_id, order_index) do update set title=excluded.title, description=excluded.description;
insert into exams (id, course_id, type, cefr_level, unit_id, time_limit_sec, pass_threshold, sections) values
 ('50000000-0000-0000-0000-000000000013','20000000-0000-0000-0000-000000000001','checkpoint','B1','30000000-0000-0000-0000-000000000013',300,0.80,$j${"skills":["reading","listening","writing","speaking"],"item_count":10,"randomize":true}$j$::jsonb)
on conflict (id) do nothing;
insert into content_items (id, course_id, cefr_level, skill, type, prompt, payload, correct_answer, difficulty, tags) values
 ('c3000001-0000-0000-0000-000000000001','20000000-0000-0000-0000-000000000001','B1','reading','match',
   $p$Empareja cada palabra con su traducción.$p$,
   $j${"pairs":[{"en":"experience","es":"experiencia"},{"en":"ever","es":"alguna vez"},{"en":"never","es":"nunca"}]}$j$::jsonb, $j${"pairs":[["experience","experiencia"],["ever","alguna vez"],["never","nunca"]]}$j$::jsonb,
   0.48, ARRAY['unidad13','present_perfect_para_experiencias_have_has_participio_ever_y_never','reading']),
 ('c3000002-0000-0000-0000-000000000002','20000000-0000-0000-0000-000000000001','B1','reading','multiple_choice',
   $p$Completa: "___ you ever traveled abroad?"$p$,
   $j${"options":["Have","Did","Are"]}$j$::jsonb, $j${"value":"Have"}$j$::jsonb,
   0.48, ARRAY['unidad13','present_perfect_para_experiencias_have_has_participio_ever_y_never','reading']),
 ('c3000003-0000-0000-0000-000000000003','20000000-0000-0000-0000-000000000001','B1','reading','multiple_choice',
   $p$Completa: "She has ___ tried Thai food."$p$,
   $j${"options":["never","ago","yesterday"]}$j$::jsonb, $j${"value":"never"}$j$::jsonb,
   0.48, ARRAY['unidad13','present_perfect_para_experiencias_have_has_participio_ever_y_never','reading']),
 ('c3000004-0000-0000-0000-000000000004','20000000-0000-0000-0000-000000000001','B1','writing','cloze',
   $p$Completa con el participio de "eat": "I have ___ sushi a few times."$p$,
   $j${"text":"I have ___ sushi a few times."}$j$::jsonb, $j${"value":"eaten","accepted":["eaten"]}$j$::jsonb,
   0.48, ARRAY['unidad13','present_perfect_para_experiencias_have_has_participio_ever_y_never','writing']),
 ('c3000005-0000-0000-0000-000000000005','20000000-0000-0000-0000-000000000001','B1','writing','translation',
   $p$Traduce: "¿Alguna vez has estado en el extranjero?".$p$,
   $j${"source":"¿Alguna vez has estado en el extranjero?"}$j$::jsonb, $j${"value":"Have you ever been abroad?","accepted":["Have you ever been abroad","Have you ever been abroad?","Have you been abroad before?","Have you ever travelled abroad?","Have you ever traveled abroad?"]}$j$::jsonb,
   0.48, ARRAY['unidad13','present_perfect_para_experiencias_have_has_participio_ever_y_never','writing']),
 ('c3000006-0000-0000-0000-000000000006','20000000-0000-0000-0000-000000000001','B1','writing','word_bank',
   $p$Arma la frase: "Nunca he viajado en avión".$p$,
   $j${"tiles":["I","have","never","traveled","by","plane","went","to"]}$j$::jsonb, $j${"value":"I have never traveled by plane","sequence":["I","have","never","traveled","by","plane"]}$j$::jsonb,
   0.48, ARRAY['unidad13','present_perfect_para_experiencias_have_has_participio_ever_y_never','writing']),
 ('c3000007-0000-0000-0000-000000000007','20000000-0000-0000-0000-000000000001','B1','listening','listening',
   $p$Escucha y elige lo que oíste.$p$,
   $j${"options":["Have you ever met someone famous?","Did you meet someone famous?","Will you meet someone famous?"],"say":"Have you ever met someone famous?","audio_url":"https://wiauinufpbkmjlbqlkxo.supabase.co/storage/v1/object/public/audio/items/c3000007-0000-0000-0000-000000000007.mp3"}$j$::jsonb, $j${"value":"Have you ever met someone famous?"}$j$::jsonb,
   0.48, ARRAY['unidad13','present_perfect_para_experiencias_have_has_participio_ever_y_never','listening']),
 ('c3000008-0000-0000-0000-000000000008','20000000-0000-0000-0000-000000000001','B1','speaking','speaking_read_aloud',
   $p$Lee en voz alta:$p$,
   $j${"text":"I have never been to Asia, but I would love to go.","audio_url":"https://wiauinufpbkmjlbqlkxo.supabase.co/storage/v1/object/public/audio/items/c3000008-0000-0000-0000-000000000008.mp3"}$j$::jsonb, $j${"expected":"I have never been to Asia, but I would love to go."}$j$::jsonb,
   0.48, ARRAY['unidad13','present_perfect_para_experiencias_have_has_participio_ever_y_never','speaking']),
 ('c3000009-0000-0000-0000-000000000009','20000000-0000-0000-0000-000000000001','B1','reading','match',
   $p$Empareja cada palabra con su traducción.$p$,
   $j${"pairs":[{"en":"just","es":"justo / recién"},{"en":"already","es":"ya"},{"en":"yet","es":"todavía / ya"}]}$j$::jsonb, $j${"pairs":[["just","justo / recién"],["already","ya"],["yet","todavía / ya"]]}$j$::jsonb,
   0.48, ARRAY['unidad13','acciones_recientes_y_resultados_present_perfect_con_just_already_y_yet','reading']),
 ('c3000010-0000-0000-0000-000000000010','20000000-0000-0000-0000-000000000001','B1','reading','multiple_choice',
   $p$Completa: "I'm not hungry. I've ___ had lunch."$p$,
   $j${"options":["just","yet","ago"]}$j$::jsonb, $j${"value":"just"}$j$::jsonb,
   0.48, ARRAY['unidad13','acciones_recientes_y_resultados_present_perfect_con_just_already_y_yet','reading']),
 ('c3000011-0000-0000-0000-000000000011','20000000-0000-0000-0000-000000000001','B1','reading','multiple_choice',
   $p$Completa: "Have you finished your homework ___?"$p$,
   $j${"options":["yet","already","ever"]}$j$::jsonb, $j${"value":"yet"}$j$::jsonb,
   0.48, ARRAY['unidad13','acciones_recientes_y_resultados_present_perfect_con_just_already_y_yet','reading']),
 ('c3000012-0000-0000-0000-000000000012','20000000-0000-0000-0000-000000000001','B1','writing','cloze',
   $p$Completa con "already": "We have ___ seen this film twice."$p$,
   $j${"text":"We have ___ seen this film twice."}$j$::jsonb, $j${"value":"already","accepted":["already"]}$j$::jsonb,
   0.48, ARRAY['unidad13','acciones_recientes_y_resultados_present_perfect_con_just_already_y_yet','writing']),
 ('c3000013-0000-0000-0000-000000000013','20000000-0000-0000-0000-000000000001','B1','writing','translation',
   $p$Traduce: "Acabo de terminar el informe.".$p$,
   $j${"source":"Acabo de terminar el informe."}$j$::jsonb, $j${"value":"I have just finished the report.","accepted":["I've just finished the report","I have just finished the report","I just finished the report","I've just finished the report."]}$j$::jsonb,
   0.48, ARRAY['unidad13','acciones_recientes_y_resultados_present_perfect_con_just_already_y_yet','writing']),
 ('c3000014-0000-0000-0000-000000000014','20000000-0000-0000-0000-000000000001','B1','writing','reorder',
   $p$Ordena: "Todavía no han llegado".$p$,
   $j${"tiles":["yet","have","They","arrived","not"]}$j$::jsonb, $j${"value":"They have not arrived yet"}$j$::jsonb,
   0.48, ARRAY['unidad13','acciones_recientes_y_resultados_present_perfect_con_just_already_y_yet','writing']),
 ('c3000015-0000-0000-0000-000000000015','20000000-0000-0000-0000-000000000001','B1','listening','listening',
   $p$Escucha y elige lo que oíste.$p$,
   $j${"options":["The bus has already left the station.","The bus left the station an hour ago.","The bus will leave the station soon."],"say":"The bus has already left the station.","audio_url":"https://wiauinufpbkmjlbqlkxo.supabase.co/storage/v1/object/public/audio/items/c3000015-0000-0000-0000-000000000015.mp3"}$j$::jsonb, $j${"value":"The bus has already left the station."}$j$::jsonb,
   0.48, ARRAY['unidad13','acciones_recientes_y_resultados_present_perfect_con_just_already_y_yet','listening']),
 ('c3000016-0000-0000-0000-000000000016','20000000-0000-0000-0000-000000000001','B1','speaking','speaking_read_aloud',
   $p$Lee en voz alta:$p$,
   $j${"text":"I haven't decided yet, but I've just made some coffee.","audio_url":"https://wiauinufpbkmjlbqlkxo.supabase.co/storage/v1/object/public/audio/items/c3000016-0000-0000-0000-000000000016.mp3"}$j$::jsonb, $j${"expected":"I haven't decided yet, but I've just made some coffee."}$j$::jsonb,
   0.48, ARRAY['unidad13','acciones_recientes_y_resultados_present_perfect_con_just_already_y_yet','speaking']),
 ('c3000017-0000-0000-0000-000000000017','20000000-0000-0000-0000-000000000001','B1','reading','match',
   $p$Empareja cada palabra con su traducción.$p$,
   $j${"pairs":[{"en":"for","es":"durante"},{"en":"since","es":"desde"},{"en":"lately","es":"últimamente"}]}$j$::jsonb, $j${"pairs":[["for","durante"],["since","desde"],["lately","últimamente"]]}$j$::jsonb,
   0.48, ARRAY['unidad13','duracion_con_present_perfect_for_durante_y_since_desde','reading']),
 ('c3000018-0000-0000-0000-000000000018','20000000-0000-0000-0000-000000000001','B1','reading','multiple_choice',
   $p$Completa: "I have lived here ___ 2019."$p$,
   $j${"options":["since","for","ago"]}$j$::jsonb, $j${"value":"since"}$j$::jsonb,
   0.48, ARRAY['unidad13','duracion_con_present_perfect_for_durante_y_since_desde','reading']),
 ('c3000019-0000-0000-0000-000000000019','20000000-0000-0000-0000-000000000001','B1','reading','multiple_choice',
   $p$Completa: "We have known each other ___ ten years."$p$,
   $j${"options":["for","since","during"]}$j$::jsonb, $j${"value":"for"}$j$::jsonb,
   0.48, ARRAY['unidad13','duracion_con_present_perfect_for_durante_y_since_desde','reading']),
 ('c3000020-0000-0000-0000-000000000020','20000000-0000-0000-0000-000000000001','B1','writing','cloze',
   $p$Completa con "since": "She has worked here ___ last March."$p$,
   $j${"text":"She has worked here ___ last March."}$j$::jsonb, $j${"value":"since","accepted":["since"]}$j$::jsonb,
   0.48, ARRAY['unidad13','duracion_con_present_perfect_for_durante_y_since_desde','writing']),
 ('c3000021-0000-0000-0000-000000000021','20000000-0000-0000-0000-000000000001','B1','writing','translation',
   $p$Traduce: "He estudiado inglés durante tres años.".$p$,
   $j${"source":"He estudiado inglés durante tres años."}$j$::jsonb, $j${"value":"I have studied English for three years.","accepted":["I've studied English for three years","I have studied English for 3 years","I have been studying English for three years","I've been studying English for three years"]}$j$::jsonb,
   0.48, ARRAY['unidad13','duracion_con_present_perfect_for_durante_y_since_desde','writing']),
 ('c3000022-0000-0000-0000-000000000022','20000000-0000-0000-0000-000000000001','B1','writing','word_bank',
   $p$Arma la frase: "No los he visto desde el lunes".$p$,
   $j${"tiles":["I","haven't","seen","them","since","Monday","for","ago"]}$j$::jsonb, $j${"value":"I haven't seen them since Monday","sequence":["I","haven't","seen","them","since","Monday"]}$j$::jsonb,
   0.48, ARRAY['unidad13','duracion_con_present_perfect_for_durante_y_since_desde','writing']),
 ('c3000023-0000-0000-0000-000000000023','20000000-0000-0000-0000-000000000001','B1','listening','listening',
   $p$Escucha y elige lo que oíste.$p$,
   $j${"options":["We have lived in this city for five years.","We lived in this city five years ago.","We are going to live in this city for five years."],"say":"We have lived in this city for five years.","audio_url":"https://wiauinufpbkmjlbqlkxo.supabase.co/storage/v1/object/public/audio/items/c3000023-0000-0000-0000-000000000023.mp3"}$j$::jsonb, $j${"value":"We have lived in this city for five years."}$j$::jsonb,
   0.48, ARRAY['unidad13','duracion_con_present_perfect_for_durante_y_since_desde','listening']),
 ('c3000024-0000-0000-0000-000000000024','20000000-0000-0000-0000-000000000001','B1','speaking','speaking_read_aloud',
   $p$Lee en voz alta:$p$,
   $j${"text":"I haven't slept well lately, and I've been very tired since Monday.","audio_url":"https://wiauinufpbkmjlbqlkxo.supabase.co/storage/v1/object/public/audio/items/c3000024-0000-0000-0000-000000000024.mp3"}$j$::jsonb, $j${"expected":"I haven't slept well lately, and I've been very tired since Monday."}$j$::jsonb,
   0.48, ARRAY['unidad13','duracion_con_present_perfect_for_durante_y_since_desde','speaking']),
 ('c3000025-0000-0000-0000-000000000025','20000000-0000-0000-0000-000000000001','B1','reading','match',
   $p$Empareja cada expresión con su traducción.$p$,
   $j${"pairs":[{"en":"used to","es":"solía / antes"},{"en":"habit","es":"hábito"},{"en":"routine","es":"rutina"}]}$j$::jsonb, $j${"pairs":[["used to","solía / antes"],["habit","hábito"],["routine","rutina"]]}$j$::jsonb,
   0.48, ARRAY['unidad13','habitos_del_pasado_con_used_to_y_contraste_pasado_simple_vs_present_perfect','reading']),
 ('c3000026-0000-0000-0000-000000000026','20000000-0000-0000-0000-000000000001','B1','reading','multiple_choice',
   $p$Completa: "When I was a child, I ___ play in the park every day."$p$,
   $j${"options":["used to","have","am"]}$j$::jsonb, $j${"value":"used to"}$j$::jsonb,
   0.48, ARRAY['unidad13','habitos_del_pasado_con_used_to_y_contraste_pasado_simple_vs_present_perfect','reading']),
 ('c3000027-0000-0000-0000-000000000027','20000000-0000-0000-0000-000000000001','B1','reading','multiple_choice',
   $p$Elige la frase correcta para un momento terminado: "___".$p$,
   $j${"options":["I visited Rome last year.","I have visited Rome last year.","I visit Rome last year."]}$j$::jsonb, $j${"value":"I visited Rome last year."}$j$::jsonb,
   0.48, ARRAY['unidad13','habitos_del_pasado_con_used_to_y_contraste_pasado_simple_vs_present_perfect','reading']),
 ('c3000028-0000-0000-0000-000000000028','20000000-0000-0000-0000-000000000001','B1','writing','cloze',
   $p$Completa con la forma negativa de used to: "I ___ like coffee, but now I love it."$p$,
   $j${"text":"I ___ like coffee, but now I love it."}$j$::jsonb, $j${"value":"didn't use to","accepted":["didn't use to","did not use to","never used to","used not to"]}$j$::jsonb,
   0.48, ARRAY['unidad13','habitos_del_pasado_con_used_to_y_contraste_pasado_simple_vs_present_perfect','writing']),
 ('c3000029-0000-0000-0000-000000000029','20000000-0000-0000-0000-000000000001','B1','writing','translation',
   $p$Traduce: "Antes fumaba, pero lo dejé hace dos años.".$p$,
   $j${"source":"Antes fumaba, pero lo dejé hace dos años."}$j$::jsonb, $j${"value":"I used to smoke, but I quit two years ago.","accepted":["I used to smoke, but I quit two years ago","I used to smoke but I gave it up two years ago","I used to smoke, but I stopped two years ago","I used to smoke, but I gave up two years ago"]}$j$::jsonb,
   0.48, ARRAY['unidad13','habitos_del_pasado_con_used_to_y_contraste_pasado_simple_vs_present_perfect','writing']),
 ('c3000030-0000-0000-0000-000000000030','20000000-0000-0000-0000-000000000001','B1','writing','reorder',
   $p$Ordena: "Antes vivíamos en el campo".$p$,
   $j${"tiles":["used","We","live","the","to","in","countryside"]}$j$::jsonb, $j${"value":"We used to live in the countryside"}$j$::jsonb,
   0.48, ARRAY['unidad13','habitos_del_pasado_con_used_to_y_contraste_pasado_simple_vs_present_perfect','writing']),
 ('c3000031-0000-0000-0000-000000000031','20000000-0000-0000-0000-000000000001','B1','listening','listening',
   $p$Escucha y elige lo que oíste.$p$,
   $j${"options":["She used to walk to school when she was young.","She has walked to school today.","She is walking to school right now."],"say":"She used to walk to school when she was young.","audio_url":"https://wiauinufpbkmjlbqlkxo.supabase.co/storage/v1/object/public/audio/items/c3000031-0000-0000-0000-000000000031.mp3"}$j$::jsonb, $j${"value":"She used to walk to school when she was young."}$j$::jsonb,
   0.48, ARRAY['unidad13','habitos_del_pasado_con_used_to_y_contraste_pasado_simple_vs_present_perfect','listening']),
 ('c3000032-0000-0000-0000-000000000032','20000000-0000-0000-0000-000000000001','B1','speaking','speaking_read_aloud',
   $p$Lee en voz alta:$p$,
   $j${"text":"I used to play the guitar twice a week, but I haven't practiced since last summer.","audio_url":"https://wiauinufpbkmjlbqlkxo.supabase.co/storage/v1/object/public/audio/items/c3000032-0000-0000-0000-000000000032.mp3"}$j$::jsonb, $j${"expected":"I used to play the guitar twice a week, but I haven't practiced since last summer."}$j$::jsonb,
   0.48, ARRAY['unidad13','habitos_del_pasado_con_used_to_y_contraste_pasado_simple_vs_present_perfect','speaking'])
on conflict (id) do update set prompt=excluded.prompt, payload=excluded.payload, correct_answer=excluded.correct_answer, difficulty=excluded.difficulty, tags=excluded.tags, updated_at=now();
insert into lesson_items (lesson_id, item_id, order_index) values
 ('40000000-0000-0000-0000-000000001301','c3000001-0000-0000-0000-000000000001',1),
 ('40000000-0000-0000-0000-000000001301','c3000002-0000-0000-0000-000000000002',2),
 ('40000000-0000-0000-0000-000000001301','c3000003-0000-0000-0000-000000000003',3),
 ('40000000-0000-0000-0000-000000001301','c3000004-0000-0000-0000-000000000004',4),
 ('40000000-0000-0000-0000-000000001301','c3000005-0000-0000-0000-000000000005',5),
 ('40000000-0000-0000-0000-000000001301','c3000006-0000-0000-0000-000000000006',6),
 ('40000000-0000-0000-0000-000000001301','c3000007-0000-0000-0000-000000000007',7),
 ('40000000-0000-0000-0000-000000001301','c3000008-0000-0000-0000-000000000008',8),
 ('40000000-0000-0000-0000-000000001302','c3000009-0000-0000-0000-000000000009',1),
 ('40000000-0000-0000-0000-000000001302','c3000010-0000-0000-0000-000000000010',2),
 ('40000000-0000-0000-0000-000000001302','c3000011-0000-0000-0000-000000000011',3),
 ('40000000-0000-0000-0000-000000001302','c3000012-0000-0000-0000-000000000012',4),
 ('40000000-0000-0000-0000-000000001302','c3000013-0000-0000-0000-000000000013',5),
 ('40000000-0000-0000-0000-000000001302','c3000014-0000-0000-0000-000000000014',6),
 ('40000000-0000-0000-0000-000000001302','c3000015-0000-0000-0000-000000000015',7),
 ('40000000-0000-0000-0000-000000001302','c3000016-0000-0000-0000-000000000016',8),
 ('40000000-0000-0000-0000-000000001303','c3000017-0000-0000-0000-000000000017',1),
 ('40000000-0000-0000-0000-000000001303','c3000018-0000-0000-0000-000000000018',2),
 ('40000000-0000-0000-0000-000000001303','c3000019-0000-0000-0000-000000000019',3),
 ('40000000-0000-0000-0000-000000001303','c3000020-0000-0000-0000-000000000020',4),
 ('40000000-0000-0000-0000-000000001303','c3000021-0000-0000-0000-000000000021',5),
 ('40000000-0000-0000-0000-000000001303','c3000022-0000-0000-0000-000000000022',6),
 ('40000000-0000-0000-0000-000000001303','c3000023-0000-0000-0000-000000000023',7),
 ('40000000-0000-0000-0000-000000001303','c3000024-0000-0000-0000-000000000024',8),
 ('40000000-0000-0000-0000-000000001304','c3000025-0000-0000-0000-000000000025',1),
 ('40000000-0000-0000-0000-000000001304','c3000026-0000-0000-0000-000000000026',2),
 ('40000000-0000-0000-0000-000000001304','c3000027-0000-0000-0000-000000000027',3),
 ('40000000-0000-0000-0000-000000001304','c3000028-0000-0000-0000-000000000028',4),
 ('40000000-0000-0000-0000-000000001304','c3000029-0000-0000-0000-000000000029',5),
 ('40000000-0000-0000-0000-000000001304','c3000030-0000-0000-0000-000000000030',6),
 ('40000000-0000-0000-0000-000000001304','c3000031-0000-0000-0000-000000000031',7),
 ('40000000-0000-0000-0000-000000001304','c3000032-0000-0000-0000-000000000032',8),
 ('40000000-0000-0000-0000-000000001305','c3000001-0000-0000-0000-000000000001',1),
 ('40000000-0000-0000-0000-000000001305','c3000002-0000-0000-0000-000000000002',2),
 ('40000000-0000-0000-0000-000000001305','c3000003-0000-0000-0000-000000000003',3),
 ('40000000-0000-0000-0000-000000001305','c3000004-0000-0000-0000-000000000004',4),
 ('40000000-0000-0000-0000-000000001305','c3000005-0000-0000-0000-000000000005',5),
 ('40000000-0000-0000-0000-000000001305','c3000006-0000-0000-0000-000000000006',6),
 ('40000000-0000-0000-0000-000000001305','c3000007-0000-0000-0000-000000000007',7),
 ('40000000-0000-0000-0000-000000001305','c3000015-0000-0000-0000-000000000015',8),
 ('40000000-0000-0000-0000-000000001305','c3000008-0000-0000-0000-000000000008',9),
 ('40000000-0000-0000-0000-000000001305','c3000016-0000-0000-0000-000000000016',10)
on conflict (lesson_id, item_id) do nothing;
insert into vocabulary (id, course_id, word, translation, frequency_rank, part_of_speech) values
 ('b1b00001-0000-0000-0000-000000000001','20000000-0000-0000-0000-000000000001',$p$experience$p$,$p$experiencia$p$,760,'sustantivo'),
 ('b1b00002-0000-0000-0000-000000000002','20000000-0000-0000-0000-000000000001',$p$ever$p$,$p$alguna vez$p$,761,'adverbio'),
 ('b1b00003-0000-0000-0000-000000000003','20000000-0000-0000-0000-000000000001',$p$never$p$,$p$nunca$p$,762,'adverbio'),
 ('b1b00004-0000-0000-0000-000000000004','20000000-0000-0000-0000-000000000001',$p$already$p$,$p$ya$p$,763,'adverbio'),
 ('b1b00005-0000-0000-0000-000000000005','20000000-0000-0000-0000-000000000001',$p$yet$p$,$p$todavía / ya$p$,764,'adverbio'),
 ('b1b00006-0000-0000-0000-000000000006','20000000-0000-0000-0000-000000000001',$p$just$p$,$p$justo / recién$p$,765,'adverbio'),
 ('b1b00007-0000-0000-0000-000000000007','20000000-0000-0000-0000-000000000001',$p$since$p$,$p$desde$p$,766,'preposicion'),
 ('b1b00008-0000-0000-0000-000000000008','20000000-0000-0000-0000-000000000001',$p$for$p$,$p$durante$p$,767,'preposicion'),
 ('b1b00009-0000-0000-0000-000000000009','20000000-0000-0000-0000-000000000001',$p$abroad$p$,$p$en el extranjero$p$,768,'adverbio'),
 ('b1b00010-0000-0000-0000-000000000010','20000000-0000-0000-0000-000000000001',$p$to travel$p$,$p$viajar$p$,769,'verbo'),
 ('b1b00011-0000-0000-0000-000000000011','20000000-0000-0000-0000-000000000001',$p$to try$p$,$p$probar / intentar$p$,770,'verbo'),
 ('b1b00012-0000-0000-0000-000000000012','20000000-0000-0000-0000-000000000001',$p$habit$p$,$p$hábito$p$,771,'sustantivo'),
 ('b1b00013-0000-0000-0000-000000000013','20000000-0000-0000-0000-000000000001',$p$routine$p$,$p$rutina$p$,772,'sustantivo'),
 ('b1b00014-0000-0000-0000-000000000014','20000000-0000-0000-0000-000000000001',$p$used to$p$,$p$solía / antes$p$,773,'expresion'),
 ('b1b00015-0000-0000-0000-000000000015','20000000-0000-0000-0000-000000000001',$p$twice$p$,$p$dos veces$p$,774,'adverbio'),
 ('b1b00016-0000-0000-0000-000000000016','20000000-0000-0000-0000-000000000001',$p$lately$p$,$p$últimamente$p$,775,'adverbio')
on conflict (id) do nothing;

-- ── Unidad 14 (B1): Trabajo, estudios y planes ───────────────────────────────────────
insert into units (id, course_id, cefr_level, order_index, title, theme_color, icon) values
 ('30000000-0000-0000-0000-000000000014','20000000-0000-0000-0000-000000000001','B1',14,$p$Trabajo, estudios y planes$p$,'#7A6BF0','work')
on conflict (course_id, order_index) do update set title=excluded.title, theme_color=excluded.theme_color, icon=excluded.icon;
insert into lessons (id, unit_id, order_index, title, description, type, xp_reward) values
 ('40000000-0000-0000-0000-000000001401','30000000-0000-0000-0000-000000000014',1,$p$Buscar y solicitar trabajo$p$,$p$Buscar y solicitar trabajo$p$,'lesson',15),
 ('40000000-0000-0000-0000-000000001402','30000000-0000-0000-0000-000000000014',2,$p$El primer día y las tareas$p$,$p$El primer día y las tareas$p$,'lesson',15),
 ('40000000-0000-0000-0000-000000001403','30000000-0000-0000-0000-000000000014',3,$p$Estudios y formación$p$,$p$Estudios y formación$p$,'lesson',15),
 ('40000000-0000-0000-0000-000000001404','30000000-0000-0000-0000-000000000014',4,$p$Planes de futuro y decisiones$p$,$p$Planes de futuro y decisiones$p$,'lesson',15),
 ('40000000-0000-0000-0000-000000001405','30000000-0000-0000-0000-000000000014',5,$p$🏁 Checkpoint Unidad 14$p$,$p$En esta unidad practicas el primer condicional (if + presente simple, will + verbo) para hablar de consecuencias reales en el trabajo y los estudios; introduces el present perfect continuous (have/has been + verbo-ing) para acciones que empezaron en el pasado y siguen ahora; y distingues 'be going to' (planes y decisiones ya tomadas) de 'will' (decisiones del momento, predicciones y ofrecimientos). Todo con léxico de trabajo, estudios y planes de futuro.$p$,'checkpoint',40)
on conflict (unit_id, order_index) do update set title=excluded.title, description=excluded.description;
insert into exams (id, course_id, type, cefr_level, unit_id, time_limit_sec, pass_threshold, sections) values
 ('50000000-0000-0000-0000-000000000014','20000000-0000-0000-0000-000000000001','checkpoint','B1','30000000-0000-0000-0000-000000000014',300,0.80,$j${"skills":["reading","listening","writing","speaking"],"item_count":10,"randomize":true}$j$::jsonb)
on conflict (id) do nothing;
insert into content_items (id, course_id, cefr_level, skill, type, prompt, payload, correct_answer, difficulty, tags) values
 ('c3000033-0000-0000-0000-000000000033','20000000-0000-0000-0000-000000000001','B1','reading','match',
   $p$Empareja cada palabra con su traducción.$p$,
   $j${"pairs":[{"en":"job interview","es":"entrevista de trabajo"},{"en":"résumé","es":"currículum"},{"en":"apply for","es":"postularse a"}]}$j$::jsonb, $j${"pairs":[["job interview","entrevista de trabajo"],["résumé","currículum"],["apply for","postularse a"]]}$j$::jsonb,
   0.48, ARRAY['unidad14','vocabulario_de_busqueda_de_empleo_y_primer_condicional','reading']),
 ('c3000034-0000-0000-0000-000000000034','20000000-0000-0000-0000-000000000001','B1','reading','multiple_choice',
   $p$Completa: "If I send my résumé today, they ___ call me next week."$p$,
   $j${"options":["will","would","are","have"]}$j$::jsonb, $j${"value":"will"}$j$::jsonb,
   0.48, ARRAY['unidad14','vocabulario_de_busqueda_de_empleo_y_primer_condicional','reading']),
 ('c3000035-0000-0000-0000-000000000035','20000000-0000-0000-0000-000000000001','B1','reading','multiple_choice',
   $p$Completa: "She wants to ___ for a job at the bank."$p$,
   $j${"options":["apply","appear","answer","arrive"]}$j$::jsonb, $j${"value":"apply"}$j$::jsonb,
   0.48, ARRAY['unidad14','vocabulario_de_busqueda_de_empleo_y_primer_condicional','reading']),
 ('c3000036-0000-0000-0000-000000000036','20000000-0000-0000-0000-000000000001','B1','writing','cloze',
   $p$Completa con el verbo en presente (primer condicional): "If you ___ early, you will get the job."$p$,
   $j${"text":"If you ___ early, you will get the job."}$j$::jsonb, $j${"value":"apply","accepted":["apply"]}$j$::jsonb,
   0.48, ARRAY['unidad14','vocabulario_de_busqueda_de_empleo_y_primer_condicional','writing']),
 ('c3000037-0000-0000-0000-000000000037','20000000-0000-0000-0000-000000000001','B1','writing','translation',
   $p$Traduce: "Si preparo mi currículum, conseguiré una entrevista.".$p$,
   $j${"source":"Si preparo mi currículum, conseguiré una entrevista."}$j$::jsonb, $j${"value":"If I prepare my résumé, I will get an interview.","accepted":["If I prepare my résumé, I'll get an interview","If I prepare my resume, I will get an interview","If I prepare my resume, I'll get an interview","If I prepare my résumé, I will get a job interview","If I prepare my resume, I will get a job interview"]}$j$::jsonb,
   0.48, ARRAY['unidad14','vocabulario_de_busqueda_de_empleo_y_primer_condicional','writing']),
 ('c3000038-0000-0000-0000-000000000038','20000000-0000-0000-0000-000000000001','B1','writing','word_bank',
   $p$Arma la frase: "Si me postulo hoy, ahorraré tiempo".$p$,
   $j${"tiles":["If","I","apply","today","I","will","save","time","money"]}$j$::jsonb, $j${"value":"If I apply today I will save time","sequence":["If","I","apply","today","I","will","save","time"]}$j$::jsonb,
   0.48, ARRAY['unidad14','vocabulario_de_busqueda_de_empleo_y_primer_condicional','writing']),
 ('c3000039-0000-0000-0000-000000000039','20000000-0000-0000-0000-000000000001','B1','listening','listening',
   $p$Escucha y elige lo que oíste.$p$,
   $j${"options":["If I apply for this job, I will need a good résumé.","I applied for three jobs last month.","She is going to start her new job tomorrow."],"say":"If I apply for this job, I will need a good résumé.","audio_url":"https://wiauinufpbkmjlbqlkxo.supabase.co/storage/v1/object/public/audio/items/c3000039-0000-0000-0000-000000000039.mp3"}$j$::jsonb, $j${"value":"If I apply for this job, I will need a good résumé."}$j$::jsonb,
   0.48, ARRAY['unidad14','vocabulario_de_busqueda_de_empleo_y_primer_condicional','listening']),
 ('c3000040-0000-0000-0000-000000000040','20000000-0000-0000-0000-000000000001','B1','speaking','speaking_read_aloud',
   $p$Lee en voz alta:$p$,
   $j${"text":"If I get this interview, I will be really happy.","audio_url":"https://wiauinufpbkmjlbqlkxo.supabase.co/storage/v1/object/public/audio/items/c3000040-0000-0000-0000-000000000040.mp3"}$j$::jsonb, $j${"expected":"If I get this interview, I will be really happy."}$j$::jsonb,
   0.48, ARRAY['unidad14','vocabulario_de_busqueda_de_empleo_y_primer_condicional','speaking']),
 ('c3000041-0000-0000-0000-000000000041','20000000-0000-0000-0000-000000000001','B1','reading','match',
   $p$Empareja cada palabra con su traducción.$p$,
   $j${"pairs":[{"en":"deadline","es":"fecha límite"},{"en":"colleague","es":"compañero de trabajo"},{"en":"manager","es":"jefe"}]}$j$::jsonb, $j${"pairs":[["deadline","fecha límite"],["colleague","compañero de trabajo"],["manager","jefe"]]}$j$::jsonb,
   0.48, ARRAY['unidad14','rutinas_y_responsabilidades_laborales_con_primer_condicional','reading']),
 ('c3000042-0000-0000-0000-000000000042','20000000-0000-0000-0000-000000000001','B1','reading','multiple_choice',
   $p$Completa: "If we miss the ___, the manager will be angry."$p$,
   $j${"options":["deadline","salary","degree","interview"]}$j$::jsonb, $j${"value":"deadline"}$j$::jsonb,
   0.48, ARRAY['unidad14','rutinas_y_responsabilidades_laborales_con_primer_condicional','reading']),
 ('c3000043-0000-0000-0000-000000000043','20000000-0000-0000-0000-000000000001','B1','reading','multiple_choice',
   $p$Completa: "If you finish the report, I ___ help you with the emails."$p$,
   $j${"options":["will","did","am","would"]}$j$::jsonb, $j${"value":"will"}$j$::jsonb,
   0.48, ARRAY['unidad14','rutinas_y_responsabilidades_laborales_con_primer_condicional','reading']),
 ('c3000044-0000-0000-0000-000000000044','20000000-0000-0000-0000-000000000001','B1','writing','cloze',
   $p$Completa con el verbo correcto: "You must ___ in the project before Friday."$p$,
   $j${"text":"You must ___ in the project before Friday."}$j$::jsonb, $j${"value":"hand","accepted":["hand"]}$j$::jsonb,
   0.48, ARRAY['unidad14','rutinas_y_responsabilidades_laborales_con_primer_condicional','writing']),
 ('c3000045-0000-0000-0000-000000000045','20000000-0000-0000-0000-000000000001','B1','writing','translation',
   $p$Traduce: "Si terminamos a tiempo, el jefe estará contento.".$p$,
   $j${"source":"Si terminamos a tiempo, el jefe estará contento."}$j$::jsonb, $j${"value":"If we finish on time, the manager will be happy.","accepted":["If we finish on time, the boss will be happy","If we finish in time, the manager will be happy","If we finish on time, the manager will be glad"]}$j$::jsonb,
   0.48, ARRAY['unidad14','rutinas_y_responsabilidades_laborales_con_primer_condicional','writing']),
 ('c3000046-0000-0000-0000-000000000046','20000000-0000-0000-0000-000000000001','B1','writing','reorder',
   $p$Ordena: "Si ayudas a tu compañero, terminarás más rápido".$p$,
   $j${"tiles":["finish","you","If","help","your","colleague","you","will","faster"]}$j$::jsonb, $j${"value":"If you help your colleague, you will finish faster"}$j$::jsonb,
   0.48, ARRAY['unidad14','rutinas_y_responsabilidades_laborales_con_primer_condicional','writing']),
 ('c3000047-0000-0000-0000-000000000047','20000000-0000-0000-0000-000000000001','B1','listening','listening',
   $p$Escucha y elige lo que oíste.$p$,
   $j${"options":["If I miss the deadline, my manager will not be happy.","My colleague works in a different office.","We will hand in the report next Monday."],"say":"If I miss the deadline, my manager will not be happy.","audio_url":"https://wiauinufpbkmjlbqlkxo.supabase.co/storage/v1/object/public/audio/items/c3000047-0000-0000-0000-000000000047.mp3"}$j$::jsonb, $j${"value":"If I miss the deadline, my manager will not be happy."}$j$::jsonb,
   0.48, ARRAY['unidad14','rutinas_y_responsabilidades_laborales_con_primer_condicional','listening']),
 ('c3000048-0000-0000-0000-000000000048','20000000-0000-0000-0000-000000000001','B1','speaking','speaking_read_aloud',
   $p$Lee en voz alta:$p$,
   $j${"text":"If you need help, just ask one of your colleagues.","audio_url":"https://wiauinufpbkmjlbqlkxo.supabase.co/storage/v1/object/public/audio/items/c3000048-0000-0000-0000-000000000048.mp3"}$j$::jsonb, $j${"expected":"If you need help, just ask one of your colleagues."}$j$::jsonb,
   0.48, ARRAY['unidad14','rutinas_y_responsabilidades_laborales_con_primer_condicional','speaking']),
 ('c3000049-0000-0000-0000-000000000049','20000000-0000-0000-0000-000000000001','B1','reading','match',
   $p$Empareja cada palabra con su traducción.$p$,
   $j${"pairs":[{"en":"degree","es":"título / carrera"},{"en":"skill","es":"habilidad"},{"en":"training course","es":"curso de formación"}]}$j$::jsonb, $j${"pairs":[["degree","título / carrera"],["skill","habilidad"],["training course","curso de formación"]]}$j$::jsonb,
   0.48, ARRAY['unidad14','educacion_y_present_perfect_continuous_introduccion','reading']),
 ('c3000050-0000-0000-0000-000000000050','20000000-0000-0000-0000-000000000001','B1','reading','multiple_choice',
   $p$Completa: "I have ___ studying English for three years."$p$,
   $j${"options":["been","being","be","was"]}$j$::jsonb, $j${"value":"been"}$j$::jsonb,
   0.48, ARRAY['unidad14','educacion_y_present_perfect_continuous_introduccion','reading']),
 ('c3000051-0000-0000-0000-000000000051','20000000-0000-0000-0000-000000000001','B1','reading','multiple_choice',
   $p$Completa: "She has been ___ a new skill since January."$p$,
   $j${"options":["learning","learn","learned","learns"]}$j$::jsonb, $j${"value":"learning"}$j$::jsonb,
   0.48, ARRAY['unidad14','educacion_y_present_perfect_continuous_introduccion','reading']),
 ('c3000052-0000-0000-0000-000000000052','20000000-0000-0000-0000-000000000001','B1','writing','cloze',
   $p$Completa con la forma -ing del verbo 'study': "They have been ___ for the exam all week."$p$,
   $j${"text":"They have been ___ for the exam all week."}$j$::jsonb, $j${"value":"studying","accepted":["studying"]}$j$::jsonb,
   0.48, ARRAY['unidad14','educacion_y_present_perfect_continuous_introduccion','writing']),
 ('c3000053-0000-0000-0000-000000000053','20000000-0000-0000-0000-000000000001','B1','writing','translation',
   $p$Traduce: "He estado tomando un curso de formación.".$p$,
   $j${"source":"He estado tomando un curso de formación."}$j$::jsonb, $j${"value":"I have been taking a training course.","accepted":["I've been taking a training course","I have been doing a training course","I've been doing a training course"]}$j$::jsonb,
   0.48, ARRAY['unidad14','educacion_y_present_perfect_continuous_introduccion','writing']),
 ('c3000054-0000-0000-0000-000000000054','20000000-0000-0000-0000-000000000001','B1','writing','word_bank',
   $p$Arma la frase: "He estado estudiando para mi título".$p$,
   $j${"tiles":["I","have","been","studying","for","my","degree","salary"]}$j$::jsonb, $j${"value":"I have been studying for my degree","sequence":["I","have","been","studying","for","my","degree"]}$j$::jsonb,
   0.48, ARRAY['unidad14','educacion_y_present_perfect_continuous_introduccion','writing']),
 ('c3000055-0000-0000-0000-000000000055','20000000-0000-0000-0000-000000000001','B1','listening','listening',
   $p$Escucha y elige lo que oíste.$p$,
   $j${"options":["I have been studying for my degree for two years.","I studied at university many years ago.","I am going to start a new course next month."],"say":"I have been studying for my degree for two years.","audio_url":"https://wiauinufpbkmjlbqlkxo.supabase.co/storage/v1/object/public/audio/items/c3000055-0000-0000-0000-000000000055.mp3"}$j$::jsonb, $j${"value":"I have been studying for my degree for two years."}$j$::jsonb,
   0.48, ARRAY['unidad14','educacion_y_present_perfect_continuous_introduccion','listening']),
 ('c3000056-0000-0000-0000-000000000056','20000000-0000-0000-0000-000000000001','B1','speaking','speaking_read_aloud',
   $p$Lee en voz alta:$p$,
   $j${"text":"I have been learning new skills at my training course.","audio_url":"https://wiauinufpbkmjlbqlkxo.supabase.co/storage/v1/object/public/audio/items/c3000056-0000-0000-0000-000000000056.mp3"}$j$::jsonb, $j${"expected":"I have been learning new skills at my training course."}$j$::jsonb,
   0.48, ARRAY['unidad14','educacion_y_present_perfect_continuous_introduccion','speaking']),
 ('c3000057-0000-0000-0000-000000000057','20000000-0000-0000-0000-000000000001','B1','reading','match',
   $p$Empareja cada palabra con su traducción.$p$,
   $j${"pairs":[{"en":"promotion","es":"ascenso"},{"en":"career","es":"carrera profesional"},{"en":"study abroad","es":"estudiar en el extranjero"}]}$j$::jsonb, $j${"pairs":[["promotion","ascenso"],["career","carrera profesional"],["study abroad","estudiar en el extranjero"]]}$j$::jsonb,
   0.48, ARRAY['unidad14','be_going_to_vs_will_para_planes_y_carrera','reading']),
 ('c3000058-0000-0000-0000-000000000058','20000000-0000-0000-0000-000000000001','B1','reading','multiple_choice',
   $p$Elige el plan ya decidido: "Next year I ___ study abroad. I already have my ticket."$p$,
   $j${"options":["am going to","will","would","have"]}$j$::jsonb, $j${"value":"am going to"}$j$::jsonb,
   0.48, ARRAY['unidad14','be_going_to_vs_will_para_planes_y_carrera','reading']),
 ('c3000059-0000-0000-0000-000000000059','20000000-0000-0000-0000-000000000001','B1','reading','multiple_choice',
   $p$Decisión del momento: "The phone is ringing. I ___ answer it."$p$,
   $j${"options":["will","am going to","was","would"]}$j$::jsonb, $j${"value":"will"}$j$::jsonb,
   0.48, ARRAY['unidad14','be_going_to_vs_will_para_planes_y_carrera','reading']),
 ('c3000060-0000-0000-0000-000000000060','20000000-0000-0000-0000-000000000001','B1','writing','cloze',
   $p$Completa con 'going to' (plan ya decidido): "She is ___ apply for a promotion next month."$p$,
   $j${"text":"She is ___ apply for a promotion next month."}$j$::jsonb, $j${"value":"going to","accepted":["going to"]}$j$::jsonb,
   0.48, ARRAY['unidad14','be_going_to_vs_will_para_planes_y_carrera','writing']),
 ('c3000061-0000-0000-0000-000000000061','20000000-0000-0000-0000-000000000001','B1','writing','translation',
   $p$Traduce: "Voy a buscar un trabajo mejor el año que viene.".$p$,
   $j${"source":"Voy a buscar un trabajo mejor el año que viene."}$j$::jsonb, $j${"value":"I am going to look for a better job next year.","accepted":["I'm going to look for a better job next year","I am going to find a better job next year","I'm going to find a better job next year"]}$j$::jsonb,
   0.48, ARRAY['unidad14','be_going_to_vs_will_para_planes_y_carrera','writing']),
 ('c3000062-0000-0000-0000-000000000062','20000000-0000-0000-0000-000000000001','B1','writing','reorder',
   $p$Ordena: "Voy a estudiar en el extranjero el próximo año".$p$,
   $j${"tiles":["going","I","study","am","to","abroad","next","year"]}$j$::jsonb, $j${"value":"I am going to study abroad next year"}$j$::jsonb,
   0.48, ARRAY['unidad14','be_going_to_vs_will_para_planes_y_carrera','writing']),
 ('c3000063-0000-0000-0000-000000000063','20000000-0000-0000-0000-000000000001','B1','listening','listening',
   $p$Escucha y elige lo que oíste.$p$,
   $j${"options":["I am going to ask my manager for a promotion.","I asked my manager for a day off yesterday.","If I work hard, I will get a better salary."],"say":"I am going to ask my manager for a promotion.","audio_url":"https://wiauinufpbkmjlbqlkxo.supabase.co/storage/v1/object/public/audio/items/c3000063-0000-0000-0000-000000000063.mp3"}$j$::jsonb, $j${"value":"I am going to ask my manager for a promotion."}$j$::jsonb,
   0.48, ARRAY['unidad14','be_going_to_vs_will_para_planes_y_carrera','listening']),
 ('c3000064-0000-0000-0000-000000000064','20000000-0000-0000-0000-000000000001','B1','speaking','speaking_read_aloud',
   $p$Lee en voz alta:$p$,
   $j${"text":"Next year I am going to study abroad and improve my career.","audio_url":"https://wiauinufpbkmjlbqlkxo.supabase.co/storage/v1/object/public/audio/items/c3000064-0000-0000-0000-000000000064.mp3"}$j$::jsonb, $j${"expected":"Next year I am going to study abroad and improve my career."}$j$::jsonb,
   0.48, ARRAY['unidad14','be_going_to_vs_will_para_planes_y_carrera','speaking'])
on conflict (id) do update set prompt=excluded.prompt, payload=excluded.payload, correct_answer=excluded.correct_answer, difficulty=excluded.difficulty, tags=excluded.tags, updated_at=now();
insert into lesson_items (lesson_id, item_id, order_index) values
 ('40000000-0000-0000-0000-000000001401','c3000033-0000-0000-0000-000000000033',1),
 ('40000000-0000-0000-0000-000000001401','c3000034-0000-0000-0000-000000000034',2),
 ('40000000-0000-0000-0000-000000001401','c3000035-0000-0000-0000-000000000035',3),
 ('40000000-0000-0000-0000-000000001401','c3000036-0000-0000-0000-000000000036',4),
 ('40000000-0000-0000-0000-000000001401','c3000037-0000-0000-0000-000000000037',5),
 ('40000000-0000-0000-0000-000000001401','c3000038-0000-0000-0000-000000000038',6),
 ('40000000-0000-0000-0000-000000001401','c3000039-0000-0000-0000-000000000039',7),
 ('40000000-0000-0000-0000-000000001401','c3000040-0000-0000-0000-000000000040',8),
 ('40000000-0000-0000-0000-000000001402','c3000041-0000-0000-0000-000000000041',1),
 ('40000000-0000-0000-0000-000000001402','c3000042-0000-0000-0000-000000000042',2),
 ('40000000-0000-0000-0000-000000001402','c3000043-0000-0000-0000-000000000043',3),
 ('40000000-0000-0000-0000-000000001402','c3000044-0000-0000-0000-000000000044',4),
 ('40000000-0000-0000-0000-000000001402','c3000045-0000-0000-0000-000000000045',5),
 ('40000000-0000-0000-0000-000000001402','c3000046-0000-0000-0000-000000000046',6),
 ('40000000-0000-0000-0000-000000001402','c3000047-0000-0000-0000-000000000047',7),
 ('40000000-0000-0000-0000-000000001402','c3000048-0000-0000-0000-000000000048',8),
 ('40000000-0000-0000-0000-000000001403','c3000049-0000-0000-0000-000000000049',1),
 ('40000000-0000-0000-0000-000000001403','c3000050-0000-0000-0000-000000000050',2),
 ('40000000-0000-0000-0000-000000001403','c3000051-0000-0000-0000-000000000051',3),
 ('40000000-0000-0000-0000-000000001403','c3000052-0000-0000-0000-000000000052',4),
 ('40000000-0000-0000-0000-000000001403','c3000053-0000-0000-0000-000000000053',5),
 ('40000000-0000-0000-0000-000000001403','c3000054-0000-0000-0000-000000000054',6),
 ('40000000-0000-0000-0000-000000001403','c3000055-0000-0000-0000-000000000055',7),
 ('40000000-0000-0000-0000-000000001403','c3000056-0000-0000-0000-000000000056',8),
 ('40000000-0000-0000-0000-000000001404','c3000057-0000-0000-0000-000000000057',1),
 ('40000000-0000-0000-0000-000000001404','c3000058-0000-0000-0000-000000000058',2),
 ('40000000-0000-0000-0000-000000001404','c3000059-0000-0000-0000-000000000059',3),
 ('40000000-0000-0000-0000-000000001404','c3000060-0000-0000-0000-000000000060',4),
 ('40000000-0000-0000-0000-000000001404','c3000061-0000-0000-0000-000000000061',5),
 ('40000000-0000-0000-0000-000000001404','c3000062-0000-0000-0000-000000000062',6),
 ('40000000-0000-0000-0000-000000001404','c3000063-0000-0000-0000-000000000063',7),
 ('40000000-0000-0000-0000-000000001404','c3000064-0000-0000-0000-000000000064',8),
 ('40000000-0000-0000-0000-000000001405','c3000033-0000-0000-0000-000000000033',1),
 ('40000000-0000-0000-0000-000000001405','c3000034-0000-0000-0000-000000000034',2),
 ('40000000-0000-0000-0000-000000001405','c3000035-0000-0000-0000-000000000035',3),
 ('40000000-0000-0000-0000-000000001405','c3000036-0000-0000-0000-000000000036',4),
 ('40000000-0000-0000-0000-000000001405','c3000037-0000-0000-0000-000000000037',5),
 ('40000000-0000-0000-0000-000000001405','c3000038-0000-0000-0000-000000000038',6),
 ('40000000-0000-0000-0000-000000001405','c3000039-0000-0000-0000-000000000039',7),
 ('40000000-0000-0000-0000-000000001405','c3000047-0000-0000-0000-000000000047',8),
 ('40000000-0000-0000-0000-000000001405','c3000040-0000-0000-0000-000000000040',9),
 ('40000000-0000-0000-0000-000000001405','c3000048-0000-0000-0000-000000000048',10)
on conflict (lesson_id, item_id) do nothing;
insert into vocabulary (id, course_id, word, translation, frequency_rank, part_of_speech) values
 ('b1b00017-0000-0000-0000-000000000017','20000000-0000-0000-0000-000000000001',$p$job interview$p$,$p$entrevista de trabajo$p$,780,'noun'),
 ('b1b00018-0000-0000-0000-000000000018','20000000-0000-0000-0000-000000000001',$p$résumé$p$,$p$currículum$p$,781,'noun'),
 ('b1b00019-0000-0000-0000-000000000019','20000000-0000-0000-0000-000000000001',$p$apply for$p$,$p$postularse a / solicitar$p$,782,'verb'),
 ('b1b00020-0000-0000-0000-000000000020','20000000-0000-0000-0000-000000000001',$p$deadline$p$,$p$fecha límite$p$,783,'noun'),
 ('b1b00021-0000-0000-0000-000000000021','20000000-0000-0000-0000-000000000001',$p$salary$p$,$p$salario$p$,784,'noun'),
 ('b1b00022-0000-0000-0000-000000000022','20000000-0000-0000-0000-000000000001',$p$skill$p$,$p$habilidad / destreza$p$,785,'noun'),
 ('b1b00023-0000-0000-0000-000000000023','20000000-0000-0000-0000-000000000001',$p$degree$p$,$p$título / carrera$p$,786,'noun'),
 ('b1b00024-0000-0000-0000-000000000024','20000000-0000-0000-0000-000000000001',$p$promotion$p$,$p$ascenso$p$,787,'noun'),
 ('b1b00025-0000-0000-0000-000000000025','20000000-0000-0000-0000-000000000001',$p$colleague$p$,$p$compañero de trabajo$p$,788,'noun'),
 ('b1b00026-0000-0000-0000-000000000026','20000000-0000-0000-0000-000000000001',$p$training course$p$,$p$curso de formación$p$,789,'noun'),
 ('b1b00027-0000-0000-0000-000000000027','20000000-0000-0000-0000-000000000001',$p$overtime$p$,$p$horas extra$p$,790,'noun'),
 ('b1b00028-0000-0000-0000-000000000028','20000000-0000-0000-0000-000000000001',$p$to hand in$p$,$p$entregar$p$,791,'verb'),
 ('b1b00029-0000-0000-0000-000000000029','20000000-0000-0000-0000-000000000001',$p$manager$p$,$p$jefe / gerente$p$,792,'noun'),
 ('b1b00030-0000-0000-0000-000000000030','20000000-0000-0000-0000-000000000001',$p$career$p$,$p$carrera profesional$p$,793,'noun'),
 ('b1b00031-0000-0000-0000-000000000031','20000000-0000-0000-0000-000000000001',$p$to study abroad$p$,$p$estudiar en el extranjero$p$,794,'verb')
on conflict (id) do nothing;

-- ── Unidad 15 (B1): Opiniones y acuerdos ───────────────────────────────────────
insert into units (id, course_id, cefr_level, order_index, title, theme_color, icon) values
 ('30000000-0000-0000-0000-000000000015','20000000-0000-0000-0000-000000000001','B1',15,$p$Opiniones y acuerdos$p$,'#E08D3C','forum')
on conflict (course_id, order_index) do update set title=excluded.title, theme_color=excluded.theme_color, icon=excluded.icon;
insert into lessons (id, unit_id, order_index, title, description, type, xp_reward) values
 ('40000000-0000-0000-0000-000000001501','30000000-0000-0000-0000-000000000015',1,$p$Dar tu opinión$p$,$p$Aprende a introducir tu opinión de forma natural.$p$,'lesson',15),
 ('40000000-0000-0000-0000-000000001502','30000000-0000-0000-0000-000000000015',2,$p$Estoy de acuerdo, yo también$p$,$p$Expresa que tú también, de forma corta y natural.$p$,'lesson',15),
 ('40000000-0000-0000-0000-000000001503','30000000-0000-0000-0000-000000000015',3,$p$Tampoco estoy de acuerdo$p$,$p$Aprende a decir que tú tampoco y a mostrar desacuerdo.$p$,'lesson',15),
 ('40000000-0000-0000-0000-000000001504','30000000-0000-0000-0000-000000000015',4,$p$Contar lo que otros dijeron$p$,$p$Reporta opiniones de otras personas y conecta tus ideas.$p$,'lesson',15),
 ('40000000-0000-0000-0000-000000001505','30000000-0000-0000-0000-000000000015',5,$p$🏁 Checkpoint Unidad 15$p$,$p$En esta unidad practicas dar opiniones (I think/believe that…, In my opinion…), expresar acuerdo y desacuerdo con So do I / Neither do I (y So am I / Neither am I), introducir lo que otra persona dijo con estilo indirecto (He said that…, She told me that…) y unir ideas con conectores (because, although, however, so). Umbral 80%.$p$,'checkpoint',40)
on conflict (unit_id, order_index) do update set title=excluded.title, description=excluded.description;
insert into exams (id, course_id, type, cefr_level, unit_id, time_limit_sec, pass_threshold, sections) values
 ('50000000-0000-0000-0000-000000000015','20000000-0000-0000-0000-000000000001','checkpoint','B1','30000000-0000-0000-0000-000000000015',300,0.80,$j${"skills":["reading","listening","writing","speaking"],"item_count":10,"randomize":true}$j$::jsonb)
on conflict (id) do nothing;
insert into content_items (id, course_id, cefr_level, skill, type, prompt, payload, correct_answer, difficulty, tags) values
 ('c3000065-0000-0000-0000-000000000065','20000000-0000-0000-0000-000000000001','B1','reading','match',
   $p$Empareja cada expresión con su traducción.$p$,
   $j${"pairs":[{"en":"I think","es":"Creo / Pienso"},{"en":"in my opinion","es":"en mi opinión"},{"en":"point of view","es":"punto de vista"}]}$j$::jsonb, $j${"pairs":[["I think","Creo / Pienso"],["in my opinion","en mi opinión"],["point of view","punto de vista"]]}$j$::jsonb,
   0.48, ARRAY['unidad15','expresar_opiniones_con_think_believe_y_in_my_opinion','reading']),
 ('c3000066-0000-0000-0000-000000000066','20000000-0000-0000-0000-000000000001','B1','reading','multiple_choice',
   $p$Completa: "I ___ that this film is boring."$p$,
   $j${"options":["think","thought","thinking","am think"]}$j$::jsonb, $j${"value":"think"}$j$::jsonb,
   0.48, ARRAY['unidad15','expresar_opiniones_con_think_believe_y_in_my_opinion','reading']),
 ('c3000067-0000-0000-0000-000000000067','20000000-0000-0000-0000-000000000001','B1','reading','multiple_choice',
   $p$Elige la forma natural para dar una opinión.$p$,
   $j${"options":["In my opinion, the plan is good.","On my opinion, the plan is good.","At my opinion, the plan is good."]}$j$::jsonb, $j${"value":"In my opinion, the plan is good."}$j$::jsonb,
   0.48, ARRAY['unidad15','expresar_opiniones_con_think_believe_y_in_my_opinion','reading']),
 ('c3000068-0000-0000-0000-000000000068','20000000-0000-0000-0000-000000000001','B1','writing','cloze',
   $p$Completa con el verbo de opinión: "I ___ that she is right."$p$,
   $j${"text":"I ___ that she is right."}$j$::jsonb, $j${"value":"believe","accepted":["believe","think"]}$j$::jsonb,
   0.48, ARRAY['unidad15','expresar_opiniones_con_think_believe_y_in_my_opinion','writing']),
 ('c3000069-0000-0000-0000-000000000069','20000000-0000-0000-0000-000000000001','B1','writing','translation',
   $p$Traduce: "Creo que tienes razón.".$p$,
   $j${"source":"Creo que tienes razón."}$j$::jsonb, $j${"value":"I think you are right.","accepted":["I think you're right","I think that you are right","I think that you're right","I believe you are right","I believe you're right"]}$j$::jsonb,
   0.48, ARRAY['unidad15','expresar_opiniones_con_think_believe_y_in_my_opinion','writing']),
 ('c3000070-0000-0000-0000-000000000070','20000000-0000-0000-0000-000000000001','B1','writing','word_bank',
   $p$Arma la frase: "En mi opinión, este libro es excelente".$p$,
   $j${"tiles":["In","my","opinion",",","this","book","is","excellent","because"]}$j$::jsonb, $j${"value":"In my opinion , this book is excellent","sequence":["In","my","opinion",",","this","book","is","excellent"]}$j$::jsonb,
   0.48, ARRAY['unidad15','expresar_opiniones_con_think_believe_y_in_my_opinion','writing']),
 ('c3000071-0000-0000-0000-000000000071','20000000-0000-0000-0000-000000000001','B1','listening','listening',
   $p$Escucha y elige lo que oíste.$p$,
   $j${"options":["In my opinion, this is a great idea.","In my opinion, this is a bad idea.","I don't have an opinion about it."],"say":"In my opinion, this is a great idea.","audio_url":"https://wiauinufpbkmjlbqlkxo.supabase.co/storage/v1/object/public/audio/items/c3000071-0000-0000-0000-000000000071.mp3"}$j$::jsonb, $j${"value":"In my opinion, this is a great idea."}$j$::jsonb,
   0.48, ARRAY['unidad15','expresar_opiniones_con_think_believe_y_in_my_opinion','listening']),
 ('c3000072-0000-0000-0000-000000000072','20000000-0000-0000-0000-000000000001','B1','speaking','speaking_read_aloud',
   $p$Lee en voz alta:$p$,
   $j${"text":"I think that this is a really interesting topic.","audio_url":"https://wiauinufpbkmjlbqlkxo.supabase.co/storage/v1/object/public/audio/items/c3000072-0000-0000-0000-000000000072.mp3"}$j$::jsonb, $j${"expected":"I think that this is a really interesting topic."}$j$::jsonb,
   0.48, ARRAY['unidad15','expresar_opiniones_con_think_believe_y_in_my_opinion','speaking']),
 ('c3000073-0000-0000-0000-000000000073','20000000-0000-0000-0000-000000000001','B1','reading','match',
   $p$Empareja cada respuesta con su significado.$p$,
   $j${"pairs":[{"en":"So do I","es":"Yo también (con verbos)"},{"en":"So am I","es":"Yo también (con to be)"},{"en":"I agree","es":"Estoy de acuerdo"}]}$j$::jsonb, $j${"pairs":[["So do I","Yo también (con verbos)"],["So am I","Yo también (con to be)"],["I agree","Estoy de acuerdo"]]}$j$::jsonb,
   0.48, ARRAY['unidad15','acuerdo_con_so_do_i_y_so_am_i','reading']),
 ('c3000074-0000-0000-0000-000000000074','20000000-0000-0000-0000-000000000001','B1','reading','multiple_choice',
   $p$"I love coffee." Responde que tú también.$p$,
   $j${"options":["So do I.","So am I.","So I do.","Neither do I."]}$j$::jsonb, $j${"value":"So do I."}$j$::jsonb,
   0.48, ARRAY['unidad15','acuerdo_con_so_do_i_y_so_am_i','reading']),
 ('c3000075-0000-0000-0000-000000000075','20000000-0000-0000-0000-000000000001','B1','reading','multiple_choice',
   $p$"I am tired." Responde que tú también.$p$,
   $j${"options":["So am I.","So do I.","So I am.","Neither am I."]}$j$::jsonb, $j${"value":"So am I."}$j$::jsonb,
   0.48, ARRAY['unidad15','acuerdo_con_so_do_i_y_so_am_i','reading']),
 ('c3000076-0000-0000-0000-000000000076','20000000-0000-0000-0000-000000000001','B1','writing','cloze',
   $p$Completa para mostrar acuerdo: "I like this song." "So ___ I."$p$,
   $j${"text":"\"I like this song.\" \"So ___ I.\""}$j$::jsonb, $j${"value":"do","accepted":["do"]}$j$::jsonb,
   0.48, ARRAY['unidad15','acuerdo_con_so_do_i_y_so_am_i','writing']),
 ('c3000077-0000-0000-0000-000000000077','20000000-0000-0000-0000-000000000001','B1','writing','translation',
   $p$Traduce: "Estoy completamente de acuerdo contigo.".$p$,
   $j${"source":"Estoy completamente de acuerdo contigo."}$j$::jsonb, $j${"value":"I completely agree with you.","accepted":["I totally agree with you","I completely agree with you.","I agree with you completely","I fully agree with you"]}$j$::jsonb,
   0.48, ARRAY['unidad15','acuerdo_con_so_do_i_y_so_am_i','writing']),
 ('c3000078-0000-0000-0000-000000000078','20000000-0000-0000-0000-000000000001','B1','writing','reorder',
   $p$Ordena la respuesta de acuerdo: "So do I".$p$,
   $j${"tiles":["do","So","I"]}$j$::jsonb, $j${"value":"So do I"}$j$::jsonb,
   0.48, ARRAY['unidad15','acuerdo_con_so_do_i_y_so_am_i','writing']),
 ('c3000079-0000-0000-0000-000000000079','20000000-0000-0000-0000-000000000001','B1','listening','listening',
   $p$Escucha y elige lo que oíste.$p$,
   $j${"options":["So do I, it's my favourite.","So am I, I'm really happy.","Neither do I, I hate it."],"say":"So do I, it's my favourite.","audio_url":"https://wiauinufpbkmjlbqlkxo.supabase.co/storage/v1/object/public/audio/items/c3000079-0000-0000-0000-000000000079.mp3"}$j$::jsonb, $j${"value":"So do I, it's my favourite."}$j$::jsonb,
   0.48, ARRAY['unidad15','acuerdo_con_so_do_i_y_so_am_i','listening']),
 ('c3000080-0000-0000-0000-000000000080','20000000-0000-0000-0000-000000000001','B1','speaking','speaking_read_aloud',
   $p$Lee en voz alta:$p$,
   $j${"text":"I agree with you. The food here is really good.","audio_url":"https://wiauinufpbkmjlbqlkxo.supabase.co/storage/v1/object/public/audio/items/c3000080-0000-0000-0000-000000000080.mp3"}$j$::jsonb, $j${"expected":"I agree with you. The food here is really good."}$j$::jsonb,
   0.48, ARRAY['unidad15','acuerdo_con_so_do_i_y_so_am_i','speaking']),
 ('c3000081-0000-0000-0000-000000000081','20000000-0000-0000-0000-000000000001','B1','reading','match',
   $p$Empareja cada expresión con su traducción.$p$,
   $j${"pairs":[{"en":"Neither do I","es":"Yo tampoco (con verbos)"},{"en":"Neither am I","es":"Yo tampoco (con to be)"},{"en":"I disagree","es":"No estoy de acuerdo"}]}$j$::jsonb, $j${"pairs":[["Neither do I","Yo tampoco (con verbos)"],["Neither am I","Yo tampoco (con to be)"],["I disagree","No estoy de acuerdo"]]}$j$::jsonb,
   0.48, ARRAY['unidad15','desacuerdo_y_neither_do_i_neither_am_i','reading']),
 ('c3000082-0000-0000-0000-000000000082','20000000-0000-0000-0000-000000000001','B1','reading','multiple_choice',
   $p$"I don't like horror films." Responde que tú tampoco.$p$,
   $j${"options":["Neither do I.","So do I.","Neither am I.","Either do I."]}$j$::jsonb, $j${"value":"Neither do I."}$j$::jsonb,
   0.48, ARRAY['unidad15','desacuerdo_y_neither_do_i_neither_am_i','reading']),
 ('c3000083-0000-0000-0000-000000000083','20000000-0000-0000-0000-000000000001','B1','reading','multiple_choice',
   $p$"I'm not hungry." Responde que tú tampoco.$p$,
   $j${"options":["Neither am I.","Neither do I.","So am I.","Me too am I."]}$j$::jsonb, $j${"value":"Neither am I."}$j$::jsonb,
   0.48, ARRAY['unidad15','desacuerdo_y_neither_do_i_neither_am_i','reading']),
 ('c3000084-0000-0000-0000-000000000084','20000000-0000-0000-0000-000000000001','B1','writing','cloze',
   $p$Completa para mostrar desacuerdo: "I'm sorry, but I ___ with you."$p$,
   $j${"text":"I'm sorry, but I ___ with you."}$j$::jsonb, $j${"value":"disagree","accepted":["disagree","don't agree","do not agree"]}$j$::jsonb,
   0.48, ARRAY['unidad15','desacuerdo_y_neither_do_i_neither_am_i','writing']),
 ('c3000085-0000-0000-0000-000000000085','20000000-0000-0000-0000-000000000001','B1','writing','translation',
   $p$Traduce: "No estoy de acuerdo con esa idea.".$p$,
   $j${"source":"No estoy de acuerdo con esa idea."}$j$::jsonb, $j${"value":"I disagree with that idea.","accepted":["I don't agree with that idea","I do not agree with that idea","I disagree with that idea."]}$j$::jsonb,
   0.48, ARRAY['unidad15','desacuerdo_y_neither_do_i_neither_am_i','writing']),
 ('c3000086-0000-0000-0000-000000000086','20000000-0000-0000-0000-000000000001','B1','writing','word_bank',
   $p$Arma la frase: "No creo eso tampoco".$p$,
   $j${"tiles":["I","don't","believe","that","either","neither","so"]}$j$::jsonb, $j${"value":"I don't believe that either","sequence":["I","don't","believe","that","either"]}$j$::jsonb,
   0.48, ARRAY['unidad15','desacuerdo_y_neither_do_i_neither_am_i','writing']),
 ('c3000087-0000-0000-0000-000000000087','20000000-0000-0000-0000-000000000001','B1','listening','listening',
   $p$Escucha y elige lo que oíste.$p$,
   $j${"options":["Neither do I, I think he's wrong.","So do I, I think he's right.","I'm not sure about that."],"say":"Neither do I, I think he's wrong.","audio_url":"https://wiauinufpbkmjlbqlkxo.supabase.co/storage/v1/object/public/audio/items/c3000087-0000-0000-0000-000000000087.mp3"}$j$::jsonb, $j${"value":"Neither do I, I think he's wrong."}$j$::jsonb,
   0.48, ARRAY['unidad15','desacuerdo_y_neither_do_i_neither_am_i','listening']),
 ('c3000088-0000-0000-0000-000000000088','20000000-0000-0000-0000-000000000001','B1','speaking','speaking_read_aloud',
   $p$Lee en voz alta:$p$,
   $j${"text":"I'm afraid I disagree. I don't think that is a good idea.","audio_url":"https://wiauinufpbkmjlbqlkxo.supabase.co/storage/v1/object/public/audio/items/c3000088-0000-0000-0000-000000000088.mp3"}$j$::jsonb, $j${"expected":"I'm afraid I disagree. I don't think that is a good idea."}$j$::jsonb,
   0.48, ARRAY['unidad15','desacuerdo_y_neither_do_i_neither_am_i','speaking']),
 ('c3000089-0000-0000-0000-000000000089','20000000-0000-0000-0000-000000000001','B1','reading','match',
   $p$Empareja cada conector con su traducción.$p$,
   $j${"pairs":[{"en":"however","es":"sin embargo"},{"en":"although","es":"aunque"},{"en":"because","es":"porque"}]}$j$::jsonb, $j${"pairs":[["however","sin embargo"],["although","aunque"],["because","porque"]]}$j$::jsonb,
   0.48, ARRAY['unidad15','estilo_indirecto_con_he_said_that_y_conectores','reading']),
 ('c3000090-0000-0000-0000-000000000090','20000000-0000-0000-0000-000000000001','B1','reading','multiple_choice',
   $p$Completa el estilo indirecto: "He ___ that he agreed with me."$p$,
   $j${"options":["said","told","says","say"]}$j$::jsonb, $j${"value":"said"}$j$::jsonb,
   0.48, ARRAY['unidad15','estilo_indirecto_con_he_said_that_y_conectores','reading']),
 ('c3000091-0000-0000-0000-000000000091','20000000-0000-0000-0000-000000000001','B1','reading','multiple_choice',
   $p$Completa con el conector correcto: "I like the plan, ___ it is expensive."$p$,
   $j${"options":["although","because","so","however"]}$j$::jsonb, $j${"value":"although"}$j$::jsonb,
   0.48, ARRAY['unidad15','estilo_indirecto_con_he_said_that_y_conectores','reading']),
 ('c3000092-0000-0000-0000-000000000092','20000000-0000-0000-0000-000000000001','B1','writing','cloze',
   $p$Completa el estilo indirecto: "She ___ me that the meeting was cancelled."$p$,
   $j${"text":"She ___ me that the meeting was cancelled."}$j$::jsonb, $j${"value":"told","accepted":["told"]}$j$::jsonb,
   0.48, ARRAY['unidad15','estilo_indirecto_con_he_said_that_y_conectores','writing']),
 ('c3000093-0000-0000-0000-000000000093','20000000-0000-0000-0000-000000000001','B1','writing','translation',
   $p$Traduce: "Él dijo que estaba de acuerdo con el plan.".$p$,
   $j${"source":"Él dijo que estaba de acuerdo con el plan."}$j$::jsonb, $j${"value":"He said that he agreed with the plan.","accepted":["He said he agreed with the plan","He said that he agreed with the plan.","He said he agreed with the plan."]}$j$::jsonb,
   0.48, ARRAY['unidad15','estilo_indirecto_con_he_said_that_y_conectores','writing']),
 ('c3000094-0000-0000-0000-000000000094','20000000-0000-0000-0000-000000000001','B1','writing','reorder',
   $p$Ordena: "She said that she disagreed".$p$,
   $j${"tiles":["that","She","disagreed","said","she"]}$j$::jsonb, $j${"value":"She said that she disagreed"}$j$::jsonb,
   0.48, ARRAY['unidad15','estilo_indirecto_con_he_said_that_y_conectores','writing']),
 ('c3000095-0000-0000-0000-000000000095','20000000-0000-0000-0000-000000000001','B1','listening','listening',
   $p$Escucha y elige lo que oíste.$p$,
   $j${"options":["He said that he agreed with our idea.","She told me that she was very tired.","They said that the shop was closed."],"say":"He said that he agreed with our idea.","audio_url":"https://wiauinufpbkmjlbqlkxo.supabase.co/storage/v1/object/public/audio/items/c3000095-0000-0000-0000-000000000095.mp3"}$j$::jsonb, $j${"value":"He said that he agreed with our idea."}$j$::jsonb,
   0.48, ARRAY['unidad15','estilo_indirecto_con_he_said_that_y_conectores','listening']),
 ('c3000096-0000-0000-0000-000000000096','20000000-0000-0000-0000-000000000001','B1','speaking','speaking_read_aloud',
   $p$Lee en voz alta:$p$,
   $j${"text":"She told me that she liked the idea, although she had a few questions.","audio_url":"https://wiauinufpbkmjlbqlkxo.supabase.co/storage/v1/object/public/audio/items/c3000096-0000-0000-0000-000000000096.mp3"}$j$::jsonb, $j${"expected":"She told me that she liked the idea, although she had a few questions."}$j$::jsonb,
   0.48, ARRAY['unidad15','estilo_indirecto_con_he_said_that_y_conectores','speaking'])
on conflict (id) do update set prompt=excluded.prompt, payload=excluded.payload, correct_answer=excluded.correct_answer, difficulty=excluded.difficulty, tags=excluded.tags, updated_at=now();
insert into lesson_items (lesson_id, item_id, order_index) values
 ('40000000-0000-0000-0000-000000001501','c3000065-0000-0000-0000-000000000065',1),
 ('40000000-0000-0000-0000-000000001501','c3000066-0000-0000-0000-000000000066',2),
 ('40000000-0000-0000-0000-000000001501','c3000067-0000-0000-0000-000000000067',3),
 ('40000000-0000-0000-0000-000000001501','c3000068-0000-0000-0000-000000000068',4),
 ('40000000-0000-0000-0000-000000001501','c3000069-0000-0000-0000-000000000069',5),
 ('40000000-0000-0000-0000-000000001501','c3000070-0000-0000-0000-000000000070',6),
 ('40000000-0000-0000-0000-000000001501','c3000071-0000-0000-0000-000000000071',7),
 ('40000000-0000-0000-0000-000000001501','c3000072-0000-0000-0000-000000000072',8),
 ('40000000-0000-0000-0000-000000001502','c3000073-0000-0000-0000-000000000073',1),
 ('40000000-0000-0000-0000-000000001502','c3000074-0000-0000-0000-000000000074',2),
 ('40000000-0000-0000-0000-000000001502','c3000075-0000-0000-0000-000000000075',3),
 ('40000000-0000-0000-0000-000000001502','c3000076-0000-0000-0000-000000000076',4),
 ('40000000-0000-0000-0000-000000001502','c3000077-0000-0000-0000-000000000077',5),
 ('40000000-0000-0000-0000-000000001502','c3000078-0000-0000-0000-000000000078',6),
 ('40000000-0000-0000-0000-000000001502','c3000079-0000-0000-0000-000000000079',7),
 ('40000000-0000-0000-0000-000000001502','c3000080-0000-0000-0000-000000000080',8),
 ('40000000-0000-0000-0000-000000001503','c3000081-0000-0000-0000-000000000081',1),
 ('40000000-0000-0000-0000-000000001503','c3000082-0000-0000-0000-000000000082',2),
 ('40000000-0000-0000-0000-000000001503','c3000083-0000-0000-0000-000000000083',3),
 ('40000000-0000-0000-0000-000000001503','c3000084-0000-0000-0000-000000000084',4),
 ('40000000-0000-0000-0000-000000001503','c3000085-0000-0000-0000-000000000085',5),
 ('40000000-0000-0000-0000-000000001503','c3000086-0000-0000-0000-000000000086',6),
 ('40000000-0000-0000-0000-000000001503','c3000087-0000-0000-0000-000000000087',7),
 ('40000000-0000-0000-0000-000000001503','c3000088-0000-0000-0000-000000000088',8),
 ('40000000-0000-0000-0000-000000001504','c3000089-0000-0000-0000-000000000089',1),
 ('40000000-0000-0000-0000-000000001504','c3000090-0000-0000-0000-000000000090',2),
 ('40000000-0000-0000-0000-000000001504','c3000091-0000-0000-0000-000000000091',3),
 ('40000000-0000-0000-0000-000000001504','c3000092-0000-0000-0000-000000000092',4),
 ('40000000-0000-0000-0000-000000001504','c3000093-0000-0000-0000-000000000093',5),
 ('40000000-0000-0000-0000-000000001504','c3000094-0000-0000-0000-000000000094',6),
 ('40000000-0000-0000-0000-000000001504','c3000095-0000-0000-0000-000000000095',7),
 ('40000000-0000-0000-0000-000000001504','c3000096-0000-0000-0000-000000000096',8),
 ('40000000-0000-0000-0000-000000001505','c3000065-0000-0000-0000-000000000065',1),
 ('40000000-0000-0000-0000-000000001505','c3000066-0000-0000-0000-000000000066',2),
 ('40000000-0000-0000-0000-000000001505','c3000067-0000-0000-0000-000000000067',3),
 ('40000000-0000-0000-0000-000000001505','c3000068-0000-0000-0000-000000000068',4),
 ('40000000-0000-0000-0000-000000001505','c3000069-0000-0000-0000-000000000069',5),
 ('40000000-0000-0000-0000-000000001505','c3000070-0000-0000-0000-000000000070',6),
 ('40000000-0000-0000-0000-000000001505','c3000071-0000-0000-0000-000000000071',7),
 ('40000000-0000-0000-0000-000000001505','c3000079-0000-0000-0000-000000000079',8),
 ('40000000-0000-0000-0000-000000001505','c3000072-0000-0000-0000-000000000072',9),
 ('40000000-0000-0000-0000-000000001505','c3000080-0000-0000-0000-000000000080',10)
on conflict (lesson_id, item_id) do nothing;
insert into vocabulary (id, course_id, word, translation, frequency_rank, part_of_speech) values
 ('b1b00032-0000-0000-0000-000000000032','20000000-0000-0000-0000-000000000001',$p$opinion$p$,$p$opinión$p$,800,'noun'),
 ('b1b00033-0000-0000-0000-000000000033','20000000-0000-0000-0000-000000000001',$p$to agree$p$,$p$estar de acuerdo$p$,801,'verb'),
 ('b1b00034-0000-0000-0000-000000000034','20000000-0000-0000-0000-000000000001',$p$to disagree$p$,$p$no estar de acuerdo$p$,802,'verb'),
 ('b1b00035-0000-0000-0000-000000000035','20000000-0000-0000-0000-000000000001',$p$to believe$p$,$p$creer$p$,803,'verb'),
 ('b1b00036-0000-0000-0000-000000000036','20000000-0000-0000-0000-000000000001',$p$to think$p$,$p$pensar$p$,804,'verb'),
 ('b1b00037-0000-0000-0000-000000000037','20000000-0000-0000-0000-000000000001',$p$point of view$p$,$p$punto de vista$p$,805,'noun'),
 ('b1b00038-0000-0000-0000-000000000038','20000000-0000-0000-0000-000000000001',$p$however$p$,$p$sin embargo$p$,806,'adverb'),
 ('b1b00039-0000-0000-0000-000000000039','20000000-0000-0000-0000-000000000001',$p$although$p$,$p$aunque$p$,807,'conjunction'),
 ('b1b00040-0000-0000-0000-000000000040','20000000-0000-0000-0000-000000000001',$p$because$p$,$p$porque$p$,808,'conjunction'),
 ('b1b00041-0000-0000-0000-000000000041','20000000-0000-0000-0000-000000000001',$p$so$p$,$p$así que$p$,809,'conjunction'),
 ('b1b00042-0000-0000-0000-000000000042','20000000-0000-0000-0000-000000000001',$p$neither$p$,$p$tampoco$p$,810,'adverb'),
 ('b1b00043-0000-0000-0000-000000000043','20000000-0000-0000-0000-000000000001',$p$to be right$p$,$p$tener razón$p$,811,'phrase'),
 ('b1b00044-0000-0000-0000-000000000044','20000000-0000-0000-0000-000000000001',$p$to be wrong$p$,$p$estar equivocado$p$,812,'phrase'),
 ('b1b00045-0000-0000-0000-000000000045','20000000-0000-0000-0000-000000000001',$p$to suggest$p$,$p$sugerir$p$,813,'verb'),
 ('b1b00046-0000-0000-0000-000000000046','20000000-0000-0000-0000-000000000001',$p$reason$p$,$p$razón$p$,814,'noun')
on conflict (id) do nothing;

-- ── Unidad 16 (B1): Historias y viajes ───────────────────────────────────────
insert into units (id, course_id, cefr_level, order_index, title, theme_color, icon) values
 ('30000000-0000-0000-0000-000000000016','20000000-0000-0000-0000-000000000001','B1',16,$p$Historias y viajes$p$,'#2EC4B6','explore')
on conflict (course_id, order_index) do update set title=excluded.title, theme_color=excluded.theme_color, icon=excluded.icon;
insert into lessons (id, unit_id, order_index, title, description, type, xp_reward) values
 ('40000000-0000-0000-0000-000000001601','30000000-0000-0000-0000-000000000016',1,$p$El comienzo del viaje$p$,$p$El comienzo del viaje$p$,'lesson',15),
 ('40000000-0000-0000-0000-000000001602','30000000-0000-0000-0000-000000000016',2,$p$Lo que pasaba mientras...$p$,$p$Lo que pasaba mientras...$p$,'lesson',15),
 ('40000000-0000-0000-0000-000000001603','30000000-0000-0000-0000-000000000016',3,$p$La gente y los lugares del viaje$p$,$p$La gente y los lugares del viaje$p$,'lesson',15),
 ('40000000-0000-0000-0000-000000001604','30000000-0000-0000-0000-000000000016',4,$p$Una anécdota inolvidable$p$,$p$Una anécdota inolvidable$p$,'lesson',15),
 ('40000000-0000-0000-0000-000000001605','30000000-0000-0000-0000-000000000016',5,$p$🏁 Checkpoint Unidad 16$p$,$p$En esta unidad narras en pasado y hablas de viajes. Usas el pasado simple para acciones terminadas y el pasado continuo (was/were + -ing) para acciones en progreso, combinándolos con 'while' (acción larga) y 'when' (acción que interrumpe). También describes personas, cosas y lugares con cláusulas relativas: 'who' para personas, 'which' para cosas y 'that' para ambos.$p$,'checkpoint',40)
on conflict (unit_id, order_index) do update set title=excluded.title, description=excluded.description;
insert into exams (id, course_id, type, cefr_level, unit_id, time_limit_sec, pass_threshold, sections) values
 ('50000000-0000-0000-0000-000000000016','20000000-0000-0000-0000-000000000001','checkpoint','B1','30000000-0000-0000-0000-000000000016',300,0.80,$j${"skills":["reading","listening","writing","speaking"],"item_count":10,"randomize":true}$j$::jsonb)
on conflict (id) do nothing;
insert into content_items (id, course_id, cefr_level, skill, type, prompt, payload, correct_answer, difficulty, tags) values
 ('c3000097-0000-0000-0000-000000000097','20000000-0000-0000-0000-000000000001','B1','reading','match',
   $p$Empareja cada palabra de viaje con su traducción.$p$,
   $j${"pairs":[{"en":"journey","es":"viaje (trayecto)"},{"en":"luggage","es":"equipaje"},{"en":"flight","es":"vuelo"}]}$j$::jsonb, $j${"pairs":[["journey","viaje (trayecto)"],["luggage","equipaje"],["flight","vuelo"]]}$j$::jsonb,
   0.48, ARRAY['unidad16','narrar_en_pasado_simple_preparar_y_empezar_un_viaje','reading']),
 ('c3000098-0000-0000-0000-000000000098','20000000-0000-0000-0000-000000000001','B1','reading','multiple_choice',
   $p$Completa la narración: "Last summer we ___ to Portugal for two weeks."$p$,
   $j${"options":["travelled","travel","were travelling","will travel"]}$j$::jsonb, $j${"value":"travelled"}$j$::jsonb,
   0.48, ARRAY['unidad16','narrar_en_pasado_simple_preparar_y_empezar_un_viaje','reading']),
 ('c3000099-0000-0000-0000-000000000099','20000000-0000-0000-0000-000000000001','B1','reading','multiple_choice',
   $p$Elige la opción que cuenta una acción terminada en el pasado.$p$,
   $j${"options":["We packed our luggage the night before.","We are packing our luggage now.","We will pack our luggage tomorrow."]}$j$::jsonb, $j${"value":"We packed our luggage the night before."}$j$::jsonb,
   0.48, ARRAY['unidad16','narrar_en_pasado_simple_preparar_y_empezar_un_viaje','reading']),
 ('c3000100-0000-0000-0000-000000000100','20000000-0000-0000-0000-000000000001','B1','writing','cloze',
   $p$Completa con el pasado simple del verbo entre paréntesis: "Our flight ___ (leave) early in the morning."$p$,
   $j${"text":"Our flight ___ early in the morning."}$j$::jsonb, $j${"value":"left","accepted":["left"]}$j$::jsonb,
   0.48, ARRAY['unidad16','narrar_en_pasado_simple_preparar_y_empezar_un_viaje','writing']),
 ('c3000101-0000-0000-0000-000000000101','20000000-0000-0000-0000-000000000001','B1','writing','translation',
   $p$Traduce: "El año pasado viajamos al extranjero por primera vez.".$p$,
   $j${"source":"El año pasado viajamos al extranjero por primera vez."}$j$::jsonb, $j${"value":"Last year we travelled abroad for the first time.","accepted":["Last year we traveled abroad for the first time.","Last year, we travelled abroad for the first time.","Last year, we traveled abroad for the first time.","We travelled abroad for the first time last year.","We traveled abroad for the first time last year."]}$j$::jsonb,
   0.48, ARRAY['unidad16','narrar_en_pasado_simple_preparar_y_empezar_un_viaje','writing']),
 ('c3000102-0000-0000-0000-000000000102','20000000-0000-0000-0000-000000000001','B1','writing','word_bank',
   $p$Arma la frase: "Llegamos al aeropuerto a tiempo".$p$,
   $j${"tiles":["We","arrived","at","the","airport","on","time","station"]}$j$::jsonb, $j${"value":"We arrived at the airport on time","sequence":["We","arrived","at","the","airport","on","time"]}$j$::jsonb,
   0.48, ARRAY['unidad16','narrar_en_pasado_simple_preparar_y_empezar_un_viaje','writing']),
 ('c3000103-0000-0000-0000-000000000103','20000000-0000-0000-0000-000000000001','B1','listening','listening',
   $p$Escucha y elige lo que oíste.$p$,
   $j${"options":["Our flight to Rome was delayed by two hours.","Our flight to Rome arrived early in the morning.","The train to Rome was completely full."],"say":"Our flight to Rome was delayed by two hours.","audio_url":"https://wiauinufpbkmjlbqlkxo.supabase.co/storage/v1/object/public/audio/items/c3000103-0000-0000-0000-000000000103.mp3"}$j$::jsonb, $j${"value":"Our flight to Rome was delayed by two hours."}$j$::jsonb,
   0.48, ARRAY['unidad16','narrar_en_pasado_simple_preparar_y_empezar_un_viaje','listening']),
 ('c3000104-0000-0000-0000-000000000104','20000000-0000-0000-0000-000000000001','B1','speaking','speaking_read_aloud',
   $p$Lee en voz alta:$p$,
   $j${"text":"Last summer we packed our luggage and started an amazing journey.","audio_url":"https://wiauinufpbkmjlbqlkxo.supabase.co/storage/v1/object/public/audio/items/c3000104-0000-0000-0000-000000000104.mp3"}$j$::jsonb, $j${"expected":"Last summer we packed our luggage and started an amazing journey."}$j$::jsonb,
   0.48, ARRAY['unidad16','narrar_en_pasado_simple_preparar_y_empezar_un_viaje','speaking']),
 ('c3000105-0000-0000-0000-000000000105','20000000-0000-0000-0000-000000000001','B1','reading','match',
   $p$Empareja cada palabra con su traducción.$p$,
   $j${"pairs":[{"en":"suddenly","es":"de repente"},{"en":"to get lost","es":"perderse"},{"en":"crowded","es":"abarrotado"}]}$j$::jsonb, $j${"pairs":[["suddenly","de repente"],["to get lost","perderse"],["crowded","abarrotado"]]}$j$::jsonb,
   0.48, ARRAY['unidad16','pasado_continuo_vs_pasado_simple_con_while_when','reading']),
 ('c3000106-0000-0000-0000-000000000106','20000000-0000-0000-0000-000000000001','B1','reading','multiple_choice',
   $p$Completa: "We ___ along the beach when it started to rain."$p$,
   $j${"options":["were walking","walked","walk","have walked"]}$j$::jsonb, $j${"value":"were walking"}$j$::jsonb,
   0.48, ARRAY['unidad16','pasado_continuo_vs_pasado_simple_con_while_when','reading']),
 ('c3000107-0000-0000-0000-000000000107','20000000-0000-0000-0000-000000000001','B1','reading','multiple_choice',
   $p$Completa: "While I ___ a map, a local woman offered to help us."$p$,
   $j${"options":["was reading","read","am reading","reads"]}$j$::jsonb, $j${"value":"was reading"}$j$::jsonb,
   0.48, ARRAY['unidad16','pasado_continuo_vs_pasado_simple_con_while_when','reading']),
 ('c3000108-0000-0000-0000-000000000108','20000000-0000-0000-0000-000000000001','B1','writing','cloze',
   $p$Completa con el pasado simple (la acción que interrumpe): "While we were exploring the old town, it suddenly ___ (start) to rain."$p$,
   $j${"text":"While we were exploring the old town, it suddenly ___ to rain."}$j$::jsonb, $j${"value":"started","accepted":["started"]}$j$::jsonb,
   0.48, ARRAY['unidad16','pasado_continuo_vs_pasado_simple_con_while_when','writing']),
 ('c3000109-0000-0000-0000-000000000109','20000000-0000-0000-0000-000000000001','B1','writing','translation',
   $p$Traduce: "Estábamos esperando el tren cuando vimos a un viejo amigo.".$p$,
   $j${"source":"Estábamos esperando el tren cuando vimos a un viejo amigo."}$j$::jsonb, $j${"value":"We were waiting for the train when we saw an old friend.","accepted":["We were waiting for a train when we saw an old friend.","When we saw an old friend, we were waiting for the train.","When we saw an old friend, we were waiting for a train."]}$j$::jsonb,
   0.48, ARRAY['unidad16','pasado_continuo_vs_pasado_simple_con_while_when','writing']),
 ('c3000110-0000-0000-0000-000000000110','20000000-0000-0000-0000-000000000001','B1','writing','reorder',
   $p$Ordena para formar la oración: "Estaba lloviendo cuando llegamos al hotel".$p$,
   $j${"tiles":["It","was","raining","when","we","arrived","at","the","hotel"]}$j$::jsonb, $j${"value":"It was raining when we arrived at the hotel"}$j$::jsonb,
   0.48, ARRAY['unidad16','pasado_continuo_vs_pasado_simple_con_while_when','writing']),
 ('c3000111-0000-0000-0000-000000000111','20000000-0000-0000-0000-000000000001','B1','listening','listening',
   $p$Escucha y elige lo que oíste.$p$,
   $j${"options":["While we were having lunch, the bus left without us.","After we had lunch, we took the next bus together.","We were having lunch when the rain finally stopped."],"say":"While we were having lunch, the bus left without us.","audio_url":"https://wiauinufpbkmjlbqlkxo.supabase.co/storage/v1/object/public/audio/items/c3000111-0000-0000-0000-000000000111.mp3"}$j$::jsonb, $j${"value":"While we were having lunch, the bus left without us."}$j$::jsonb,
   0.48, ARRAY['unidad16','pasado_continuo_vs_pasado_simple_con_while_when','listening']),
 ('c3000112-0000-0000-0000-000000000112','20000000-0000-0000-0000-000000000001','B1','speaking','speaking_read_aloud',
   $p$Lee en voz alta:$p$,
   $j${"text":"While we were crossing the bridge, the sun suddenly came out.","audio_url":"https://wiauinufpbkmjlbqlkxo.supabase.co/storage/v1/object/public/audio/items/c3000112-0000-0000-0000-000000000112.mp3"}$j$::jsonb, $j${"expected":"While we were crossing the bridge, the sun suddenly came out."}$j$::jsonb,
   0.48, ARRAY['unidad16','pasado_continuo_vs_pasado_simple_con_while_when','speaking']),
 ('c3000113-0000-0000-0000-000000000113','20000000-0000-0000-0000-000000000001','B1','reading','match',
   $p$Empareja cada palabra con su traducción.$p$,
   $j${"pairs":[{"en":"landscape","es":"paisaje"},{"en":"souvenir","es":"recuerdo (objeto)"},{"en":"local","es":"local"}]}$j$::jsonb, $j${"pairs":[["landscape","paisaje"],["souvenir","recuerdo (objeto)"],["local","local"]]}$j$::jsonb,
   0.48, ARRAY['unidad16','clausulas_relativas_con_who_which_that_para_describir','reading']),
 ('c3000114-0000-0000-0000-000000000114','20000000-0000-0000-0000-000000000001','B1','reading','multiple_choice',
   $p$Elige el pronombre relativo correcto: "The guide ___ showed us the city was very friendly."$p$,
   $j${"options":["who","which","where","what"]}$j$::jsonb, $j${"value":"who"}$j$::jsonb,
   0.48, ARRAY['unidad16','clausulas_relativas_con_who_which_that_para_describir','reading']),
 ('c3000115-0000-0000-0000-000000000115','20000000-0000-0000-0000-000000000001','B1','reading','multiple_choice',
   $p$Elige el pronombre relativo correcto: "We visited a village ___ had beautiful old houses."$p$,
   $j${"options":["which","who","whose","when"]}$j$::jsonb, $j${"value":"which"}$j$::jsonb,
   0.48, ARRAY['unidad16','clausulas_relativas_con_who_which_that_para_describir','reading']),
 ('c3000116-0000-0000-0000-000000000116','20000000-0000-0000-0000-000000000001','B1','writing','cloze',
   $p$Completa con el relativo para personas: "She is the woman ___ helped us when we got lost."$p$,
   $j${"text":"She is the woman ___ helped us when we got lost."}$j$::jsonb, $j${"value":"who","accepted":["who","that"]}$j$::jsonb,
   0.48, ARRAY['unidad16','clausulas_relativas_con_who_which_that_para_describir','writing']),
 ('c3000117-0000-0000-0000-000000000117','20000000-0000-0000-0000-000000000001','B1','writing','translation',
   $p$Traduce: "Es un paisaje que nunca olvidaré.".$p$,
   $j${"source":"Es un paisaje que nunca olvidaré."}$j$::jsonb, $j${"value":"It is a landscape that I will never forget.","accepted":["It is a landscape which I will never forget.","It's a landscape that I will never forget.","It's a landscape which I will never forget.","It is a landscape that I'll never forget.","It's a landscape that I'll never forget.","It is a landscape which I'll never forget.","It's a landscape which I'll never forget."]}$j$::jsonb,
   0.48, ARRAY['unidad16','clausulas_relativas_con_who_which_that_para_describir','writing']),
 ('c3000118-0000-0000-0000-000000000118','20000000-0000-0000-0000-000000000001','B1','writing','word_bank',
   $p$Arma la frase: "Compré un recuerdo que estaba hecho a mano".$p$,
   $j${"tiles":["I","bought","a","souvenir","which","was","handmade","who"]}$j$::jsonb, $j${"value":"I bought a souvenir which was handmade","sequence":["I","bought","a","souvenir","which","was","handmade"]}$j$::jsonb,
   0.48, ARRAY['unidad16','clausulas_relativas_con_who_which_that_para_describir','writing']),
 ('c3000119-0000-0000-0000-000000000119','20000000-0000-0000-0000-000000000001','B1','listening','listening',
   $p$Escucha y elige lo que oíste.$p$,
   $j${"options":["The man who sold us the tickets spoke perfect English.","The woman who sold us the tickets spoke perfect English.","The man who sold us the souvenirs spoke a little English."],"say":"The man who sold us the tickets spoke perfect English.","audio_url":"https://wiauinufpbkmjlbqlkxo.supabase.co/storage/v1/object/public/audio/items/c3000119-0000-0000-0000-000000000119.mp3"}$j$::jsonb, $j${"value":"The man who sold us the tickets spoke perfect English."}$j$::jsonb,
   0.48, ARRAY['unidad16','clausulas_relativas_con_who_which_that_para_describir','listening']),
 ('c3000120-0000-0000-0000-000000000120','20000000-0000-0000-0000-000000000001','B1','speaking','speaking_read_aloud',
   $p$Lee en voz alta:$p$,
   $j${"text":"We stayed in a small hotel that had an amazing view of the mountains.","audio_url":"https://wiauinufpbkmjlbqlkxo.supabase.co/storage/v1/object/public/audio/items/c3000120-0000-0000-0000-000000000120.mp3"}$j$::jsonb, $j${"expected":"We stayed in a small hotel that had an amazing view of the mountains."}$j$::jsonb,
   0.48, ARRAY['unidad16','clausulas_relativas_con_who_which_that_para_describir','speaking']),
 ('c3000121-0000-0000-0000-000000000121','20000000-0000-0000-0000-000000000001','B1','reading','match',
   $p$Empareja cada palabra con su traducción.$p$,
   $j${"pairs":[{"en":"adventure","es":"aventura"},{"en":"to realize","es":"darse cuenta"},{"en":"unforgettable","es":"inolvidable"}]}$j$::jsonb, $j${"pairs":[["adventure","aventura"],["to realize","darse cuenta"],["unforgettable","inolvidable"]]}$j$::jsonb,
   0.48, ARRAY['unidad16','integrar_tiempos_y_relativos_para_contar_una_historia_de_viaje','reading']),
 ('c3000122-0000-0000-0000-000000000122','20000000-0000-0000-0000-000000000001','B1','reading','multiple_choice',
   $p$Completa: "We ___ that we had missed the last train."$p$,
   $j${"options":["realized","were realizing","realize","will realize"]}$j$::jsonb, $j${"value":"realized"}$j$::jsonb,
   0.48, ARRAY['unidad16','integrar_tiempos_y_relativos_para_contar_una_historia_de_viaje','reading']),
 ('c3000123-0000-0000-0000-000000000123','20000000-0000-0000-0000-000000000001','B1','reading','multiple_choice',
   $p$Completa la anécdota: "It was the most ___ trip of my life."$p$,
   $j${"options":["unforgettable","crowded","abroad","local"]}$j$::jsonb, $j${"value":"unforgettable"}$j$::jsonb,
   0.48, ARRAY['unidad16','integrar_tiempos_y_relativos_para_contar_una_historia_de_viaje','reading']),
 ('c3000124-0000-0000-0000-000000000124','20000000-0000-0000-0000-000000000001','B1','writing','cloze',
   $p$Completa con el pasado continuo el verbo entre paréntesis: "When the storm started, we were still ___ (explore) the forest."$p$,
   $j${"text":"When the storm started, we were still ___ the forest."}$j$::jsonb, $j${"value":"exploring","accepted":["exploring"]}$j$::jsonb,
   0.48, ARRAY['unidad16','integrar_tiempos_y_relativos_para_contar_una_historia_de_viaje','writing']),
 ('c3000125-0000-0000-0000-000000000125','20000000-0000-0000-0000-000000000001','B1','writing','translation',
   $p$Traduce: "Perdimos el tren, pero conocimos a una pareja que nos llevó a la ciudad.".$p$,
   $j${"source":"Perdimos el tren, pero conocimos a una pareja que nos llevó a la ciudad."}$j$::jsonb, $j${"value":"We missed the train, but we met a couple who drove us to the city.","accepted":["We missed the train but we met a couple who drove us to the city.","We missed the train, but we met a couple that drove us to the city.","We missed the train but we met a couple that drove us to the city."]}$j$::jsonb,
   0.48, ARRAY['unidad16','integrar_tiempos_y_relativos_para_contar_una_historia_de_viaje','writing']),
 ('c3000126-0000-0000-0000-000000000126','20000000-0000-0000-0000-000000000001','B1','writing','reorder',
   $p$Ordena para formar la oración: "Fue una aventura que nunca olvidaremos".$p$,
   $j${"tiles":["It","was","an","adventure","that","we","will","never","forget"]}$j$::jsonb, $j${"value":"It was an adventure that we will never forget"}$j$::jsonb,
   0.48, ARRAY['unidad16','integrar_tiempos_y_relativos_para_contar_una_historia_de_viaje','writing']),
 ('c3000127-0000-0000-0000-000000000127','20000000-0000-0000-0000-000000000001','B1','listening','listening',
   $p$Escucha y elige lo que oíste.$p$,
   $j${"options":["We were driving through the mountains when the car broke down.","We were walking through the city when we lost our map.","We were flying over the mountains when the storm began."],"say":"We were driving through the mountains when the car broke down.","audio_url":"https://wiauinufpbkmjlbqlkxo.supabase.co/storage/v1/object/public/audio/items/c3000127-0000-0000-0000-000000000127.mp3"}$j$::jsonb, $j${"value":"We were driving through the mountains when the car broke down."}$j$::jsonb,
   0.48, ARRAY['unidad16','integrar_tiempos_y_relativos_para_contar_una_historia_de_viaje','listening']),
 ('c3000128-0000-0000-0000-000000000128','20000000-0000-0000-0000-000000000001','B1','speaking','speaking_read_aloud',
   $p$Lee en voz alta:$p$,
   $j${"text":"It was an unforgettable adventure that I will tell my friends about for years.","audio_url":"https://wiauinufpbkmjlbqlkxo.supabase.co/storage/v1/object/public/audio/items/c3000128-0000-0000-0000-000000000128.mp3"}$j$::jsonb, $j${"expected":"It was an unforgettable adventure that I will tell my friends about for years."}$j$::jsonb,
   0.48, ARRAY['unidad16','integrar_tiempos_y_relativos_para_contar_una_historia_de_viaje','speaking'])
on conflict (id) do update set prompt=excluded.prompt, payload=excluded.payload, correct_answer=excluded.correct_answer, difficulty=excluded.difficulty, tags=excluded.tags, updated_at=now();
insert into lesson_items (lesson_id, item_id, order_index) values
 ('40000000-0000-0000-0000-000000001601','c3000097-0000-0000-0000-000000000097',1),
 ('40000000-0000-0000-0000-000000001601','c3000098-0000-0000-0000-000000000098',2),
 ('40000000-0000-0000-0000-000000001601','c3000099-0000-0000-0000-000000000099',3),
 ('40000000-0000-0000-0000-000000001601','c3000100-0000-0000-0000-000000000100',4),
 ('40000000-0000-0000-0000-000000001601','c3000101-0000-0000-0000-000000000101',5),
 ('40000000-0000-0000-0000-000000001601','c3000102-0000-0000-0000-000000000102',6),
 ('40000000-0000-0000-0000-000000001601','c3000103-0000-0000-0000-000000000103',7),
 ('40000000-0000-0000-0000-000000001601','c3000104-0000-0000-0000-000000000104',8),
 ('40000000-0000-0000-0000-000000001602','c3000105-0000-0000-0000-000000000105',1),
 ('40000000-0000-0000-0000-000000001602','c3000106-0000-0000-0000-000000000106',2),
 ('40000000-0000-0000-0000-000000001602','c3000107-0000-0000-0000-000000000107',3),
 ('40000000-0000-0000-0000-000000001602','c3000108-0000-0000-0000-000000000108',4),
 ('40000000-0000-0000-0000-000000001602','c3000109-0000-0000-0000-000000000109',5),
 ('40000000-0000-0000-0000-000000001602','c3000110-0000-0000-0000-000000000110',6),
 ('40000000-0000-0000-0000-000000001602','c3000111-0000-0000-0000-000000000111',7),
 ('40000000-0000-0000-0000-000000001602','c3000112-0000-0000-0000-000000000112',8),
 ('40000000-0000-0000-0000-000000001603','c3000113-0000-0000-0000-000000000113',1),
 ('40000000-0000-0000-0000-000000001603','c3000114-0000-0000-0000-000000000114',2),
 ('40000000-0000-0000-0000-000000001603','c3000115-0000-0000-0000-000000000115',3),
 ('40000000-0000-0000-0000-000000001603','c3000116-0000-0000-0000-000000000116',4),
 ('40000000-0000-0000-0000-000000001603','c3000117-0000-0000-0000-000000000117',5),
 ('40000000-0000-0000-0000-000000001603','c3000118-0000-0000-0000-000000000118',6),
 ('40000000-0000-0000-0000-000000001603','c3000119-0000-0000-0000-000000000119',7),
 ('40000000-0000-0000-0000-000000001603','c3000120-0000-0000-0000-000000000120',8),
 ('40000000-0000-0000-0000-000000001604','c3000121-0000-0000-0000-000000000121',1),
 ('40000000-0000-0000-0000-000000001604','c3000122-0000-0000-0000-000000000122',2),
 ('40000000-0000-0000-0000-000000001604','c3000123-0000-0000-0000-000000000123',3),
 ('40000000-0000-0000-0000-000000001604','c3000124-0000-0000-0000-000000000124',4),
 ('40000000-0000-0000-0000-000000001604','c3000125-0000-0000-0000-000000000125',5),
 ('40000000-0000-0000-0000-000000001604','c3000126-0000-0000-0000-000000000126',6),
 ('40000000-0000-0000-0000-000000001604','c3000127-0000-0000-0000-000000000127',7),
 ('40000000-0000-0000-0000-000000001604','c3000128-0000-0000-0000-000000000128',8),
 ('40000000-0000-0000-0000-000000001605','c3000097-0000-0000-0000-000000000097',1),
 ('40000000-0000-0000-0000-000000001605','c3000098-0000-0000-0000-000000000098',2),
 ('40000000-0000-0000-0000-000000001605','c3000099-0000-0000-0000-000000000099',3),
 ('40000000-0000-0000-0000-000000001605','c3000100-0000-0000-0000-000000000100',4),
 ('40000000-0000-0000-0000-000000001605','c3000101-0000-0000-0000-000000000101',5),
 ('40000000-0000-0000-0000-000000001605','c3000102-0000-0000-0000-000000000102',6),
 ('40000000-0000-0000-0000-000000001605','c3000103-0000-0000-0000-000000000103',7),
 ('40000000-0000-0000-0000-000000001605','c3000111-0000-0000-0000-000000000111',8),
 ('40000000-0000-0000-0000-000000001605','c3000104-0000-0000-0000-000000000104',9),
 ('40000000-0000-0000-0000-000000001605','c3000112-0000-0000-0000-000000000112',10)
on conflict (lesson_id, item_id) do nothing;
insert into vocabulary (id, course_id, word, translation, frequency_rank, part_of_speech) values
 ('b1b00047-0000-0000-0000-000000000047','20000000-0000-0000-0000-000000000001',$p$journey$p$,$p$viaje (trayecto)$p$,820,'noun'),
 ('b1b00048-0000-0000-0000-000000000048','20000000-0000-0000-0000-000000000001',$p$abroad$p$,$p$al extranjero$p$,821,'adverb'),
 ('b1b00049-0000-0000-0000-000000000049','20000000-0000-0000-0000-000000000001',$p$luggage$p$,$p$equipaje$p$,822,'noun'),
 ('b1b00050-0000-0000-0000-000000000050','20000000-0000-0000-0000-000000000001',$p$flight$p$,$p$vuelo$p$,823,'noun'),
 ('b1b00051-0000-0000-0000-000000000051','20000000-0000-0000-0000-000000000001',$p$landscape$p$,$p$paisaje$p$,824,'noun'),
 ('b1b00052-0000-0000-0000-000000000052','20000000-0000-0000-0000-000000000001',$p$adventure$p$,$p$aventura$p$,825,'noun'),
 ('b1b00053-0000-0000-0000-000000000053','20000000-0000-0000-0000-000000000001',$p$to get lost$p$,$p$perderse$p$,826,'verb'),
 ('b1b00054-0000-0000-0000-000000000054','20000000-0000-0000-0000-000000000001',$p$on time$p$,$p$a tiempo$p$,827,'phrase'),
 ('b1b00055-0000-0000-0000-000000000055','20000000-0000-0000-0000-000000000001',$p$suddenly$p$,$p$de repente$p$,828,'adverb'),
 ('b1b00056-0000-0000-0000-000000000056','20000000-0000-0000-0000-000000000001',$p$to realize$p$,$p$darse cuenta$p$,829,'verb'),
 ('b1b00057-0000-0000-0000-000000000057','20000000-0000-0000-0000-000000000001',$p$souvenir$p$,$p$recuerdo (objeto)$p$,830,'noun'),
 ('b1b00058-0000-0000-0000-000000000058','20000000-0000-0000-0000-000000000001',$p$local$p$,$p$local$p$,831,'adjective'),
 ('b1b00059-0000-0000-0000-000000000059','20000000-0000-0000-0000-000000000001',$p$to miss (a train)$p$,$p$perder (un tren)$p$,832,'verb'),
 ('b1b00060-0000-0000-0000-000000000060','20000000-0000-0000-0000-000000000001',$p$crowded$p$,$p$abarrotado$p$,833,'adjective'),
 ('b1b00061-0000-0000-0000-000000000061','20000000-0000-0000-0000-000000000001',$p$to explore$p$,$p$explorar$p$,834,'verb'),
 ('b1b00062-0000-0000-0000-000000000062','20000000-0000-0000-0000-000000000001',$p$unforgettable$p$,$p$inolvidable$p$,835,'adjective')
on conflict (id) do nothing;

-- ── Unidad 17 (B1): Problemas y soluciones ───────────────────────────────────────
insert into units (id, course_id, cefr_level, order_index, title, theme_color, icon) values
 ('30000000-0000-0000-0000-000000000017','20000000-0000-0000-0000-000000000001','B1',17,$p$Problemas y soluciones$p$,'#EF6F6C','build')
on conflict (course_id, order_index) do update set title=excluded.title, theme_color=excluded.theme_color, icon=excluded.icon;
insert into lessons (id, unit_id, order_index, title, description, type, xp_reward) values
 ('40000000-0000-0000-0000-000000001701','30000000-0000-0000-0000-000000000017',1,$p$Cuando algo se rompe$p$,$p$Cuando algo se rompe$p$,'lesson',15),
 ('40000000-0000-0000-0000-000000001702','30000000-0000-0000-0000-000000000017',2,$p$Si pasa esto, haré aquello$p$,$p$Si pasa esto, haré aquello$p$,'lesson',15),
 ('40000000-0000-0000-0000-000000001703','30000000-0000-0000-0000-000000000017',3,$p$Reglas, avisos y obligaciones$p$,$p$Reglas, avisos y obligaciones$p$,'lesson',15),
 ('40000000-0000-0000-0000-000000001704','30000000-0000-0000-0000-000000000017',4,$p$Pedir ayuda y dar consejo$p$,$p$Pedir ayuda y dar consejo$p$,'lesson',15),
 ('40000000-0000-0000-0000-000000001705','30000000-0000-0000-0000-000000000017',5,$p$🏁 Checkpoint Unidad 17$p$,$p$En esta unidad practicas cómo describir problemas cotidianos y proponer soluciones. Usas el condicional cero (If + presente, presente) para verdades y normas, y el condicional primero (If + presente, will + verbo) para consecuencias probables. Además dominas los modales: must y have to (obligación), mustn't y can't (prohibición), y should/shouldn't (consejo), para dar instrucciones, advertencias y recomendaciones al resolver averías, retrasos, errores y emergencias.$p$,'checkpoint',40)
on conflict (unit_id, order_index) do update set title=excluded.title, description=excluded.description;
insert into exams (id, course_id, type, cefr_level, unit_id, time_limit_sec, pass_threshold, sections) values
 ('50000000-0000-0000-0000-000000000017','20000000-0000-0000-0000-000000000001','checkpoint','B1','30000000-0000-0000-0000-000000000017',300,0.80,$j${"skills":["reading","listening","writing","speaking"],"item_count":10,"randomize":true}$j$::jsonb)
on conflict (id) do nothing;
insert into content_items (id, course_id, cefr_level, skill, type, prompt, payload, correct_answer, difficulty, tags) values
 ('c3000129-0000-0000-0000-000000000129','20000000-0000-0000-0000-000000000001','B1','reading','match',
   $p$Empareja cada palabra con su traducción.$p$,
   $j${"pairs":[{"en":"broken","es":"roto"},{"en":"leak","es":"gotera"},{"en":"fix","es":"arreglar"}]}$j$::jsonb, $j${"pairs":[["broken","roto"],["leak","gotera"],["fix","arreglar"]]}$j$::jsonb,
   0.48, ARRAY['unidad17','condicional_cero_normas_y_reacciones_automaticas_ante_problemas_en_casa_y_con_aparatos','reading']),
 ('c3000130-0000-0000-0000-000000000130','20000000-0000-0000-0000-000000000001','B1','reading','multiple_choice',
   $p$Completa la norma general: "If the heater ___ too hot, it switches off automatically."$p$,
   $j${"options":["gets","will get","got","is getting"]}$j$::jsonb, $j${"value":"gets"}$j$::jsonb,
   0.48, ARRAY['unidad17','condicional_cero_normas_y_reacciones_automaticas_ante_problemas_en_casa_y_con_aparatos','reading']),
 ('c3000131-0000-0000-0000-000000000131','20000000-0000-0000-0000-000000000001','B1','reading','multiple_choice',
   $p$Elige la frase correcta para una verdad general (condicional cero).$p$,
   $j${"options":["If you press this button, the screen turns off.","If you will press this button, the screen turns off.","If you press this button, the screen will turning off.","If you pressing this button, the screen turns off."]}$j$::jsonb, $j${"value":"If you press this button, the screen turns off."}$j$::jsonb,
   0.48, ARRAY['unidad17','condicional_cero_normas_y_reacciones_automaticas_ante_problemas_en_casa_y_con_aparatos','reading']),
 ('c3000132-0000-0000-0000-000000000132','20000000-0000-0000-0000-000000000001','B1','writing','cloze',
   $p$Completa con el verbo en presente (condicional cero): "If the pipe is old, it usually ___ water."$p$,
   $j${"text":"If the pipe is old, it usually ___ water."}$j$::jsonb, $j${"value":"leaks","accepted":["leaks"]}$j$::jsonb,
   0.48, ARRAY['unidad17','condicional_cero_normas_y_reacciones_automaticas_ante_problemas_en_casa_y_con_aparatos','writing']),
 ('c3000133-0000-0000-0000-000000000133','20000000-0000-0000-0000-000000000001','B1','writing','translation',
   $p$Traduce: "Si el ordenador se calienta, se apaga.".$p$,
   $j${"source":"Si el ordenador se calienta, se apaga."}$j$::jsonb, $j${"value":"If the computer gets hot, it turns off.","accepted":["If the computer gets hot, it turns off","If the computer gets hot it turns off.","If the computer gets hot, it switches off.","When the computer gets hot, it turns off.","If the computer becomes hot, it turns off."]}$j$::jsonb,
   0.48, ARRAY['unidad17','condicional_cero_normas_y_reacciones_automaticas_ante_problemas_en_casa_y_con_aparatos','writing']),
 ('c3000134-0000-0000-0000-000000000134','20000000-0000-0000-0000-000000000001','B1','writing','reorder',
   $p$Ordena la frase: "Si lo dejas caer, se rompe."$p$,
   $j${"tiles":["it","If","drop","breaks","you","it"]}$j$::jsonb, $j${"value":"If you drop it, it breaks"}$j$::jsonb,
   0.48, ARRAY['unidad17','condicional_cero_normas_y_reacciones_automaticas_ante_problemas_en_casa_y_con_aparatos','writing']),
 ('c3000135-0000-0000-0000-000000000135','20000000-0000-0000-0000-000000000001','B1','listening','listening',
   $p$Escucha y elige lo que oíste.$p$,
   $j${"options":["If the light is red, the machine is broken.","If the light is green, the machine is ready.","When the light is blue, the machine is off."],"say":"If the light is red, the machine is broken.","audio_url":"https://wiauinufpbkmjlbqlkxo.supabase.co/storage/v1/object/public/audio/items/c3000135-0000-0000-0000-000000000135.mp3"}$j$::jsonb, $j${"value":"If the light is red, the machine is broken."}$j$::jsonb,
   0.48, ARRAY['unidad17','condicional_cero_normas_y_reacciones_automaticas_ante_problemas_en_casa_y_con_aparatos','listening']),
 ('c3000136-0000-0000-0000-000000000136','20000000-0000-0000-0000-000000000001','B1','speaking','speaking_read_aloud',
   $p$Lee en voz alta:$p$,
   $j${"text":"If the washing machine breaks down again, we call the technician.","audio_url":"https://wiauinufpbkmjlbqlkxo.supabase.co/storage/v1/object/public/audio/items/c3000136-0000-0000-0000-000000000136.mp3"}$j$::jsonb, $j${"expected":"If the washing machine breaks down again, we call the technician."}$j$::jsonb,
   0.48, ARRAY['unidad17','condicional_cero_normas_y_reacciones_automaticas_ante_problemas_en_casa_y_con_aparatos','speaking']),
 ('c3000137-0000-0000-0000-000000000137','20000000-0000-0000-0000-000000000001','B1','reading','match',
   $p$Empareja cada palabra con su traducción.$p$,
   $j${"pairs":[{"en":"deadline","es":"fecha límite"},{"en":"delay","es":"retraso"},{"en":"solution","es":"solución"}]}$j$::jsonb, $j${"pairs":[["deadline","fecha límite"],["delay","retraso"],["solution","solución"]]}$j$::jsonb,
   0.48, ARRAY['unidad17','condicional_primero_consecuencias_probables_y_planes_ante_retrasos_y_fechas_limite','reading']),
 ('c3000138-0000-0000-0000-000000000138','20000000-0000-0000-0000-000000000001','B1','reading','multiple_choice',
   $p$Completa con condicional primero: "If we miss the deadline, the client ___ angry."$p$,
   $j${"options":["will be","is","was","be"]}$j$::jsonb, $j${"value":"will be"}$j$::jsonb,
   0.48, ARRAY['unidad17','condicional_primero_consecuencias_probables_y_planes_ante_retrasos_y_fechas_limite','reading']),
 ('c3000139-0000-0000-0000-000000000139','20000000-0000-0000-0000-000000000001','B1','reading','multiple_choice',
   $p$Elige la frase correcta (primer condicional para una consecuencia futura probable).$p$,
   $j${"options":["If the bus is late, I will take a taxi.","If the bus will be late, I take a taxi.","If the bus is late, I take will a taxi.","If the bus late, I will take a taxi."]}$j$::jsonb, $j${"value":"If the bus is late, I will take a taxi."}$j$::jsonb,
   0.48, ARRAY['unidad17','condicional_primero_consecuencias_probables_y_planes_ante_retrasos_y_fechas_limite','reading']),
 ('c3000140-0000-0000-0000-000000000140','20000000-0000-0000-0000-000000000001','B1','writing','cloze',
   $p$Completa con "will" + verbo: "If you don't hurry, you ___ the train."$p$,
   $j${"text":"If you don't hurry, you ___ the train."}$j$::jsonb, $j${"value":"will miss","accepted":["will miss","'ll miss","you will miss"]}$j$::jsonb,
   0.48, ARRAY['unidad17','condicional_primero_consecuencias_probables_y_planes_ante_retrasos_y_fechas_limite','writing']),
 ('c3000141-0000-0000-0000-000000000141','20000000-0000-0000-0000-000000000001','B1','writing','translation',
   $p$Traduce: "Si hay un retraso, te llamaré.".$p$,
   $j${"source":"Si hay un retraso, te llamaré."}$j$::jsonb, $j${"value":"If there is a delay, I will call you.","accepted":["If there is a delay, I will call you","If there is a delay, I'll call you.","If there's a delay, I will call you.","If there's a delay, I'll call you.","I will call you if there is a delay."]}$j$::jsonb,
   0.48, ARRAY['unidad17','condicional_primero_consecuencias_probables_y_planes_ante_retrasos_y_fechas_limite','writing']),
 ('c3000142-0000-0000-0000-000000000142','20000000-0000-0000-0000-000000000001','B1','writing','word_bank',
   $p$Arma la frase: "Si terminamos pronto, te ayudaré."$p$,
   $j${"tiles":["If","we","finish","early","I","will","help","you","would","miss"]}$j$::jsonb, $j${"value":"If we finish early I will help you","sequence":["If","we","finish","early","I","will","help","you"]}$j$::jsonb,
   0.48, ARRAY['unidad17','condicional_primero_consecuencias_probables_y_planes_ante_retrasos_y_fechas_limite','writing']),
 ('c3000143-0000-0000-0000-000000000143','20000000-0000-0000-0000-000000000001','B1','listening','listening',
   $p$Escucha y elige lo que oíste.$p$,
   $j${"options":["If the meeting starts late, we will change the plan.","If the meeting starts early, we will cancel it.","When the meeting ends, we will go home."],"say":"If the meeting starts late, we will change the plan.","audio_url":"https://wiauinufpbkmjlbqlkxo.supabase.co/storage/v1/object/public/audio/items/c3000143-0000-0000-0000-000000000143.mp3"}$j$::jsonb, $j${"value":"If the meeting starts late, we will change the plan."}$j$::jsonb,
   0.48, ARRAY['unidad17','condicional_primero_consecuencias_probables_y_planes_ante_retrasos_y_fechas_limite','listening']),
 ('c3000144-0000-0000-0000-000000000144','20000000-0000-0000-0000-000000000001','B1','speaking','speaking_read_aloud',
   $p$Lee en voz alta:$p$,
   $j${"text":"If the project is delayed, we will tell the manager immediately.","audio_url":"https://wiauinufpbkmjlbqlkxo.supabase.co/storage/v1/object/public/audio/items/c3000144-0000-0000-0000-000000000144.mp3"}$j$::jsonb, $j${"expected":"If the project is delayed, we will tell the manager immediately."}$j$::jsonb,
   0.48, ARRAY['unidad17','condicional_primero_consecuencias_probables_y_planes_ante_retrasos_y_fechas_limite','speaking']),
 ('c3000145-0000-0000-0000-000000000145','20000000-0000-0000-0000-000000000001','B1','reading','match',
   $p$Empareja cada palabra con su traducción.$p$,
   $j${"pairs":[{"en":"warning","es":"advertencia"},{"en":"mistake","es":"error"},{"en":"emergency","es":"emergencia"}]}$j$::jsonb, $j${"pairs":[["warning","advertencia"],["mistake","error"],["emergency","emergencia"]]}$j$::jsonb,
   0.48, ARRAY['unidad17','modales_must_have_to_mustn_t_can_t_obligacion_y_prohibicion_en_el_trabajo_y_los_servicios','reading']),
 ('c3000146-0000-0000-0000-000000000146','20000000-0000-0000-0000-000000000001','B1','reading','multiple_choice',
   $p$Completa con obligación: "You ___ wear a helmet on the building site."$p$,
   $j${"options":["must","mustn't","shouldn't","needn't"]}$j$::jsonb, $j${"value":"must"}$j$::jsonb,
   0.48, ARRAY['unidad17','modales_must_have_to_mustn_t_can_t_obligacion_y_prohibicion_en_el_trabajo_y_los_servicios','reading']),
 ('c3000147-0000-0000-0000-000000000147','20000000-0000-0000-0000-000000000001','B1','reading','multiple_choice',
   $p$Elige la prohibición correcta para un cartel de seguridad.$p$,
   $j${"options":["You mustn't use the lift during a fire.","You must use the lift during a fire.","You don't must use the lift during a fire.","You haven't to use the lift during a fire."]}$j$::jsonb, $j${"value":"You mustn't use the lift during a fire."}$j$::jsonb,
   0.48, ARRAY['unidad17','modales_must_have_to_mustn_t_can_t_obligacion_y_prohibicion_en_el_trabajo_y_los_servicios','reading']),
 ('c3000148-0000-0000-0000-000000000148','20000000-0000-0000-0000-000000000001','B1','writing','cloze',
   $p$Completa con obligación externa (norma de la empresa): "Everyone ___ to sign in at reception."$p$,
   $j${"text":"Everyone ___ to sign in at reception."}$j$::jsonb, $j${"value":"has","accepted":["has"]}$j$::jsonb,
   0.48, ARRAY['unidad17','modales_must_have_to_mustn_t_can_t_obligacion_y_prohibicion_en_el_trabajo_y_los_servicios','writing']),
 ('c3000149-0000-0000-0000-000000000149','20000000-0000-0000-0000-000000000001','B1','writing','translation',
   $p$Traduce: "No puedes aparcar aquí.".$p$,
   $j${"source":"No puedes aparcar aquí."}$j$::jsonb, $j${"value":"You can't park here.","accepted":["You can't park here","You cannot park here.","You cannot park here","You can not park here."]}$j$::jsonb,
   0.48, ARRAY['unidad17','modales_must_have_to_mustn_t_can_t_obligacion_y_prohibicion_en_el_trabajo_y_los_servicios','writing']),
 ('c3000150-0000-0000-0000-000000000150','20000000-0000-0000-0000-000000000001','B1','writing','reorder',
   $p$Ordena la frase: "Tienes que reportar cada error."$p$,
   $j${"tiles":["have","You","every","report","to","mistake"]}$j$::jsonb, $j${"value":"You have to report every mistake"}$j$::jsonb,
   0.48, ARRAY['unidad17','modales_must_have_to_mustn_t_can_t_obligacion_y_prohibicion_en_el_trabajo_y_los_servicios','writing']),
 ('c3000151-0000-0000-0000-000000000151','20000000-0000-0000-0000-000000000001','B1','listening','listening',
   $p$Escucha y elige lo que oíste.$p$,
   $j${"options":["You must turn off your phone in the meeting.","You must turn on your phone in the meeting.","You can use your phone in the meeting."],"say":"You must turn off your phone in the meeting.","audio_url":"https://wiauinufpbkmjlbqlkxo.supabase.co/storage/v1/object/public/audio/items/c3000151-0000-0000-0000-000000000151.mp3"}$j$::jsonb, $j${"value":"You must turn off your phone in the meeting."}$j$::jsonb,
   0.48, ARRAY['unidad17','modales_must_have_to_mustn_t_can_t_obligacion_y_prohibicion_en_el_trabajo_y_los_servicios','listening']),
 ('c3000152-0000-0000-0000-000000000152','20000000-0000-0000-0000-000000000001','B1','speaking','speaking_read_aloud',
   $p$Lee en voz alta:$p$,
   $j${"text":"In an emergency, you must stay calm and call for help.","audio_url":"https://wiauinufpbkmjlbqlkxo.supabase.co/storage/v1/object/public/audio/items/c3000152-0000-0000-0000-000000000152.mp3"}$j$::jsonb, $j${"expected":"In an emergency, you must stay calm and call for help."}$j$::jsonb,
   0.48, ARRAY['unidad17','modales_must_have_to_mustn_t_can_t_obligacion_y_prohibicion_en_el_trabajo_y_los_servicios','speaking']),
 ('c3000153-0000-0000-0000-000000000153','20000000-0000-0000-0000-000000000001','B1','reading','match',
   $p$Empareja cada palabra con su traducción.$p$,
   $j${"pairs":[{"en":"complain","es":"quejarse"},{"en":"refund","es":"reembolso"},{"en":"advice","es":"consejo"}]}$j$::jsonb, $j${"pairs":[["complain","quejarse"],["refund","reembolso"],["advice","consejo"]]}$j$::jsonb,
   0.48, ARRAY['unidad17','modales_should_shouldn_t_y_frases_para_quejarse_pedir_reembolso_y_resolver_el_problema','reading']),
 ('c3000154-0000-0000-0000-000000000154','20000000-0000-0000-0000-000000000001','B1','reading','multiple_choice',
   $p$Completa con consejo: "The phone is still broken. You ___ ask for a refund."$p$,
   $j${"options":["should","must","can't","mustn't"]}$j$::jsonb, $j${"value":"should"}$j$::jsonb,
   0.48, ARRAY['unidad17','modales_should_shouldn_t_y_frases_para_quejarse_pedir_reembolso_y_resolver_el_problema','reading']),
 ('c3000155-0000-0000-0000-000000000155','20000000-0000-0000-0000-000000000001','B1','reading','multiple_choice',
   $p$Elige el consejo correcto para alguien que cometió un error.$p$,
   $j${"options":["You shouldn't ignore the problem; you should fix it.","You shouldn't to ignore the problem; you should fix it.","You don't should ignore the problem; you should fix it.","You shouldn't ignoring the problem; you should fix it."]}$j$::jsonb, $j${"value":"You shouldn't ignore the problem; you should fix it."}$j$::jsonb,
   0.48, ARRAY['unidad17','modales_should_shouldn_t_y_frases_para_quejarse_pedir_reembolso_y_resolver_el_problema','reading']),
 ('c3000156-0000-0000-0000-000000000156','20000000-0000-0000-0000-000000000001','B1','writing','cloze',
   $p$Completa con consejo negativo: "The charger is faulty. You ___ use it." (no es buena idea)$p$,
   $j${"text":"The charger is faulty. You ___ use it."}$j$::jsonb, $j${"value":"shouldn't","accepted":["shouldn't","should not"]}$j$::jsonb,
   0.48, ARRAY['unidad17','modales_should_shouldn_t_y_frases_para_quejarse_pedir_reembolso_y_resolver_el_problema','writing']),
 ('c3000157-0000-0000-0000-000000000157','20000000-0000-0000-0000-000000000001','B1','writing','translation',
   $p$Traduce: "Deberías quejarte al gerente.".$p$,
   $j${"source":"Deberías quejarte al gerente."}$j$::jsonb, $j${"value":"You should complain to the manager.","accepted":["You should complain to the manager","You should complain to the manager.","You ought to complain to the manager."]}$j$::jsonb,
   0.48, ARRAY['unidad17','modales_should_shouldn_t_y_frases_para_quejarse_pedir_reembolso_y_resolver_el_problema','writing']),
 ('c3000158-0000-0000-0000-000000000158','20000000-0000-0000-0000-000000000001','B1','writing','word_bank',
   $p$Arma la pregunta para pedir un consejo: "¿Qué debería hacer?"$p$,
   $j${"tiles":["What","should","I","do","must","to"]}$j$::jsonb, $j${"value":"What should I do","sequence":["What","should","I","do"]}$j$::jsonb,
   0.48, ARRAY['unidad17','modales_should_shouldn_t_y_frases_para_quejarse_pedir_reembolso_y_resolver_el_problema','writing']),
 ('c3000159-0000-0000-0000-000000000159','20000000-0000-0000-0000-000000000001','B1','listening','listening',
   $p$Escucha y elige lo que oíste.$p$,
   $j${"options":["You should keep the receipt if you want a refund.","You should throw away the receipt after you pay.","You shouldn't ask for a refund today."],"say":"You should keep the receipt if you want a refund.","audio_url":"https://wiauinufpbkmjlbqlkxo.supabase.co/storage/v1/object/public/audio/items/c3000159-0000-0000-0000-000000000159.mp3"}$j$::jsonb, $j${"value":"You should keep the receipt if you want a refund."}$j$::jsonb,
   0.48, ARRAY['unidad17','modales_should_shouldn_t_y_frases_para_quejarse_pedir_reembolso_y_resolver_el_problema','listening']),
 ('c3000160-0000-0000-0000-000000000160','20000000-0000-0000-0000-000000000001','B1','speaking','speaking_read_aloud',
   $p$Lee en voz alta:$p$,
   $j${"text":"If you have a problem with the product, you should call customer service first.","audio_url":"https://wiauinufpbkmjlbqlkxo.supabase.co/storage/v1/object/public/audio/items/c3000160-0000-0000-0000-000000000160.mp3"}$j$::jsonb, $j${"expected":"If you have a problem with the product, you should call customer service first."}$j$::jsonb,
   0.48, ARRAY['unidad17','modales_should_shouldn_t_y_frases_para_quejarse_pedir_reembolso_y_resolver_el_problema','speaking'])
on conflict (id) do update set prompt=excluded.prompt, payload=excluded.payload, correct_answer=excluded.correct_answer, difficulty=excluded.difficulty, tags=excluded.tags, updated_at=now();
insert into lesson_items (lesson_id, item_id, order_index) values
 ('40000000-0000-0000-0000-000000001701','c3000129-0000-0000-0000-000000000129',1),
 ('40000000-0000-0000-0000-000000001701','c3000130-0000-0000-0000-000000000130',2),
 ('40000000-0000-0000-0000-000000001701','c3000131-0000-0000-0000-000000000131',3),
 ('40000000-0000-0000-0000-000000001701','c3000132-0000-0000-0000-000000000132',4),
 ('40000000-0000-0000-0000-000000001701','c3000133-0000-0000-0000-000000000133',5),
 ('40000000-0000-0000-0000-000000001701','c3000134-0000-0000-0000-000000000134',6),
 ('40000000-0000-0000-0000-000000001701','c3000135-0000-0000-0000-000000000135',7),
 ('40000000-0000-0000-0000-000000001701','c3000136-0000-0000-0000-000000000136',8),
 ('40000000-0000-0000-0000-000000001702','c3000137-0000-0000-0000-000000000137',1),
 ('40000000-0000-0000-0000-000000001702','c3000138-0000-0000-0000-000000000138',2),
 ('40000000-0000-0000-0000-000000001702','c3000139-0000-0000-0000-000000000139',3),
 ('40000000-0000-0000-0000-000000001702','c3000140-0000-0000-0000-000000000140',4),
 ('40000000-0000-0000-0000-000000001702','c3000141-0000-0000-0000-000000000141',5),
 ('40000000-0000-0000-0000-000000001702','c3000142-0000-0000-0000-000000000142',6),
 ('40000000-0000-0000-0000-000000001702','c3000143-0000-0000-0000-000000000143',7),
 ('40000000-0000-0000-0000-000000001702','c3000144-0000-0000-0000-000000000144',8),
 ('40000000-0000-0000-0000-000000001703','c3000145-0000-0000-0000-000000000145',1),
 ('40000000-0000-0000-0000-000000001703','c3000146-0000-0000-0000-000000000146',2),
 ('40000000-0000-0000-0000-000000001703','c3000147-0000-0000-0000-000000000147',3),
 ('40000000-0000-0000-0000-000000001703','c3000148-0000-0000-0000-000000000148',4),
 ('40000000-0000-0000-0000-000000001703','c3000149-0000-0000-0000-000000000149',5),
 ('40000000-0000-0000-0000-000000001703','c3000150-0000-0000-0000-000000000150',6),
 ('40000000-0000-0000-0000-000000001703','c3000151-0000-0000-0000-000000000151',7),
 ('40000000-0000-0000-0000-000000001703','c3000152-0000-0000-0000-000000000152',8),
 ('40000000-0000-0000-0000-000000001704','c3000153-0000-0000-0000-000000000153',1),
 ('40000000-0000-0000-0000-000000001704','c3000154-0000-0000-0000-000000000154',2),
 ('40000000-0000-0000-0000-000000001704','c3000155-0000-0000-0000-000000000155',3),
 ('40000000-0000-0000-0000-000000001704','c3000156-0000-0000-0000-000000000156',4),
 ('40000000-0000-0000-0000-000000001704','c3000157-0000-0000-0000-000000000157',5),
 ('40000000-0000-0000-0000-000000001704','c3000158-0000-0000-0000-000000000158',6),
 ('40000000-0000-0000-0000-000000001704','c3000159-0000-0000-0000-000000000159',7),
 ('40000000-0000-0000-0000-000000001704','c3000160-0000-0000-0000-000000000160',8),
 ('40000000-0000-0000-0000-000000001705','c3000129-0000-0000-0000-000000000129',1),
 ('40000000-0000-0000-0000-000000001705','c3000130-0000-0000-0000-000000000130',2),
 ('40000000-0000-0000-0000-000000001705','c3000131-0000-0000-0000-000000000131',3),
 ('40000000-0000-0000-0000-000000001705','c3000132-0000-0000-0000-000000000132',4),
 ('40000000-0000-0000-0000-000000001705','c3000133-0000-0000-0000-000000000133',5),
 ('40000000-0000-0000-0000-000000001705','c3000134-0000-0000-0000-000000000134',6),
 ('40000000-0000-0000-0000-000000001705','c3000135-0000-0000-0000-000000000135',7),
 ('40000000-0000-0000-0000-000000001705','c3000143-0000-0000-0000-000000000143',8),
 ('40000000-0000-0000-0000-000000001705','c3000136-0000-0000-0000-000000000136',9),
 ('40000000-0000-0000-0000-000000001705','c3000144-0000-0000-0000-000000000144',10)
on conflict (lesson_id, item_id) do nothing;
insert into vocabulary (id, course_id, word, translation, frequency_rank, part_of_speech) values
 ('b1b00063-0000-0000-0000-000000000063','20000000-0000-0000-0000-000000000001',$p$problem$p$,$p$problema$p$,840,'noun'),
 ('b1b00064-0000-0000-0000-000000000064','20000000-0000-0000-0000-000000000001',$p$solution$p$,$p$solución$p$,841,'noun'),
 ('b1b00065-0000-0000-0000-000000000065','20000000-0000-0000-0000-000000000001',$p$break down$p$,$p$averiarse$p$,842,'verb'),
 ('b1b00066-0000-0000-0000-000000000066','20000000-0000-0000-0000-000000000001',$p$fix$p$,$p$arreglar$p$,843,'verb'),
 ('b1b00067-0000-0000-0000-000000000067','20000000-0000-0000-0000-000000000001',$p$broken$p$,$p$roto / averiado$p$,844,'adjective'),
 ('b1b00068-0000-0000-0000-000000000068','20000000-0000-0000-0000-000000000001',$p$warning$p$,$p$advertencia$p$,845,'noun'),
 ('b1b00069-0000-0000-0000-000000000069','20000000-0000-0000-0000-000000000001',$p$deadline$p$,$p$fecha límite$p$,846,'noun'),
 ('b1b00070-0000-0000-0000-000000000070','20000000-0000-0000-0000-000000000001',$p$delay$p$,$p$retraso$p$,847,'noun'),
 ('b1b00071-0000-0000-0000-000000000071','20000000-0000-0000-0000-000000000001',$p$mistake$p$,$p$error$p$,848,'noun'),
 ('b1b00072-0000-0000-0000-000000000072','20000000-0000-0000-0000-000000000001',$p$advice$p$,$p$consejo$p$,849,'noun'),
 ('b1b00073-0000-0000-0000-000000000073','20000000-0000-0000-0000-000000000001',$p$complain$p$,$p$quejarse$p$,850,'verb'),
 ('b1b00074-0000-0000-0000-000000000074','20000000-0000-0000-0000-000000000001',$p$refund$p$,$p$reembolso$p$,851,'noun'),
 ('b1b00075-0000-0000-0000-000000000075','20000000-0000-0000-0000-000000000001',$p$emergency$p$,$p$emergencia$p$,852,'noun'),
 ('b1b00076-0000-0000-0000-000000000076','20000000-0000-0000-0000-000000000001',$p$leak$p$,$p$fuga / gotera$p$,853,'noun'),
 ('b1b00077-0000-0000-0000-000000000077','20000000-0000-0000-0000-000000000001',$p$charger$p$,$p$cargador$p$,854,'noun'),
 ('b1b00078-0000-0000-0000-000000000078','20000000-0000-0000-0000-000000000001',$p$deal with$p$,$p$lidiar con / gestionar$p$,855,'verb')
on conflict (id) do nothing;

-- ── Unidad 18 (B1): Cultura, medios y futuro ───────────────────────────────────────
insert into units (id, course_id, cefr_level, order_index, title, theme_color, icon) values
 ('30000000-0000-0000-0000-000000000018','20000000-0000-0000-0000-000000000001','B1',18,$p$Cultura, medios y futuro$p$,'#6C5CE7','public')
on conflict (course_id, order_index) do update set title=excluded.title, theme_color=excluded.theme_color, icon=excluded.icon;
insert into lessons (id, unit_id, order_index, title, description, type, xp_reward) values
 ('40000000-0000-0000-0000-000000001801','30000000-0000-0000-0000-000000000018',1,$p$How things are made$p$,$p$How things are made$p$,'lesson',15),
 ('40000000-0000-0000-0000-000000001802','30000000-0000-0000-0000-000000000018',2,$p$Famous places and the past$p$,$p$Famous places and the past$p$,'lesson',15),
 ('40000000-0000-0000-0000-000000001803','30000000-0000-0000-0000-000000000018',3,$p$Comparing films and media$p$,$p$Comparing films and media$p$,'lesson',15),
 ('40000000-0000-0000-0000-000000001804','30000000-0000-0000-0000-000000000018',4,$p$Dreams and the future$p$,$p$Dreams and the future$p$,'lesson',15),
 ('40000000-0000-0000-0000-000000001805','30000000-0000-0000-0000-000000000018',5,$p$🏁 Checkpoint Unidad 18$p$,$p$En esta unidad practicas la voz pasiva en presente y pasado (is made / was built) para hablar de cómo se crean y producen las cosas, el segundo condicional (If I had…, I would…) para imaginar situaciones y sueños hipotéticos, y los comparativos avanzados con as…as y not as…as para comparar películas, medios y experiencias. Todo en el contexto de cultura, medios de comunicación y planes de futuro.$p$,'checkpoint',40)
on conflict (unit_id, order_index) do update set title=excluded.title, description=excluded.description;
insert into exams (id, course_id, type, cefr_level, unit_id, time_limit_sec, pass_threshold, sections) values
 ('50000000-0000-0000-0000-000000000018','20000000-0000-0000-0000-000000000001','checkpoint','B1','30000000-0000-0000-0000-000000000018',300,0.80,$j${"skills":["reading","listening","writing","speaking"],"item_count":10,"randomize":true}$j$::jsonb)
on conflict (id) do nothing;
insert into content_items (id, course_id, cefr_level, skill, type, prompt, payload, correct_answer, difficulty, tags) values
 ('c3000161-0000-0000-0000-000000000161','20000000-0000-0000-0000-000000000001','B1','reading','match',
   $p$Empareja cada palabra con su traducción.$p$,
   $j${"pairs":[{"en":"culture","es":"cultura"},{"en":"the media","es":"los medios de comunicación"},{"en":"made of","es":"hecho de"}]}$j$::jsonb, $j${"pairs":[["culture","cultura"],["the media","los medios de comunicación"],["made of","hecho de"]]}$j$::jsonb,
   0.48, ARRAY['unidad18','voz_pasiva_en_presente_hablar_de_como_se_crean_y_producen_las_cosas_is_made_are_produced','reading']),
 ('c3000162-0000-0000-0000-000000000162','20000000-0000-0000-0000-000000000001','B1','reading','multiple_choice',
   $p$Completa con voz pasiva en presente: "This bread ___ made every morning."$p$,
   $j${"options":["is","does","has"]}$j$::jsonb, $j${"value":"is"}$j$::jsonb,
   0.48, ARRAY['unidad18','voz_pasiva_en_presente_hablar_de_como_se_crean_y_producen_las_cosas_is_made_are_produced','reading']),
 ('c3000163-0000-0000-0000-000000000163','20000000-0000-0000-0000-000000000001','B1','reading','multiple_choice',
   $p$Elige la frase pasiva correcta para "Estos coches se fabrican en Japón".$p$,
   $j${"options":["These cars are made in Japan.","These cars make in Japan.","These cars is made in Japan."]}$j$::jsonb, $j${"value":"These cars are made in Japan."}$j$::jsonb,
   0.48, ARRAY['unidad18','voz_pasiva_en_presente_hablar_de_como_se_crean_y_producen_las_cosas_is_made_are_produced','reading']),
 ('c3000164-0000-0000-0000-000000000164','20000000-0000-0000-0000-000000000001','B1','writing','cloze',
   $p$Completa con la forma pasiva: "Coffee ___ grown in Colombia."$p$,
   $j${"text":"Coffee ___ grown in Colombia."}$j$::jsonb, $j${"value":"is","accepted":["is"]}$j$::jsonb,
   0.48, ARRAY['unidad18','voz_pasiva_en_presente_hablar_de_como_se_crean_y_producen_las_cosas_is_made_are_produced','writing']),
 ('c3000165-0000-0000-0000-000000000165','20000000-0000-0000-0000-000000000001','B1','writing','translation',
   $p$Traduce: "El queso está hecho de leche.".$p$,
   $j${"source":"El queso está hecho de leche."}$j$::jsonb, $j${"value":"Cheese is made of milk.","accepted":["Cheese is made of milk","The cheese is made of milk.","The cheese is made of milk","Cheese is made from milk.","Cheese is made from milk"]}$j$::jsonb,
   0.48, ARRAY['unidad18','voz_pasiva_en_presente_hablar_de_como_se_crean_y_producen_las_cosas_is_made_are_produced','writing']),
 ('c3000166-0000-0000-0000-000000000166','20000000-0000-0000-0000-000000000001','B1','writing','word_bank',
   $p$Arma la frase: "Estas botellas están hechas de plástico".$p$,
   $j${"tiles":["These","bottles","are","made","of","plastic","is","from"]}$j$::jsonb, $j${"value":"These bottles are made of plastic","sequence":["These","bottles","are","made","of","plastic"]}$j$::jsonb,
   0.48, ARRAY['unidad18','voz_pasiva_en_presente_hablar_de_como_se_crean_y_producen_las_cosas_is_made_are_produced','writing']),
 ('c3000167-0000-0000-0000-000000000167','20000000-0000-0000-0000-000000000001','B1','listening','listening',
   $p$Escucha y elige lo que oíste.$p$,
   $j${"options":["Millions of newspapers are printed every day.","Millions of people read books at home.","Many newspapers were sold last week."],"say":"Millions of newspapers are printed every day.","audio_url":"https://wiauinufpbkmjlbqlkxo.supabase.co/storage/v1/object/public/audio/items/c3000167-0000-0000-0000-000000000167.mp3"}$j$::jsonb, $j${"value":"Millions of newspapers are printed every day."}$j$::jsonb,
   0.48, ARRAY['unidad18','voz_pasiva_en_presente_hablar_de_como_se_crean_y_producen_las_cosas_is_made_are_produced','listening']),
 ('c3000168-0000-0000-0000-000000000168','20000000-0000-0000-0000-000000000001','B1','speaking','speaking_read_aloud',
   $p$Lee en voz alta:$p$,
   $j${"text":"Chocolate is made from cocoa, and it is sold all around the world.","audio_url":"https://wiauinufpbkmjlbqlkxo.supabase.co/storage/v1/object/public/audio/items/c3000168-0000-0000-0000-000000000168.mp3"}$j$::jsonb, $j${"expected":"Chocolate is made from cocoa, and it is sold all around the world."}$j$::jsonb,
   0.48, ARRAY['unidad18','voz_pasiva_en_presente_hablar_de_como_se_crean_y_producen_las_cosas_is_made_are_produced','speaking']),
 ('c3000169-0000-0000-0000-000000000169','20000000-0000-0000-0000-000000000001','B1','reading','match',
   $p$Empareja cada palabra con su traducción.$p$,
   $j${"pairs":[{"en":"was built","es":"fue construido"},{"en":"famous","es":"famoso"},{"en":"abroad","es":"en el extranjero"}]}$j$::jsonb, $j${"pairs":[["was built","fue construido"],["famous","famoso"],["abroad","en el extranjero"]]}$j$::jsonb,
   0.48, ARRAY['unidad18','voz_pasiva_en_pasado_hablar_de_monumentos_edificios_y_obras_culturales_was_built_were_created','reading']),
 ('c3000170-0000-0000-0000-000000000170','20000000-0000-0000-0000-000000000001','B1','reading','multiple_choice',
   $p$Completa con voz pasiva en pasado: "The bridge ___ built in 1890."$p$,
   $j${"options":["was","is","did"]}$j$::jsonb, $j${"value":"was"}$j$::jsonb,
   0.48, ARRAY['unidad18','voz_pasiva_en_pasado_hablar_de_monumentos_edificios_y_obras_culturales_was_built_were_created','reading']),
 ('c3000171-0000-0000-0000-000000000171','20000000-0000-0000-0000-000000000001','B1','reading','multiple_choice',
   $p$Elige la frase pasiva correcta para "Esas casas fueron construidas hace cien años".$p$,
   $j${"options":["Those houses were built a hundred years ago.","Those houses was built a hundred years ago.","Those houses are built a hundred years ago."]}$j$::jsonb, $j${"value":"Those houses were built a hundred years ago."}$j$::jsonb,
   0.48, ARRAY['unidad18','voz_pasiva_en_pasado_hablar_de_monumentos_edificios_y_obras_culturales_was_built_were_created','reading']),
 ('c3000172-0000-0000-0000-000000000172','20000000-0000-0000-0000-000000000001','B1','writing','cloze',
   $p$Completa con la forma pasiva en pasado: "The castle ___ built by the king."$p$,
   $j${"text":"The castle ___ built by the king."}$j$::jsonb, $j${"value":"was","accepted":["was"]}$j$::jsonb,
   0.48, ARRAY['unidad18','voz_pasiva_en_pasado_hablar_de_monumentos_edificios_y_obras_culturales_was_built_were_created','writing']),
 ('c3000173-0000-0000-0000-000000000173','20000000-0000-0000-0000-000000000001','B1','writing','translation',
   $p$Traduce: "El museo fue construido en 1950.".$p$,
   $j${"source":"El museo fue construido en 1950."}$j$::jsonb, $j${"value":"The museum was built in 1950.","accepted":["The museum was built in 1950","The museum was built in nineteen fifty.","The museum was built in nineteen fifty"]}$j$::jsonb,
   0.48, ARRAY['unidad18','voz_pasiva_en_pasado_hablar_de_monumentos_edificios_y_obras_culturales_was_built_were_created','writing']),
 ('c3000174-0000-0000-0000-000000000174','20000000-0000-0000-0000-000000000001','B1','writing','reorder',
   $p$Ordena: "Esta iglesia fue construida hace muchos años".$p$,
   $j${"tiles":["was","This","many","church","ago","built","years"]}$j$::jsonb, $j${"value":"This church was built many years ago"}$j$::jsonb,
   0.48, ARRAY['unidad18','voz_pasiva_en_pasado_hablar_de_monumentos_edificios_y_obras_culturales_was_built_were_created','writing']),
 ('c3000175-0000-0000-0000-000000000175','20000000-0000-0000-0000-000000000001','B1','listening','listening',
   $p$Escucha y elige lo que oíste.$p$,
   $j${"options":["This famous tower was built more than a century ago.","This famous tower is the tallest in the city.","These famous towers are visited every year."],"say":"This famous tower was built more than a century ago.","audio_url":"https://wiauinufpbkmjlbqlkxo.supabase.co/storage/v1/object/public/audio/items/c3000175-0000-0000-0000-000000000175.mp3"}$j$::jsonb, $j${"value":"This famous tower was built more than a century ago."}$j$::jsonb,
   0.48, ARRAY['unidad18','voz_pasiva_en_pasado_hablar_de_monumentos_edificios_y_obras_culturales_was_built_were_created','listening']),
 ('c3000176-0000-0000-0000-000000000176','20000000-0000-0000-0000-000000000001','B1','speaking','speaking_read_aloud',
   $p$Lee en voz alta:$p$,
   $j${"text":"The old theatre was built in 1925, and it is still famous today.","audio_url":"https://wiauinufpbkmjlbqlkxo.supabase.co/storage/v1/object/public/audio/items/c3000176-0000-0000-0000-000000000176.mp3"}$j$::jsonb, $j${"expected":"The old theatre was built in 1925, and it is still famous today."}$j$::jsonb,
   0.48, ARRAY['unidad18','voz_pasiva_en_pasado_hablar_de_monumentos_edificios_y_obras_culturales_was_built_were_created','speaking']),
 ('c3000177-0000-0000-0000-000000000177','20000000-0000-0000-0000-000000000001','B1','reading','match',
   $p$Empareja cada palabra con su traducción.$p$,
   $j${"pairs":[{"en":"documentary","es":"documental"},{"en":"channel","es":"canal"},{"en":"exciting","es":"emocionante"}]}$j$::jsonb, $j${"pairs":[["documentary","documental"],["channel","canal"],["exciting","emocionante"]]}$j$::jsonb,
   0.48, ARRAY['unidad18','comparativos_avanzados_con_as_as_y_not_as_as_para_comparar_peliculas_programas_y_medios','reading']),
 ('c3000178-0000-0000-0000-000000000178','20000000-0000-0000-0000-000000000001','B1','reading','multiple_choice',
   $p$Completa: "The book is ___ interesting as the film."$p$,
   $j${"options":["as","more","than"]}$j$::jsonb, $j${"value":"as"}$j$::jsonb,
   0.48, ARRAY['unidad18','comparativos_avanzados_con_as_as_y_not_as_as_para_comparar_peliculas_programas_y_medios','reading']),
 ('c3000179-0000-0000-0000-000000000179','20000000-0000-0000-0000-000000000001','B1','reading','multiple_choice',
   $p$Elige la frase correcta para "El programa no es tan emocionante como la película".$p$,
   $j${"options":["The show is not as exciting as the film.","The show is not so exciting than the film.","The show is not exciting as the film."]}$j$::jsonb, $j${"value":"The show is not as exciting as the film."}$j$::jsonb,
   0.48, ARRAY['unidad18','comparativos_avanzados_con_as_as_y_not_as_as_para_comparar_peliculas_programas_y_medios','reading']),
 ('c3000180-0000-0000-0000-000000000180','20000000-0000-0000-0000-000000000001','B1','writing','cloze',
   $p$Completa con la estructura "not as … as": "This channel is not ___ popular as the news."$p$,
   $j${"text":"This channel is not ___ popular as the news."}$j$::jsonb, $j${"value":"as","accepted":["as"]}$j$::jsonb,
   0.48, ARRAY['unidad18','comparativos_avanzados_con_as_as_y_not_as_as_para_comparar_peliculas_programas_y_medios','writing']),
 ('c3000181-0000-0000-0000-000000000181','20000000-0000-0000-0000-000000000001','B1','writing','translation',
   $p$Traduce: "Este documental es tan interesante como la película.".$p$,
   $j${"source":"Este documental es tan interesante como la película."}$j$::jsonb, $j${"value":"This documentary is as interesting as the film.","accepted":["This documentary is as interesting as the film","This documentary is as interesting as the movie.","This documentary is as interesting as the movie"]}$j$::jsonb,
   0.48, ARRAY['unidad18','comparativos_avanzados_con_as_as_y_not_as_as_para_comparar_peliculas_programas_y_medios','writing']),
 ('c3000182-0000-0000-0000-000000000182','20000000-0000-0000-0000-000000000001','B1','writing','word_bank',
   $p$Arma la frase: "La radio no es tan popular como la televisión".$p$,
   $j${"tiles":["Radio","is","not","as","popular","as","television","than","more"]}$j$::jsonb, $j${"value":"Radio is not as popular as television","sequence":["Radio","is","not","as","popular","as","television"]}$j$::jsonb,
   0.48, ARRAY['unidad18','comparativos_avanzados_con_as_as_y_not_as_as_para_comparar_peliculas_programas_y_medios','writing']),
 ('c3000183-0000-0000-0000-000000000183','20000000-0000-0000-0000-000000000001','B1','listening','listening',
   $p$Escucha y elige lo que oíste.$p$,
   $j${"options":["This series is not as exciting as the first one.","This series is the most exciting on TV.","These films are as long as the books."],"say":"This series is not as exciting as the first one.","audio_url":"https://wiauinufpbkmjlbqlkxo.supabase.co/storage/v1/object/public/audio/items/c3000183-0000-0000-0000-000000000183.mp3"}$j$::jsonb, $j${"value":"This series is not as exciting as the first one."}$j$::jsonb,
   0.48, ARRAY['unidad18','comparativos_avanzados_con_as_as_y_not_as_as_para_comparar_peliculas_programas_y_medios','listening']),
 ('c3000184-0000-0000-0000-000000000184','20000000-0000-0000-0000-000000000001','B1','speaking','speaking_read_aloud',
   $p$Lee en voz alta:$p$,
   $j${"text":"I think the news is as important as the films we watch.","audio_url":"https://wiauinufpbkmjlbqlkxo.supabase.co/storage/v1/object/public/audio/items/c3000184-0000-0000-0000-000000000184.mp3"}$j$::jsonb, $j${"expected":"I think the news is as important as the films we watch."}$j$::jsonb,
   0.48, ARRAY['unidad18','comparativos_avanzados_con_as_as_y_not_as_as_para_comparar_peliculas_programas_y_medios','speaking']),
 ('c3000185-0000-0000-0000-000000000185','20000000-0000-0000-0000-000000000001','B1','reading','match',
   $p$Empareja cada palabra con su traducción.$p$,
   $j${"pairs":[{"en":"to dream of","es":"soñar con"},{"en":"audience","es":"público"},{"en":"news","es":"noticias"}]}$j$::jsonb, $j${"pairs":[["to dream of","soñar con"],["audience","público"],["news","noticias"]]}$j$::jsonb,
   0.48, ARRAY['unidad18','segundo_condicional_para_imaginar_suenos_y_situaciones_hipoteticas_if_i_had_i_would','reading']),
 ('c3000186-0000-0000-0000-000000000186','20000000-0000-0000-0000-000000000001','B1','reading','multiple_choice',
   $p$Completa el segundo condicional: "If I had more time, I ___ travel abroad."$p$,
   $j${"options":["would","will","am"]}$j$::jsonb, $j${"value":"would"}$j$::jsonb,
   0.48, ARRAY['unidad18','segundo_condicional_para_imaginar_suenos_y_situaciones_hipoteticas_if_i_had_i_would','reading']),
 ('c3000187-0000-0000-0000-000000000187','20000000-0000-0000-0000-000000000001','B1','reading','multiple_choice',
   $p$Completa: "If I ___ rich, I would help my family."$p$,
   $j${"options":["were","am","will be"]}$j$::jsonb, $j${"value":"were"}$j$::jsonb,
   0.48, ARRAY['unidad18','segundo_condicional_para_imaginar_suenos_y_situaciones_hipoteticas_if_i_had_i_would','reading']),
 ('c3000188-0000-0000-0000-000000000188','20000000-0000-0000-0000-000000000001','B1','writing','cloze',
   $p$Completa el segundo condicional: "If I had a camera, I ___ make a documentary."$p$,
   $j${"text":"If I had a camera, I ___ make a documentary."}$j$::jsonb, $j${"value":"would","accepted":["would","'d"]}$j$::jsonb,
   0.48, ARRAY['unidad18','segundo_condicional_para_imaginar_suenos_y_situaciones_hipoteticas_if_i_had_i_would','writing']),
 ('c3000189-0000-0000-0000-000000000189','20000000-0000-0000-0000-000000000001','B1','writing','translation',
   $p$Traduce: "Si tuviera más dinero, viajaría por el mundo.".$p$,
   $j${"source":"Si tuviera más dinero, viajaría por el mundo."}$j$::jsonb, $j${"value":"If I had more money, I would travel the world.","accepted":["If I had more money, I would travel the world","If I had more money, I would travel around the world.","If I had more money, I would travel around the world","If I had more money, I'd travel the world.","If I had more money, I'd travel the world"]}$j$::jsonb,
   0.48, ARRAY['unidad18','segundo_condicional_para_imaginar_suenos_y_situaciones_hipoteticas_if_i_had_i_would','writing']),
 ('c3000190-0000-0000-0000-000000000190','20000000-0000-0000-0000-000000000001','B1','writing','reorder',
   $p$Ordena: "Si viviera en el extranjero, aprendería otro idioma".$p$,
   $j${"tiles":["lived","If","would","I","abroad","language","learn","another","I"]}$j$::jsonb, $j${"value":"If I lived abroad I would learn another language"}$j$::jsonb,
   0.48, ARRAY['unidad18','segundo_condicional_para_imaginar_suenos_y_situaciones_hipoteticas_if_i_had_i_would','writing']),
 ('c3000191-0000-0000-0000-000000000191','20000000-0000-0000-0000-000000000001','B1','listening','listening',
   $p$Escucha y elige lo que oíste.$p$,
   $j${"options":["If I had the chance, I would work in the media.","If I have the chance, I will work today.","I had a great chance to study abroad."],"say":"If I had the chance, I would work in the media.","audio_url":"https://wiauinufpbkmjlbqlkxo.supabase.co/storage/v1/object/public/audio/items/c3000191-0000-0000-0000-000000000191.mp3"}$j$::jsonb, $j${"value":"If I had the chance, I would work in the media."}$j$::jsonb,
   0.48, ARRAY['unidad18','segundo_condicional_para_imaginar_suenos_y_situaciones_hipoteticas_if_i_had_i_would','listening']),
 ('c3000192-0000-0000-0000-000000000192','20000000-0000-0000-0000-000000000001','B1','speaking','speaking_read_aloud',
   $p$Lee en voz alta:$p$,
   $j${"text":"If I had more free time, I would learn to make films and travel abroad.","audio_url":"https://wiauinufpbkmjlbqlkxo.supabase.co/storage/v1/object/public/audio/items/c3000192-0000-0000-0000-000000000192.mp3"}$j$::jsonb, $j${"expected":"If I had more free time, I would learn to make films and travel abroad."}$j$::jsonb,
   0.48, ARRAY['unidad18','segundo_condicional_para_imaginar_suenos_y_situaciones_hipoteticas_if_i_had_i_would','speaking'])
on conflict (id) do update set prompt=excluded.prompt, payload=excluded.payload, correct_answer=excluded.correct_answer, difficulty=excluded.difficulty, tags=excluded.tags, updated_at=now();
insert into lesson_items (lesson_id, item_id, order_index) values
 ('40000000-0000-0000-0000-000000001801','c3000161-0000-0000-0000-000000000161',1),
 ('40000000-0000-0000-0000-000000001801','c3000162-0000-0000-0000-000000000162',2),
 ('40000000-0000-0000-0000-000000001801','c3000163-0000-0000-0000-000000000163',3),
 ('40000000-0000-0000-0000-000000001801','c3000164-0000-0000-0000-000000000164',4),
 ('40000000-0000-0000-0000-000000001801','c3000165-0000-0000-0000-000000000165',5),
 ('40000000-0000-0000-0000-000000001801','c3000166-0000-0000-0000-000000000166',6),
 ('40000000-0000-0000-0000-000000001801','c3000167-0000-0000-0000-000000000167',7),
 ('40000000-0000-0000-0000-000000001801','c3000168-0000-0000-0000-000000000168',8),
 ('40000000-0000-0000-0000-000000001802','c3000169-0000-0000-0000-000000000169',1),
 ('40000000-0000-0000-0000-000000001802','c3000170-0000-0000-0000-000000000170',2),
 ('40000000-0000-0000-0000-000000001802','c3000171-0000-0000-0000-000000000171',3),
 ('40000000-0000-0000-0000-000000001802','c3000172-0000-0000-0000-000000000172',4),
 ('40000000-0000-0000-0000-000000001802','c3000173-0000-0000-0000-000000000173',5),
 ('40000000-0000-0000-0000-000000001802','c3000174-0000-0000-0000-000000000174',6),
 ('40000000-0000-0000-0000-000000001802','c3000175-0000-0000-0000-000000000175',7),
 ('40000000-0000-0000-0000-000000001802','c3000176-0000-0000-0000-000000000176',8),
 ('40000000-0000-0000-0000-000000001803','c3000177-0000-0000-0000-000000000177',1),
 ('40000000-0000-0000-0000-000000001803','c3000178-0000-0000-0000-000000000178',2),
 ('40000000-0000-0000-0000-000000001803','c3000179-0000-0000-0000-000000000179',3),
 ('40000000-0000-0000-0000-000000001803','c3000180-0000-0000-0000-000000000180',4),
 ('40000000-0000-0000-0000-000000001803','c3000181-0000-0000-0000-000000000181',5),
 ('40000000-0000-0000-0000-000000001803','c3000182-0000-0000-0000-000000000182',6),
 ('40000000-0000-0000-0000-000000001803','c3000183-0000-0000-0000-000000000183',7),
 ('40000000-0000-0000-0000-000000001803','c3000184-0000-0000-0000-000000000184',8),
 ('40000000-0000-0000-0000-000000001804','c3000185-0000-0000-0000-000000000185',1),
 ('40000000-0000-0000-0000-000000001804','c3000186-0000-0000-0000-000000000186',2),
 ('40000000-0000-0000-0000-000000001804','c3000187-0000-0000-0000-000000000187',3),
 ('40000000-0000-0000-0000-000000001804','c3000188-0000-0000-0000-000000000188',4),
 ('40000000-0000-0000-0000-000000001804','c3000189-0000-0000-0000-000000000189',5),
 ('40000000-0000-0000-0000-000000001804','c3000190-0000-0000-0000-000000000190',6),
 ('40000000-0000-0000-0000-000000001804','c3000191-0000-0000-0000-000000000191',7),
 ('40000000-0000-0000-0000-000000001804','c3000192-0000-0000-0000-000000000192',8),
 ('40000000-0000-0000-0000-000000001805','c3000161-0000-0000-0000-000000000161',1),
 ('40000000-0000-0000-0000-000000001805','c3000162-0000-0000-0000-000000000162',2),
 ('40000000-0000-0000-0000-000000001805','c3000163-0000-0000-0000-000000000163',3),
 ('40000000-0000-0000-0000-000000001805','c3000164-0000-0000-0000-000000000164',4),
 ('40000000-0000-0000-0000-000000001805','c3000165-0000-0000-0000-000000000165',5),
 ('40000000-0000-0000-0000-000000001805','c3000166-0000-0000-0000-000000000166',6),
 ('40000000-0000-0000-0000-000000001805','c3000167-0000-0000-0000-000000000167',7),
 ('40000000-0000-0000-0000-000000001805','c3000175-0000-0000-0000-000000000175',8),
 ('40000000-0000-0000-0000-000000001805','c3000168-0000-0000-0000-000000000168',9),
 ('40000000-0000-0000-0000-000000001805','c3000176-0000-0000-0000-000000000176',10)
on conflict (lesson_id, item_id) do nothing;
insert into vocabulary (id, course_id, word, translation, frequency_rank, part_of_speech) values
 ('b1b00079-0000-0000-0000-000000000079','20000000-0000-0000-0000-000000000001',$p$culture$p$,$p$cultura$p$,860,'noun'),
 ('b1b00080-0000-0000-0000-000000000080','20000000-0000-0000-0000-000000000001',$p$the media$p$,$p$los medios de comunicación$p$,861,'noun'),
 ('b1b00081-0000-0000-0000-000000000081','20000000-0000-0000-0000-000000000001',$p$newspaper$p$,$p$periódico$p$,862,'noun'),
 ('b1b00082-0000-0000-0000-000000000082','20000000-0000-0000-0000-000000000001',$p$news$p$,$p$noticias$p$,863,'noun'),
 ('b1b00083-0000-0000-0000-000000000083','20000000-0000-0000-0000-000000000001',$p$channel$p$,$p$canal$p$,864,'noun'),
 ('b1b00084-0000-0000-0000-000000000084','20000000-0000-0000-0000-000000000001',$p$audience$p$,$p$público / audiencia$p$,865,'noun'),
 ('b1b00085-0000-0000-0000-000000000085','20000000-0000-0000-0000-000000000001',$p$to be made of$p$,$p$estar hecho de$p$,866,'phrase'),
 ('b1b00086-0000-0000-0000-000000000086','20000000-0000-0000-0000-000000000001',$p$to be built$p$,$p$ser construido$p$,867,'phrase'),
 ('b1b00087-0000-0000-0000-000000000087','20000000-0000-0000-0000-000000000001',$p$broadcast$p$,$p$emitir / transmitir$p$,868,'verb'),
 ('b1b00088-0000-0000-0000-000000000088','20000000-0000-0000-0000-000000000001',$p$documentary$p$,$p$documental$p$,869,'noun'),
 ('b1b00089-0000-0000-0000-000000000089','20000000-0000-0000-0000-000000000001',$p$headline$p$,$p$titular$p$,870,'noun'),
 ('b1b00090-0000-0000-0000-000000000090','20000000-0000-0000-0000-000000000001',$p$to dream of$p$,$p$soñar con$p$,871,'phrase'),
 ('b1b00091-0000-0000-0000-000000000091','20000000-0000-0000-0000-000000000001',$p$abroad$p$,$p$en el extranjero$p$,872,'adverb'),
 ('b1b00092-0000-0000-0000-000000000092','20000000-0000-0000-0000-000000000001',$p$exciting$p$,$p$emocionante$p$,873,'adjective'),
 ('b1b00093-0000-0000-0000-000000000093','20000000-0000-0000-0000-000000000001',$p$famous$p$,$p$famoso$p$,874,'adjective')
on conflict (id) do nothing;

commit;
