-- LÉXICO Fase 1 · FRANCÉS — vocabulario NUEVO (LEXICO_PLAN §3/§4).
-- 232 palabras de alta frecuencia (10 temas) autoradas por agentes nativos +
-- doble revisión adversarial + guardas deterministas. Cada palabra: traducción
-- revisada + oración-ejemplo → CLOZE en contexto (con audio TTS, paga F3) +
-- MATCH de reconocimiento. Tag 'vocab_f1' (NO unidadN → checkpoints/exámenes/
-- placement intactos). Lecciones ancladas ANTES del checkpoint (DO-block). Idempotente.

-- 1) vocabulary (palabras nuevas)
insert into vocabulary(id,course_id,word,translation,frequency_rank,part_of_speech) values ('10b4b48c-80a8-58bd-a7be-586ece50169c', '20000000-0000-0000-0000-000000000003', 'le trottoir', 'la acera', 210, 'noun') on conflict (id) do nothing;
insert into vocabulary(id,course_id,word,translation,frequency_rank,part_of_speech) values ('a81464d3-4002-5671-901c-4fedd1afd008', '20000000-0000-0000-0000-000000000003', 'immeuble', 'el edificio', 211, 'noun') on conflict (id) do nothing;
insert into vocabulary(id,course_id,word,translation,frequency_rank,part_of_speech) values ('60db396e-a8c7-5c18-8588-8154a43adb48', '20000000-0000-0000-0000-000000000003', 'carrefour', 'el cruce', 212, 'noun') on conflict (id) do nothing;
insert into vocabulary(id,course_id,word,translation,frequency_rank,part_of_speech) values ('d78f093f-7a55-5bb6-82ab-155e5d6e856f', '20000000-0000-0000-0000-000000000003', 'la mairie', 'el ayuntamiento', 213, 'noun') on conflict (id) do nothing;
insert into vocabulary(id,course_id,word,translation,frequency_rank,part_of_speech) values ('67c06600-abfa-5011-83dd-a8f3279ae37c', '20000000-0000-0000-0000-000000000003', 'coin', 'la esquina', 214, 'noun') on conflict (id) do nothing;
insert into vocabulary(id,course_id,word,translation,frequency_rank,part_of_speech) values ('257809d6-28c0-5bbf-b105-f4e91bb28e76', '20000000-0000-0000-0000-000000000003', 'le feu', 'el semáforo', 215, 'noun') on conflict (id) do nothing;
insert into vocabulary(id,course_id,word,translation,frequency_rank,part_of_speech) values ('dca4e48a-4faf-5f73-bde0-14e73b11b666', '20000000-0000-0000-0000-000000000003', 'la place', 'la plaza', 216, 'noun') on conflict (id) do nothing;
insert into vocabulary(id,course_id,word,translation,frequency_rank,part_of_speech) values ('46340c9a-71c1-5cfa-9a0b-e890db58e8f2', '20000000-0000-0000-0000-000000000003', 'l''avenue', 'la avenida', 217, 'noun') on conflict (id) do nothing;
insert into vocabulary(id,course_id,word,translation,frequency_rank,part_of_speech) values ('f9787033-9e81-5be6-ae00-ec63bdd4815e', '20000000-0000-0000-0000-000000000003', 'le boulevard', 'el bulevar', 218, 'noun') on conflict (id) do nothing;
insert into vocabulary(id,course_id,word,translation,frequency_rank,part_of_speech) values ('809160a5-6e81-5469-8109-db5ba001f323', '20000000-0000-0000-0000-000000000003', 'banlieue', 'las afueras', 219, 'noun') on conflict (id) do nothing;
insert into vocabulary(id,course_id,word,translation,frequency_rank,part_of_speech) values ('6ede1389-30c2-5e27-8106-590f853f3a7b', '20000000-0000-0000-0000-000000000003', 'le centre-ville', 'el centro', 220, 'noun') on conflict (id) do nothing;
insert into vocabulary(id,course_id,word,translation,frequency_rank,part_of_speech) values ('306beeef-ba88-5183-8a59-664a6c2a0929', '20000000-0000-0000-0000-000000000003', 'le passage piéton', 'el paso de peatones', 221, 'noun') on conflict (id) do nothing;
insert into vocabulary(id,course_id,word,translation,frequency_rank,part_of_speech) values ('123415fb-2428-520e-af2b-809c66932b74', '20000000-0000-0000-0000-000000000003', 'rond-point', 'la rotonda', 210, 'noun') on conflict (id) do nothing;
insert into vocabulary(id,course_id,word,translation,frequency_rank,part_of_speech) values ('67cf7448-a6bd-58fe-8978-bbc2806ac0a9', '20000000-0000-0000-0000-000000000003', 'le lampadaire', 'la farola', 211, 'noun') on conflict (id) do nothing;
insert into vocabulary(id,course_id,word,translation,frequency_rank,part_of_speech) values ('646202bb-a8fd-52bd-a704-b0b530efc35e', '20000000-0000-0000-0000-000000000003', 'le parc', 'el parque', 212, 'noun') on conflict (id) do nothing;
insert into vocabulary(id,course_id,word,translation,frequency_rank,part_of_speech) values ('119cdbe0-f989-5a4f-8e25-d12d9d004c2d', '20000000-0000-0000-0000-000000000003', 'la fontaine', 'la fuente', 213, 'noun') on conflict (id) do nothing;
insert into vocabulary(id,course_id,word,translation,frequency_rank,part_of_speech) values ('4c9d9759-e9a3-5ed5-acad-77d1c40a89e4', '20000000-0000-0000-0000-000000000003', 'l''église', 'la iglesia', 214, 'noun') on conflict (id) do nothing;
insert into vocabulary(id,course_id,word,translation,frequency_rank,part_of_speech) values ('d7072e69-6599-5688-b0a0-6f823b241509', '20000000-0000-0000-0000-000000000003', 'la bibliothèque', 'la biblioteca', 215, 'noun') on conflict (id) do nothing;
insert into vocabulary(id,course_id,word,translation,frequency_rank,part_of_speech) values ('658b0eed-fd39-5b19-a316-76ad0434da9a', '20000000-0000-0000-0000-000000000003', 'marché', 'el mercado', 216, 'noun') on conflict (id) do nothing;
insert into vocabulary(id,course_id,word,translation,frequency_rank,part_of_speech) values ('d087c760-528d-54db-a1ad-253bfb55c3ad', '20000000-0000-0000-0000-000000000003', 'commissariat', 'la comisaría', 217, 'noun') on conflict (id) do nothing;
insert into vocabulary(id,course_id,word,translation,frequency_rank,part_of_speech) values ('b4aa0833-1d30-57fe-8ced-4499e9af84fe', '20000000-0000-0000-0000-000000000003', 'stade', 'el estadio', 218, 'noun') on conflict (id) do nothing;
insert into vocabulary(id,course_id,word,translation,frequency_rank,part_of_speech) values ('a4c73515-55e8-535a-8301-d2cd6d39ebb7', '20000000-0000-0000-0000-000000000003', 'ruelle', 'el callejón', 219, 'noun') on conflict (id) do nothing;
insert into vocabulary(id,course_id,word,translation,frequency_rank,part_of_speech) values ('1f5ac669-dbef-541a-a610-db051187d358', '20000000-0000-0000-0000-000000000003', 'gratte-ciel', 'el rascacielos', 220, 'noun') on conflict (id) do nothing;
insert into vocabulary(id,course_id,word,translation,frequency_rank,part_of_speech) values ('e79831b3-13a0-561e-b0b6-883ed645199f', '20000000-0000-0000-0000-000000000003', 'le panneau', 'la señal', 221, 'noun') on conflict (id) do nothing;
insert into vocabulary(id,course_id,word,translation,frequency_rank,part_of_speech) values ('ef0521d2-20b4-57eb-bc56-89322e06a7ec', '20000000-0000-0000-0000-000000000003', 'le tiroir', 'el cajón', 240, 'noun') on conflict (id) do nothing;
insert into vocabulary(id,course_id,word,translation,frequency_rank,part_of_speech) values ('4e64b754-c703-5ab2-aa0b-5b5bf49cea1b', '20000000-0000-0000-0000-000000000003', 'couverture', 'la manta', 241, 'noun') on conflict (id) do nothing;
insert into vocabulary(id,course_id,word,translation,frequency_rank,part_of_speech) values ('b22d096a-aea3-5b6d-83f1-44818e89ec74', '20000000-0000-0000-0000-000000000003', 'oreiller', 'la almohada', 242, 'noun') on conflict (id) do nothing;
insert into vocabulary(id,course_id,word,translation,frequency_rank,part_of_speech) values ('701f6207-d67c-5039-a171-3012f71679a8', '20000000-0000-0000-0000-000000000003', 'l''évier', 'el fregadero', 243, 'noun') on conflict (id) do nothing;
insert into vocabulary(id,course_id,word,translation,frequency_rank,part_of_speech) values ('fcb43cfd-aecc-54a4-8dc7-dabff00128ca', '20000000-0000-0000-0000-000000000003', 'plafond', 'el techo', 244, 'noun') on conflict (id) do nothing;
insert into vocabulary(id,course_id,word,translation,frequency_rank,part_of_speech) values ('dca4c1ab-cf0e-5f30-ad20-2e16156f7012', '20000000-0000-0000-0000-000000000003', 'le balai', 'la escoba', 245, 'noun') on conflict (id) do nothing;
insert into vocabulary(id,course_id,word,translation,frequency_rank,part_of_speech) values ('a507a2d4-87a9-52ba-bb8c-ed93067df298', '20000000-0000-0000-0000-000000000003', 'le drap', 'la sábana', 246, 'noun') on conflict (id) do nothing;
insert into vocabulary(id,course_id,word,translation,frequency_rank,part_of_speech) values ('3bbb5894-5da0-593e-b7cb-2451a1985d02', '20000000-0000-0000-0000-000000000003', 'armoire', 'el armario', 247, 'noun') on conflict (id) do nothing;
insert into vocabulary(id,course_id,word,translation,frequency_rank,part_of_speech) values ('0d26e36f-6b07-590b-b780-e7f68487b9a4', '20000000-0000-0000-0000-000000000003', 'la poubelle', 'la basura', 248, 'noun') on conflict (id) do nothing;
insert into vocabulary(id,course_id,word,translation,frequency_rank,part_of_speech) values ('13ffa66a-a2a8-58c2-aa0a-4ff3fb4d962e', '20000000-0000-0000-0000-000000000003', 'le tapis', 'la alfombra', 249, 'noun') on conflict (id) do nothing;
insert into vocabulary(id,course_id,word,translation,frequency_rank,part_of_speech) values ('c8ea7d42-7898-587c-8cfa-7a068c63863f', '20000000-0000-0000-0000-000000000003', 'balayer', 'barrer', 250, 'verb') on conflict (id) do nothing;
insert into vocabulary(id,course_id,word,translation,frequency_rank,part_of_speech) values ('2018877f-5e7b-5bb8-86d7-80658b2e39fc', '20000000-0000-0000-0000-000000000003', 'ranger', 'ordenar', 251, 'verb') on conflict (id) do nothing;
insert into vocabulary(id,course_id,word,translation,frequency_rank,part_of_speech) values ('795d932c-0854-5e43-83a5-e821d2a58947', '20000000-0000-0000-0000-000000000003', 'chambre', 'el dormitorio', 240, 'noun') on conflict (id) do nothing;
insert into vocabulary(id,course_id,word,translation,frequency_rank,part_of_speech) values ('5d0e894e-e808-52c1-8516-e4e9a95188cd', '20000000-0000-0000-0000-000000000003', 'la cuisine', 'la cocina', 241, 'noun') on conflict (id) do nothing;
insert into vocabulary(id,course_id,word,translation,frequency_rank,part_of_speech) values ('03b0ad81-2dbb-5701-85ab-f2a7071be241', '20000000-0000-0000-0000-000000000003', 'le canapé', 'el sofá', 242, 'noun') on conflict (id) do nothing;
insert into vocabulary(id,course_id,word,translation,frequency_rank,part_of_speech) values ('d5729562-d8cc-5ed5-ad8a-53e599e34a3b', '20000000-0000-0000-0000-000000000003', 'lit', 'la cama', 243, 'noun') on conflict (id) do nothing;
insert into vocabulary(id,course_id,word,translation,frequency_rank,part_of_speech) values ('4f617e9c-a36a-5485-a772-a01eaf9d5a14', '20000000-0000-0000-0000-000000000003', 'l''escalier', 'la escalera', 244, 'noun') on conflict (id) do nothing;
insert into vocabulary(id,course_id,word,translation,frequency_rank,part_of_speech) values ('d5418f05-d97e-5e55-885c-6d556e7e332d', '20000000-0000-0000-0000-000000000003', 'meuble', 'el mueble', 245, 'noun') on conflict (id) do nothing;
insert into vocabulary(id,course_id,word,translation,frequency_rank,part_of_speech) values ('14bf1040-8128-573d-8dea-f22633d57d61', '20000000-0000-0000-0000-000000000003', 'le rideau', 'la cortina', 246, 'noun') on conflict (id) do nothing;
insert into vocabulary(id,course_id,word,translation,frequency_rank,part_of_speech) values ('789e65b7-9e98-57c2-be67-f6fa163a8fc7', '20000000-0000-0000-0000-000000000003', 'nettoyer', 'limpiar', 247, 'verb') on conflict (id) do nothing;
insert into vocabulary(id,course_id,word,translation,frequency_rank,part_of_speech) values ('e709c1dc-e351-5a2d-a232-c8d66aa80146', '20000000-0000-0000-0000-000000000003', 'la lessive', 'la colada', 248, 'noun') on conflict (id) do nothing;
insert into vocabulary(id,course_id,word,translation,frequency_rank,part_of_speech) values ('cdf01819-b6f9-550c-bb59-d51780c0ccac', '20000000-0000-0000-0000-000000000003', 'la vaisselle', 'la vajilla', 249, 'noun') on conflict (id) do nothing;
insert into vocabulary(id,course_id,word,translation,frequency_rank,part_of_speech) values ('10f014f1-5518-546f-99e3-133bd5b611b7', '20000000-0000-0000-0000-000000000003', 'le placard', 'el armario empotrado', 250, 'noun') on conflict (id) do nothing;
insert into vocabulary(id,course_id,word,translation,frequency_rank,part_of_speech) values ('3ab8102d-3e56-54f8-87ca-6aba2ab7e314', '20000000-0000-0000-0000-000000000003', 'le grenier', 'el desván', 251, 'noun') on conflict (id) do nothing;
insert into vocabulary(id,course_id,word,translation,frequency_rank,part_of_speech) values ('7e81380c-70bc-5b8e-b234-dd3baf0f0d24', '20000000-0000-0000-0000-000000000003', 'le repas', 'la comida', 270, 'noun') on conflict (id) do nothing;
insert into vocabulary(id,course_id,word,translation,frequency_rank,part_of_speech) values ('58c6c75c-4682-574a-b39e-303faeaeb59c', '20000000-0000-0000-0000-000000000003', 'viande', 'la carne', 271, 'noun') on conflict (id) do nothing;
insert into vocabulary(id,course_id,word,translation,frequency_rank,part_of_speech) values ('3f02c133-ed57-5bdc-bd33-e886ac277982', '20000000-0000-0000-0000-000000000003', 'poisson', 'el pescado', 272, 'noun') on conflict (id) do nothing;
insert into vocabulary(id,course_id,word,translation,frequency_rank,part_of_speech) values ('0f4e836c-f30d-5706-9974-42bf42005369', '20000000-0000-0000-0000-000000000003', 'les légumes', 'las verduras', 273, 'noun') on conflict (id) do nothing;
insert into vocabulary(id,course_id,word,translation,frequency_rank,part_of_speech) values ('8a816612-d649-5f44-99b8-be6b421702c6', '20000000-0000-0000-0000-000000000003', 'œuf', 'el huevo', 274, 'noun') on conflict (id) do nothing;
insert into vocabulary(id,course_id,word,translation,frequency_rank,part_of_speech) values ('7cda6025-7d5b-5a01-9f1a-3dec732bdf94', '20000000-0000-0000-0000-000000000003', 'sucre', 'el azúcar', 275, 'noun') on conflict (id) do nothing;
insert into vocabulary(id,course_id,word,translation,frequency_rank,part_of_speech) values ('82f1d313-383c-5d2d-92c5-04d59da8aa9b', '20000000-0000-0000-0000-000000000003', 'sel', 'la sal', 276, 'noun') on conflict (id) do nothing;
insert into vocabulary(id,course_id,word,translation,frequency_rank,part_of_speech) values ('dbf0c018-d741-5ed5-9d4e-1306ea8dcb82', '20000000-0000-0000-0000-000000000003', 'beurre', 'la mantequilla', 277, 'noun') on conflict (id) do nothing;
insert into vocabulary(id,course_id,word,translation,frequency_rank,part_of_speech) values ('3de755ea-16e5-57e4-bcff-c68489ed8a2c', '20000000-0000-0000-0000-000000000003', 'la farine', 'la harina', 278, 'noun') on conflict (id) do nothing;
insert into vocabulary(id,course_id,word,translation,frequency_rank,part_of_speech) values ('255b924e-1b3e-5f5f-b13d-2ba2b5d16b23', '20000000-0000-0000-0000-000000000003', 'gâteau', 'el pastel', 279, 'noun') on conflict (id) do nothing;
insert into vocabulary(id,course_id,word,translation,frequency_rank,part_of_speech) values ('915a1c0c-fbfa-51e0-aca4-a5f72df61ef4', '20000000-0000-0000-0000-000000000003', 'le riz', 'el arroz', 280, 'noun') on conflict (id) do nothing;
insert into vocabulary(id,course_id,word,translation,frequency_rank,part_of_speech) values ('162fd127-7b4c-5e6e-8d09-88dcb165a5fc', '20000000-0000-0000-0000-000000000003', 'pâtes', 'la pasta', 281, 'noun') on conflict (id) do nothing;
insert into vocabulary(id,course_id,word,translation,frequency_rank,part_of_speech) values ('fdd96b9e-902f-5a32-9bfa-376aa1a77dde', '20000000-0000-0000-0000-000000000003', 'salade', 'la ensalada', 270, 'noun') on conflict (id) do nothing;
insert into vocabulary(id,course_id,word,translation,frequency_rank,part_of_speech) values ('d7f8a30c-bddc-5a29-b1ee-15af4951099a', '20000000-0000-0000-0000-000000000003', 'goût', 'el sabor', 271, 'noun') on conflict (id) do nothing;
insert into vocabulary(id,course_id,word,translation,frequency_rank,part_of_speech) values ('476cbc43-44c1-59a0-8103-de3af62dc815', '20000000-0000-0000-0000-000000000003', 'cuillère', 'la cuchara', 272, 'noun') on conflict (id) do nothing;
insert into vocabulary(id,course_id,word,translation,frequency_rank,part_of_speech) values ('4166583a-d05a-5e8e-aef7-cc49d0a062f7', '20000000-0000-0000-0000-000000000003', 'fourchette', 'el tenedor', 273, 'noun') on conflict (id) do nothing;
insert into vocabulary(id,course_id,word,translation,frequency_rank,part_of_speech) values ('d61d2885-01c4-569a-9cf2-f45b61865584', '20000000-0000-0000-0000-000000000003', 'couteau', 'el cuchillo', 274, 'noun') on conflict (id) do nothing;
insert into vocabulary(id,course_id,word,translation,frequency_rank,part_of_speech) values ('3f91432e-eb9a-5dc3-b9d9-73d50cc98ad1', '20000000-0000-0000-0000-000000000003', 'huile', 'el aceite', 275, 'noun') on conflict (id) do nothing;
insert into vocabulary(id,course_id,word,translation,frequency_rank,part_of_speech) values ('634e013e-3ba6-5c83-9ab1-098d2cbdaf7a', '20000000-0000-0000-0000-000000000003', 'poivre', 'la pimienta', 276, 'noun') on conflict (id) do nothing;
insert into vocabulary(id,course_id,word,translation,frequency_rank,part_of_speech) values ('b6de0a26-5c2c-5018-ae71-6324c5f1149f', '20000000-0000-0000-0000-000000000003', 'cuisiner', 'cocinar', 277, 'verb') on conflict (id) do nothing;
insert into vocabulary(id,course_id,word,translation,frequency_rank,part_of_speech) values ('0b1a0a3c-06cf-53ae-833d-a49d842bbbab', '20000000-0000-0000-0000-000000000003', 'couper', 'cortar', 278, 'verb') on conflict (id) do nothing;
insert into vocabulary(id,course_id,word,translation,frequency_rank,part_of_speech) values ('60e013c6-f713-5d8f-852b-6c489f4cb6ae', '20000000-0000-0000-0000-000000000003', 'mélanger', 'mezclar', 279, 'verb') on conflict (id) do nothing;
insert into vocabulary(id,course_id,word,translation,frequency_rank,part_of_speech) values ('28056390-eaa5-5b29-b416-70dc61dd9ef1', '20000000-0000-0000-0000-000000000003', 'salé', 'salado', 280, 'adjective') on conflict (id) do nothing;
insert into vocabulary(id,course_id,word,translation,frequency_rank,part_of_speech) values ('267386ae-4f94-5ee2-926b-6a6542fa1953', '20000000-0000-0000-0000-000000000003', 'délicieux', 'delicioso', 281, 'adjective') on conflict (id) do nothing;
insert into vocabulary(id,course_id,word,translation,frequency_rank,part_of_speech) values ('c342c597-f7b3-5d29-b9da-690858070b11', '20000000-0000-0000-0000-000000000003', 'vol', 'el vuelo', 300, 'noun') on conflict (id) do nothing;
insert into vocabulary(id,course_id,word,translation,frequency_rank,part_of_speech) values ('091255ee-f4df-56da-a965-7a953d4c2209', '20000000-0000-0000-0000-000000000003', 'la douane', 'la aduana', 301, 'noun') on conflict (id) do nothing;
insert into vocabulary(id,course_id,word,translation,frequency_rank,part_of_speech) values ('44e1d6db-cce9-5097-83c8-112a27dc6772', '20000000-0000-0000-0000-000000000003', 'le quai', 'el andén', 302, 'noun') on conflict (id) do nothing;
insert into vocabulary(id,course_id,word,translation,frequency_rank,part_of_speech) values ('c12ead83-e789-5bef-ba44-636bf4ac934b', '20000000-0000-0000-0000-000000000003', 'embarquer', 'embarcar', 303, 'verb') on conflict (id) do nothing;
insert into vocabulary(id,course_id,word,translation,frequency_rank,part_of_speech) values ('6804bba3-494b-5089-8586-28fde0caa562', '20000000-0000-0000-0000-000000000003', 'siège', 'el asiento', 304, 'noun') on conflict (id) do nothing;
insert into vocabulary(id,course_id,word,translation,frequency_rank,part_of_speech) values ('5e705606-ed80-5a00-845f-d68c8923a113', '20000000-0000-0000-0000-000000000003', 'le trajet', 'el trayecto', 305, 'noun') on conflict (id) do nothing;
insert into vocabulary(id,course_id,word,translation,frequency_rank,part_of_speech) values ('d63b5e94-c005-53aa-9d34-d290e51d543b', '20000000-0000-0000-0000-000000000003', 'atterrir', 'aterrizar', 306, 'verb') on conflict (id) do nothing;
insert into vocabulary(id,course_id,word,translation,frequency_rank,part_of_speech) values ('665896b7-960e-5fd7-80f3-74d61ad80125', '20000000-0000-0000-0000-000000000003', 'décoller', 'despegar', 307, 'verb') on conflict (id) do nothing;
insert into vocabulary(id,course_id,word,translation,frequency_rank,part_of_speech) values ('e9a1f5e7-a92b-51f5-9d8b-d91ecc23cc1f', '20000000-0000-0000-0000-000000000003', 'bagage', 'el equipaje', 308, 'noun') on conflict (id) do nothing;
insert into vocabulary(id,course_id,word,translation,frequency_rank,part_of_speech) values ('73f453a4-8c48-5e8d-b380-c8217bd6e20d', '20000000-0000-0000-0000-000000000003', 'passeport', 'el pasaporte', 309, 'noun') on conflict (id) do nothing;
insert into vocabulary(id,course_id,word,translation,frequency_rank,part_of_speech) values ('41a9c74e-fe91-5602-a913-c0a746394e36', '20000000-0000-0000-0000-000000000003', 'correspondance', 'el transbordo', 310, 'noun') on conflict (id) do nothing;
insert into vocabulary(id,course_id,word,translation,frequency_rank,part_of_speech) values ('7fbbfcfb-74ec-55e9-a24b-baf28be1003f', '20000000-0000-0000-0000-000000000003', 'retard', 'el retraso', 311, 'noun') on conflict (id) do nothing;
insert into vocabulary(id,course_id,word,translation,frequency_rank,part_of_speech) values ('2ae29bdd-8c95-561a-b6ed-c30467cbe3f2', '20000000-0000-0000-0000-000000000003', 'la frontière', 'la frontera', 300, 'noun') on conflict (id) do nothing;
insert into vocabulary(id,course_id,word,translation,frequency_rank,part_of_speech) values ('0cc87dbe-b87e-5357-b81d-fd3e586f419d', '20000000-0000-0000-0000-000000000003', 'escale', 'la escala', 301, 'noun') on conflict (id) do nothing;
insert into vocabulary(id,course_id,word,translation,frequency_rank,part_of_speech) values ('89f76990-a53c-5abc-a937-c4f22befe2ed', '20000000-0000-0000-0000-000000000003', 'le hublot', 'la ventanilla', 302, 'noun') on conflict (id) do nothing;
insert into vocabulary(id,course_id,word,translation,frequency_rank,part_of_speech) values ('0f2485e8-cd13-5d6a-99de-cc1b8ad469a7', '20000000-0000-0000-0000-000000000003', 'ceinture', 'el cinturón', 303, 'noun') on conflict (id) do nothing;
insert into vocabulary(id,course_id,word,translation,frequency_rank,part_of_speech) values ('02812e2c-004a-57c0-8363-4314666528de', '20000000-0000-0000-0000-000000000003', 'passager', 'el pasajero', 304, 'noun') on conflict (id) do nothing;
insert into vocabulary(id,course_id,word,translation,frequency_rank,part_of_speech) values ('987b92c7-fd22-50fd-a9b9-cb896e843565', '20000000-0000-0000-0000-000000000003', 'guichet', 'la taquilla', 305, 'noun') on conflict (id) do nothing;
insert into vocabulary(id,course_id,word,translation,frequency_rank,part_of_speech) values ('6b0a2fec-a782-5118-84ad-b82859df1e89', '20000000-0000-0000-0000-000000000003', 'destination', 'el destino', 306, 'noun') on conflict (id) do nothing;
insert into vocabulary(id,course_id,word,translation,frequency_rank,part_of_speech) values ('9fa560cf-3129-577d-9827-6c39685dcda6', '20000000-0000-0000-0000-000000000003', 'le départ', 'la salida', 307, 'noun') on conflict (id) do nothing;
insert into vocabulary(id,course_id,word,translation,frequency_rank,part_of_speech) values ('a707635f-6b48-58c3-acc8-469201277f45', '20000000-0000-0000-0000-000000000003', 'l''arrivée', 'la llegada', 308, 'noun') on conflict (id) do nothing;
insert into vocabulary(id,course_id,word,translation,frequency_rank,part_of_speech) values ('655a23cb-18d8-5efe-baf6-8d43fc32f360', '20000000-0000-0000-0000-000000000003', 'le wagon', 'el vagón', 309, 'noun') on conflict (id) do nothing;
insert into vocabulary(id,course_id,word,translation,frequency_rank,part_of_speech) values ('c8eccd7c-e41d-5672-8d3f-b12455fe1c6c', '20000000-0000-0000-0000-000000000003', 'la voie', 'la vía', 310, 'noun') on conflict (id) do nothing;
insert into vocabulary(id,course_id,word,translation,frequency_rank,part_of_speech) values ('a7664136-f6ae-515e-86c8-86a2ba323abf', '20000000-0000-0000-0000-000000000003', 'le prix', 'el precio', 330, 'noun') on conflict (id) do nothing;
insert into vocabulary(id,course_id,word,translation,frequency_rank,part_of_speech) values ('0e82bc1a-6aeb-5566-8f76-88e0734d2305', '20000000-0000-0000-0000-000000000003', 'le reçu', 'el recibo', 331, 'noun') on conflict (id) do nothing;
insert into vocabulary(id,course_id,word,translation,frequency_rank,part_of_speech) values ('8265334e-c5d3-54e3-9528-564cb594b707', '20000000-0000-0000-0000-000000000003', 'la monnaie', 'el cambio', 332, 'noun') on conflict (id) do nothing;
insert into vocabulary(id,course_id,word,translation,frequency_rank,part_of_speech) values ('d0b3f256-bb3c-5ed3-b746-9d356ca74ff7', '20000000-0000-0000-0000-000000000003', 'remise', 'el descuento', 333, 'noun') on conflict (id) do nothing;
insert into vocabulary(id,course_id,word,translation,frequency_rank,part_of_speech) values ('b2519588-b9fa-584c-a67b-a8a9a2174840', '20000000-0000-0000-0000-000000000003', 'marque', 'la marca', 334, 'noun') on conflict (id) do nothing;
insert into vocabulary(id,course_id,word,translation,frequency_rank,part_of_speech) values ('c1260204-ca72-5d43-82e0-16c7d4e6293a', '20000000-0000-0000-0000-000000000003', 'la caisse', 'la caja', 335, 'noun') on conflict (id) do nothing;
insert into vocabulary(id,course_id,word,translation,frequency_rank,part_of_speech) values ('e8da7129-222d-5535-b074-80341fa3875e', '20000000-0000-0000-0000-000000000003', 'les soldes', 'las rebajas', 336, 'noun') on conflict (id) do nothing;
insert into vocabulary(id,course_id,word,translation,frequency_rank,part_of_speech) values ('a42b1c99-57e1-566a-9511-ce876db27980', '20000000-0000-0000-0000-000000000003', 'rayon', 'la sección', 337, 'noun') on conflict (id) do nothing;
insert into vocabulary(id,course_id,word,translation,frequency_rank,part_of_speech) values ('7fc06da6-b795-595c-a327-ee351434334c', '20000000-0000-0000-0000-000000000003', 'pièce', 'la moneda', 338, 'noun') on conflict (id) do nothing;
insert into vocabulary(id,course_id,word,translation,frequency_rank,part_of_speech) values ('391a30d8-5f8a-5297-aaa0-f360203bcc83', '20000000-0000-0000-0000-000000000003', 'dépenser', 'gastar', 339, 'verb') on conflict (id) do nothing;
insert into vocabulary(id,course_id,word,translation,frequency_rank,part_of_speech) values ('35be07a3-1259-59a7-9332-21f477648008', '20000000-0000-0000-0000-000000000003', 'gratuit', 'gratis', 340, 'adjective') on conflict (id) do nothing;
insert into vocabulary(id,course_id,word,translation,frequency_rank,part_of_speech) values ('d215a31f-d992-57d1-b3c6-d7a3eb50c699', '20000000-0000-0000-0000-000000000003', 'magasin', 'la tienda', 341, 'noun') on conflict (id) do nothing;
insert into vocabulary(id,course_id,word,translation,frequency_rank,part_of_speech) values ('4810aa40-953a-5c61-91d2-be3fa7a7ca66', '20000000-0000-0000-0000-000000000003', 'la vitrine', 'el escaparate', 330, 'noun') on conflict (id) do nothing;
insert into vocabulary(id,course_id,word,translation,frequency_rank,part_of_speech) values ('ac4bfcf4-dc6c-586c-80d7-9a2b05ba9d83', '20000000-0000-0000-0000-000000000003', 'panier', 'la cesta', 331, 'noun') on conflict (id) do nothing;
insert into vocabulary(id,course_id,word,translation,frequency_rank,part_of_speech) values ('7d25a1ad-9502-5950-a52d-5992eec30a14', '20000000-0000-0000-0000-000000000003', 'chariot', 'el carrito', 332, 'noun') on conflict (id) do nothing;
insert into vocabulary(id,course_id,word,translation,frequency_rank,part_of_speech) values ('9fadaa73-6364-5a52-bf08-df7e1f6998ee', '20000000-0000-0000-0000-000000000003', 'rembourser', 'reembolsar', 333, 'verb') on conflict (id) do nothing;
insert into vocabulary(id,course_id,word,translation,frequency_rank,part_of_speech) values ('f406c991-edd2-5f63-80a4-c59f202d3afc', '20000000-0000-0000-0000-000000000003', 'la facture', 'la factura', 334, 'noun') on conflict (id) do nothing;
insert into vocabulary(id,course_id,word,translation,frequency_rank,part_of_speech) values ('f8a000bc-086e-512e-b13f-15d782077eec', '20000000-0000-0000-0000-000000000003', 'économiser', 'ahorrar', 335, 'verb') on conflict (id) do nothing;
insert into vocabulary(id,course_id,word,translation,frequency_rank,part_of_speech) values ('a86da4fd-4f37-5fa2-8960-20b849f37df9', '20000000-0000-0000-0000-000000000003', 'portefeuille', 'la cartera', 336, 'noun') on conflict (id) do nothing;
insert into vocabulary(id,course_id,word,translation,frequency_rank,part_of_speech) values ('3b631fbf-56c9-54da-96f5-7c6ff3445113', '20000000-0000-0000-0000-000000000003', 'le client', 'el cliente', 337, 'noun') on conflict (id) do nothing;
insert into vocabulary(id,course_id,word,translation,frequency_rank,part_of_speech) values ('e259b788-fd8b-5ee2-b8c5-2f0b1af56a96', '20000000-0000-0000-0000-000000000003', 'bon marché', 'barato', 338, 'adjective') on conflict (id) do nothing;
insert into vocabulary(id,course_id,word,translation,frequency_rank,part_of_speech) values ('209d6f9d-4ebf-5f14-b90e-448bce75d354', '20000000-0000-0000-0000-000000000003', 'essayer', 'probar', 339, 'verb') on conflict (id) do nothing;
insert into vocabulary(id,course_id,word,translation,frequency_rank,part_of_speech) values ('5567e377-c4bb-5e48-9094-fc38402470a4', '20000000-0000-0000-0000-000000000003', 'payer', 'pagar', 340, 'verb') on conflict (id) do nothing;
insert into vocabulary(id,course_id,word,translation,frequency_rank,part_of_speech) values ('b9ab90cc-a112-5174-a3d3-1d7819c1f2c3', '20000000-0000-0000-0000-000000000003', 'coûter', 'costar', 341, 'verb') on conflict (id) do nothing;
insert into vocabulary(id,course_id,word,translation,frequency_rank,part_of_speech) values ('3c5ba640-eda0-591e-b5d0-1117d9f32458', '20000000-0000-0000-0000-000000000003', 'se réveiller', 'despertarse', 360, 'verbe') on conflict (id) do nothing;
insert into vocabulary(id,course_id,word,translation,frequency_rank,part_of_speech) values ('81b9933b-7ba0-5656-bae4-73e6d89319de', '20000000-0000-0000-0000-000000000003', 'l''horaire', 'el horario', 361, 'nom masculin') on conflict (id) do nothing;
insert into vocabulary(id,course_id,word,translation,frequency_rank,part_of_speech) values ('428e81ca-f664-5fb4-9a9d-bb3f1ba542e4', '20000000-0000-0000-0000-000000000003', 'en retard', 'con retraso', 362, 'locution adverbiale') on conflict (id) do nothing;
insert into vocabulary(id,course_id,word,translation,frequency_rank,part_of_speech) values ('a88360ac-ed44-5d85-8da2-a3ef5eca46e4', '20000000-0000-0000-0000-000000000003', 'tôt', 'temprano', 363, 'adverbe') on conflict (id) do nothing;
insert into vocabulary(id,course_id,word,translation,frequency_rank,part_of_speech) values ('75c101c4-871f-546c-a60f-a800d042dac3', '20000000-0000-0000-0000-000000000003', 'rarement', 'rara vez', 364, 'adverbe') on conflict (id) do nothing;
insert into vocabulary(id,course_id,word,translation,frequency_rank,part_of_speech) values ('eb1b3404-da88-5190-9770-c6890e0898e9', '20000000-0000-0000-0000-000000000003', 'le délai', 'el plazo', 365, 'nom masculin') on conflict (id) do nothing;
insert into vocabulary(id,course_id,word,translation,frequency_rank,part_of_speech) values ('ad75367b-85cb-53ac-82e5-c2f9f00b6c75', '20000000-0000-0000-0000-000000000003', 'désormais', 'de ahora en adelante', 366, 'adverbe') on conflict (id) do nothing;
insert into vocabulary(id,course_id,word,translation,frequency_rank,part_of_speech) values ('363801f0-e8cd-5168-921e-8bacbce0b184', '20000000-0000-0000-0000-000000000003', 'actuellement', 'actualmente', 367, 'adverbe') on conflict (id) do nothing;
insert into vocabulary(id,course_id,word,translation,frequency_rank,part_of_speech) values ('8df39d2c-a036-5c06-987b-c18925a31d8d', '20000000-0000-0000-0000-000000000003', 'souvent', 'a menudo', 368, 'adverbe') on conflict (id) do nothing;
insert into vocabulary(id,course_id,word,translation,frequency_rank,part_of_speech) values ('3832d775-a037-5ceb-ab64-85a0c16864d0', '20000000-0000-0000-0000-000000000003', 'toujours', 'siempre', 369, 'adverbe') on conflict (id) do nothing;
insert into vocabulary(id,course_id,word,translation,frequency_rank,part_of_speech) values ('4a1890e7-97ea-5d06-a2ac-0d504c8afa2d', '20000000-0000-0000-0000-000000000003', 'parfois', 'a veces', 370, 'adverbe') on conflict (id) do nothing;
insert into vocabulary(id,course_id,word,translation,frequency_rank,part_of_speech) values ('d1da094e-4644-528a-a054-6cfa5c013e40', '20000000-0000-0000-0000-000000000003', 'tard', 'tarde', 371, 'adverbe') on conflict (id) do nothing;
insert into vocabulary(id,course_id,word,translation,frequency_rank,part_of_speech) values ('9d04a1a5-6e8d-5a24-9f7d-5d9d92645bcf', '20000000-0000-0000-0000-000000000003', 'réveil', 'el despertador', 360, 'nom masculin') on conflict (id) do nothing;
insert into vocabulary(id,course_id,word,translation,frequency_rank,part_of_speech) values ('a22bbef0-41c6-5ec5-a3e3-003edfd7a6ac', '20000000-0000-0000-0000-000000000003', 'la journée', 'el día', 361, 'nom féminin') on conflict (id) do nothing;
insert into vocabulary(id,course_id,word,translation,frequency_rank,part_of_speech) values ('e513e209-d7a2-59d6-9510-3d49a0b9d01f', '20000000-0000-0000-0000-000000000003', 'soirée', 'la velada', 362, 'nom féminin') on conflict (id) do nothing;
insert into vocabulary(id,course_id,word,translation,frequency_rank,part_of_speech) values ('d9ffef02-7886-5da9-8a69-d0bcfddbbbff', '20000000-0000-0000-0000-000000000003', 'l''après-midi', 'la tarde', 363, 'nom masculin') on conflict (id) do nothing;
insert into vocabulary(id,course_id,word,translation,frequency_rank,part_of_speech) values ('fb828e28-d37f-54be-9d49-e2a992190ad8', '20000000-0000-0000-0000-000000000003', 'quotidien', 'cotidiano', 364, 'adjectif') on conflict (id) do nothing;
insert into vocabulary(id,course_id,word,translation,frequency_rank,part_of_speech) values ('88c1af0e-e1c7-562e-910c-bdf56d1e3a01', '20000000-0000-0000-0000-000000000003', 'l''habitude', 'la costumbre', 365, 'nom féminin') on conflict (id) do nothing;
insert into vocabulary(id,course_id,word,translation,frequency_rank,part_of_speech) values ('849be5e9-3192-5159-9d20-1ad8c0ebf7bd', '20000000-0000-0000-0000-000000000003', 'se coucher', 'acostarse', 366, 'verbe') on conflict (id) do nothing;
insert into vocabulary(id,course_id,word,translation,frequency_rank,part_of_speech) values ('69edf197-0099-5ee2-ab59-cdad6d4eaaa8', '20000000-0000-0000-0000-000000000003', 'déjeuner', 'almorzar', 367, 'verbe') on conflict (id) do nothing;
insert into vocabulary(id,course_id,word,translation,frequency_rank,part_of_speech) values ('9775202a-f8f2-5080-9e98-fad03b1507e3', '20000000-0000-0000-0000-000000000003', 'petit-déjeuner', 'el desayuno', 368, 'nom masculin') on conflict (id) do nothing;
insert into vocabulary(id,course_id,word,translation,frequency_rank,part_of_speech) values ('8bafd652-9ddf-581a-b195-36866151db8c', '20000000-0000-0000-0000-000000000003', 'à l''heure', 'a tiempo', 369, 'locution adverbiale') on conflict (id) do nothing;
insert into vocabulary(id,course_id,word,translation,frequency_rank,part_of_speech) values ('c046450d-53ec-5a75-9546-df277dd26cd1', '20000000-0000-0000-0000-000000000003', 'la matinée', 'la mañana', 370, 'nom féminin') on conflict (id) do nothing;
insert into vocabulary(id,course_id,word,translation,frequency_rank,part_of_speech) values ('a8108b1d-b59c-5780-a98b-4b3e53e5c059', '20000000-0000-0000-0000-000000000003', 'la nuit', 'la noche', 371, 'nom féminin') on conflict (id) do nothing;
insert into vocabulary(id,course_id,word,translation,frequency_rank,part_of_speech) values ('2e88626c-29d6-5606-9b94-91c49eff24b5', '20000000-0000-0000-0000-000000000003', 'toux', 'la tos', 390, 'noun') on conflict (id) do nothing;
insert into vocabulary(id,course_id,word,translation,frequency_rank,part_of_speech) values ('722f9f6f-add9-5fe0-8a17-09ad90781d1f', '20000000-0000-0000-0000-000000000003', 'comprimé', 'el comprimido', 391, 'noun') on conflict (id) do nothing;
insert into vocabulary(id,course_id,word,translation,frequency_rank,part_of_speech) values ('7262a531-452c-5fec-a9f9-c19e0d037468', '20000000-0000-0000-0000-000000000003', 'éternuer', 'estornudar', 392, 'verb') on conflict (id) do nothing;
insert into vocabulary(id,course_id,word,translation,frequency_rank,part_of_speech) values ('43f4d0fb-425f-5bcf-9601-6f1ea6ab1424', '20000000-0000-0000-0000-000000000003', 'blessure', 'la herida', 393, 'noun') on conflict (id) do nothing;
insert into vocabulary(id,course_id,word,translation,frequency_rank,part_of_speech) values ('492ca453-5a63-5e11-b9cf-c9f416dd457b', '20000000-0000-0000-0000-000000000003', 'guérir', 'sanar', 394, 'verb') on conflict (id) do nothing;
insert into vocabulary(id,course_id,word,translation,frequency_rank,part_of_speech) values ('86dc1fdf-f12c-5b69-bd0b-fb95e4613954', '20000000-0000-0000-0000-000000000003', 'rhume', 'el resfriado', 395, 'noun') on conflict (id) do nothing;
insert into vocabulary(id,course_id,word,translation,frequency_rank,part_of_speech) values ('25d4de36-9bb2-5ed6-8766-6db297ca89cc', '20000000-0000-0000-0000-000000000003', 'constipé', 'estreñido', 396, 'adjective') on conflict (id) do nothing;
insert into vocabulary(id,course_id,word,translation,frequency_rank,part_of_speech) values ('83c263d0-5758-506f-82dd-560157932b19', '20000000-0000-0000-0000-000000000003', 'tousser', 'toser', 397, 'verb') on conflict (id) do nothing;
insert into vocabulary(id,course_id,word,translation,frequency_rank,part_of_speech) values ('41cbaccf-2efd-5206-beb6-5cf800e27510', '20000000-0000-0000-0000-000000000003', 'douleur', 'el dolor', 398, 'noun') on conflict (id) do nothing;
insert into vocabulary(id,course_id,word,translation,frequency_rank,part_of_speech) values ('46e7e19f-830b-5bd9-a24a-c87afa5ed480', '20000000-0000-0000-0000-000000000003', 'médicament', 'el medicamento', 399, 'noun') on conflict (id) do nothing;
insert into vocabulary(id,course_id,word,translation,frequency_rank,part_of_speech) values ('d0a8dab7-9e5e-5f38-a292-3fb1c118ca3b', '20000000-0000-0000-0000-000000000003', 'la santé', 'la salud', 400, 'noun') on conflict (id) do nothing;
insert into vocabulary(id,course_id,word,translation,frequency_rank,part_of_speech) values ('ca4fc328-d2ad-591a-87cd-b159c5af4b74', '20000000-0000-0000-0000-000000000003', 'le corps', 'el cuerpo', 401, 'noun') on conflict (id) do nothing;
insert into vocabulary(id,course_id,word,translation,frequency_rank,part_of_speech) values ('c34b5af5-e891-501c-b417-6e4b1f426e21', '20000000-0000-0000-0000-000000000003', 'genou', 'la rodilla', 390, 'noun') on conflict (id) do nothing;
insert into vocabulary(id,course_id,word,translation,frequency_rank,part_of_speech) values ('32ade230-c0b2-52aa-9d4b-6c374e3d998e', '20000000-0000-0000-0000-000000000003', 'la peau', 'la piel', 391, 'noun') on conflict (id) do nothing;
insert into vocabulary(id,course_id,word,translation,frequency_rank,part_of_speech) values ('587d050b-b6d4-5a8e-9bea-d755392ad998', '20000000-0000-0000-0000-000000000003', 'os', 'el hueso', 392, 'noun') on conflict (id) do nothing;
insert into vocabulary(id,course_id,word,translation,frequency_rank,part_of_speech) values ('17b728df-5560-51b3-8505-e3dce83a4cfd', '20000000-0000-0000-0000-000000000003', 'la poitrine', 'el pecho', 393, 'noun') on conflict (id) do nothing;
insert into vocabulary(id,course_id,word,translation,frequency_rank,part_of_speech) values ('57257d95-ec8d-5be1-a7ef-5338af19bb0d', '20000000-0000-0000-0000-000000000003', 'cœur', 'el corazón', 394, 'noun') on conflict (id) do nothing;
insert into vocabulary(id,course_id,word,translation,frequency_rank,part_of_speech) values ('6d35ce9a-04e3-5c78-969a-2a2620b60252', '20000000-0000-0000-0000-000000000003', 'sang', 'la sangre', 395, 'noun') on conflict (id) do nothing;
insert into vocabulary(id,course_id,word,translation,frequency_rank,part_of_speech) values ('190858a4-f08e-53a3-8089-74dd0043e812', '20000000-0000-0000-0000-000000000003', 'le nez', 'la nariz', 396, 'noun') on conflict (id) do nothing;
insert into vocabulary(id,course_id,word,translation,frequency_rank,part_of_speech) values ('bfcc217c-e357-58af-85b4-de182c8be58d', '20000000-0000-0000-0000-000000000003', 'dent', 'el diente', 397, 'noun') on conflict (id) do nothing;
insert into vocabulary(id,course_id,word,translation,frequency_rank,part_of_speech) values ('57fa9552-441e-589e-937a-ea961eb0b926', '20000000-0000-0000-0000-000000000003', 'l''oreille', 'la oreja', 398, 'noun') on conflict (id) do nothing;
insert into vocabulary(id,course_id,word,translation,frequency_rank,part_of_speech) values ('42cca249-fdd3-56cf-843a-220e6a22a98c', '20000000-0000-0000-0000-000000000003', 'l''hôpital', 'el hospital', 399, 'noun') on conflict (id) do nothing;
insert into vocabulary(id,course_id,word,translation,frequency_rank,part_of_speech) values ('f6f7b5e4-c765-5157-9dfc-65124d614ef1', '20000000-0000-0000-0000-000000000003', 'la grippe', 'la gripe', 400, 'noun') on conflict (id) do nothing;
insert into vocabulary(id,course_id,word,translation,frequency_rank,part_of_speech) values ('876f9881-334a-57f2-9989-c6a22ef3f926', '20000000-0000-0000-0000-000000000003', 'soigner', 'curar', 401, 'verb') on conflict (id) do nothing;
insert into vocabulary(id,course_id,word,translation,frequency_rank,part_of_speech) values ('be1e8193-c9d5-568f-ba57-6aa74a4529c7', '20000000-0000-0000-0000-000000000003', 'le patron', 'el jefe', 420, 'noun') on conflict (id) do nothing;
insert into vocabulary(id,course_id,word,translation,frequency_rank,part_of_speech) values ('37edcd7e-6e6f-5a95-afb1-134a39e23ee9', '20000000-0000-0000-0000-000000000003', 'le bureau', 'la oficina', 421, 'noun') on conflict (id) do nothing;
insert into vocabulary(id,course_id,word,translation,frequency_rank,part_of_speech) values ('68ad0762-9034-5d1e-ac1d-c392a685b198', '20000000-0000-0000-0000-000000000003', 'le salaire', 'el sueldo', 422, 'noun') on conflict (id) do nothing;
insert into vocabulary(id,course_id,word,translation,frequency_rank,part_of_speech) values ('0a442b2f-0a8a-5bda-85c3-49e0bbdf2f20', '20000000-0000-0000-0000-000000000003', 'embaucher', 'contratar', 423, 'verb') on conflict (id) do nothing;
insert into vocabulary(id,course_id,word,translation,frequency_rank,part_of_speech) values ('7819ad75-d184-50eb-a7e9-f251113c4429', '20000000-0000-0000-0000-000000000003', 'licencier', 'despedir', 424, 'verb') on conflict (id) do nothing;
insert into vocabulary(id,course_id,word,translation,frequency_rank,part_of_speech) values ('01495cd3-30ee-58db-b1b3-2d6cc848e62d', '20000000-0000-0000-0000-000000000003', 'la tâche', 'la tarea', 425, 'noun') on conflict (id) do nothing;
insert into vocabulary(id,course_id,word,translation,frequency_rank,part_of_speech) values ('fae8dfe2-7309-5352-b85d-f17ef9292a29', '20000000-0000-0000-0000-000000000003', 'l''employé', 'el empleado', 426, 'noun') on conflict (id) do nothing;
insert into vocabulary(id,course_id,word,translation,frequency_rank,part_of_speech) values ('3b798043-5ed0-5a48-9122-fa4dcb3282a4', '20000000-0000-0000-0000-000000000003', 'le directeur', 'el director', 427, 'noun') on conflict (id) do nothing;
insert into vocabulary(id,course_id,word,translation,frequency_rank,part_of_speech) values ('e267d60d-7b4e-5070-b1e3-4abe64de415e', '20000000-0000-0000-0000-000000000003', 'l''entretien', 'la entrevista', 428, 'noun') on conflict (id) do nothing;
insert into vocabulary(id,course_id,word,translation,frequency_rank,part_of_speech) values ('6f28ad68-cb0a-55c5-a719-3570a473bafc', '20000000-0000-0000-0000-000000000003', 'le contrat', 'el contrato', 429, 'noun') on conflict (id) do nothing;
insert into vocabulary(id,course_id,word,translation,frequency_rank,part_of_speech) values ('9bbd647c-4628-5c97-8516-47243d2951f9', '20000000-0000-0000-0000-000000000003', 'l''équipe', 'el equipo', 430, 'noun') on conflict (id) do nothing;
insert into vocabulary(id,course_id,word,translation,frequency_rank,part_of_speech) values ('3aeee78e-33b8-579d-be27-458288f9774d', '20000000-0000-0000-0000-000000000003', 'le métier', 'el oficio', 420, 'noun') on conflict (id) do nothing;
insert into vocabulary(id,course_id,word,translation,frequency_rank,part_of_speech) values ('4f3fe5eb-ed11-5b58-8e82-deb8b7ea5cb2', '20000000-0000-0000-0000-000000000003', 'l''emploi', 'el empleo', 421, 'noun') on conflict (id) do nothing;
insert into vocabulary(id,course_id,word,translation,frequency_rank,part_of_speech) values ('d63658e6-b84f-5287-b47d-c31c8f64581e', '20000000-0000-0000-0000-000000000003', 'le poste', 'el puesto', 422, 'noun') on conflict (id) do nothing;
insert into vocabulary(id,course_id,word,translation,frequency_rank,part_of_speech) values ('edbc58a9-ecaf-56a5-88a1-f2dec6c6161a', '20000000-0000-0000-0000-000000000003', 'gérer', 'gestionar', 423, 'verb') on conflict (id) do nothing;
insert into vocabulary(id,course_id,word,translation,frequency_rank,part_of_speech) values ('c2ea68ed-66f6-5366-87c3-6d05b896869a', '20000000-0000-0000-0000-000000000003', 'gagner', 'ganar', 424, 'verb') on conflict (id) do nothing;
insert into vocabulary(id,course_id,word,translation,frequency_rank,part_of_speech) values ('6296a604-0338-5c97-9d54-d2655ea39ca5', '20000000-0000-0000-0000-000000000003', 'la carrière', 'la carrera', 425, 'noun') on conflict (id) do nothing;
insert into vocabulary(id,course_id,word,translation,frequency_rank,part_of_speech) values ('6d9ff9b8-f69a-51be-a284-2076c7871a68', '20000000-0000-0000-0000-000000000003', 'le stage', 'la pasantía', 426, 'noun') on conflict (id) do nothing;
insert into vocabulary(id,course_id,word,translation,frequency_rank,part_of_speech) values ('4f54bc02-efa2-51e7-91b3-c00c8b91585e', '20000000-0000-0000-0000-000000000003', 'la formation', 'la formación', 427, 'noun') on conflict (id) do nothing;
insert into vocabulary(id,course_id,word,translation,frequency_rank,part_of_speech) values ('c7cbd0ea-e536-50f7-be9a-57ad458dc5da', '20000000-0000-0000-0000-000000000003', 'le chômage', 'el desempleo', 428, 'noun') on conflict (id) do nothing;
insert into vocabulary(id,course_id,word,translation,frequency_rank,part_of_speech) values ('a9f558cb-90e8-5dc2-baf8-cd54e7370e91', '20000000-0000-0000-0000-000000000003', 'démissionner', 'renunciar', 429, 'verb') on conflict (id) do nothing;
insert into vocabulary(id,course_id,word,translation,frequency_rank,part_of_speech) values ('97e52c29-618e-5976-8ff1-0ca26a235dfc', '20000000-0000-0000-0000-000000000003', 'postuler', 'postularse', 430, 'verb') on conflict (id) do nothing;
insert into vocabulary(id,course_id,word,translation,frequency_rank,part_of_speech) values ('aa100e86-963c-531b-abe0-ac6ef6068055', '20000000-0000-0000-0000-000000000003', 'le tonnerre', 'el trueno', 450, 'noun') on conflict (id) do nothing;
insert into vocabulary(id,course_id,word,translation,frequency_rank,part_of_speech) values ('86449c4b-24be-5a80-a817-7a18369ebe57', '20000000-0000-0000-0000-000000000003', 'l''éclair', 'el relámpago', 451, 'noun') on conflict (id) do nothing;
insert into vocabulary(id,course_id,word,translation,frequency_rank,part_of_speech) values ('9502b559-fb1d-5a8d-b903-dd95a65ffd5f', '20000000-0000-0000-0000-000000000003', 'la brise', 'la brisa', 452, 'noun') on conflict (id) do nothing;
insert into vocabulary(id,course_id,word,translation,frequency_rank,part_of_speech) values ('09bc42ab-b07b-5b39-9fd5-0023fae85c6e', '20000000-0000-0000-0000-000000000003', 'l''inondation', 'la inundación', 453, 'noun') on conflict (id) do nothing;
insert into vocabulary(id,course_id,word,translation,frequency_rank,part_of_speech) values ('d6e81b4e-ff44-58f8-aeb4-f7d3d32fa294', '20000000-0000-0000-0000-000000000003', 'l''aube', 'el amanecer', 454, 'noun') on conflict (id) do nothing;
insert into vocabulary(id,course_id,word,translation,frequency_rank,part_of_speech) values ('2c76a1cd-a280-5ca3-a381-aea4a81071c3', '20000000-0000-0000-0000-000000000003', 'la vague', 'la ola', 455, 'noun') on conflict (id) do nothing;
insert into vocabulary(id,course_id,word,translation,frequency_rank,part_of_speech) values ('b1326977-5f41-520c-b113-0685b69bd42a', '20000000-0000-0000-0000-000000000003', 'la marée', 'la marea', 456, 'noun') on conflict (id) do nothing;
insert into vocabulary(id,course_id,word,translation,frequency_rank,part_of_speech) values ('519a1112-6e5c-5d07-bd11-549fa5603643', '20000000-0000-0000-0000-000000000003', 'le brouillard', 'la niebla', 457, 'noun') on conflict (id) do nothing;
insert into vocabulary(id,course_id,word,translation,frequency_rank,part_of_speech) values ('f3ef661e-9633-5e11-8a4f-240053f8d0fd', '20000000-0000-0000-0000-000000000003', 'la boue', 'el barro', 458, 'noun') on conflict (id) do nothing;
insert into vocabulary(id,course_id,word,translation,frequency_rank,part_of_speech) values ('e063bda3-acde-521e-bca4-a0eda97afc09', '20000000-0000-0000-0000-000000000003', 'la colline', 'la colina', 459, 'noun') on conflict (id) do nothing;
insert into vocabulary(id,course_id,word,translation,frequency_rank,part_of_speech) values ('6ecc24fb-632f-5a01-80a4-bbbc06ec12fb', '20000000-0000-0000-0000-000000000003', 'la rive', 'la orilla', 460, 'noun') on conflict (id) do nothing;
insert into vocabulary(id,course_id,word,translation,frequency_rank,part_of_speech) values ('2215532d-f661-5af8-ae00-c9d5c12f9f51', '20000000-0000-0000-0000-000000000003', 'le nuage', 'la nube', 461, 'noun') on conflict (id) do nothing;
insert into vocabulary(id,course_id,word,translation,frequency_rank,part_of_speech) values ('185242e8-9025-5ad2-ad57-c24bae5b4766', '20000000-0000-0000-0000-000000000003', 'la neige', 'la nieve', 450, 'noun') on conflict (id) do nothing;
insert into vocabulary(id,course_id,word,translation,frequency_rank,part_of_speech) values ('8dc5343f-cf21-5b75-90ee-ca57ce30ed3b', '20000000-0000-0000-0000-000000000003', 'le vent', 'el viento', 451, 'noun') on conflict (id) do nothing;
insert into vocabulary(id,course_id,word,translation,frequency_rank,part_of_speech) values ('18f7bb98-f5f3-5283-88d3-3cf7e1b06a23', '20000000-0000-0000-0000-000000000003', 'l''orage', 'la tormenta', 452, 'noun') on conflict (id) do nothing;
insert into vocabulary(id,course_id,word,translation,frequency_rank,part_of_speech) values ('87fddc4e-845b-569b-9f8d-c4aa711dd82e', '20000000-0000-0000-0000-000000000003', 'la foudre', 'el rayo', 453, 'noun') on conflict (id) do nothing;
insert into vocabulary(id,course_id,word,translation,frequency_rank,part_of_speech) values ('3c7506ae-96b2-5cc1-8cea-3032afca52fc', '20000000-0000-0000-0000-000000000003', 'la falaise', 'el acantilado', 454, 'noun') on conflict (id) do nothing;
insert into vocabulary(id,course_id,word,translation,frequency_rank,part_of_speech) values ('1c3ad343-a994-5664-b769-2f9db8828808', '20000000-0000-0000-0000-000000000003', 'la forêt', 'el bosque', 455, 'noun') on conflict (id) do nothing;
insert into vocabulary(id,course_id,word,translation,frequency_rank,part_of_speech) values ('3ad8a3c9-22f3-554a-99ff-fb7f9db80b1d', '20000000-0000-0000-0000-000000000003', 'le sommet', 'la cima', 456, 'noun') on conflict (id) do nothing;
insert into vocabulary(id,course_id,word,translation,frequency_rank,part_of_speech) values ('6b135199-a5fd-5c32-95af-dfab4de0fe25', '20000000-0000-0000-0000-000000000003', 'la sécheresse', 'la sequía', 457, 'noun') on conflict (id) do nothing;
insert into vocabulary(id,course_id,word,translation,frequency_rank,part_of_speech) values ('e7caf6f1-3410-5f57-9e9f-59d371fa50ae', '20000000-0000-0000-0000-000000000003', 'l''arc-en-ciel', 'el arcoíris', 458, 'noun') on conflict (id) do nothing;
insert into vocabulary(id,course_id,word,translation,frequency_rank,part_of_speech) values ('f292c150-6a0b-5f1b-b543-31b7160a1ddc', '20000000-0000-0000-0000-000000000003', 'la grêle', 'el granizo', 459, 'noun') on conflict (id) do nothing;
insert into vocabulary(id,course_id,word,translation,frequency_rank,part_of_speech) values ('b4b961b4-0493-5f5f-9da8-e4c8417ddef7', '20000000-0000-0000-0000-000000000003', 'la rosée', 'el rocío', 460, 'noun') on conflict (id) do nothing;
insert into vocabulary(id,course_id,word,translation,frequency_rank,part_of_speech) values ('967d5ab1-fb17-56ff-9e44-8c728e7195ea', '20000000-0000-0000-0000-000000000003', 'le sable', 'la arena', 461, 'noun') on conflict (id) do nothing;
insert into vocabulary(id,course_id,word,translation,frequency_rank,part_of_speech) values ('cedbe3e6-cc49-5039-9b1c-22c6ce9f4806', '20000000-0000-0000-0000-000000000003', 'gêné', 'avergonzado', 480, 'adj') on conflict (id) do nothing;
insert into vocabulary(id,course_id,word,translation,frequency_rank,part_of_speech) values ('159a5e49-2797-5038-8a5d-6bc0c269ea2b', '20000000-0000-0000-0000-000000000003', 'fâché', 'enfadado', 481, 'adj') on conflict (id) do nothing;
insert into vocabulary(id,course_id,word,translation,frequency_rank,part_of_speech) values ('132490cc-bbce-5e3e-a9b1-f4b0bb42703c', '20000000-0000-0000-0000-000000000003', 'jaloux', 'celoso', 482, 'adj') on conflict (id) do nothing;
insert into vocabulary(id,course_id,word,translation,frequency_rank,part_of_speech) values ('ef066cf3-d444-59d9-9950-0a3286b82810', '20000000-0000-0000-0000-000000000003', 'fier', 'orgulloso', 483, 'adj') on conflict (id) do nothing;
insert into vocabulary(id,course_id,word,translation,frequency_rank,part_of_speech) values ('6718e4da-e2ba-5f85-ac4c-ae2e73303c84', '20000000-0000-0000-0000-000000000003', 'méchant', 'malo', 484, 'adj') on conflict (id) do nothing;
insert into vocabulary(id,course_id,word,translation,frequency_rank,part_of_speech) values ('0ee21e2d-a744-50ad-b7c1-e48e78fe8942', '20000000-0000-0000-0000-000000000003', 'paresseux', 'perezoso', 485, 'adj') on conflict (id) do nothing;
insert into vocabulary(id,course_id,word,translation,frequency_rank,part_of_speech) values ('56e1d262-c88d-5bc6-9cff-30c2a7acc8b2', '20000000-0000-0000-0000-000000000003', 'têtu', 'terco', 486, 'adj') on conflict (id) do nothing;
insert into vocabulary(id,course_id,word,translation,frequency_rank,part_of_speech) values ('b386e14a-66e0-5b44-a0b6-0d5516fcb8e8', '20000000-0000-0000-0000-000000000003', 'courageux', 'valiente', 487, 'adj') on conflict (id) do nothing;
insert into vocabulary(id,course_id,word,translation,frequency_rank,part_of_speech) values ('c2c6426e-4e51-5620-887f-40f785043ac0', '20000000-0000-0000-0000-000000000003', 'poli', 'cortés', 488, 'adj') on conflict (id) do nothing;
insert into vocabulary(id,course_id,word,translation,frequency_rank,part_of_speech) values ('77637e92-45f9-56d7-a74f-2522df4d8dbc', '20000000-0000-0000-0000-000000000003', 'déçu', 'decepcionado', 489, 'adj') on conflict (id) do nothing;
insert into vocabulary(id,course_id,word,translation,frequency_rank,part_of_speech) values ('f79b44ac-f0f5-5b2a-9b09-628d2e6542d4', '20000000-0000-0000-0000-000000000003', 'inquiet', 'preocupado', 490, 'adj') on conflict (id) do nothing;
insert into vocabulary(id,course_id,word,translation,frequency_rank,part_of_speech) values ('c965afad-ee61-516b-895d-99fd0fd50315', '20000000-0000-0000-0000-000000000003', 'généreux', 'generoso', 480, 'adj') on conflict (id) do nothing;
insert into vocabulary(id,course_id,word,translation,frequency_rank,part_of_speech) values ('80d0fa74-417a-52ee-a77d-40ecee158e57', '20000000-0000-0000-0000-000000000003', 'égoïste', 'egoísta', 481, 'adj') on conflict (id) do nothing;
insert into vocabulary(id,course_id,word,translation,frequency_rank,part_of_speech) values ('ecf03df6-e80e-512b-94d5-0a25ecc20da2', '20000000-0000-0000-0000-000000000003', 'amoureux', 'enamorado', 482, 'adj') on conflict (id) do nothing;
insert into vocabulary(id,course_id,word,translation,frequency_rank,part_of_speech) values ('f94996fd-bcc5-52c5-811d-98784f63c830', '20000000-0000-0000-0000-000000000003', 'bavard', 'hablador', 483, 'adj') on conflict (id) do nothing;
insert into vocabulary(id,course_id,word,translation,frequency_rank,part_of_speech) values ('89e2c74d-b8bf-550c-b474-f1cf41e1c77f', '20000000-0000-0000-0000-000000000003', 'honnête', 'honesto', 484, 'adj') on conflict (id) do nothing;
insert into vocabulary(id,course_id,word,translation,frequency_rank,part_of_speech) values ('d8731c50-8eaa-51ff-b67d-2a9aa747babd', '20000000-0000-0000-0000-000000000003', 'nerveux', 'nervioso', 485, 'adj') on conflict (id) do nothing;
insert into vocabulary(id,course_id,word,translation,frequency_rank,part_of_speech) values ('8c880cae-a59d-5e28-bda7-83e9eebefb5a', '20000000-0000-0000-0000-000000000003', 'curieux', 'curioso', 486, 'adj') on conflict (id) do nothing;
insert into vocabulary(id,course_id,word,translation,frequency_rank,part_of_speech) values ('d61109d7-0aee-5d74-945e-be3b33055b7b', '20000000-0000-0000-0000-000000000003', 'effrayé', 'asustado', 487, 'adj') on conflict (id) do nothing;
insert into vocabulary(id,course_id,word,translation,frequency_rank,part_of_speech) values ('a8ccdd0d-9af1-57a6-8b13-51f627faf855', '20000000-0000-0000-0000-000000000003', 'ému', 'conmovido', 488, 'adj') on conflict (id) do nothing;
insert into vocabulary(id,course_id,word,translation,frequency_rank,part_of_speech) values ('c41e64c1-d191-5a2e-b5dd-4e796f4364eb', '20000000-0000-0000-0000-000000000003', 'lâche', 'cobarde', 489, 'adj') on conflict (id) do nothing;
insert into vocabulary(id,course_id,word,translation,frequency_rank,part_of_speech) values ('1d7b2849-b2cd-591d-83ed-e8b71ea91bd8', '20000000-0000-0000-0000-000000000003', 'reconnaissant', 'agradecido', 490, 'adj') on conflict (id) do nothing;

-- 2) content_items (cloze con audio + match)
insert into content_items(id,course_id,cefr_level,skill,type,prompt,payload,correct_answer,difficulty,tags) values ('3d0d2eb4-593b-51dd-909c-0b5e56a9d2a7', '20000000-0000-0000-0000-000000000003', 'A2', 'writing', 'cloze', 'Completa la frase con la palabra que falta.', '{"text": "Les piétons marchent sur le trottoir en ville.", "audio_url": "https://wiauinufpbkmjlbqlkxo.supabase.co/storage/v1/object/public/audio/items/3d0d2eb4-593b-51dd-909c-0b5e56a9d2a7.mp3"}'::jsonb, '{"value": "le trottoir", "accepted": ["le trottoir"]}'::jsonb, 0.35, array['vocab_f1','writing']) on conflict (id) do nothing;
insert into content_items(id,course_id,cefr_level,skill,type,prompt,payload,correct_answer,difficulty,tags) values ('67367e0f-4a9d-5ccc-89cc-a1ceaeed0d36', '20000000-0000-0000-0000-000000000003', 'A2', 'writing', 'cloze', 'Completa la frase con la palabra que falta.', '{"text": "J''habite dans un grand immeuble au centre.", "audio_url": "https://wiauinufpbkmjlbqlkxo.supabase.co/storage/v1/object/public/audio/items/67367e0f-4a9d-5ccc-89cc-a1ceaeed0d36.mp3"}'::jsonb, '{"value": "immeuble", "accepted": ["immeuble"]}'::jsonb, 0.35, array['vocab_f1','writing']) on conflict (id) do nothing;
insert into content_items(id,course_id,cefr_level,skill,type,prompt,payload,correct_answer,difficulty,tags) values ('643b5686-11d4-55e4-b724-4f3822a68cb6', '20000000-0000-0000-0000-000000000003', 'A2', 'writing', 'cloze', 'Completa la frase con la palabra que falta.', '{"text": "Tournez à gauche au prochain carrefour.", "audio_url": "https://wiauinufpbkmjlbqlkxo.supabase.co/storage/v1/object/public/audio/items/643b5686-11d4-55e4-b724-4f3822a68cb6.mp3"}'::jsonb, '{"value": "carrefour", "accepted": ["carrefour"]}'::jsonb, 0.35, array['vocab_f1','writing']) on conflict (id) do nothing;
insert into content_items(id,course_id,cefr_level,skill,type,prompt,payload,correct_answer,difficulty,tags) values ('08ce891a-5964-5fc0-bf17-31a9fbebf39f', '20000000-0000-0000-0000-000000000003', 'A2', 'writing', 'cloze', 'Completa la frase con la palabra que falta.', '{"text": "La mairie se trouve sur la place principale.", "audio_url": "https://wiauinufpbkmjlbqlkxo.supabase.co/storage/v1/object/public/audio/items/08ce891a-5964-5fc0-bf17-31a9fbebf39f.mp3"}'::jsonb, '{"value": "la mairie", "accepted": ["la mairie"]}'::jsonb, 0.35, array['vocab_f1','writing']) on conflict (id) do nothing;
insert into content_items(id,course_id,cefr_level,skill,type,prompt,payload,correct_answer,difficulty,tags) values ('576fbff2-b772-5a18-aba8-c7c7dfb83933', '20000000-0000-0000-0000-000000000003', 'A2', 'writing', 'cloze', 'Completa la frase con la palabra que falta.', '{"text": "La boulangerie est au coin de la rue.", "audio_url": "https://wiauinufpbkmjlbqlkxo.supabase.co/storage/v1/object/public/audio/items/576fbff2-b772-5a18-aba8-c7c7dfb83933.mp3"}'::jsonb, '{"value": "coin", "accepted": ["coin"]}'::jsonb, 0.35, array['vocab_f1','writing']) on conflict (id) do nothing;
insert into content_items(id,course_id,cefr_level,skill,type,prompt,payload,correct_answer,difficulty,tags) values ('14d264bd-ca24-5057-9c75-749c77b9afa5', '20000000-0000-0000-0000-000000000003', 'A2', 'writing', 'cloze', 'Completa la frase con la palabra que falta.', '{"text": "Arrête-toi quand le feu est rouge.", "audio_url": "https://wiauinufpbkmjlbqlkxo.supabase.co/storage/v1/object/public/audio/items/14d264bd-ca24-5057-9c75-749c77b9afa5.mp3"}'::jsonb, '{"value": "le feu", "accepted": ["le feu"]}'::jsonb, 0.35, array['vocab_f1','writing']) on conflict (id) do nothing;
insert into content_items(id,course_id,cefr_level,skill,type,prompt,payload,correct_answer,difficulty,tags) values ('878eacb1-6b61-5052-96f7-b4636d91847c', '20000000-0000-0000-0000-000000000003', 'A2', 'writing', 'cloze', 'Completa la frase con la palabra que falta.', '{"text": "Il y a une fontaine sur la place.", "audio_url": "https://wiauinufpbkmjlbqlkxo.supabase.co/storage/v1/object/public/audio/items/878eacb1-6b61-5052-96f7-b4636d91847c.mp3"}'::jsonb, '{"value": "la place", "accepted": ["la place"]}'::jsonb, 0.35, array['vocab_f1','writing']) on conflict (id) do nothing;
insert into content_items(id,course_id,cefr_level,skill,type,prompt,payload,correct_answer,difficulty,tags) values ('328e0d1d-5e87-5007-8faf-8ae7a05c8401', '20000000-0000-0000-0000-000000000003', 'A2', 'writing', 'cloze', 'Completa la frase con la palabra que falta.', '{"text": "Nous marchons le long de l''avenue principale.", "audio_url": "https://wiauinufpbkmjlbqlkxo.supabase.co/storage/v1/object/public/audio/items/328e0d1d-5e87-5007-8faf-8ae7a05c8401.mp3"}'::jsonb, '{"value": "l''avenue", "accepted": ["l''avenue"]}'::jsonb, 0.35, array['vocab_f1','writing']) on conflict (id) do nothing;
insert into content_items(id,course_id,cefr_level,skill,type,prompt,payload,correct_answer,difficulty,tags) values ('b70223fa-9e11-5cc4-96f8-3f395f1c2725', '20000000-0000-0000-0000-000000000003', 'A2', 'writing', 'cloze', 'Completa la frase con la palabra que falta.', '{"text": "Le boulevard est bordé de grands arbres.", "audio_url": "https://wiauinufpbkmjlbqlkxo.supabase.co/storage/v1/object/public/audio/items/b70223fa-9e11-5cc4-96f8-3f395f1c2725.mp3"}'::jsonb, '{"value": "le boulevard", "accepted": ["le boulevard"]}'::jsonb, 0.35, array['vocab_f1','writing']) on conflict (id) do nothing;
insert into content_items(id,course_id,cefr_level,skill,type,prompt,payload,correct_answer,difficulty,tags) values ('2a1bb670-33bb-538b-b2ef-b6980e546603', '20000000-0000-0000-0000-000000000003', 'A2', 'writing', 'cloze', 'Completa la frase con la palabra que falta.', '{"text": "Ma famille habite en banlieue de Paris.", "audio_url": "https://wiauinufpbkmjlbqlkxo.supabase.co/storage/v1/object/public/audio/items/2a1bb670-33bb-538b-b2ef-b6980e546603.mp3"}'::jsonb, '{"value": "banlieue", "accepted": ["banlieue"]}'::jsonb, 0.35, array['vocab_f1','writing']) on conflict (id) do nothing;
insert into content_items(id,course_id,cefr_level,skill,type,prompt,payload,correct_answer,difficulty,tags) values ('caa8f6c1-3e28-5280-88a6-1134833a5936', '20000000-0000-0000-0000-000000000003', 'A2', 'writing', 'cloze', 'Completa la frase con la palabra que falta.', '{"text": "Le centre-ville est fermé aux voitures aujourd''hui.", "audio_url": "https://wiauinufpbkmjlbqlkxo.supabase.co/storage/v1/object/public/audio/items/caa8f6c1-3e28-5280-88a6-1134833a5936.mp3"}'::jsonb, '{"value": "le centre-ville", "accepted": ["le centre-ville"]}'::jsonb, 0.35, array['vocab_f1','writing']) on conflict (id) do nothing;
insert into content_items(id,course_id,cefr_level,skill,type,prompt,payload,correct_answer,difficulty,tags) values ('efb4dbcd-dca0-5364-a576-137a7fbd8938', '20000000-0000-0000-0000-000000000003', 'A2', 'writing', 'cloze', 'Completa la frase con la palabra que falta.', '{"text": "Traversez la rue sur le passage piéton.", "audio_url": "https://wiauinufpbkmjlbqlkxo.supabase.co/storage/v1/object/public/audio/items/efb4dbcd-dca0-5364-a576-137a7fbd8938.mp3"}'::jsonb, '{"value": "le passage piéton", "accepted": ["le passage piéton"]}'::jsonb, 0.35, array['vocab_f1','writing']) on conflict (id) do nothing;
insert into content_items(id,course_id,cefr_level,skill,type,prompt,payload,correct_answer,difficulty,tags) values ('0736d76b-7055-5061-b707-25c0970b6fd3', '20000000-0000-0000-0000-000000000003', 'A2', 'reading', 'match', 'Empareja cada palabra con su traducción.', '{"pairs": [{"en": "le trottoir", "es": "la acera"}, {"en": "immeuble", "es": "el edificio"}, {"en": "carrefour", "es": "el cruce"}, {"en": "la mairie", "es": "el ayuntamiento"}, {"en": "coin", "es": "la esquina"}]}'::jsonb, '{"pairs": [["le trottoir", "la acera"], ["immeuble", "el edificio"], ["carrefour", "el cruce"], ["la mairie", "el ayuntamiento"], ["coin", "la esquina"]]}'::jsonb, 0.15, array['vocab_f1','reading']) on conflict (id) do nothing;
insert into content_items(id,course_id,cefr_level,skill,type,prompt,payload,correct_answer,difficulty,tags) values ('94192c48-b6bf-59b0-962c-372d6059a9bc', '20000000-0000-0000-0000-000000000003', 'A2', 'reading', 'match', 'Empareja cada palabra con su traducción.', '{"pairs": [{"en": "le feu", "es": "el semáforo"}, {"en": "la place", "es": "la plaza"}, {"en": "l''avenue", "es": "la avenida"}, {"en": "le boulevard", "es": "el bulevar"}, {"en": "banlieue", "es": "las afueras"}]}'::jsonb, '{"pairs": [["le feu", "el semáforo"], ["la place", "la plaza"], ["l''avenue", "la avenida"], ["le boulevard", "el bulevar"], ["banlieue", "las afueras"]]}'::jsonb, 0.15, array['vocab_f1','reading']) on conflict (id) do nothing;
insert into content_items(id,course_id,cefr_level,skill,type,prompt,payload,correct_answer,difficulty,tags) values ('0b75fa6d-f494-58ea-88c1-5eaacbbb67d8', '20000000-0000-0000-0000-000000000003', 'A2', 'reading', 'match', 'Empareja cada palabra con su traducción.', '{"pairs": [{"en": "le centre-ville", "es": "el centro"}, {"en": "le passage piéton", "es": "el paso de peatones"}]}'::jsonb, '{"pairs": [["le centre-ville", "el centro"], ["le passage piéton", "el paso de peatones"]]}'::jsonb, 0.15, array['vocab_f1','reading']) on conflict (id) do nothing;
insert into content_items(id,course_id,cefr_level,skill,type,prompt,payload,correct_answer,difficulty,tags) values ('a65f6b44-6a35-59a8-867a-cd2a16d9f062', '20000000-0000-0000-0000-000000000003', 'A2', 'writing', 'cloze', 'Completa la frase con la palabra que falta.', '{"text": "Prenez la deuxième sortie au rond-point.", "audio_url": "https://wiauinufpbkmjlbqlkxo.supabase.co/storage/v1/object/public/audio/items/a65f6b44-6a35-59a8-867a-cd2a16d9f062.mp3"}'::jsonb, '{"value": "rond-point", "accepted": ["rond-point"]}'::jsonb, 0.35, array['vocab_f1','writing']) on conflict (id) do nothing;
insert into content_items(id,course_id,cefr_level,skill,type,prompt,payload,correct_answer,difficulty,tags) values ('68679228-ac3e-5820-a39b-96118a8e541c', '20000000-0000-0000-0000-000000000003', 'A2', 'writing', 'cloze', 'Completa la frase con la palabra que falta.', '{"text": "Le lampadaire éclaire la rue toute la nuit.", "audio_url": "https://wiauinufpbkmjlbqlkxo.supabase.co/storage/v1/object/public/audio/items/68679228-ac3e-5820-a39b-96118a8e541c.mp3"}'::jsonb, '{"value": "le lampadaire", "accepted": ["le lampadaire"]}'::jsonb, 0.35, array['vocab_f1','writing']) on conflict (id) do nothing;
insert into content_items(id,course_id,cefr_level,skill,type,prompt,payload,correct_answer,difficulty,tags) values ('c3276c14-0e43-54a6-aa04-8529bb6cca03', '20000000-0000-0000-0000-000000000003', 'A2', 'writing', 'cloze', 'Completa la frase con la palabra que falta.', '{"text": "Les enfants jouent dans le parc voisin.", "audio_url": "https://wiauinufpbkmjlbqlkxo.supabase.co/storage/v1/object/public/audio/items/c3276c14-0e43-54a6-aa04-8529bb6cca03.mp3"}'::jsonb, '{"value": "le parc", "accepted": ["le parc"]}'::jsonb, 0.35, array['vocab_f1','writing']) on conflict (id) do nothing;
insert into content_items(id,course_id,cefr_level,skill,type,prompt,payload,correct_answer,difficulty,tags) values ('b84b1a1f-4281-5355-ab20-8f2dae67e4c1', '20000000-0000-0000-0000-000000000003', 'A2', 'writing', 'cloze', 'Completa la frase con la palabra que falta.', '{"text": "La fontaine au milieu de la place est belle.", "audio_url": "https://wiauinufpbkmjlbqlkxo.supabase.co/storage/v1/object/public/audio/items/b84b1a1f-4281-5355-ab20-8f2dae67e4c1.mp3"}'::jsonb, '{"value": "la fontaine", "accepted": ["la fontaine"]}'::jsonb, 0.35, array['vocab_f1','writing']) on conflict (id) do nothing;
insert into content_items(id,course_id,cefr_level,skill,type,prompt,payload,correct_answer,difficulty,tags) values ('9b414f73-d397-5d39-895a-1b687df2f939', '20000000-0000-0000-0000-000000000003', 'A2', 'writing', 'cloze', 'Completa la frase con la palabra que falta.', '{"text": "L''église ancienne se dresse près du marché.", "audio_url": "https://wiauinufpbkmjlbqlkxo.supabase.co/storage/v1/object/public/audio/items/9b414f73-d397-5d39-895a-1b687df2f939.mp3"}'::jsonb, '{"value": "l''église", "accepted": ["l''église"]}'::jsonb, 0.35, array['vocab_f1','writing']) on conflict (id) do nothing;
insert into content_items(id,course_id,cefr_level,skill,type,prompt,payload,correct_answer,difficulty,tags) values ('31c390ad-cfc3-5f61-b980-4aa0e5358b24', '20000000-0000-0000-0000-000000000003', 'A2', 'writing', 'cloze', 'Completa la frase con la palabra que falta.', '{"text": "Je rends mes livres à la bibliothèque.", "audio_url": "https://wiauinufpbkmjlbqlkxo.supabase.co/storage/v1/object/public/audio/items/31c390ad-cfc3-5f61-b980-4aa0e5358b24.mp3"}'::jsonb, '{"value": "la bibliothèque", "accepted": ["la bibliothèque"]}'::jsonb, 0.35, array['vocab_f1','writing']) on conflict (id) do nothing;
insert into content_items(id,course_id,cefr_level,skill,type,prompt,payload,correct_answer,difficulty,tags) values ('61ac789a-d277-586a-aac9-463e850ad628', '20000000-0000-0000-0000-000000000003', 'A2', 'writing', 'cloze', 'Completa la frase con la palabra que falta.', '{"text": "Le samedi, nous allons au marché du quartier.", "audio_url": "https://wiauinufpbkmjlbqlkxo.supabase.co/storage/v1/object/public/audio/items/61ac789a-d277-586a-aac9-463e850ad628.mp3"}'::jsonb, '{"value": "marché", "accepted": ["marché"]}'::jsonb, 0.35, array['vocab_f1','writing']) on conflict (id) do nothing;
insert into content_items(id,course_id,cefr_level,skill,type,prompt,payload,correct_answer,difficulty,tags) values ('d802eb90-8244-5be0-a2af-ce58a0c07f87', '20000000-0000-0000-0000-000000000003', 'A2', 'writing', 'cloze', 'Completa la frase con la palabra que falta.', '{"text": "Elle a signalé le vol au commissariat.", "audio_url": "https://wiauinufpbkmjlbqlkxo.supabase.co/storage/v1/object/public/audio/items/d802eb90-8244-5be0-a2af-ce58a0c07f87.mp3"}'::jsonb, '{"value": "commissariat", "accepted": ["commissariat"]}'::jsonb, 0.35, array['vocab_f1','writing']) on conflict (id) do nothing;
insert into content_items(id,course_id,cefr_level,skill,type,prompt,payload,correct_answer,difficulty,tags) values ('26b84878-59bc-5ba0-9d1c-72fa85422815', '20000000-0000-0000-0000-000000000003', 'A2', 'writing', 'cloze', 'Completa la frase con la palabra que falta.', '{"text": "Le match aura lieu au stade municipal.", "audio_url": "https://wiauinufpbkmjlbqlkxo.supabase.co/storage/v1/object/public/audio/items/26b84878-59bc-5ba0-9d1c-72fa85422815.mp3"}'::jsonb, '{"value": "stade", "accepted": ["stade"]}'::jsonb, 0.35, array['vocab_f1','writing']) on conflict (id) do nothing;
insert into content_items(id,course_id,cefr_level,skill,type,prompt,payload,correct_answer,difficulty,tags) values ('13708bac-d1fc-5908-bc1f-515547a0fd6d', '20000000-0000-0000-0000-000000000003', 'A2', 'writing', 'cloze', 'Completa la frase con la palabra que falta.', '{"text": "Une petite ruelle mène à la cour intérieure.", "audio_url": "https://wiauinufpbkmjlbqlkxo.supabase.co/storage/v1/object/public/audio/items/13708bac-d1fc-5908-bc1f-515547a0fd6d.mp3"}'::jsonb, '{"value": "ruelle", "accepted": ["ruelle"]}'::jsonb, 0.35, array['vocab_f1','writing']) on conflict (id) do nothing;
insert into content_items(id,course_id,cefr_level,skill,type,prompt,payload,correct_answer,difficulty,tags) values ('7577301f-0ed4-5196-b563-a0ed801d6078', '20000000-0000-0000-0000-000000000003', 'A2', 'writing', 'cloze', 'Completa la frase con la palabra que falta.', '{"text": "Ce gratte-ciel domine tout le centre-ville.", "audio_url": "https://wiauinufpbkmjlbqlkxo.supabase.co/storage/v1/object/public/audio/items/7577301f-0ed4-5196-b563-a0ed801d6078.mp3"}'::jsonb, '{"value": "gratte-ciel", "accepted": ["gratte-ciel"]}'::jsonb, 0.35, array['vocab_f1','writing']) on conflict (id) do nothing;
insert into content_items(id,course_id,cefr_level,skill,type,prompt,payload,correct_answer,difficulty,tags) values ('cfcc1d43-e215-536e-8a8d-0c8bd30e6681', '20000000-0000-0000-0000-000000000003', 'A2', 'writing', 'cloze', 'Completa la frase con la palabra que falta.', '{"text": "Le panneau indique la direction de la gare.", "audio_url": "https://wiauinufpbkmjlbqlkxo.supabase.co/storage/v1/object/public/audio/items/cfcc1d43-e215-536e-8a8d-0c8bd30e6681.mp3"}'::jsonb, '{"value": "le panneau", "accepted": ["le panneau"]}'::jsonb, 0.35, array['vocab_f1','writing']) on conflict (id) do nothing;
insert into content_items(id,course_id,cefr_level,skill,type,prompt,payload,correct_answer,difficulty,tags) values ('d0959769-3bf6-594d-9a71-15249103c157', '20000000-0000-0000-0000-000000000003', 'A2', 'reading', 'match', 'Empareja cada palabra con su traducción.', '{"pairs": [{"en": "rond-point", "es": "la rotonda"}, {"en": "le lampadaire", "es": "la farola"}, {"en": "le parc", "es": "el parque"}, {"en": "la fontaine", "es": "la fuente"}, {"en": "l''église", "es": "la iglesia"}]}'::jsonb, '{"pairs": [["rond-point", "la rotonda"], ["le lampadaire", "la farola"], ["le parc", "el parque"], ["la fontaine", "la fuente"], ["l''église", "la iglesia"]]}'::jsonb, 0.15, array['vocab_f1','reading']) on conflict (id) do nothing;
insert into content_items(id,course_id,cefr_level,skill,type,prompt,payload,correct_answer,difficulty,tags) values ('3ff456c3-fccb-5b7d-b0e4-f1233ee140ba', '20000000-0000-0000-0000-000000000003', 'A2', 'reading', 'match', 'Empareja cada palabra con su traducción.', '{"pairs": [{"en": "la bibliothèque", "es": "la biblioteca"}, {"en": "marché", "es": "el mercado"}, {"en": "commissariat", "es": "la comisaría"}, {"en": "stade", "es": "el estadio"}, {"en": "ruelle", "es": "el callejón"}]}'::jsonb, '{"pairs": [["la bibliothèque", "la biblioteca"], ["marché", "el mercado"], ["commissariat", "la comisaría"], ["stade", "el estadio"], ["ruelle", "el callejón"]]}'::jsonb, 0.15, array['vocab_f1','reading']) on conflict (id) do nothing;
insert into content_items(id,course_id,cefr_level,skill,type,prompt,payload,correct_answer,difficulty,tags) values ('3ebd4bc1-9f9d-5a5f-adbc-6c278efe0ca9', '20000000-0000-0000-0000-000000000003', 'A2', 'reading', 'match', 'Empareja cada palabra con su traducción.', '{"pairs": [{"en": "gratte-ciel", "es": "el rascacielos"}, {"en": "le panneau", "es": "la señal"}]}'::jsonb, '{"pairs": [["gratte-ciel", "el rascacielos"], ["le panneau", "la señal"]]}'::jsonb, 0.15, array['vocab_f1','reading']) on conflict (id) do nothing;
insert into content_items(id,course_id,cefr_level,skill,type,prompt,payload,correct_answer,difficulty,tags) values ('876d2c5c-65c1-5848-8a1a-60ea402b51bd', '20000000-0000-0000-0000-000000000003', 'A2', 'writing', 'cloze', 'Completa la frase con la palabra que falta.', '{"text": "Les couverts sont rangés dans le tiroir de la cuisine.", "audio_url": "https://wiauinufpbkmjlbqlkxo.supabase.co/storage/v1/object/public/audio/items/876d2c5c-65c1-5848-8a1a-60ea402b51bd.mp3"}'::jsonb, '{"value": "le tiroir", "accepted": ["le tiroir"]}'::jsonb, 0.35, array['vocab_f1','writing']) on conflict (id) do nothing;
insert into content_items(id,course_id,cefr_level,skill,type,prompt,payload,correct_answer,difficulty,tags) values ('a584d507-9104-5a1b-a401-68bfe0c7e3ed', '20000000-0000-0000-0000-000000000003', 'A2', 'writing', 'cloze', 'Completa la frase con la palabra que falta.', '{"text": "En hiver, je dors sous une couverture bien chaude.", "audio_url": "https://wiauinufpbkmjlbqlkxo.supabase.co/storage/v1/object/public/audio/items/a584d507-9104-5a1b-a401-68bfe0c7e3ed.mp3"}'::jsonb, '{"value": "couverture", "accepted": ["couverture"]}'::jsonb, 0.35, array['vocab_f1','writing']) on conflict (id) do nothing;
insert into content_items(id,course_id,cefr_level,skill,type,prompt,payload,correct_answer,difficulty,tags) values ('4da21583-5cba-5c8a-8998-f104d5fae8af', '20000000-0000-0000-0000-000000000003', 'A2', 'writing', 'cloze', 'Completa la frase con la palabra que falta.', '{"text": "Mon oreiller est trop dur, je dors mal la nuit.", "audio_url": "https://wiauinufpbkmjlbqlkxo.supabase.co/storage/v1/object/public/audio/items/4da21583-5cba-5c8a-8998-f104d5fae8af.mp3"}'::jsonb, '{"value": "oreiller", "accepted": ["oreiller"]}'::jsonb, 0.35, array['vocab_f1','writing']) on conflict (id) do nothing;
insert into content_items(id,course_id,cefr_level,skill,type,prompt,payload,correct_answer,difficulty,tags) values ('86409b70-aa74-5e2c-a398-790592ba1054', '20000000-0000-0000-0000-000000000003', 'A2', 'writing', 'cloze', 'Completa la frase con la palabra que falta.', '{"text": "La vaisselle sale s''entasse dans l''évier de la cuisine.", "audio_url": "https://wiauinufpbkmjlbqlkxo.supabase.co/storage/v1/object/public/audio/items/86409b70-aa74-5e2c-a398-790592ba1054.mp3"}'::jsonb, '{"value": "l''évier", "accepted": ["l''évier"]}'::jsonb, 0.35, array['vocab_f1','writing']) on conflict (id) do nothing;
insert into content_items(id,course_id,cefr_level,skill,type,prompt,payload,correct_answer,difficulty,tags) values ('e92f1fc4-f8ef-55c0-90b0-f94977f9dfd7', '20000000-0000-0000-0000-000000000003', 'A2', 'writing', 'cloze', 'Completa la frase con la palabra que falta.', '{"text": "Une lampe ancienne pend du plafond du salon.", "audio_url": "https://wiauinufpbkmjlbqlkxo.supabase.co/storage/v1/object/public/audio/items/e92f1fc4-f8ef-55c0-90b0-f94977f9dfd7.mp3"}'::jsonb, '{"value": "plafond", "accepted": ["plafond"]}'::jsonb, 0.35, array['vocab_f1','writing']) on conflict (id) do nothing;
insert into content_items(id,course_id,cefr_level,skill,type,prompt,payload,correct_answer,difficulty,tags) values ('b9c9352d-b1ba-5e75-ad00-c74034293b79', '20000000-0000-0000-0000-000000000003', 'A2', 'writing', 'cloze', 'Completa la frase con la palabra que falta.', '{"text": "Prends le balai pour nettoyer la poussière du couloir.", "audio_url": "https://wiauinufpbkmjlbqlkxo.supabase.co/storage/v1/object/public/audio/items/b9c9352d-b1ba-5e75-ad00-c74034293b79.mp3"}'::jsonb, '{"value": "le balai", "accepted": ["le balai"]}'::jsonb, 0.35, array['vocab_f1','writing']) on conflict (id) do nothing;
insert into content_items(id,course_id,cefr_level,skill,type,prompt,payload,correct_answer,difficulty,tags) values ('4fc69b21-73c6-5d5c-b12e-a9e3fa3e6f9a', '20000000-0000-0000-0000-000000000003', 'A2', 'writing', 'cloze', 'Completa la frase con la palabra que falta.', '{"text": "Je change le drap du lit chaque semaine.", "audio_url": "https://wiauinufpbkmjlbqlkxo.supabase.co/storage/v1/object/public/audio/items/4fc69b21-73c6-5d5c-b12e-a9e3fa3e6f9a.mp3"}'::jsonb, '{"value": "le drap", "accepted": ["le drap"]}'::jsonb, 0.35, array['vocab_f1','writing']) on conflict (id) do nothing;
insert into content_items(id,course_id,cefr_level,skill,type,prompt,payload,correct_answer,difficulty,tags) values ('dac15a28-20e5-534d-825c-50b84c3eeb52', '20000000-0000-0000-0000-000000000003', 'A2', 'writing', 'cloze', 'Completa la frase con la palabra que falta.', '{"text": "Elle range ses robes dans la grande armoire en bois.", "audio_url": "https://wiauinufpbkmjlbqlkxo.supabase.co/storage/v1/object/public/audio/items/dac15a28-20e5-534d-825c-50b84c3eeb52.mp3"}'::jsonb, '{"value": "armoire", "accepted": ["armoire"]}'::jsonb, 0.35, array['vocab_f1','writing']) on conflict (id) do nothing;
insert into content_items(id,course_id,cefr_level,skill,type,prompt,payload,correct_answer,difficulty,tags) values ('a9249fd6-9b08-5ab0-8209-8d30814601cf', '20000000-0000-0000-0000-000000000003', 'A2', 'writing', 'cloze', 'Completa la frase con la palabra que falta.', '{"text": "N''oublie pas de sortir la poubelle ce soir.", "audio_url": "https://wiauinufpbkmjlbqlkxo.supabase.co/storage/v1/object/public/audio/items/a9249fd6-9b08-5ab0-8209-8d30814601cf.mp3"}'::jsonb, '{"value": "la poubelle", "accepted": ["la poubelle"]}'::jsonb, 0.35, array['vocab_f1','writing']) on conflict (id) do nothing;
insert into content_items(id,course_id,cefr_level,skill,type,prompt,payload,correct_answer,difficulty,tags) values ('71613b80-360d-5b13-9b89-0cea5b69b405', '20000000-0000-0000-0000-000000000003', 'A2', 'writing', 'cloze', 'Completa la frase con la palabra que falta.', '{"text": "Les enfants jouent sur le tapis du salon.", "audio_url": "https://wiauinufpbkmjlbqlkxo.supabase.co/storage/v1/object/public/audio/items/71613b80-360d-5b13-9b89-0cea5b69b405.mp3"}'::jsonb, '{"value": "le tapis", "accepted": ["le tapis"]}'::jsonb, 0.35, array['vocab_f1','writing']) on conflict (id) do nothing;
insert into content_items(id,course_id,cefr_level,skill,type,prompt,payload,correct_answer,difficulty,tags) values ('87f8594b-1efb-5bc5-a09e-014e5e13da95', '20000000-0000-0000-0000-000000000003', 'A2', 'writing', 'cloze', 'Completa la frase con la palabra que falta.', '{"text": "Je dois balayer la cuisine après le dîner.", "audio_url": "https://wiauinufpbkmjlbqlkxo.supabase.co/storage/v1/object/public/audio/items/87f8594b-1efb-5bc5-a09e-014e5e13da95.mp3"}'::jsonb, '{"value": "balayer", "accepted": ["balayer"]}'::jsonb, 0.35, array['vocab_f1','writing']) on conflict (id) do nothing;
insert into content_items(id,course_id,cefr_level,skill,type,prompt,payload,correct_answer,difficulty,tags) values ('ea666c40-ec64-5ac5-bc38-c52ed116c1c1', '20000000-0000-0000-0000-000000000003', 'A2', 'writing', 'cloze', 'Completa la frase con la palabra que falta.', '{"text": "Tu devrais ranger ta chambre avant de sortir.", "audio_url": "https://wiauinufpbkmjlbqlkxo.supabase.co/storage/v1/object/public/audio/items/ea666c40-ec64-5ac5-bc38-c52ed116c1c1.mp3"}'::jsonb, '{"value": "ranger", "accepted": ["ranger"]}'::jsonb, 0.35, array['vocab_f1','writing']) on conflict (id) do nothing;
insert into content_items(id,course_id,cefr_level,skill,type,prompt,payload,correct_answer,difficulty,tags) values ('e82960c5-e673-596c-9f4a-fc9df18d3edf', '20000000-0000-0000-0000-000000000003', 'A2', 'reading', 'match', 'Empareja cada palabra con su traducción.', '{"pairs": [{"en": "le tiroir", "es": "el cajón"}, {"en": "couverture", "es": "la manta"}, {"en": "oreiller", "es": "la almohada"}, {"en": "l''évier", "es": "el fregadero"}, {"en": "plafond", "es": "el techo"}]}'::jsonb, '{"pairs": [["le tiroir", "el cajón"], ["couverture", "la manta"], ["oreiller", "la almohada"], ["l''évier", "el fregadero"], ["plafond", "el techo"]]}'::jsonb, 0.15, array['vocab_f1','reading']) on conflict (id) do nothing;
insert into content_items(id,course_id,cefr_level,skill,type,prompt,payload,correct_answer,difficulty,tags) values ('b3ea80bc-8b28-527a-93b7-0c7b3c76ef36', '20000000-0000-0000-0000-000000000003', 'A2', 'reading', 'match', 'Empareja cada palabra con su traducción.', '{"pairs": [{"en": "le balai", "es": "la escoba"}, {"en": "le drap", "es": "la sábana"}, {"en": "armoire", "es": "el armario"}, {"en": "la poubelle", "es": "la basura"}, {"en": "le tapis", "es": "la alfombra"}]}'::jsonb, '{"pairs": [["le balai", "la escoba"], ["le drap", "la sábana"], ["armoire", "el armario"], ["la poubelle", "la basura"], ["le tapis", "la alfombra"]]}'::jsonb, 0.15, array['vocab_f1','reading']) on conflict (id) do nothing;
insert into content_items(id,course_id,cefr_level,skill,type,prompt,payload,correct_answer,difficulty,tags) values ('fdfe3603-79cc-5884-bcf5-78555dce543a', '20000000-0000-0000-0000-000000000003', 'A2', 'reading', 'match', 'Empareja cada palabra con su traducción.', '{"pairs": [{"en": "balayer", "es": "barrer"}, {"en": "ranger", "es": "ordenar"}]}'::jsonb, '{"pairs": [["balayer", "barrer"], ["ranger", "ordenar"]]}'::jsonb, 0.15, array['vocab_f1','reading']) on conflict (id) do nothing;
insert into content_items(id,course_id,cefr_level,skill,type,prompt,payload,correct_answer,difficulty,tags) values ('ae68049a-2d70-5fc8-9c2f-93547352f48d', '20000000-0000-0000-0000-000000000003', 'A2', 'writing', 'cloze', 'Completa la frase con la palabra que falta.', '{"text": "Ma chambre est au premier étage, près de l''escalier.", "audio_url": "https://wiauinufpbkmjlbqlkxo.supabase.co/storage/v1/object/public/audio/items/ae68049a-2d70-5fc8-9c2f-93547352f48d.mp3"}'::jsonb, '{"value": "chambre", "accepted": ["chambre"]}'::jsonb, 0.35, array['vocab_f1','writing']) on conflict (id) do nothing;
insert into content_items(id,course_id,cefr_level,skill,type,prompt,payload,correct_answer,difficulty,tags) values ('23548a41-6772-501a-af0b-30567df99eed', '20000000-0000-0000-0000-000000000003', 'A2', 'writing', 'cloze', 'Completa la frase con la palabra que falta.', '{"text": "Nous préparons le repas ensemble dans la cuisine.", "audio_url": "https://wiauinufpbkmjlbqlkxo.supabase.co/storage/v1/object/public/audio/items/23548a41-6772-501a-af0b-30567df99eed.mp3"}'::jsonb, '{"value": "la cuisine", "accepted": ["la cuisine"]}'::jsonb, 0.35, array['vocab_f1','writing']) on conflict (id) do nothing;
insert into content_items(id,course_id,cefr_level,skill,type,prompt,payload,correct_answer,difficulty,tags) values ('51f80741-4b34-5372-8d9b-dbc72e219afb', '20000000-0000-0000-0000-000000000003', 'A2', 'writing', 'cloze', 'Completa la frase con la palabra que falta.', '{"text": "Le soir, je regarde un film sur le canapé.", "audio_url": "https://wiauinufpbkmjlbqlkxo.supabase.co/storage/v1/object/public/audio/items/51f80741-4b34-5372-8d9b-dbc72e219afb.mp3"}'::jsonb, '{"value": "le canapé", "accepted": ["le canapé"]}'::jsonb, 0.35, array['vocab_f1','writing']) on conflict (id) do nothing;
insert into content_items(id,course_id,cefr_level,skill,type,prompt,payload,correct_answer,difficulty,tags) values ('93be5066-d062-5e5b-a2a3-eaac7d676890', '20000000-0000-0000-0000-000000000003', 'A2', 'writing', 'cloze', 'Completa la frase con la palabra que falta.', '{"text": "Chaque matin, je fais mon lit avant le petit déjeuner.", "audio_url": "https://wiauinufpbkmjlbqlkxo.supabase.co/storage/v1/object/public/audio/items/93be5066-d062-5e5b-a2a3-eaac7d676890.mp3"}'::jsonb, '{"value": "lit", "accepted": ["lit"]}'::jsonb, 0.35, array['vocab_f1','writing']) on conflict (id) do nothing;
insert into content_items(id,course_id,cefr_level,skill,type,prompt,payload,correct_answer,difficulty,tags) values ('fbf084c6-6f30-5ec7-881d-fdcfe3429bba', '20000000-0000-0000-0000-000000000003', 'A2', 'writing', 'cloze', 'Completa la frase con la palabra que falta.', '{"text": "Elle monte l''escalier pour aller à sa chambre.", "audio_url": "https://wiauinufpbkmjlbqlkxo.supabase.co/storage/v1/object/public/audio/items/fbf084c6-6f30-5ec7-881d-fdcfe3429bba.mp3"}'::jsonb, '{"value": "l''escalier", "accepted": ["l''escalier"]}'::jsonb, 0.35, array['vocab_f1','writing']) on conflict (id) do nothing;
insert into content_items(id,course_id,cefr_level,skill,type,prompt,payload,correct_answer,difficulty,tags) values ('d73292fd-1c67-5aa7-b43e-c71a56165183', '20000000-0000-0000-0000-000000000003', 'A2', 'writing', 'cloze', 'Completa la frase con la palabra que falta.', '{"text": "Ce meuble ancien vient de la maison de mes grands-parents.", "audio_url": "https://wiauinufpbkmjlbqlkxo.supabase.co/storage/v1/object/public/audio/items/d73292fd-1c67-5aa7-b43e-c71a56165183.mp3"}'::jsonb, '{"value": "meuble", "accepted": ["meuble"]}'::jsonb, 0.35, array['vocab_f1','writing']) on conflict (id) do nothing;
insert into content_items(id,course_id,cefr_level,skill,type,prompt,payload,correct_answer,difficulty,tags) values ('9d89b4da-daf5-5781-9ec1-e9cd8bcf0837', '20000000-0000-0000-0000-000000000003', 'A2', 'writing', 'cloze', 'Completa la frase con la palabra que falta.', '{"text": "Le matin, j''ouvre le rideau pour laisser entrer la lumière.", "audio_url": "https://wiauinufpbkmjlbqlkxo.supabase.co/storage/v1/object/public/audio/items/9d89b4da-daf5-5781-9ec1-e9cd8bcf0837.mp3"}'::jsonb, '{"value": "le rideau", "accepted": ["le rideau"]}'::jsonb, 0.35, array['vocab_f1','writing']) on conflict (id) do nothing;
insert into content_items(id,course_id,cefr_level,skill,type,prompt,payload,correct_answer,difficulty,tags) values ('eaa56102-9992-58c1-8f55-27af4f8ac1eb', '20000000-0000-0000-0000-000000000003', 'A2', 'writing', 'cloze', 'Completa la frase con la palabra que falta.', '{"text": "Il faut nettoyer la salle de bain ce week-end.", "audio_url": "https://wiauinufpbkmjlbqlkxo.supabase.co/storage/v1/object/public/audio/items/eaa56102-9992-58c1-8f55-27af4f8ac1eb.mp3"}'::jsonb, '{"value": "nettoyer", "accepted": ["nettoyer"]}'::jsonb, 0.35, array['vocab_f1','writing']) on conflict (id) do nothing;
insert into content_items(id,course_id,cefr_level,skill,type,prompt,payload,correct_answer,difficulty,tags) values ('7d828bf6-b0c8-5f9f-8a2d-387c259891cd', '20000000-0000-0000-0000-000000000003', 'A2', 'writing', 'cloze', 'Completa la frase con la palabra que falta.', '{"text": "Je fais la lessive tous les samedis matin.", "audio_url": "https://wiauinufpbkmjlbqlkxo.supabase.co/storage/v1/object/public/audio/items/7d828bf6-b0c8-5f9f-8a2d-387c259891cd.mp3"}'::jsonb, '{"value": "la lessive", "accepted": ["la lessive"]}'::jsonb, 0.35, array['vocab_f1','writing']) on conflict (id) do nothing;
insert into content_items(id,course_id,cefr_level,skill,type,prompt,payload,correct_answer,difficulty,tags) values ('9141653a-b1ee-508b-a49c-7f0bb289fae3', '20000000-0000-0000-0000-000000000003', 'A2', 'writing', 'cloze', 'Completa la frase con la palabra que falta.', '{"text": "Après le repas, elle fait la vaisselle dans l''évier.", "audio_url": "https://wiauinufpbkmjlbqlkxo.supabase.co/storage/v1/object/public/audio/items/9141653a-b1ee-508b-a49c-7f0bb289fae3.mp3"}'::jsonb, '{"value": "la vaisselle", "accepted": ["la vaisselle"]}'::jsonb, 0.35, array['vocab_f1','writing']) on conflict (id) do nothing;
insert into content_items(id,course_id,cefr_level,skill,type,prompt,payload,correct_answer,difficulty,tags) values ('7538713d-4486-57e4-9652-7e27a0d960a1', '20000000-0000-0000-0000-000000000003', 'A2', 'writing', 'cloze', 'Completa la frase con la palabra que falta.', '{"text": "Les assiettes sont dans le placard au-dessus de l''évier.", "audio_url": "https://wiauinufpbkmjlbqlkxo.supabase.co/storage/v1/object/public/audio/items/7538713d-4486-57e4-9652-7e27a0d960a1.mp3"}'::jsonb, '{"value": "le placard", "accepted": ["le placard"]}'::jsonb, 0.35, array['vocab_f1','writing']) on conflict (id) do nothing;
insert into content_items(id,course_id,cefr_level,skill,type,prompt,payload,correct_answer,difficulty,tags) values ('e4f0a1d7-554f-546f-bfdc-0a358c4b7572', '20000000-0000-0000-0000-000000000003', 'A2', 'writing', 'cloze', 'Completa la frase con la palabra que falta.', '{"text": "Nous gardons les vieux cartons dans le grenier.", "audio_url": "https://wiauinufpbkmjlbqlkxo.supabase.co/storage/v1/object/public/audio/items/e4f0a1d7-554f-546f-bfdc-0a358c4b7572.mp3"}'::jsonb, '{"value": "le grenier", "accepted": ["le grenier"]}'::jsonb, 0.35, array['vocab_f1','writing']) on conflict (id) do nothing;
insert into content_items(id,course_id,cefr_level,skill,type,prompt,payload,correct_answer,difficulty,tags) values ('d8ccedec-805f-52d4-aa58-d3ba84be843b', '20000000-0000-0000-0000-000000000003', 'A2', 'reading', 'match', 'Empareja cada palabra con su traducción.', '{"pairs": [{"en": "chambre", "es": "el dormitorio"}, {"en": "la cuisine", "es": "la cocina"}, {"en": "le canapé", "es": "el sofá"}, {"en": "lit", "es": "la cama"}, {"en": "l''escalier", "es": "la escalera"}]}'::jsonb, '{"pairs": [["chambre", "el dormitorio"], ["la cuisine", "la cocina"], ["le canapé", "el sofá"], ["lit", "la cama"], ["l''escalier", "la escalera"]]}'::jsonb, 0.15, array['vocab_f1','reading']) on conflict (id) do nothing;
insert into content_items(id,course_id,cefr_level,skill,type,prompt,payload,correct_answer,difficulty,tags) values ('44a85a52-e180-53c0-8067-fa43707f7922', '20000000-0000-0000-0000-000000000003', 'A2', 'reading', 'match', 'Empareja cada palabra con su traducción.', '{"pairs": [{"en": "meuble", "es": "el mueble"}, {"en": "le rideau", "es": "la cortina"}, {"en": "nettoyer", "es": "limpiar"}, {"en": "la lessive", "es": "la colada"}, {"en": "la vaisselle", "es": "la vajilla"}]}'::jsonb, '{"pairs": [["meuble", "el mueble"], ["le rideau", "la cortina"], ["nettoyer", "limpiar"], ["la lessive", "la colada"], ["la vaisselle", "la vajilla"]]}'::jsonb, 0.15, array['vocab_f1','reading']) on conflict (id) do nothing;
insert into content_items(id,course_id,cefr_level,skill,type,prompt,payload,correct_answer,difficulty,tags) values ('a0e5b75d-85d5-5472-bcc1-7248e51a13bb', '20000000-0000-0000-0000-000000000003', 'A2', 'reading', 'match', 'Empareja cada palabra con su traducción.', '{"pairs": [{"en": "le placard", "es": "el armario empotrado"}, {"en": "le grenier", "es": "el desván"}]}'::jsonb, '{"pairs": [["le placard", "el armario empotrado"], ["le grenier", "el desván"]]}'::jsonb, 0.15, array['vocab_f1','reading']) on conflict (id) do nothing;
insert into content_items(id,course_id,cefr_level,skill,type,prompt,payload,correct_answer,difficulty,tags) values ('e3fc1067-d31a-5dad-9d6c-aeea454db4dd', '20000000-0000-0000-0000-000000000003', 'A2', 'writing', 'cloze', 'Completa la frase con la palabra que falta.', '{"text": "Le repas est prêt, venez à table.", "audio_url": "https://wiauinufpbkmjlbqlkxo.supabase.co/storage/v1/object/public/audio/items/e3fc1067-d31a-5dad-9d6c-aeea454db4dd.mp3"}'::jsonb, '{"value": "le repas", "accepted": ["le repas"]}'::jsonb, 0.35, array['vocab_f1','writing']) on conflict (id) do nothing;
insert into content_items(id,course_id,cefr_level,skill,type,prompt,payload,correct_answer,difficulty,tags) values ('2cddc7bd-a4ee-524d-a96c-698d9fb6c6f3', '20000000-0000-0000-0000-000000000003', 'A2', 'writing', 'cloze', 'Completa la frase con la palabra que falta.', '{"text": "Je ne mange pas de viande le soir.", "audio_url": "https://wiauinufpbkmjlbqlkxo.supabase.co/storage/v1/object/public/audio/items/2cddc7bd-a4ee-524d-a96c-698d9fb6c6f3.mp3"}'::jsonb, '{"value": "viande", "accepted": ["viande"]}'::jsonb, 0.35, array['vocab_f1','writing']) on conflict (id) do nothing;
insert into content_items(id,course_id,cefr_level,skill,type,prompt,payload,correct_answer,difficulty,tags) values ('8091b47f-1a4e-54fa-94fb-35ebdaca3a19', '20000000-0000-0000-0000-000000000003', 'A2', 'writing', 'cloze', 'Completa la frase con la palabra que falta.', '{"text": "Nous avons mangé du poisson frais au restaurant.", "audio_url": "https://wiauinufpbkmjlbqlkxo.supabase.co/storage/v1/object/public/audio/items/8091b47f-1a4e-54fa-94fb-35ebdaca3a19.mp3"}'::jsonb, '{"value": "poisson", "accepted": ["poisson"]}'::jsonb, 0.35, array['vocab_f1','writing']) on conflict (id) do nothing;
insert into content_items(id,course_id,cefr_level,skill,type,prompt,payload,correct_answer,difficulty,tags) values ('1fd90731-8ac0-59a0-9334-32018ce6d637', '20000000-0000-0000-0000-000000000003', 'A2', 'writing', 'cloze', 'Completa la frase con la palabra que falta.', '{"text": "Les légumes verts sont bons pour la santé.", "audio_url": "https://wiauinufpbkmjlbqlkxo.supabase.co/storage/v1/object/public/audio/items/1fd90731-8ac0-59a0-9334-32018ce6d637.mp3"}'::jsonb, '{"value": "les légumes", "accepted": ["les légumes"]}'::jsonb, 0.35, array['vocab_f1','writing']) on conflict (id) do nothing;
insert into content_items(id,course_id,cefr_level,skill,type,prompt,payload,correct_answer,difficulty,tags) values ('79d71c9a-236f-5a43-9414-2316544fa48a', '20000000-0000-0000-0000-000000000003', 'A2', 'writing', 'cloze', 'Completa la frase con la palabra que falta.', '{"text": "Je casse un œuf dans la poêle chaude.", "audio_url": "https://wiauinufpbkmjlbqlkxo.supabase.co/storage/v1/object/public/audio/items/79d71c9a-236f-5a43-9414-2316544fa48a.mp3"}'::jsonb, '{"value": "œuf", "accepted": ["œuf"]}'::jsonb, 0.35, array['vocab_f1','writing']) on conflict (id) do nothing;
insert into content_items(id,course_id,cefr_level,skill,type,prompt,payload,correct_answer,difficulty,tags) values ('195f1e18-8012-5c2e-bd58-fcdbddd71fcc', '20000000-0000-0000-0000-000000000003', 'A2', 'writing', 'cloze', 'Completa la frase con la palabra que falta.', '{"text": "Tu mets combien de sucre dans ton café ?", "audio_url": "https://wiauinufpbkmjlbqlkxo.supabase.co/storage/v1/object/public/audio/items/195f1e18-8012-5c2e-bd58-fcdbddd71fcc.mp3"}'::jsonb, '{"value": "sucre", "accepted": ["sucre"]}'::jsonb, 0.35, array['vocab_f1','writing']) on conflict (id) do nothing;
insert into content_items(id,course_id,cefr_level,skill,type,prompt,payload,correct_answer,difficulty,tags) values ('4de5e3b7-83ff-570f-a1fe-db4a2a11c2d4', '20000000-0000-0000-0000-000000000003', 'A2', 'writing', 'cloze', 'Completa la frase con la palabra que falta.', '{"text": "Il manque un peu de sel dans la soupe.", "audio_url": "https://wiauinufpbkmjlbqlkxo.supabase.co/storage/v1/object/public/audio/items/4de5e3b7-83ff-570f-a1fe-db4a2a11c2d4.mp3"}'::jsonb, '{"value": "sel", "accepted": ["sel"]}'::jsonb, 0.35, array['vocab_f1','writing']) on conflict (id) do nothing;
insert into content_items(id,course_id,cefr_level,skill,type,prompt,payload,correct_answer,difficulty,tags) values ('108fba44-7bea-5f3b-b763-12832bc4550e', '20000000-0000-0000-0000-000000000003', 'A2', 'writing', 'cloze', 'Completa la frase con la palabra que falta.', '{"text": "Elle étale du beurre sur sa tartine.", "audio_url": "https://wiauinufpbkmjlbqlkxo.supabase.co/storage/v1/object/public/audio/items/108fba44-7bea-5f3b-b763-12832bc4550e.mp3"}'::jsonb, '{"value": "beurre", "accepted": ["beurre"]}'::jsonb, 0.35, array['vocab_f1','writing']) on conflict (id) do nothing;
insert into content_items(id,course_id,cefr_level,skill,type,prompt,payload,correct_answer,difficulty,tags) values ('f3a1a2ab-e827-55dd-92ec-4affd7a22ba6', '20000000-0000-0000-0000-000000000003', 'A2', 'writing', 'cloze', 'Completa la frase con la palabra que falta.', '{"text": "Ajoute la farine peu à peu au mélange.", "audio_url": "https://wiauinufpbkmjlbqlkxo.supabase.co/storage/v1/object/public/audio/items/f3a1a2ab-e827-55dd-92ec-4affd7a22ba6.mp3"}'::jsonb, '{"value": "la farine", "accepted": ["la farine"]}'::jsonb, 0.35, array['vocab_f1','writing']) on conflict (id) do nothing;
insert into content_items(id,course_id,cefr_level,skill,type,prompt,payload,correct_answer,difficulty,tags) values ('0d75b05a-912c-5ac8-822c-a846e9e7df52', '20000000-0000-0000-0000-000000000003', 'A2', 'writing', 'cloze', 'Completa la frase con la palabra que falta.', '{"text": "Ma mère prépare un gâteau au chocolat.", "audio_url": "https://wiauinufpbkmjlbqlkxo.supabase.co/storage/v1/object/public/audio/items/0d75b05a-912c-5ac8-822c-a846e9e7df52.mp3"}'::jsonb, '{"value": "gâteau", "accepted": ["gâteau"]}'::jsonb, 0.35, array['vocab_f1','writing']) on conflict (id) do nothing;
insert into content_items(id,course_id,cefr_level,skill,type,prompt,payload,correct_answer,difficulty,tags) values ('21c5c89d-6ee7-5096-8cd0-b3b27cb84717', '20000000-0000-0000-0000-000000000003', 'A2', 'writing', 'cloze', 'Completa la frase con la palabra que falta.', '{"text": "Le riz cuit dans l''eau bouillante salée.", "audio_url": "https://wiauinufpbkmjlbqlkxo.supabase.co/storage/v1/object/public/audio/items/21c5c89d-6ee7-5096-8cd0-b3b27cb84717.mp3"}'::jsonb, '{"value": "le riz", "accepted": ["le riz"]}'::jsonb, 0.35, array['vocab_f1','writing']) on conflict (id) do nothing;
insert into content_items(id,course_id,cefr_level,skill,type,prompt,payload,correct_answer,difficulty,tags) values ('9701c76c-441a-57d0-85ea-de783f369603', '20000000-0000-0000-0000-000000000003', 'A2', 'writing', 'cloze', 'Completa la frase con la palabra que falta.', '{"text": "Ce soir, on mange des pâtes à la tomate.", "audio_url": "https://wiauinufpbkmjlbqlkxo.supabase.co/storage/v1/object/public/audio/items/9701c76c-441a-57d0-85ea-de783f369603.mp3"}'::jsonb, '{"value": "pâtes", "accepted": ["pâtes"]}'::jsonb, 0.35, array['vocab_f1','writing']) on conflict (id) do nothing;
insert into content_items(id,course_id,cefr_level,skill,type,prompt,payload,correct_answer,difficulty,tags) values ('f380f601-cfaf-5ed0-b180-91a93001f178', '20000000-0000-0000-0000-000000000003', 'A2', 'reading', 'match', 'Empareja cada palabra con su traducción.', '{"pairs": [{"en": "le repas", "es": "la comida"}, {"en": "viande", "es": "la carne"}, {"en": "poisson", "es": "el pescado"}, {"en": "les légumes", "es": "las verduras"}, {"en": "œuf", "es": "el huevo"}]}'::jsonb, '{"pairs": [["le repas", "la comida"], ["viande", "la carne"], ["poisson", "el pescado"], ["les légumes", "las verduras"], ["œuf", "el huevo"]]}'::jsonb, 0.15, array['vocab_f1','reading']) on conflict (id) do nothing;
insert into content_items(id,course_id,cefr_level,skill,type,prompt,payload,correct_answer,difficulty,tags) values ('2651281c-9328-55bb-83a3-17d74a681e4e', '20000000-0000-0000-0000-000000000003', 'A2', 'reading', 'match', 'Empareja cada palabra con su traducción.', '{"pairs": [{"en": "sucre", "es": "el azúcar"}, {"en": "sel", "es": "la sal"}, {"en": "beurre", "es": "la mantequilla"}, {"en": "la farine", "es": "la harina"}, {"en": "gâteau", "es": "el pastel"}]}'::jsonb, '{"pairs": [["sucre", "el azúcar"], ["sel", "la sal"], ["beurre", "la mantequilla"], ["la farine", "la harina"], ["gâteau", "el pastel"]]}'::jsonb, 0.15, array['vocab_f1','reading']) on conflict (id) do nothing;
insert into content_items(id,course_id,cefr_level,skill,type,prompt,payload,correct_answer,difficulty,tags) values ('50afa1a7-038a-5347-82ef-c2a6b00b5115', '20000000-0000-0000-0000-000000000003', 'A2', 'reading', 'match', 'Empareja cada palabra con su traducción.', '{"pairs": [{"en": "le riz", "es": "el arroz"}, {"en": "pâtes", "es": "la pasta"}]}'::jsonb, '{"pairs": [["le riz", "el arroz"], ["pâtes", "la pasta"]]}'::jsonb, 0.15, array['vocab_f1','reading']) on conflict (id) do nothing;
insert into content_items(id,course_id,cefr_level,skill,type,prompt,payload,correct_answer,difficulty,tags) values ('68f7b338-35c3-5178-9ec0-305c282f1769', '20000000-0000-0000-0000-000000000003', 'A2', 'writing', 'cloze', 'Completa la frase con la palabra que falta.', '{"text": "Je prépare une salade de tomates fraîches.", "audio_url": "https://wiauinufpbkmjlbqlkxo.supabase.co/storage/v1/object/public/audio/items/68f7b338-35c3-5178-9ec0-305c282f1769.mp3"}'::jsonb, '{"value": "salade", "accepted": ["salade"]}'::jsonb, 0.35, array['vocab_f1','writing']) on conflict (id) do nothing;
insert into content_items(id,course_id,cefr_level,skill,type,prompt,payload,correct_answer,difficulty,tags) values ('d6ca1103-e299-513c-bf3a-25a265bea303', '20000000-0000-0000-0000-000000000003', 'A2', 'writing', 'cloze', 'Completa la frase con la palabra que falta.', '{"text": "Ce plat a un goût vraiment agréable.", "audio_url": "https://wiauinufpbkmjlbqlkxo.supabase.co/storage/v1/object/public/audio/items/d6ca1103-e299-513c-bf3a-25a265bea303.mp3"}'::jsonb, '{"value": "goût", "accepted": ["goût"]}'::jsonb, 0.35, array['vocab_f1','writing']) on conflict (id) do nothing;
insert into content_items(id,course_id,cefr_level,skill,type,prompt,payload,correct_answer,difficulty,tags) values ('69944b23-7c13-5aa5-87eb-66afa27b7bf7', '20000000-0000-0000-0000-000000000003', 'A2', 'writing', 'cloze', 'Completa la frase con la palabra que falta.', '{"text": "Prends une cuillère pour manger la soupe.", "audio_url": "https://wiauinufpbkmjlbqlkxo.supabase.co/storage/v1/object/public/audio/items/69944b23-7c13-5aa5-87eb-66afa27b7bf7.mp3"}'::jsonb, '{"value": "cuillère", "accepted": ["cuillère"]}'::jsonb, 0.35, array['vocab_f1','writing']) on conflict (id) do nothing;
insert into content_items(id,course_id,cefr_level,skill,type,prompt,payload,correct_answer,difficulty,tags) values ('27dab260-1108-5a35-8ec2-df120aeba3db', '20000000-0000-0000-0000-000000000003', 'A2', 'writing', 'cloze', 'Completa la frase con la palabra que falta.', '{"text": "Mange ta viande avec une fourchette, s''il te plaît.", "audio_url": "https://wiauinufpbkmjlbqlkxo.supabase.co/storage/v1/object/public/audio/items/27dab260-1108-5a35-8ec2-df120aeba3db.mp3"}'::jsonb, '{"value": "fourchette", "accepted": ["fourchette"]}'::jsonb, 0.35, array['vocab_f1','writing']) on conflict (id) do nothing;
insert into content_items(id,course_id,cefr_level,skill,type,prompt,payload,correct_answer,difficulty,tags) values ('5316dc0a-9ec4-5708-8f6d-628d20e8e1b8', '20000000-0000-0000-0000-000000000003', 'A2', 'writing', 'cloze', 'Completa la frase con la palabra que falta.', '{"text": "Coupe le pain avec ce couteau bien aiguisé.", "audio_url": "https://wiauinufpbkmjlbqlkxo.supabase.co/storage/v1/object/public/audio/items/5316dc0a-9ec4-5708-8f6d-628d20e8e1b8.mp3"}'::jsonb, '{"value": "couteau", "accepted": ["couteau"]}'::jsonb, 0.35, array['vocab_f1','writing']) on conflict (id) do nothing;
insert into content_items(id,course_id,cefr_level,skill,type,prompt,payload,correct_answer,difficulty,tags) values ('6ec89112-5b14-5523-9b8a-6429ac1a5ae9', '20000000-0000-0000-0000-000000000003', 'A2', 'writing', 'cloze', 'Completa la frase con la palabra que falta.', '{"text": "Verse un peu d''huile dans la poêle.", "audio_url": "https://wiauinufpbkmjlbqlkxo.supabase.co/storage/v1/object/public/audio/items/6ec89112-5b14-5523-9b8a-6429ac1a5ae9.mp3"}'::jsonb, '{"value": "huile", "accepted": ["huile"]}'::jsonb, 0.35, array['vocab_f1','writing']) on conflict (id) do nothing;
insert into content_items(id,course_id,cefr_level,skill,type,prompt,payload,correct_answer,difficulty,tags) values ('1375dd16-7236-5c27-bc98-c960e401182a', '20000000-0000-0000-0000-000000000003', 'A2', 'writing', 'cloze', 'Completa la frase con la palabra que falta.', '{"text": "J''ajoute du sel et du poivre au plat.", "audio_url": "https://wiauinufpbkmjlbqlkxo.supabase.co/storage/v1/object/public/audio/items/1375dd16-7236-5c27-bc98-c960e401182a.mp3"}'::jsonb, '{"value": "poivre", "accepted": ["poivre"]}'::jsonb, 0.35, array['vocab_f1','writing']) on conflict (id) do nothing;
insert into content_items(id,course_id,cefr_level,skill,type,prompt,payload,correct_answer,difficulty,tags) values ('105ef101-8a44-58e4-93be-adaafd4b0776', '20000000-0000-0000-0000-000000000003', 'A2', 'writing', 'cloze', 'Completa la frase con la palabra que falta.', '{"text": "J''aime cuisiner pour toute ma famille le dimanche.", "audio_url": "https://wiauinufpbkmjlbqlkxo.supabase.co/storage/v1/object/public/audio/items/105ef101-8a44-58e4-93be-adaafd4b0776.mp3"}'::jsonb, '{"value": "cuisiner", "accepted": ["cuisiner"]}'::jsonb, 0.35, array['vocab_f1','writing']) on conflict (id) do nothing;
insert into content_items(id,course_id,cefr_level,skill,type,prompt,payload,correct_answer,difficulty,tags) values ('c6aeb3fc-0e3f-5805-919b-f6cf1dc0edc7', '20000000-0000-0000-0000-000000000003', 'A2', 'writing', 'cloze', 'Completa la frase con la palabra que falta.', '{"text": "Il faut couper les légumes en petits morceaux.", "audio_url": "https://wiauinufpbkmjlbqlkxo.supabase.co/storage/v1/object/public/audio/items/c6aeb3fc-0e3f-5805-919b-f6cf1dc0edc7.mp3"}'::jsonb, '{"value": "couper", "accepted": ["couper"]}'::jsonb, 0.35, array['vocab_f1','writing']) on conflict (id) do nothing;
insert into content_items(id,course_id,cefr_level,skill,type,prompt,payload,correct_answer,difficulty,tags) values ('7a29b3fe-0b87-5f99-a56b-12c7bd639ef9', '20000000-0000-0000-0000-000000000003', 'A2', 'writing', 'cloze', 'Completa la frase con la palabra que falta.', '{"text": "Il faut bien mélanger les œufs et le sucre.", "audio_url": "https://wiauinufpbkmjlbqlkxo.supabase.co/storage/v1/object/public/audio/items/7a29b3fe-0b87-5f99-a56b-12c7bd639ef9.mp3"}'::jsonb, '{"value": "mélanger", "accepted": ["mélanger"]}'::jsonb, 0.35, array['vocab_f1','writing']) on conflict (id) do nothing;
insert into content_items(id,course_id,cefr_level,skill,type,prompt,payload,correct_answer,difficulty,tags) values ('e876e79b-4a8f-5191-8f6e-f0f2621663a0', '20000000-0000-0000-0000-000000000003', 'A2', 'writing', 'cloze', 'Completa la frase con la palabra que falta.', '{"text": "Ce plat est vraiment trop salé pour moi.", "audio_url": "https://wiauinufpbkmjlbqlkxo.supabase.co/storage/v1/object/public/audio/items/e876e79b-4a8f-5191-8f6e-f0f2621663a0.mp3"}'::jsonb, '{"value": "salé", "accepted": ["salé"]}'::jsonb, 0.35, array['vocab_f1','writing']) on conflict (id) do nothing;
insert into content_items(id,course_id,cefr_level,skill,type,prompt,payload,correct_answer,difficulty,tags) values ('d85b8eac-407b-54e6-8d6f-2ec047ce9b8b', '20000000-0000-0000-0000-000000000003', 'A2', 'writing', 'cloze', 'Completa la frase con la palabra que falta.', '{"text": "Ce dessert au chocolat est absolument délicieux.", "audio_url": "https://wiauinufpbkmjlbqlkxo.supabase.co/storage/v1/object/public/audio/items/d85b8eac-407b-54e6-8d6f-2ec047ce9b8b.mp3"}'::jsonb, '{"value": "délicieux", "accepted": ["délicieux"]}'::jsonb, 0.35, array['vocab_f1','writing']) on conflict (id) do nothing;
insert into content_items(id,course_id,cefr_level,skill,type,prompt,payload,correct_answer,difficulty,tags) values ('d7da21a9-8f63-58e2-8614-44a114a19141', '20000000-0000-0000-0000-000000000003', 'A2', 'reading', 'match', 'Empareja cada palabra con su traducción.', '{"pairs": [{"en": "salade", "es": "la ensalada"}, {"en": "goût", "es": "el sabor"}, {"en": "cuillère", "es": "la cuchara"}, {"en": "fourchette", "es": "el tenedor"}, {"en": "couteau", "es": "el cuchillo"}]}'::jsonb, '{"pairs": [["salade", "la ensalada"], ["goût", "el sabor"], ["cuillère", "la cuchara"], ["fourchette", "el tenedor"], ["couteau", "el cuchillo"]]}'::jsonb, 0.15, array['vocab_f1','reading']) on conflict (id) do nothing;
insert into content_items(id,course_id,cefr_level,skill,type,prompt,payload,correct_answer,difficulty,tags) values ('e802e8e2-ee16-5863-8dbe-b6aac12c268a', '20000000-0000-0000-0000-000000000003', 'A2', 'reading', 'match', 'Empareja cada palabra con su traducción.', '{"pairs": [{"en": "huile", "es": "el aceite"}, {"en": "poivre", "es": "la pimienta"}, {"en": "cuisiner", "es": "cocinar"}, {"en": "couper", "es": "cortar"}, {"en": "mélanger", "es": "mezclar"}]}'::jsonb, '{"pairs": [["huile", "el aceite"], ["poivre", "la pimienta"], ["cuisiner", "cocinar"], ["couper", "cortar"], ["mélanger", "mezclar"]]}'::jsonb, 0.15, array['vocab_f1','reading']) on conflict (id) do nothing;
insert into content_items(id,course_id,cefr_level,skill,type,prompt,payload,correct_answer,difficulty,tags) values ('c179a10e-4975-5f86-ad58-e5c4ba373d78', '20000000-0000-0000-0000-000000000003', 'A2', 'reading', 'match', 'Empareja cada palabra con su traducción.', '{"pairs": [{"en": "salé", "es": "salado"}, {"en": "délicieux", "es": "delicioso"}]}'::jsonb, '{"pairs": [["salé", "salado"], ["délicieux", "delicioso"]]}'::jsonb, 0.15, array['vocab_f1','reading']) on conflict (id) do nothing;
insert into content_items(id,course_id,cefr_level,skill,type,prompt,payload,correct_answer,difficulty,tags) values ('ce8a23ff-dcad-5cb7-b168-5a7c23f0ce4f', '20000000-0000-0000-0000-000000000003', 'A2', 'writing', 'cloze', 'Completa la frase con la palabra que falta.', '{"text": "Notre vol pour Paris part à huit heures.", "audio_url": "https://wiauinufpbkmjlbqlkxo.supabase.co/storage/v1/object/public/audio/items/ce8a23ff-dcad-5cb7-b168-5a7c23f0ce4f.mp3"}'::jsonb, '{"value": "vol", "accepted": ["vol"]}'::jsonb, 0.35, array['vocab_f1','writing']) on conflict (id) do nothing;
insert into content_items(id,course_id,cefr_level,skill,type,prompt,payload,correct_answer,difficulty,tags) values ('b66f82b2-bd1c-5273-8c88-a033089c0223', '20000000-0000-0000-0000-000000000003', 'A2', 'writing', 'cloze', 'Completa la frase con la palabra que falta.', '{"text": "À la douane, on contrôle tous les passeports.", "audio_url": "https://wiauinufpbkmjlbqlkxo.supabase.co/storage/v1/object/public/audio/items/b66f82b2-bd1c-5273-8c88-a033089c0223.mp3"}'::jsonb, '{"value": "la douane", "accepted": ["la douane"]}'::jsonb, 0.35, array['vocab_f1','writing']) on conflict (id) do nothing;
insert into content_items(id,course_id,cefr_level,skill,type,prompt,payload,correct_answer,difficulty,tags) values ('11c8c926-25e3-527b-8eaf-4f4d8da6accf', '20000000-0000-0000-0000-000000000003', 'A2', 'writing', 'cloze', 'Completa la frase con la palabra que falta.', '{"text": "Le train arrive sur le quai numéro trois.", "audio_url": "https://wiauinufpbkmjlbqlkxo.supabase.co/storage/v1/object/public/audio/items/11c8c926-25e3-527b-8eaf-4f4d8da6accf.mp3"}'::jsonb, '{"value": "le quai", "accepted": ["le quai"]}'::jsonb, 0.35, array['vocab_f1','writing']) on conflict (id) do nothing;
insert into content_items(id,course_id,cefr_level,skill,type,prompt,payload,correct_answer,difficulty,tags) values ('a66cd2e2-0e28-5f2e-ae83-1d7fa1cb2726', '20000000-0000-0000-0000-000000000003', 'A2', 'writing', 'cloze', 'Completa la frase con la palabra que falta.', '{"text": "Nous devons embarquer trente minutes avant le décollage.", "audio_url": "https://wiauinufpbkmjlbqlkxo.supabase.co/storage/v1/object/public/audio/items/a66cd2e2-0e28-5f2e-ae83-1d7fa1cb2726.mp3"}'::jsonb, '{"value": "embarquer", "accepted": ["embarquer"]}'::jsonb, 0.35, array['vocab_f1','writing']) on conflict (id) do nothing;
insert into content_items(id,course_id,cefr_level,skill,type,prompt,payload,correct_answer,difficulty,tags) values ('2b132808-2103-5031-9546-3d6f993b8bf9', '20000000-0000-0000-0000-000000000003', 'A2', 'writing', 'cloze', 'Completa la frase con la palabra que falta.', '{"text": "Mon siège est près du couloir de l''avion.", "audio_url": "https://wiauinufpbkmjlbqlkxo.supabase.co/storage/v1/object/public/audio/items/2b132808-2103-5031-9546-3d6f993b8bf9.mp3"}'::jsonb, '{"value": "siège", "accepted": ["siège"]}'::jsonb, 0.35, array['vocab_f1','writing']) on conflict (id) do nothing;
insert into content_items(id,course_id,cefr_level,skill,type,prompt,payload,correct_answer,difficulty,tags) values ('61ee279d-7b1b-5da7-97a1-1f223ab332cd', '20000000-0000-0000-0000-000000000003', 'A2', 'writing', 'cloze', 'Completa la frase con la palabra que falta.', '{"text": "Le trajet en train dure environ deux heures.", "audio_url": "https://wiauinufpbkmjlbqlkxo.supabase.co/storage/v1/object/public/audio/items/61ee279d-7b1b-5da7-97a1-1f223ab332cd.mp3"}'::jsonb, '{"value": "le trajet", "accepted": ["le trajet"]}'::jsonb, 0.35, array['vocab_f1','writing']) on conflict (id) do nothing;
insert into content_items(id,course_id,cefr_level,skill,type,prompt,payload,correct_answer,difficulty,tags) values ('925b5b52-8090-5131-a290-d8a60d842926', '20000000-0000-0000-0000-000000000003', 'A2', 'writing', 'cloze', 'Completa la frase con la palabra que falta.', '{"text": "L''avion va atterrir dans dix minutes.", "audio_url": "https://wiauinufpbkmjlbqlkxo.supabase.co/storage/v1/object/public/audio/items/925b5b52-8090-5131-a290-d8a60d842926.mp3"}'::jsonb, '{"value": "atterrir", "accepted": ["atterrir"]}'::jsonb, 0.35, array['vocab_f1','writing']) on conflict (id) do nothing;
insert into content_items(id,course_id,cefr_level,skill,type,prompt,payload,correct_answer,difficulty,tags) values ('eaf40068-cdc4-5e2e-a36b-c86fcbbd1c76', '20000000-0000-0000-0000-000000000003', 'A2', 'writing', 'cloze', 'Completa la frase con la palabra que falta.', '{"text": "L''avion va décoller malgré la forte pluie.", "audio_url": "https://wiauinufpbkmjlbqlkxo.supabase.co/storage/v1/object/public/audio/items/eaf40068-cdc4-5e2e-a36b-c86fcbbd1c76.mp3"}'::jsonb, '{"value": "décoller", "accepted": ["décoller"]}'::jsonb, 0.35, array['vocab_f1','writing']) on conflict (id) do nothing;
insert into content_items(id,course_id,cefr_level,skill,type,prompt,payload,correct_answer,difficulty,tags) values ('8cd2832b-0f9d-5a3f-8a29-e693f3399378', '20000000-0000-0000-0000-000000000003', 'A2', 'writing', 'cloze', 'Completa la frase con la palabra que falta.', '{"text": "J''ai perdu un bagage à l''aéroport hier.", "audio_url": "https://wiauinufpbkmjlbqlkxo.supabase.co/storage/v1/object/public/audio/items/8cd2832b-0f9d-5a3f-8a29-e693f3399378.mp3"}'::jsonb, '{"value": "bagage", "accepted": ["bagage"]}'::jsonb, 0.35, array['vocab_f1','writing']) on conflict (id) do nothing;
insert into content_items(id,course_id,cefr_level,skill,type,prompt,payload,correct_answer,difficulty,tags) values ('3d327b63-1205-5aea-bf35-beef9209e075', '20000000-0000-0000-0000-000000000003', 'A2', 'writing', 'cloze', 'Completa la frase con la palabra que falta.', '{"text": "N''oublie pas ton passeport pour ce voyage.", "audio_url": "https://wiauinufpbkmjlbqlkxo.supabase.co/storage/v1/object/public/audio/items/3d327b63-1205-5aea-bf35-beef9209e075.mp3"}'::jsonb, '{"value": "passeport", "accepted": ["passeport"]}'::jsonb, 0.35, array['vocab_f1','writing']) on conflict (id) do nothing;
insert into content_items(id,course_id,cefr_level,skill,type,prompt,payload,correct_answer,difficulty,tags) values ('a379b696-77bb-597d-8d20-29293ba49377', '20000000-0000-0000-0000-000000000003', 'A2', 'writing', 'cloze', 'Completa la frase con la palabra que falta.', '{"text": "J''ai une correspondance à Lyon pour Marseille.", "audio_url": "https://wiauinufpbkmjlbqlkxo.supabase.co/storage/v1/object/public/audio/items/a379b696-77bb-597d-8d20-29293ba49377.mp3"}'::jsonb, '{"value": "correspondance", "accepted": ["correspondance"]}'::jsonb, 0.35, array['vocab_f1','writing']) on conflict (id) do nothing;
insert into content_items(id,course_id,cefr_level,skill,type,prompt,payload,correct_answer,difficulty,tags) values ('2ef8e78e-6064-5884-9f2c-7a93ae3e2279', '20000000-0000-0000-0000-000000000003', 'A2', 'writing', 'cloze', 'Completa la frase con la palabra que falta.', '{"text": "Le train a deux heures de retard.", "audio_url": "https://wiauinufpbkmjlbqlkxo.supabase.co/storage/v1/object/public/audio/items/2ef8e78e-6064-5884-9f2c-7a93ae3e2279.mp3"}'::jsonb, '{"value": "retard", "accepted": ["retard"]}'::jsonb, 0.35, array['vocab_f1','writing']) on conflict (id) do nothing;
insert into content_items(id,course_id,cefr_level,skill,type,prompt,payload,correct_answer,difficulty,tags) values ('732a69a8-3af9-5805-8475-e6f8bd035595', '20000000-0000-0000-0000-000000000003', 'A2', 'reading', 'match', 'Empareja cada palabra con su traducción.', '{"pairs": [{"en": "vol", "es": "el vuelo"}, {"en": "la douane", "es": "la aduana"}, {"en": "le quai", "es": "el andén"}, {"en": "embarquer", "es": "embarcar"}, {"en": "siège", "es": "el asiento"}]}'::jsonb, '{"pairs": [["vol", "el vuelo"], ["la douane", "la aduana"], ["le quai", "el andén"], ["embarquer", "embarcar"], ["siège", "el asiento"]]}'::jsonb, 0.15, array['vocab_f1','reading']) on conflict (id) do nothing;
insert into content_items(id,course_id,cefr_level,skill,type,prompt,payload,correct_answer,difficulty,tags) values ('afdfd241-62f8-567a-81d5-09277af37351', '20000000-0000-0000-0000-000000000003', 'A2', 'reading', 'match', 'Empareja cada palabra con su traducción.', '{"pairs": [{"en": "le trajet", "es": "el trayecto"}, {"en": "atterrir", "es": "aterrizar"}, {"en": "décoller", "es": "despegar"}, {"en": "bagage", "es": "el equipaje"}, {"en": "passeport", "es": "el pasaporte"}]}'::jsonb, '{"pairs": [["le trajet", "el trayecto"], ["atterrir", "aterrizar"], ["décoller", "despegar"], ["bagage", "el equipaje"], ["passeport", "el pasaporte"]]}'::jsonb, 0.15, array['vocab_f1','reading']) on conflict (id) do nothing;
insert into content_items(id,course_id,cefr_level,skill,type,prompt,payload,correct_answer,difficulty,tags) values ('db10a3c5-f34a-5dc0-be43-2ce5bd232954', '20000000-0000-0000-0000-000000000003', 'A2', 'reading', 'match', 'Empareja cada palabra con su traducción.', '{"pairs": [{"en": "correspondance", "es": "el transbordo"}, {"en": "retard", "es": "el retraso"}]}'::jsonb, '{"pairs": [["correspondance", "el transbordo"], ["retard", "el retraso"]]}'::jsonb, 0.15, array['vocab_f1','reading']) on conflict (id) do nothing;
insert into content_items(id,course_id,cefr_level,skill,type,prompt,payload,correct_answer,difficulty,tags) values ('8b58f2af-cf40-5276-b053-09ec0fdb638e', '20000000-0000-0000-0000-000000000003', 'A2', 'writing', 'cloze', 'Completa la frase con la palabra que falta.', '{"text": "Nous passons la frontière entre la France et l''Espagne.", "audio_url": "https://wiauinufpbkmjlbqlkxo.supabase.co/storage/v1/object/public/audio/items/8b58f2af-cf40-5276-b053-09ec0fdb638e.mp3"}'::jsonb, '{"value": "la frontière", "accepted": ["la frontière"]}'::jsonb, 0.35, array['vocab_f1','writing']) on conflict (id) do nothing;
insert into content_items(id,course_id,cefr_level,skill,type,prompt,payload,correct_answer,difficulty,tags) values ('ad3ed5f8-51cc-553f-a792-270d5a8ccac2', '20000000-0000-0000-0000-000000000003', 'A2', 'writing', 'cloze', 'Completa la frase con la palabra que falta.', '{"text": "Le vol fait une escale à Lisbonne.", "audio_url": "https://wiauinufpbkmjlbqlkxo.supabase.co/storage/v1/object/public/audio/items/ad3ed5f8-51cc-553f-a792-270d5a8ccac2.mp3"}'::jsonb, '{"value": "escale", "accepted": ["escale"]}'::jsonb, 0.35, array['vocab_f1','writing']) on conflict (id) do nothing;
insert into content_items(id,course_id,cefr_level,skill,type,prompt,payload,correct_answer,difficulty,tags) values ('d4364479-f4ba-50e4-9baa-e838306c17fa', '20000000-0000-0000-0000-000000000003', 'A2', 'writing', 'cloze', 'Completa la frase con la palabra que falta.', '{"text": "J''aime regarder les nuages par le hublot.", "audio_url": "https://wiauinufpbkmjlbqlkxo.supabase.co/storage/v1/object/public/audio/items/d4364479-f4ba-50e4-9baa-e838306c17fa.mp3"}'::jsonb, '{"value": "le hublot", "accepted": ["le hublot"]}'::jsonb, 0.35, array['vocab_f1','writing']) on conflict (id) do nothing;
insert into content_items(id,course_id,cefr_level,skill,type,prompt,payload,correct_answer,difficulty,tags) values ('1a0142cb-8085-5de5-beeb-3e006fd0d10d', '20000000-0000-0000-0000-000000000003', 'A2', 'writing', 'cloze', 'Completa la frase con la palabra que falta.', '{"text": "Attachez votre ceinture avant le décollage.", "audio_url": "https://wiauinufpbkmjlbqlkxo.supabase.co/storage/v1/object/public/audio/items/1a0142cb-8085-5de5-beeb-3e006fd0d10d.mp3"}'::jsonb, '{"value": "ceinture", "accepted": ["ceinture"]}'::jsonb, 0.35, array['vocab_f1','writing']) on conflict (id) do nothing;
insert into content_items(id,course_id,cefr_level,skill,type,prompt,payload,correct_answer,difficulty,tags) values ('8bc72429-51c4-5a9e-a5a1-2edbc03ef880', '20000000-0000-0000-0000-000000000003', 'A2', 'writing', 'cloze', 'Completa la frase con la palabra que falta.', '{"text": "Chaque passager doit montrer son billet.", "audio_url": "https://wiauinufpbkmjlbqlkxo.supabase.co/storage/v1/object/public/audio/items/8bc72429-51c4-5a9e-a5a1-2edbc03ef880.mp3"}'::jsonb, '{"value": "passager", "accepted": ["passager"]}'::jsonb, 0.35, array['vocab_f1','writing']) on conflict (id) do nothing;
insert into content_items(id,course_id,cefr_level,skill,type,prompt,payload,correct_answer,difficulty,tags) values ('4530cf00-7ebf-5f74-bb34-7294526cedb0', '20000000-0000-0000-0000-000000000003', 'A2', 'writing', 'cloze', 'Completa la frase con la palabra que falta.', '{"text": "Achète les billets au guichet de la gare.", "audio_url": "https://wiauinufpbkmjlbqlkxo.supabase.co/storage/v1/object/public/audio/items/4530cf00-7ebf-5f74-bb34-7294526cedb0.mp3"}'::jsonb, '{"value": "guichet", "accepted": ["guichet"]}'::jsonb, 0.35, array['vocab_f1','writing']) on conflict (id) do nothing;
insert into content_items(id,course_id,cefr_level,skill,type,prompt,payload,correct_answer,difficulty,tags) values ('ec523104-0efd-592a-8da1-19fdffec4ad0', '20000000-0000-0000-0000-000000000003', 'A2', 'writing', 'cloze', 'Completa la frase con la palabra que falta.', '{"text": "Quelle est votre destination finale, monsieur ?", "audio_url": "https://wiauinufpbkmjlbqlkxo.supabase.co/storage/v1/object/public/audio/items/ec523104-0efd-592a-8da1-19fdffec4ad0.mp3"}'::jsonb, '{"value": "destination", "accepted": ["destination"]}'::jsonb, 0.35, array['vocab_f1','writing']) on conflict (id) do nothing;
insert into content_items(id,course_id,cefr_level,skill,type,prompt,payload,correct_answer,difficulty,tags) values ('d74b759a-f1c0-5d76-9f69-e16d714cb919', '20000000-0000-0000-0000-000000000003', 'A2', 'writing', 'cloze', 'Completa la frase con la palabra que falta.', '{"text": "Le départ du bus est prévu à midi.", "audio_url": "https://wiauinufpbkmjlbqlkxo.supabase.co/storage/v1/object/public/audio/items/d74b759a-f1c0-5d76-9f69-e16d714cb919.mp3"}'::jsonb, '{"value": "le départ", "accepted": ["le départ"]}'::jsonb, 0.35, array['vocab_f1','writing']) on conflict (id) do nothing;
insert into content_items(id,course_id,cefr_level,skill,type,prompt,payload,correct_answer,difficulty,tags) values ('8d2d27d5-76ea-5019-882d-ea8b849372ed', '20000000-0000-0000-0000-000000000003', 'A2', 'writing', 'cloze', 'Completa la frase con la palabra que falta.', '{"text": "L''arrivée du train est annoncée dans le hall.", "audio_url": "https://wiauinufpbkmjlbqlkxo.supabase.co/storage/v1/object/public/audio/items/8d2d27d5-76ea-5019-882d-ea8b849372ed.mp3"}'::jsonb, '{"value": "l''arrivée", "accepted": ["l''arrivée"]}'::jsonb, 0.35, array['vocab_f1','writing']) on conflict (id) do nothing;
insert into content_items(id,course_id,cefr_level,skill,type,prompt,payload,correct_answer,difficulty,tags) values ('be8142a4-2b81-5531-abb2-82381ab15091', '20000000-0000-0000-0000-000000000003', 'A2', 'writing', 'cloze', 'Completa la frase con la palabra que falta.', '{"text": "Notre place est dans le wagon numéro cinq.", "audio_url": "https://wiauinufpbkmjlbqlkxo.supabase.co/storage/v1/object/public/audio/items/be8142a4-2b81-5531-abb2-82381ab15091.mp3"}'::jsonb, '{"value": "le wagon", "accepted": ["le wagon"]}'::jsonb, 0.35, array['vocab_f1','writing']) on conflict (id) do nothing;
insert into content_items(id,course_id,cefr_level,skill,type,prompt,payload,correct_answer,difficulty,tags) values ('d0084543-d1ed-542d-8156-9bca6ffc12a9', '20000000-0000-0000-0000-000000000003', 'A2', 'writing', 'cloze', 'Completa la frase con la palabra que falta.', '{"text": "Le train part de la voie numéro deux.", "audio_url": "https://wiauinufpbkmjlbqlkxo.supabase.co/storage/v1/object/public/audio/items/d0084543-d1ed-542d-8156-9bca6ffc12a9.mp3"}'::jsonb, '{"value": "la voie", "accepted": ["la voie"]}'::jsonb, 0.35, array['vocab_f1','writing']) on conflict (id) do nothing;
insert into content_items(id,course_id,cefr_level,skill,type,prompt,payload,correct_answer,difficulty,tags) values ('94f3529a-ce23-51bb-aa7a-1f7eec6cf54e', '20000000-0000-0000-0000-000000000003', 'A2', 'reading', 'match', 'Empareja cada palabra con su traducción.', '{"pairs": [{"en": "la frontière", "es": "la frontera"}, {"en": "escale", "es": "la escala"}, {"en": "le hublot", "es": "la ventanilla"}, {"en": "ceinture", "es": "el cinturón"}, {"en": "passager", "es": "el pasajero"}]}'::jsonb, '{"pairs": [["la frontière", "la frontera"], ["escale", "la escala"], ["le hublot", "la ventanilla"], ["ceinture", "el cinturón"], ["passager", "el pasajero"]]}'::jsonb, 0.15, array['vocab_f1','reading']) on conflict (id) do nothing;
insert into content_items(id,course_id,cefr_level,skill,type,prompt,payload,correct_answer,difficulty,tags) values ('a1cc7ecb-4b8f-5dc5-908e-eb1c923d3852', '20000000-0000-0000-0000-000000000003', 'A2', 'reading', 'match', 'Empareja cada palabra con su traducción.', '{"pairs": [{"en": "guichet", "es": "la taquilla"}, {"en": "destination", "es": "el destino"}, {"en": "le départ", "es": "la salida"}, {"en": "l''arrivée", "es": "la llegada"}, {"en": "le wagon", "es": "el vagón"}]}'::jsonb, '{"pairs": [["guichet", "la taquilla"], ["destination", "el destino"], ["le départ", "la salida"], ["l''arrivée", "la llegada"], ["le wagon", "el vagón"]]}'::jsonb, 0.15, array['vocab_f1','reading']) on conflict (id) do nothing;
insert into content_items(id,course_id,cefr_level,skill,type,prompt,payload,correct_answer,difficulty,tags) values ('7fbb09ee-b0ae-5342-8172-247d176daa02', '20000000-0000-0000-0000-000000000003', 'A2', 'writing', 'cloze', 'Completa la frase con la palabra que falta.', '{"text": "Le prix de ce manteau est trop élevé.", "audio_url": "https://wiauinufpbkmjlbqlkxo.supabase.co/storage/v1/object/public/audio/items/7fbb09ee-b0ae-5342-8172-247d176daa02.mp3"}'::jsonb, '{"value": "le prix", "accepted": ["le prix"]}'::jsonb, 0.35, array['vocab_f1','writing']) on conflict (id) do nothing;
insert into content_items(id,course_id,cefr_level,skill,type,prompt,payload,correct_answer,difficulty,tags) values ('c39b5527-b948-50c7-93ee-1c2d2eb830b0', '20000000-0000-0000-0000-000000000003', 'A2', 'writing', 'cloze', 'Completa la frase con la palabra que falta.', '{"text": "Gardez le reçu pour pouvoir échanger l''article.", "audio_url": "https://wiauinufpbkmjlbqlkxo.supabase.co/storage/v1/object/public/audio/items/c39b5527-b948-50c7-93ee-1c2d2eb830b0.mp3"}'::jsonb, '{"value": "le reçu", "accepted": ["le reçu"]}'::jsonb, 0.35, array['vocab_f1','writing']) on conflict (id) do nothing;
insert into content_items(id,course_id,cefr_level,skill,type,prompt,payload,correct_answer,difficulty,tags) values ('074ab6f4-26ee-5c1f-b953-e7d94b4264de', '20000000-0000-0000-0000-000000000003', 'A2', 'writing', 'cloze', 'Completa la frase con la palabra que falta.', '{"text": "Le caissier m''a rendu la monnaie exacte.", "audio_url": "https://wiauinufpbkmjlbqlkxo.supabase.co/storage/v1/object/public/audio/items/074ab6f4-26ee-5c1f-b953-e7d94b4264de.mp3"}'::jsonb, '{"value": "la monnaie", "accepted": ["la monnaie"]}'::jsonb, 0.35, array['vocab_f1','writing']) on conflict (id) do nothing;
insert into content_items(id,course_id,cefr_level,skill,type,prompt,payload,correct_answer,difficulty,tags) values ('27d41152-9cae-5026-a151-3c2896092811', '20000000-0000-0000-0000-000000000003', 'A2', 'writing', 'cloze', 'Completa la frase con la palabra que falta.', '{"text": "Avec cette carte, tu obtiens une remise intéressante.", "audio_url": "https://wiauinufpbkmjlbqlkxo.supabase.co/storage/v1/object/public/audio/items/27d41152-9cae-5026-a151-3c2896092811.mp3"}'::jsonb, '{"value": "remise", "accepted": ["remise"]}'::jsonb, 0.35, array['vocab_f1','writing']) on conflict (id) do nothing;
insert into content_items(id,course_id,cefr_level,skill,type,prompt,payload,correct_answer,difficulty,tags) values ('a24e5bce-6c3d-52c3-8c8e-29ea21b6f0f7', '20000000-0000-0000-0000-000000000003', 'A2', 'writing', 'cloze', 'Completa la frase con la palabra que falta.', '{"text": "Cette marque de chaussures est très connue.", "audio_url": "https://wiauinufpbkmjlbqlkxo.supabase.co/storage/v1/object/public/audio/items/a24e5bce-6c3d-52c3-8c8e-29ea21b6f0f7.mp3"}'::jsonb, '{"value": "marque", "accepted": ["marque"]}'::jsonb, 0.35, array['vocab_f1','writing']) on conflict (id) do nothing;
insert into content_items(id,course_id,cefr_level,skill,type,prompt,payload,correct_answer,difficulty,tags) values ('580a2812-f551-58df-bf9e-aa8178ccd661', '20000000-0000-0000-0000-000000000003', 'A2', 'writing', 'cloze', 'Completa la frase con la palabra que falta.', '{"text": "Il y a une longue file à la caisse.", "audio_url": "https://wiauinufpbkmjlbqlkxo.supabase.co/storage/v1/object/public/audio/items/580a2812-f551-58df-bf9e-aa8178ccd661.mp3"}'::jsonb, '{"value": "la caisse", "accepted": ["la caisse"]}'::jsonb, 0.35, array['vocab_f1','writing']) on conflict (id) do nothing;
insert into content_items(id,course_id,cefr_level,skill,type,prompt,payload,correct_answer,difficulty,tags) values ('440495b9-fe8c-5c04-a991-aa21d8db0977', '20000000-0000-0000-0000-000000000003', 'A2', 'writing', 'cloze', 'Completa la frase con la palabra que falta.', '{"text": "Pendant les soldes, tout est moins cher.", "audio_url": "https://wiauinufpbkmjlbqlkxo.supabase.co/storage/v1/object/public/audio/items/440495b9-fe8c-5c04-a991-aa21d8db0977.mp3"}'::jsonb, '{"value": "les soldes", "accepted": ["les soldes"]}'::jsonb, 0.35, array['vocab_f1','writing']) on conflict (id) do nothing;
insert into content_items(id,course_id,cefr_level,skill,type,prompt,payload,correct_answer,difficulty,tags) values ('672de243-753a-5ecd-9860-1df6f1111126', '20000000-0000-0000-0000-000000000003', 'A2', 'writing', 'cloze', 'Completa la frase con la palabra que falta.', '{"text": "Le lait se trouve au rayon des produits frais.", "audio_url": "https://wiauinufpbkmjlbqlkxo.supabase.co/storage/v1/object/public/audio/items/672de243-753a-5ecd-9860-1df6f1111126.mp3"}'::jsonb, '{"value": "rayon", "accepted": ["rayon"]}'::jsonb, 0.35, array['vocab_f1','writing']) on conflict (id) do nothing;
insert into content_items(id,course_id,cefr_level,skill,type,prompt,payload,correct_answer,difficulty,tags) values ('3b203441-71ab-5dc1-a277-f592b79bff75', '20000000-0000-0000-0000-000000000003', 'A2', 'writing', 'cloze', 'Completa la frase con la palabra que falta.', '{"text": "Je n''ai qu''une pièce de deux euros.", "audio_url": "https://wiauinufpbkmjlbqlkxo.supabase.co/storage/v1/object/public/audio/items/3b203441-71ab-5dc1-a277-f592b79bff75.mp3"}'::jsonb, '{"value": "pièce", "accepted": ["pièce"]}'::jsonb, 0.35, array['vocab_f1','writing']) on conflict (id) do nothing;
insert into content_items(id,course_id,cefr_level,skill,type,prompt,payload,correct_answer,difficulty,tags) values ('3a78f92a-6a17-572c-aa53-0a305cf1380f', '20000000-0000-0000-0000-000000000003', 'A2', 'writing', 'cloze', 'Completa la frase con la palabra que falta.', '{"text": "Il ne faut pas dépenser tout ton salaire.", "audio_url": "https://wiauinufpbkmjlbqlkxo.supabase.co/storage/v1/object/public/audio/items/3a78f92a-6a17-572c-aa53-0a305cf1380f.mp3"}'::jsonb, '{"value": "dépenser", "accepted": ["dépenser"]}'::jsonb, 0.35, array['vocab_f1','writing']) on conflict (id) do nothing;
insert into content_items(id,course_id,cefr_level,skill,type,prompt,payload,correct_answer,difficulty,tags) values ('d2c1400a-7fa8-5ee0-ace4-c61ec8043afb', '20000000-0000-0000-0000-000000000003', 'A2', 'writing', 'cloze', 'Completa la frase con la palabra que falta.', '{"text": "Ce parking est gratuit le dimanche.", "audio_url": "https://wiauinufpbkmjlbqlkxo.supabase.co/storage/v1/object/public/audio/items/d2c1400a-7fa8-5ee0-ace4-c61ec8043afb.mp3"}'::jsonb, '{"value": "gratuit", "accepted": ["gratuit"]}'::jsonb, 0.35, array['vocab_f1','writing']) on conflict (id) do nothing;
insert into content_items(id,course_id,cefr_level,skill,type,prompt,payload,correct_answer,difficulty,tags) values ('c2427088-d57a-597b-b1a0-f0e7f3f1bad2', '20000000-0000-0000-0000-000000000003', 'A2', 'writing', 'cloze', 'Completa la frase con la palabra que falta.', '{"text": "Ce magasin ferme à vingt heures.", "audio_url": "https://wiauinufpbkmjlbqlkxo.supabase.co/storage/v1/object/public/audio/items/c2427088-d57a-597b-b1a0-f0e7f3f1bad2.mp3"}'::jsonb, '{"value": "magasin", "accepted": ["magasin"]}'::jsonb, 0.35, array['vocab_f1','writing']) on conflict (id) do nothing;
insert into content_items(id,course_id,cefr_level,skill,type,prompt,payload,correct_answer,difficulty,tags) values ('fc05271c-eab6-553f-ac24-dc639530eb0b', '20000000-0000-0000-0000-000000000003', 'A2', 'reading', 'match', 'Empareja cada palabra con su traducción.', '{"pairs": [{"en": "le prix", "es": "el precio"}, {"en": "le reçu", "es": "el recibo"}, {"en": "la monnaie", "es": "el cambio"}, {"en": "remise", "es": "el descuento"}, {"en": "marque", "es": "la marca"}]}'::jsonb, '{"pairs": [["le prix", "el precio"], ["le reçu", "el recibo"], ["la monnaie", "el cambio"], ["remise", "el descuento"], ["marque", "la marca"]]}'::jsonb, 0.15, array['vocab_f1','reading']) on conflict (id) do nothing;
insert into content_items(id,course_id,cefr_level,skill,type,prompt,payload,correct_answer,difficulty,tags) values ('e9587e7d-17b2-5c19-a362-0dbb105953ce', '20000000-0000-0000-0000-000000000003', 'A2', 'reading', 'match', 'Empareja cada palabra con su traducción.', '{"pairs": [{"en": "la caisse", "es": "la caja"}, {"en": "les soldes", "es": "las rebajas"}, {"en": "rayon", "es": "la sección"}, {"en": "pièce", "es": "la moneda"}, {"en": "dépenser", "es": "gastar"}]}'::jsonb, '{"pairs": [["la caisse", "la caja"], ["les soldes", "las rebajas"], ["rayon", "la sección"], ["pièce", "la moneda"], ["dépenser", "gastar"]]}'::jsonb, 0.15, array['vocab_f1','reading']) on conflict (id) do nothing;
insert into content_items(id,course_id,cefr_level,skill,type,prompt,payload,correct_answer,difficulty,tags) values ('47f47b51-a8c2-505d-a5dc-aa0a4b71c338', '20000000-0000-0000-0000-000000000003', 'A2', 'reading', 'match', 'Empareja cada palabra con su traducción.', '{"pairs": [{"en": "gratuit", "es": "gratis"}, {"en": "magasin", "es": "la tienda"}]}'::jsonb, '{"pairs": [["gratuit", "gratis"], ["magasin", "la tienda"]]}'::jsonb, 0.15, array['vocab_f1','reading']) on conflict (id) do nothing;
insert into content_items(id,course_id,cefr_level,skill,type,prompt,payload,correct_answer,difficulty,tags) values ('c13171eb-bc32-51ef-aa4b-46b10c31e48f', '20000000-0000-0000-0000-000000000003', 'A2', 'writing', 'cloze', 'Completa la frase con la palabra que falta.', '{"text": "J''ai vu une belle robe dans la vitrine.", "audio_url": "https://wiauinufpbkmjlbqlkxo.supabase.co/storage/v1/object/public/audio/items/c13171eb-bc32-51ef-aa4b-46b10c31e48f.mp3"}'::jsonb, '{"value": "la vitrine", "accepted": ["la vitrine"]}'::jsonb, 0.35, array['vocab_f1','writing']) on conflict (id) do nothing;
insert into content_items(id,course_id,cefr_level,skill,type,prompt,payload,correct_answer,difficulty,tags) values ('2ec3dcb8-c878-5bce-9d4e-cd923b59311a', '20000000-0000-0000-0000-000000000003', 'A2', 'writing', 'cloze', 'Completa la frase con la palabra que falta.', '{"text": "Elle a mis les légumes dans son panier.", "audio_url": "https://wiauinufpbkmjlbqlkxo.supabase.co/storage/v1/object/public/audio/items/2ec3dcb8-c878-5bce-9d4e-cd923b59311a.mp3"}'::jsonb, '{"value": "panier", "accepted": ["panier"]}'::jsonb, 0.35, array['vocab_f1','writing']) on conflict (id) do nothing;
insert into content_items(id,course_id,cefr_level,skill,type,prompt,payload,correct_answer,difficulty,tags) values ('1ab0b460-eea8-5c3a-9388-24e016fbdef6', '20000000-0000-0000-0000-000000000003', 'A2', 'writing', 'cloze', 'Completa la frase con la palabra que falta.', '{"text": "Je prends un chariot pour faire mes courses.", "audio_url": "https://wiauinufpbkmjlbqlkxo.supabase.co/storage/v1/object/public/audio/items/1ab0b460-eea8-5c3a-9388-24e016fbdef6.mp3"}'::jsonb, '{"value": "chariot", "accepted": ["chariot"]}'::jsonb, 0.35, array['vocab_f1','writing']) on conflict (id) do nothing;
insert into content_items(id,course_id,cefr_level,skill,type,prompt,payload,correct_answer,difficulty,tags) values ('956c8e7f-08cd-52f7-921d-3fc1f936bc52', '20000000-0000-0000-0000-000000000003', 'A2', 'writing', 'cloze', 'Completa la frase con la palabra que falta.', '{"text": "Le magasin va me rembourser l''article défectueux.", "audio_url": "https://wiauinufpbkmjlbqlkxo.supabase.co/storage/v1/object/public/audio/items/956c8e7f-08cd-52f7-921d-3fc1f936bc52.mp3"}'::jsonb, '{"value": "rembourser", "accepted": ["rembourser"]}'::jsonb, 0.35, array['vocab_f1','writing']) on conflict (id) do nothing;
insert into content_items(id,course_id,cefr_level,skill,type,prompt,payload,correct_answer,difficulty,tags) values ('0ac43d0a-88e1-56ca-acf5-1333849ffef9', '20000000-0000-0000-0000-000000000003', 'A2', 'writing', 'cloze', 'Completa la frase con la palabra que falta.', '{"text": "Vérifie bien la facture avant de payer.", "audio_url": "https://wiauinufpbkmjlbqlkxo.supabase.co/storage/v1/object/public/audio/items/0ac43d0a-88e1-56ca-acf5-1333849ffef9.mp3"}'::jsonb, '{"value": "la facture", "accepted": ["la facture"]}'::jsonb, 0.35, array['vocab_f1','writing']) on conflict (id) do nothing;
insert into content_items(id,course_id,cefr_level,skill,type,prompt,payload,correct_answer,difficulty,tags) values ('c99cce8e-923a-5d31-89ab-cf4912ba9f0c', '20000000-0000-0000-0000-000000000003', 'A2', 'writing', 'cloze', 'Completa la frase con la palabra que falta.', '{"text": "J''essaie d''économiser pour partir en vacances.", "audio_url": "https://wiauinufpbkmjlbqlkxo.supabase.co/storage/v1/object/public/audio/items/c99cce8e-923a-5d31-89ab-cf4912ba9f0c.mp3"}'::jsonb, '{"value": "économiser", "accepted": ["économiser"]}'::jsonb, 0.35, array['vocab_f1','writing']) on conflict (id) do nothing;
insert into content_items(id,course_id,cefr_level,skill,type,prompt,payload,correct_answer,difficulty,tags) values ('f5a91b0c-3bcf-548b-9fe3-40a97daca49b', '20000000-0000-0000-0000-000000000003', 'A2', 'writing', 'cloze', 'Completa la frase con la palabra que falta.', '{"text": "J''ai oublié mon portefeuille à la maison.", "audio_url": "https://wiauinufpbkmjlbqlkxo.supabase.co/storage/v1/object/public/audio/items/f5a91b0c-3bcf-548b-9fe3-40a97daca49b.mp3"}'::jsonb, '{"value": "portefeuille", "accepted": ["portefeuille"]}'::jsonb, 0.35, array['vocab_f1','writing']) on conflict (id) do nothing;
insert into content_items(id,course_id,cefr_level,skill,type,prompt,payload,correct_answer,difficulty,tags) values ('339ce440-66c5-52a9-994a-4b0e9f72f554', '20000000-0000-0000-0000-000000000003', 'A2', 'writing', 'cloze', 'Completa la frase con la palabra que falta.', '{"text": "Le client demande un autre modèle au vendeur.", "audio_url": "https://wiauinufpbkmjlbqlkxo.supabase.co/storage/v1/object/public/audio/items/339ce440-66c5-52a9-994a-4b0e9f72f554.mp3"}'::jsonb, '{"value": "le client", "accepted": ["le client"]}'::jsonb, 0.35, array['vocab_f1','writing']) on conflict (id) do nothing;
insert into content_items(id,course_id,cefr_level,skill,type,prompt,payload,correct_answer,difficulty,tags) values ('f272e2ed-f182-55df-8001-826ffccf20b8', '20000000-0000-0000-0000-000000000003', 'A2', 'writing', 'cloze', 'Completa la frase con la palabra que falta.', '{"text": "Ce restaurant est bon marché et très bon.", "audio_url": "https://wiauinufpbkmjlbqlkxo.supabase.co/storage/v1/object/public/audio/items/f272e2ed-f182-55df-8001-826ffccf20b8.mp3"}'::jsonb, '{"value": "bon marché", "accepted": ["bon marché"]}'::jsonb, 0.35, array['vocab_f1','writing']) on conflict (id) do nothing;
insert into content_items(id,course_id,cefr_level,skill,type,prompt,payload,correct_answer,difficulty,tags) values ('2149b959-0c84-57b5-bf0d-8361a99847e6', '20000000-0000-0000-0000-000000000003', 'A2', 'writing', 'cloze', 'Completa la frase con la palabra que falta.', '{"text": "Je voudrais essayer ce pantalon, s''il vous plaît.", "audio_url": "https://wiauinufpbkmjlbqlkxo.supabase.co/storage/v1/object/public/audio/items/2149b959-0c84-57b5-bf0d-8361a99847e6.mp3"}'::jsonb, '{"value": "essayer", "accepted": ["essayer"]}'::jsonb, 0.35, array['vocab_f1','writing']) on conflict (id) do nothing;
insert into content_items(id,course_id,cefr_level,skill,type,prompt,payload,correct_answer,difficulty,tags) values ('790934aa-5774-559a-8e86-b31c2d8304b7', '20000000-0000-0000-0000-000000000003', 'A2', 'writing', 'cloze', 'Completa la frase con la palabra que falta.', '{"text": "Vous pouvez payer par carte ou en espèces.", "audio_url": "https://wiauinufpbkmjlbqlkxo.supabase.co/storage/v1/object/public/audio/items/790934aa-5774-559a-8e86-b31c2d8304b7.mp3"}'::jsonb, '{"value": "payer", "accepted": ["payer"]}'::jsonb, 0.35, array['vocab_f1','writing']) on conflict (id) do nothing;
insert into content_items(id,course_id,cefr_level,skill,type,prompt,payload,correct_answer,difficulty,tags) values ('d69640f7-7abb-5700-bffa-8f7a6035c8ee', '20000000-0000-0000-0000-000000000003', 'A2', 'writing', 'cloze', 'Completa la frase con la palabra que falta.', '{"text": "Combien peut coûter ce sac à main ?", "audio_url": "https://wiauinufpbkmjlbqlkxo.supabase.co/storage/v1/object/public/audio/items/d69640f7-7abb-5700-bffa-8f7a6035c8ee.mp3"}'::jsonb, '{"value": "coûter", "accepted": ["coûter"]}'::jsonb, 0.35, array['vocab_f1','writing']) on conflict (id) do nothing;
insert into content_items(id,course_id,cefr_level,skill,type,prompt,payload,correct_answer,difficulty,tags) values ('0c847569-f20e-5714-b8dd-7a6631314ace', '20000000-0000-0000-0000-000000000003', 'A2', 'reading', 'match', 'Empareja cada palabra con su traducción.', '{"pairs": [{"en": "la vitrine", "es": "el escaparate"}, {"en": "panier", "es": "la cesta"}, {"en": "chariot", "es": "el carrito"}, {"en": "rembourser", "es": "reembolsar"}, {"en": "la facture", "es": "la factura"}]}'::jsonb, '{"pairs": [["la vitrine", "el escaparate"], ["panier", "la cesta"], ["chariot", "el carrito"], ["rembourser", "reembolsar"], ["la facture", "la factura"]]}'::jsonb, 0.15, array['vocab_f1','reading']) on conflict (id) do nothing;
insert into content_items(id,course_id,cefr_level,skill,type,prompt,payload,correct_answer,difficulty,tags) values ('3554ad3d-4219-5518-9008-11b77154a5a1', '20000000-0000-0000-0000-000000000003', 'A2', 'reading', 'match', 'Empareja cada palabra con su traducción.', '{"pairs": [{"en": "économiser", "es": "ahorrar"}, {"en": "portefeuille", "es": "la cartera"}, {"en": "le client", "es": "el cliente"}, {"en": "bon marché", "es": "barato"}, {"en": "essayer", "es": "probar"}]}'::jsonb, '{"pairs": [["économiser", "ahorrar"], ["portefeuille", "la cartera"], ["le client", "el cliente"], ["bon marché", "barato"], ["essayer", "probar"]]}'::jsonb, 0.15, array['vocab_f1','reading']) on conflict (id) do nothing;
insert into content_items(id,course_id,cefr_level,skill,type,prompt,payload,correct_answer,difficulty,tags) values ('75e38a12-1fa0-5d76-8698-acd40072bd32', '20000000-0000-0000-0000-000000000003', 'A2', 'reading', 'match', 'Empareja cada palabra con su traducción.', '{"pairs": [{"en": "payer", "es": "pagar"}, {"en": "coûter", "es": "costar"}]}'::jsonb, '{"pairs": [["payer", "pagar"], ["coûter", "costar"]]}'::jsonb, 0.15, array['vocab_f1','reading']) on conflict (id) do nothing;
insert into content_items(id,course_id,cefr_level,skill,type,prompt,payload,correct_answer,difficulty,tags) values ('5f721bb0-ea8b-51c6-aa5c-3535c5557258', '20000000-0000-0000-0000-000000000003', 'A2', 'writing', 'cloze', 'Completa la frase con la palabra que falta.', '{"text": "Il faut se réveiller avant le lever du soleil.", "audio_url": "https://wiauinufpbkmjlbqlkxo.supabase.co/storage/v1/object/public/audio/items/5f721bb0-ea8b-51c6-aa5c-3535c5557258.mp3"}'::jsonb, '{"value": "se réveiller", "accepted": ["se réveiller"]}'::jsonb, 0.35, array['vocab_f1','writing']) on conflict (id) do nothing;
insert into content_items(id,course_id,cefr_level,skill,type,prompt,payload,correct_answer,difficulty,tags) values ('a88e9db9-fbd4-5926-90de-7078104ae307', '20000000-0000-0000-0000-000000000003', 'A2', 'writing', 'cloze', 'Completa la frase con la palabra que falta.', '{"text": "Je consulte toujours l''horaire des trains le matin.", "audio_url": "https://wiauinufpbkmjlbqlkxo.supabase.co/storage/v1/object/public/audio/items/a88e9db9-fbd4-5926-90de-7078104ae307.mp3"}'::jsonb, '{"value": "l''horaire", "accepted": ["l''horaire"]}'::jsonb, 0.35, array['vocab_f1','writing']) on conflict (id) do nothing;
insert into content_items(id,course_id,cefr_level,skill,type,prompt,payload,correct_answer,difficulty,tags) values ('2a2975fb-b872-5e43-a75a-643e9c5b1503', '20000000-0000-0000-0000-000000000003', 'A2', 'writing', 'cloze', 'Completa la frase con la palabra que falta.', '{"text": "Elle arrive souvent en retard au travail.", "audio_url": "https://wiauinufpbkmjlbqlkxo.supabase.co/storage/v1/object/public/audio/items/2a2975fb-b872-5e43-a75a-643e9c5b1503.mp3"}'::jsonb, '{"value": "en retard", "accepted": ["en retard"]}'::jsonb, 0.35, array['vocab_f1','writing']) on conflict (id) do nothing;
insert into content_items(id,course_id,cefr_level,skill,type,prompt,payload,correct_answer,difficulty,tags) values ('47e65d72-0477-5ef2-93ba-a6c92f965754', '20000000-0000-0000-0000-000000000003', 'A2', 'writing', 'cloze', 'Completa la frase con la palabra que falta.', '{"text": "Le dimanche, je me lève tôt quand même.", "audio_url": "https://wiauinufpbkmjlbqlkxo.supabase.co/storage/v1/object/public/audio/items/47e65d72-0477-5ef2-93ba-a6c92f965754.mp3"}'::jsonb, '{"value": "tôt", "accepted": ["tôt"]}'::jsonb, 0.35, array['vocab_f1','writing']) on conflict (id) do nothing;
insert into content_items(id,course_id,cefr_level,skill,type,prompt,payload,correct_answer,difficulty,tags) values ('3caa1099-e648-5949-9653-594dff2f8651', '20000000-0000-0000-0000-000000000003', 'A2', 'writing', 'cloze', 'Completa la frase con la palabra que falta.', '{"text": "Il sort rarement pendant la semaine.", "audio_url": "https://wiauinufpbkmjlbqlkxo.supabase.co/storage/v1/object/public/audio/items/3caa1099-e648-5949-9653-594dff2f8651.mp3"}'::jsonb, '{"value": "rarement", "accepted": ["rarement"]}'::jsonb, 0.35, array['vocab_f1','writing']) on conflict (id) do nothing;
insert into content_items(id,course_id,cefr_level,skill,type,prompt,payload,correct_answer,difficulty,tags) values ('16e974c6-31b7-5205-b071-d743cc782f37', '20000000-0000-0000-0000-000000000003', 'A2', 'writing', 'cloze', 'Completa la frase con la palabra que falta.', '{"text": "Le délai pour rendre le projet est court.", "audio_url": "https://wiauinufpbkmjlbqlkxo.supabase.co/storage/v1/object/public/audio/items/16e974c6-31b7-5205-b071-d743cc782f37.mp3"}'::jsonb, '{"value": "le délai", "accepted": ["le délai"]}'::jsonb, 0.35, array['vocab_f1','writing']) on conflict (id) do nothing;
insert into content_items(id,course_id,cefr_level,skill,type,prompt,payload,correct_answer,difficulty,tags) values ('0a0656c4-d783-525d-9d55-3731bfebccb0', '20000000-0000-0000-0000-000000000003', 'A2', 'writing', 'cloze', 'Completa la frase con la palabra que falta.', '{"text": "Désormais, je ferai du sport chaque matin.", "audio_url": "https://wiauinufpbkmjlbqlkxo.supabase.co/storage/v1/object/public/audio/items/0a0656c4-d783-525d-9d55-3731bfebccb0.mp3"}'::jsonb, '{"value": "désormais", "accepted": ["désormais"]}'::jsonb, 0.35, array['vocab_f1','writing']) on conflict (id) do nothing;
insert into content_items(id,course_id,cefr_level,skill,type,prompt,payload,correct_answer,difficulty,tags) values ('7c32364e-9581-54f4-9d16-de22f91b0f9f', '20000000-0000-0000-0000-000000000003', 'A2', 'writing', 'cloze', 'Completa la frase con la palabra que falta.', '{"text": "Actuellement, je travaille de chez moi.", "audio_url": "https://wiauinufpbkmjlbqlkxo.supabase.co/storage/v1/object/public/audio/items/7c32364e-9581-54f4-9d16-de22f91b0f9f.mp3"}'::jsonb, '{"value": "actuellement", "accepted": ["actuellement"]}'::jsonb, 0.35, array['vocab_f1','writing']) on conflict (id) do nothing;
insert into content_items(id,course_id,cefr_level,skill,type,prompt,payload,correct_answer,difficulty,tags) values ('49040479-cadb-52b2-a124-cafd9393e9c7', '20000000-0000-0000-0000-000000000003', 'A2', 'writing', 'cloze', 'Completa la frase con la palabra que falta.', '{"text": "Nous dînons souvent vers huit heures du soir.", "audio_url": "https://wiauinufpbkmjlbqlkxo.supabase.co/storage/v1/object/public/audio/items/49040479-cadb-52b2-a124-cafd9393e9c7.mp3"}'::jsonb, '{"value": "souvent", "accepted": ["souvent"]}'::jsonb, 0.35, array['vocab_f1','writing']) on conflict (id) do nothing;
insert into content_items(id,course_id,cefr_level,skill,type,prompt,payload,correct_answer,difficulty,tags) values ('73d1c99f-f808-51cd-bfb7-2685d7233bb4', '20000000-0000-0000-0000-000000000003', 'A2', 'writing', 'cloze', 'Completa la frase con la palabra que falta.', '{"text": "Elle prend toujours son café le matin.", "audio_url": "https://wiauinufpbkmjlbqlkxo.supabase.co/storage/v1/object/public/audio/items/73d1c99f-f808-51cd-bfb7-2685d7233bb4.mp3"}'::jsonb, '{"value": "toujours", "accepted": ["toujours"]}'::jsonb, 0.35, array['vocab_f1','writing']) on conflict (id) do nothing;
insert into content_items(id,course_id,cefr_level,skill,type,prompt,payload,correct_answer,difficulty,tags) values ('af946f8a-3206-5874-ba96-6aef02ced9f6', '20000000-0000-0000-0000-000000000003', 'A2', 'writing', 'cloze', 'Completa la frase con la palabra que falta.', '{"text": "Parfois, je fais une sieste l''après-midi.", "audio_url": "https://wiauinufpbkmjlbqlkxo.supabase.co/storage/v1/object/public/audio/items/af946f8a-3206-5874-ba96-6aef02ced9f6.mp3"}'::jsonb, '{"value": "parfois", "accepted": ["parfois"]}'::jsonb, 0.35, array['vocab_f1','writing']) on conflict (id) do nothing;
insert into content_items(id,course_id,cefr_level,skill,type,prompt,payload,correct_answer,difficulty,tags) values ('ff071280-8454-5cc1-8905-afbbe7045e32', '20000000-0000-0000-0000-000000000003', 'A2', 'writing', 'cloze', 'Completa la frase con la palabra que falta.', '{"text": "Hier soir, je me suis couché très tard.", "audio_url": "https://wiauinufpbkmjlbqlkxo.supabase.co/storage/v1/object/public/audio/items/ff071280-8454-5cc1-8905-afbbe7045e32.mp3"}'::jsonb, '{"value": "tard", "accepted": ["tard"]}'::jsonb, 0.35, array['vocab_f1','writing']) on conflict (id) do nothing;
insert into content_items(id,course_id,cefr_level,skill,type,prompt,payload,correct_answer,difficulty,tags) values ('46526e6e-1187-5cdf-a4ea-c2d1a71aedaa', '20000000-0000-0000-0000-000000000003', 'A2', 'reading', 'match', 'Empareja cada palabra con su traducción.', '{"pairs": [{"en": "se réveiller", "es": "despertarse"}, {"en": "l''horaire", "es": "el horario"}, {"en": "en retard", "es": "con retraso"}, {"en": "tôt", "es": "temprano"}, {"en": "rarement", "es": "rara vez"}]}'::jsonb, '{"pairs": [["se réveiller", "despertarse"], ["l''horaire", "el horario"], ["en retard", "con retraso"], ["tôt", "temprano"], ["rarement", "rara vez"]]}'::jsonb, 0.15, array['vocab_f1','reading']) on conflict (id) do nothing;
insert into content_items(id,course_id,cefr_level,skill,type,prompt,payload,correct_answer,difficulty,tags) values ('59f93a85-f83e-53d4-8c40-7446983da54e', '20000000-0000-0000-0000-000000000003', 'A2', 'reading', 'match', 'Empareja cada palabra con su traducción.', '{"pairs": [{"en": "le délai", "es": "el plazo"}, {"en": "désormais", "es": "de ahora en adelante"}, {"en": "actuellement", "es": "actualmente"}, {"en": "souvent", "es": "a menudo"}, {"en": "toujours", "es": "siempre"}]}'::jsonb, '{"pairs": [["le délai", "el plazo"], ["désormais", "de ahora en adelante"], ["actuellement", "actualmente"], ["souvent", "a menudo"], ["toujours", "siempre"]]}'::jsonb, 0.15, array['vocab_f1','reading']) on conflict (id) do nothing;
insert into content_items(id,course_id,cefr_level,skill,type,prompt,payload,correct_answer,difficulty,tags) values ('b362fa18-a90f-5a15-ab80-dcbaa762a4f6', '20000000-0000-0000-0000-000000000003', 'A2', 'reading', 'match', 'Empareja cada palabra con su traducción.', '{"pairs": [{"en": "parfois", "es": "a veces"}, {"en": "tard", "es": "tarde"}]}'::jsonb, '{"pairs": [["parfois", "a veces"], ["tard", "tarde"]]}'::jsonb, 0.15, array['vocab_f1','reading']) on conflict (id) do nothing;
insert into content_items(id,course_id,cefr_level,skill,type,prompt,payload,correct_answer,difficulty,tags) values ('b0af3d69-8d8e-56b2-a003-8fb53196951b', '20000000-0000-0000-0000-000000000003', 'A2', 'writing', 'cloze', 'Completa la frase con la palabra que falta.', '{"text": "Mon réveil sonne à six heures et demie.", "audio_url": "https://wiauinufpbkmjlbqlkxo.supabase.co/storage/v1/object/public/audio/items/b0af3d69-8d8e-56b2-a003-8fb53196951b.mp3"}'::jsonb, '{"value": "réveil", "accepted": ["réveil"]}'::jsonb, 0.35, array['vocab_f1','writing']) on conflict (id) do nothing;
insert into content_items(id,course_id,cefr_level,skill,type,prompt,payload,correct_answer,difficulty,tags) values ('478de63f-75a9-51b5-8317-a95312f7fb50', '20000000-0000-0000-0000-000000000003', 'A2', 'writing', 'cloze', 'Completa la frase con la palabra que falta.', '{"text": "J''ai passé toute la journée à étudier.", "audio_url": "https://wiauinufpbkmjlbqlkxo.supabase.co/storage/v1/object/public/audio/items/478de63f-75a9-51b5-8317-a95312f7fb50.mp3"}'::jsonb, '{"value": "la journée", "accepted": ["la journée"]}'::jsonb, 0.35, array['vocab_f1','writing']) on conflict (id) do nothing;
insert into content_items(id,course_id,cefr_level,skill,type,prompt,payload,correct_answer,difficulty,tags) values ('5348a517-4375-534b-a2b8-b3ff34c83e22', '20000000-0000-0000-0000-000000000003', 'A2', 'writing', 'cloze', 'Completa la frase con la palabra que falta.', '{"text": "Nous avons passé une belle soirée ensemble.", "audio_url": "https://wiauinufpbkmjlbqlkxo.supabase.co/storage/v1/object/public/audio/items/5348a517-4375-534b-a2b8-b3ff34c83e22.mp3"}'::jsonb, '{"value": "soirée", "accepted": ["soirée"]}'::jsonb, 0.35, array['vocab_f1','writing']) on conflict (id) do nothing;
insert into content_items(id,course_id,cefr_level,skill,type,prompt,payload,correct_answer,difficulty,tags) values ('14e78f48-67f8-5546-ba0a-b4c7adca86c2', '20000000-0000-0000-0000-000000000003', 'A2', 'writing', 'cloze', 'Completa la frase con la palabra que falta.', '{"text": "L''après-midi, je bois toujours un thé chaud.", "audio_url": "https://wiauinufpbkmjlbqlkxo.supabase.co/storage/v1/object/public/audio/items/14e78f48-67f8-5546-ba0a-b4c7adca86c2.mp3"}'::jsonb, '{"value": "l''après-midi", "accepted": ["l''après-midi"]}'::jsonb, 0.35, array['vocab_f1','writing']) on conflict (id) do nothing;
insert into content_items(id,course_id,cefr_level,skill,type,prompt,payload,correct_answer,difficulty,tags) values ('a2f0d574-f9aa-5cdf-81f8-51883a66da4f', '20000000-0000-0000-0000-000000000003', 'A2', 'writing', 'cloze', 'Completa la frase con la palabra que falta.', '{"text": "Le sport fait partie de mon rituel quotidien.", "audio_url": "https://wiauinufpbkmjlbqlkxo.supabase.co/storage/v1/object/public/audio/items/a2f0d574-f9aa-5cdf-81f8-51883a66da4f.mp3"}'::jsonb, '{"value": "quotidien", "accepted": ["quotidien"]}'::jsonb, 0.35, array['vocab_f1','writing']) on conflict (id) do nothing;
insert into content_items(id,course_id,cefr_level,skill,type,prompt,payload,correct_answer,difficulty,tags) values ('08084009-969d-574b-9d30-2e82d9ff103e', '20000000-0000-0000-0000-000000000003', 'A2', 'writing', 'cloze', 'Completa la frase con la palabra que falta.', '{"text": "J''ai l''habitude de lire avant de dormir.", "audio_url": "https://wiauinufpbkmjlbqlkxo.supabase.co/storage/v1/object/public/audio/items/08084009-969d-574b-9d30-2e82d9ff103e.mp3"}'::jsonb, '{"value": "l''habitude", "accepted": ["l''habitude"]}'::jsonb, 0.35, array['vocab_f1','writing']) on conflict (id) do nothing;
insert into content_items(id,course_id,cefr_level,skill,type,prompt,payload,correct_answer,difficulty,tags) values ('e2ef3c86-7ea7-5a09-bc0f-82fe91d79cf8', '20000000-0000-0000-0000-000000000003', 'A2', 'writing', 'cloze', 'Completa la frase con la palabra que falta.', '{"text": "Il vaut mieux se coucher avant minuit.", "audio_url": "https://wiauinufpbkmjlbqlkxo.supabase.co/storage/v1/object/public/audio/items/e2ef3c86-7ea7-5a09-bc0f-82fe91d79cf8.mp3"}'::jsonb, '{"value": "se coucher", "accepted": ["se coucher"]}'::jsonb, 0.35, array['vocab_f1','writing']) on conflict (id) do nothing;
insert into content_items(id,course_id,cefr_level,skill,type,prompt,payload,correct_answer,difficulty,tags) values ('186e7e96-f2af-5a51-80af-3ff8c67ce5a5', '20000000-0000-0000-0000-000000000003', 'A2', 'writing', 'cloze', 'Completa la frase con la palabra que falta.', '{"text": "Nous allons déjeuner ensemble à midi pile.", "audio_url": "https://wiauinufpbkmjlbqlkxo.supabase.co/storage/v1/object/public/audio/items/186e7e96-f2af-5a51-80af-3ff8c67ce5a5.mp3"}'::jsonb, '{"value": "déjeuner", "accepted": ["déjeuner"]}'::jsonb, 0.35, array['vocab_f1','writing']) on conflict (id) do nothing;
insert into content_items(id,course_id,cefr_level,skill,type,prompt,payload,correct_answer,difficulty,tags) values ('01042d18-3ca0-503d-83e5-6659a67da67d', '20000000-0000-0000-0000-000000000003', 'A2', 'writing', 'cloze', 'Completa la frase con la palabra que falta.', '{"text": "Je prends mon petit-déjeuner à sept heures.", "audio_url": "https://wiauinufpbkmjlbqlkxo.supabase.co/storage/v1/object/public/audio/items/01042d18-3ca0-503d-83e5-6659a67da67d.mp3"}'::jsonb, '{"value": "petit-déjeuner", "accepted": ["petit-déjeuner"]}'::jsonb, 0.35, array['vocab_f1','writing']) on conflict (id) do nothing;
insert into content_items(id,course_id,cefr_level,skill,type,prompt,payload,correct_answer,difficulty,tags) values ('341c82a4-7acc-5f91-b0eb-ef86a6326636', '20000000-0000-0000-0000-000000000003', 'A2', 'writing', 'cloze', 'Completa la frase con la palabra que falta.', '{"text": "Le bus est arrivé pile à l''heure.", "audio_url": "https://wiauinufpbkmjlbqlkxo.supabase.co/storage/v1/object/public/audio/items/341c82a4-7acc-5f91-b0eb-ef86a6326636.mp3"}'::jsonb, '{"value": "à l''heure", "accepted": ["à l''heure"]}'::jsonb, 0.35, array['vocab_f1','writing']) on conflict (id) do nothing;
insert into content_items(id,course_id,cefr_level,skill,type,prompt,payload,correct_answer,difficulty,tags) values ('d1a6910c-d14b-51a8-9cba-40b0c581f281', '20000000-0000-0000-0000-000000000003', 'A2', 'writing', 'cloze', 'Completa la frase con la palabra que falta.', '{"text": "J''ai travaillé toute la matinée sans faire de pause.", "audio_url": "https://wiauinufpbkmjlbqlkxo.supabase.co/storage/v1/object/public/audio/items/d1a6910c-d14b-51a8-9cba-40b0c581f281.mp3"}'::jsonb, '{"value": "la matinée", "accepted": ["la matinée"]}'::jsonb, 0.35, array['vocab_f1','writing']) on conflict (id) do nothing;
insert into content_items(id,course_id,cefr_level,skill,type,prompt,payload,correct_answer,difficulty,tags) values ('708bacbf-8b35-50db-acb0-033e650b2f77', '20000000-0000-0000-0000-000000000003', 'A2', 'writing', 'cloze', 'Completa la frase con la palabra que falta.', '{"text": "Je travaille parfois pendant la nuit.", "audio_url": "https://wiauinufpbkmjlbqlkxo.supabase.co/storage/v1/object/public/audio/items/708bacbf-8b35-50db-acb0-033e650b2f77.mp3"}'::jsonb, '{"value": "la nuit", "accepted": ["la nuit"]}'::jsonb, 0.35, array['vocab_f1','writing']) on conflict (id) do nothing;
insert into content_items(id,course_id,cefr_level,skill,type,prompt,payload,correct_answer,difficulty,tags) values ('33943a95-d52c-5b66-bd75-87204d0ebde6', '20000000-0000-0000-0000-000000000003', 'A2', 'reading', 'match', 'Empareja cada palabra con su traducción.', '{"pairs": [{"en": "réveil", "es": "el despertador"}, {"en": "la journée", "es": "el día"}, {"en": "soirée", "es": "la velada"}, {"en": "l''après-midi", "es": "la tarde"}, {"en": "quotidien", "es": "cotidiano"}]}'::jsonb, '{"pairs": [["réveil", "el despertador"], ["la journée", "el día"], ["soirée", "la velada"], ["l''après-midi", "la tarde"], ["quotidien", "cotidiano"]]}'::jsonb, 0.15, array['vocab_f1','reading']) on conflict (id) do nothing;
insert into content_items(id,course_id,cefr_level,skill,type,prompt,payload,correct_answer,difficulty,tags) values ('8f34fcb6-f40b-5bfe-b4ac-61be9867292b', '20000000-0000-0000-0000-000000000003', 'A2', 'reading', 'match', 'Empareja cada palabra con su traducción.', '{"pairs": [{"en": "l''habitude", "es": "la costumbre"}, {"en": "se coucher", "es": "acostarse"}, {"en": "déjeuner", "es": "almorzar"}, {"en": "petit-déjeuner", "es": "el desayuno"}, {"en": "à l''heure", "es": "a tiempo"}]}'::jsonb, '{"pairs": [["l''habitude", "la costumbre"], ["se coucher", "acostarse"], ["déjeuner", "almorzar"], ["petit-déjeuner", "el desayuno"], ["à l''heure", "a tiempo"]]}'::jsonb, 0.15, array['vocab_f1','reading']) on conflict (id) do nothing;
insert into content_items(id,course_id,cefr_level,skill,type,prompt,payload,correct_answer,difficulty,tags) values ('87270b8d-60c5-5659-9f83-0b801f41f634', '20000000-0000-0000-0000-000000000003', 'A2', 'reading', 'match', 'Empareja cada palabra con su traducción.', '{"pairs": [{"en": "la matinée", "es": "la mañana"}, {"en": "la nuit", "es": "la noche"}]}'::jsonb, '{"pairs": [["la matinée", "la mañana"], ["la nuit", "la noche"]]}'::jsonb, 0.15, array['vocab_f1','reading']) on conflict (id) do nothing;
insert into content_items(id,course_id,cefr_level,skill,type,prompt,payload,correct_answer,difficulty,tags) values ('029355ca-641c-56bc-9c54-7eb73d6ec80b', '20000000-0000-0000-0000-000000000003', 'B1', 'writing', 'cloze', 'Completa la frase con la palabra que falta.', '{"text": "J''ai une toux sèche depuis une semaine.", "audio_url": "https://wiauinufpbkmjlbqlkxo.supabase.co/storage/v1/object/public/audio/items/029355ca-641c-56bc-9c54-7eb73d6ec80b.mp3"}'::jsonb, '{"value": "toux", "accepted": ["toux"]}'::jsonb, 0.35, array['vocab_f1','writing']) on conflict (id) do nothing;
insert into content_items(id,course_id,cefr_level,skill,type,prompt,payload,correct_answer,difficulty,tags) values ('03433817-9ede-5e45-82e8-edf7f96d29a7', '20000000-0000-0000-0000-000000000003', 'B1', 'writing', 'cloze', 'Completa la frase con la palabra que falta.', '{"text": "Prends un comprimé après chaque repas.", "audio_url": "https://wiauinufpbkmjlbqlkxo.supabase.co/storage/v1/object/public/audio/items/03433817-9ede-5e45-82e8-edf7f96d29a7.mp3"}'::jsonb, '{"value": "comprimé", "accepted": ["comprimé"]}'::jsonb, 0.35, array['vocab_f1','writing']) on conflict (id) do nothing;
insert into content_items(id,course_id,cefr_level,skill,type,prompt,payload,correct_answer,difficulty,tags) values ('14f0dae4-dfd5-57a3-9714-9c7adda119ca', '20000000-0000-0000-0000-000000000003', 'B1', 'writing', 'cloze', 'Completa la frase con la palabra que falta.', '{"text": "La poussière me fait éternuer sans arrêt.", "audio_url": "https://wiauinufpbkmjlbqlkxo.supabase.co/storage/v1/object/public/audio/items/14f0dae4-dfd5-57a3-9714-9c7adda119ca.mp3"}'::jsonb, '{"value": "éternuer", "accepted": ["éternuer"]}'::jsonb, 0.35, array['vocab_f1','writing']) on conflict (id) do nothing;
insert into content_items(id,course_id,cefr_level,skill,type,prompt,payload,correct_answer,difficulty,tags) values ('587a4800-9d3b-5f8a-8d72-3c8e9a129d1c', '20000000-0000-0000-0000-000000000003', 'B1', 'writing', 'cloze', 'Completa la frase con la palabra que falta.', '{"text": "Sa blessure au genou guérit très lentement.", "audio_url": "https://wiauinufpbkmjlbqlkxo.supabase.co/storage/v1/object/public/audio/items/587a4800-9d3b-5f8a-8d72-3c8e9a129d1c.mp3"}'::jsonb, '{"value": "blessure", "accepted": ["blessure"]}'::jsonb, 0.35, array['vocab_f1','writing']) on conflict (id) do nothing;
insert into content_items(id,course_id,cefr_level,skill,type,prompt,payload,correct_answer,difficulty,tags) values ('c09e6a4c-e0b0-57cb-a96f-4c393f7980a4', '20000000-0000-0000-0000-000000000003', 'B1', 'writing', 'cloze', 'Completa la frase con la palabra que falta.', '{"text": "Le malade va bientôt guérir complètement.", "audio_url": "https://wiauinufpbkmjlbqlkxo.supabase.co/storage/v1/object/public/audio/items/c09e6a4c-e0b0-57cb-a96f-4c393f7980a4.mp3"}'::jsonb, '{"value": "guérir", "accepted": ["guérir"]}'::jsonb, 0.35, array['vocab_f1','writing']) on conflict (id) do nothing;
insert into content_items(id,course_id,cefr_level,skill,type,prompt,payload,correct_answer,difficulty,tags) values ('b167f76b-ee21-5492-97ad-2cb9a1179a82', '20000000-0000-0000-0000-000000000003', 'B1', 'writing', 'cloze', 'Completa la frase con la palabra que falta.', '{"text": "J''ai attrapé un gros rhume cet hiver.", "audio_url": "https://wiauinufpbkmjlbqlkxo.supabase.co/storage/v1/object/public/audio/items/b167f76b-ee21-5492-97ad-2cb9a1179a82.mp3"}'::jsonb, '{"value": "rhume", "accepted": ["rhume"]}'::jsonb, 0.35, array['vocab_f1','writing']) on conflict (id) do nothing;
insert into content_items(id,course_id,cefr_level,skill,type,prompt,payload,correct_answer,difficulty,tags) values ('64e5d41a-fffa-5f5f-8620-504c914cf789', '20000000-0000-0000-0000-000000000003', 'B1', 'writing', 'cloze', 'Completa la frase con la palabra que falta.', '{"text": "Il est constipé depuis plusieurs jours déjà.", "audio_url": "https://wiauinufpbkmjlbqlkxo.supabase.co/storage/v1/object/public/audio/items/64e5d41a-fffa-5f5f-8620-504c914cf789.mp3"}'::jsonb, '{"value": "constipé", "accepted": ["constipé"]}'::jsonb, 0.35, array['vocab_f1','writing']) on conflict (id) do nothing;
insert into content_items(id,course_id,cefr_level,skill,type,prompt,payload,correct_answer,difficulty,tags) values ('49ee6a23-555c-5516-a305-efab1806fba8', '20000000-0000-0000-0000-000000000003', 'B1', 'writing', 'cloze', 'Completa la frase con la palabra que falta.', '{"text": "L''enfant n''arrête pas de tousser la nuit.", "audio_url": "https://wiauinufpbkmjlbqlkxo.supabase.co/storage/v1/object/public/audio/items/49ee6a23-555c-5516-a305-efab1806fba8.mp3"}'::jsonb, '{"value": "tousser", "accepted": ["tousser"]}'::jsonb, 0.35, array['vocab_f1','writing']) on conflict (id) do nothing;
insert into content_items(id,course_id,cefr_level,skill,type,prompt,payload,correct_answer,difficulty,tags) values ('fd3672e4-1c06-5165-ad13-f018ead563e6', '20000000-0000-0000-0000-000000000003', 'B1', 'writing', 'cloze', 'Completa la frase con la palabra que falta.', '{"text": "Je ressens une forte douleur au dos.", "audio_url": "https://wiauinufpbkmjlbqlkxo.supabase.co/storage/v1/object/public/audio/items/fd3672e4-1c06-5165-ad13-f018ead563e6.mp3"}'::jsonb, '{"value": "douleur", "accepted": ["douleur"]}'::jsonb, 0.35, array['vocab_f1','writing']) on conflict (id) do nothing;
insert into content_items(id,course_id,cefr_level,skill,type,prompt,payload,correct_answer,difficulty,tags) values ('a8a22406-4a1e-59ee-a119-db1d14268486', '20000000-0000-0000-0000-000000000003', 'B1', 'writing', 'cloze', 'Completa la frase con la palabra que falta.', '{"text": "Le pharmacien me donne un médicament efficace.", "audio_url": "https://wiauinufpbkmjlbqlkxo.supabase.co/storage/v1/object/public/audio/items/a8a22406-4a1e-59ee-a119-db1d14268486.mp3"}'::jsonb, '{"value": "médicament", "accepted": ["médicament"]}'::jsonb, 0.35, array['vocab_f1','writing']) on conflict (id) do nothing;
insert into content_items(id,course_id,cefr_level,skill,type,prompt,payload,correct_answer,difficulty,tags) values ('4418ce8d-f755-5eb4-b3f5-6423e88dc342', '20000000-0000-0000-0000-000000000003', 'B1', 'writing', 'cloze', 'Completa la frase con la palabra que falta.', '{"text": "Faire du sport est bon pour la santé.", "audio_url": "https://wiauinufpbkmjlbqlkxo.supabase.co/storage/v1/object/public/audio/items/4418ce8d-f755-5eb4-b3f5-6423e88dc342.mp3"}'::jsonb, '{"value": "la santé", "accepted": ["la santé"]}'::jsonb, 0.35, array['vocab_f1','writing']) on conflict (id) do nothing;
insert into content_items(id,course_id,cefr_level,skill,type,prompt,payload,correct_answer,difficulty,tags) values ('57fb72c8-875c-5d94-8c61-3e0a54cc8eb6', '20000000-0000-0000-0000-000000000003', 'B1', 'writing', 'cloze', 'Completa la frase con la palabra que falta.', '{"text": "L''exercice rend le corps plus fort.", "audio_url": "https://wiauinufpbkmjlbqlkxo.supabase.co/storage/v1/object/public/audio/items/57fb72c8-875c-5d94-8c61-3e0a54cc8eb6.mp3"}'::jsonb, '{"value": "le corps", "accepted": ["le corps"]}'::jsonb, 0.35, array['vocab_f1','writing']) on conflict (id) do nothing;
insert into content_items(id,course_id,cefr_level,skill,type,prompt,payload,correct_answer,difficulty,tags) values ('541a7244-3566-5285-b633-80ad49768e8f', '20000000-0000-0000-0000-000000000003', 'B1', 'reading', 'match', 'Empareja cada palabra con su traducción.', '{"pairs": [{"en": "toux", "es": "la tos"}, {"en": "comprimé", "es": "el comprimido"}, {"en": "éternuer", "es": "estornudar"}, {"en": "blessure", "es": "la herida"}, {"en": "guérir", "es": "sanar"}]}'::jsonb, '{"pairs": [["toux", "la tos"], ["comprimé", "el comprimido"], ["éternuer", "estornudar"], ["blessure", "la herida"], ["guérir", "sanar"]]}'::jsonb, 0.15, array['vocab_f1','reading']) on conflict (id) do nothing;
insert into content_items(id,course_id,cefr_level,skill,type,prompt,payload,correct_answer,difficulty,tags) values ('0770094c-b0ea-532c-afea-04b19f886900', '20000000-0000-0000-0000-000000000003', 'B1', 'reading', 'match', 'Empareja cada palabra con su traducción.', '{"pairs": [{"en": "rhume", "es": "el resfriado"}, {"en": "constipé", "es": "estreñido"}, {"en": "tousser", "es": "toser"}, {"en": "douleur", "es": "el dolor"}, {"en": "médicament", "es": "el medicamento"}]}'::jsonb, '{"pairs": [["rhume", "el resfriado"], ["constipé", "estreñido"], ["tousser", "toser"], ["douleur", "el dolor"], ["médicament", "el medicamento"]]}'::jsonb, 0.15, array['vocab_f1','reading']) on conflict (id) do nothing;
insert into content_items(id,course_id,cefr_level,skill,type,prompt,payload,correct_answer,difficulty,tags) values ('ba00a575-1178-53f0-a08c-07799f22faf3', '20000000-0000-0000-0000-000000000003', 'B1', 'reading', 'match', 'Empareja cada palabra con su traducción.', '{"pairs": [{"en": "la santé", "es": "la salud"}, {"en": "le corps", "es": "el cuerpo"}]}'::jsonb, '{"pairs": [["la santé", "la salud"], ["le corps", "el cuerpo"]]}'::jsonb, 0.15, array['vocab_f1','reading']) on conflict (id) do nothing;
insert into content_items(id,course_id,cefr_level,skill,type,prompt,payload,correct_answer,difficulty,tags) values ('394c252a-fc3f-5f48-96fb-240dc74269e8', '20000000-0000-0000-0000-000000000003', 'B1', 'writing', 'cloze', 'Completa la frase con la palabra que falta.', '{"text": "Je me suis fait mal au genou.", "audio_url": "https://wiauinufpbkmjlbqlkxo.supabase.co/storage/v1/object/public/audio/items/394c252a-fc3f-5f48-96fb-240dc74269e8.mp3"}'::jsonb, '{"value": "genou", "accepted": ["genou"]}'::jsonb, 0.35, array['vocab_f1','writing']) on conflict (id) do nothing;
insert into content_items(id,course_id,cefr_level,skill,type,prompt,payload,correct_answer,difficulty,tags) values ('3c00dbf6-943c-5f1e-a317-706c0c08dafe', '20000000-0000-0000-0000-000000000003', 'B1', 'writing', 'cloze', 'Completa la frase con la palabra que falta.', '{"text": "Le soleil abîme facilement la peau fragile.", "audio_url": "https://wiauinufpbkmjlbqlkxo.supabase.co/storage/v1/object/public/audio/items/3c00dbf6-943c-5f1e-a317-706c0c08dafe.mp3"}'::jsonb, '{"value": "la peau", "accepted": ["la peau"]}'::jsonb, 0.35, array['vocab_f1','writing']) on conflict (id) do nothing;
insert into content_items(id,course_id,cefr_level,skill,type,prompt,payload,correct_answer,difficulty,tags) values ('19feae71-a095-5e77-a0e6-cc05909ed87b', '20000000-0000-0000-0000-000000000003', 'B1', 'writing', 'cloze', 'Completa la frase con la palabra que falta.', '{"text": "Il s''est cassé un os en tombant.", "audio_url": "https://wiauinufpbkmjlbqlkxo.supabase.co/storage/v1/object/public/audio/items/19feae71-a095-5e77-a0e6-cc05909ed87b.mp3"}'::jsonb, '{"value": "os", "accepted": ["os"]}'::jsonb, 0.35, array['vocab_f1','writing']) on conflict (id) do nothing;
insert into content_items(id,course_id,cefr_level,skill,type,prompt,payload,correct_answer,difficulty,tags) values ('a9b7854c-996b-537e-8193-610a7b513f7b', '20000000-0000-0000-0000-000000000003', 'B1', 'writing', 'cloze', 'Completa la frase con la palabra que falta.', '{"text": "Il a mal à la poitrine en respirant.", "audio_url": "https://wiauinufpbkmjlbqlkxo.supabase.co/storage/v1/object/public/audio/items/a9b7854c-996b-537e-8193-610a7b513f7b.mp3"}'::jsonb, '{"value": "la poitrine", "accepted": ["la poitrine"]}'::jsonb, 0.35, array['vocab_f1','writing']) on conflict (id) do nothing;
insert into content_items(id,course_id,cefr_level,skill,type,prompt,payload,correct_answer,difficulty,tags) values ('f700346c-a665-5646-bb34-56a52cc75e1a', '20000000-0000-0000-0000-000000000003', 'B1', 'writing', 'cloze', 'Completa la frase con la palabra que falta.', '{"text": "Mon cœur bat vite après la course.", "audio_url": "https://wiauinufpbkmjlbqlkxo.supabase.co/storage/v1/object/public/audio/items/f700346c-a665-5646-bb34-56a52cc75e1a.mp3"}'::jsonb, '{"value": "cœur", "accepted": ["cœur"]}'::jsonb, 0.35, array['vocab_f1','writing']) on conflict (id) do nothing;
insert into content_items(id,course_id,cefr_level,skill,type,prompt,payload,correct_answer,difficulty,tags) values ('ce093a15-a4c7-5e1c-80f6-ec64560a12fe', '20000000-0000-0000-0000-000000000003', 'B1', 'writing', 'cloze', 'Completa la frase con la palabra que falta.', '{"text": "Le médecin analyse mon sang chaque année.", "audio_url": "https://wiauinufpbkmjlbqlkxo.supabase.co/storage/v1/object/public/audio/items/ce093a15-a4c7-5e1c-80f6-ec64560a12fe.mp3"}'::jsonb, '{"value": "sang", "accepted": ["sang"]}'::jsonb, 0.35, array['vocab_f1','writing']) on conflict (id) do nothing;
insert into content_items(id,course_id,cefr_level,skill,type,prompt,payload,correct_answer,difficulty,tags) values ('f628e216-a52c-5201-a281-32fcc9447145', '20000000-0000-0000-0000-000000000003', 'B1', 'writing', 'cloze', 'Completa la frase con la palabra que falta.', '{"text": "J''ai le nez bouché à cause du rhume.", "audio_url": "https://wiauinufpbkmjlbqlkxo.supabase.co/storage/v1/object/public/audio/items/f628e216-a52c-5201-a281-32fcc9447145.mp3"}'::jsonb, '{"value": "le nez", "accepted": ["le nez"]}'::jsonb, 0.35, array['vocab_f1','writing']) on conflict (id) do nothing;
insert into content_items(id,course_id,cefr_level,skill,type,prompt,payload,correct_answer,difficulty,tags) values ('0df8ce92-d8c8-585e-b99a-34d20b54b39f', '20000000-0000-0000-0000-000000000003', 'B1', 'writing', 'cloze', 'Completa la frase con la palabra que falta.', '{"text": "J''ai une dent qui me fait mal.", "audio_url": "https://wiauinufpbkmjlbqlkxo.supabase.co/storage/v1/object/public/audio/items/0df8ce92-d8c8-585e-b99a-34d20b54b39f.mp3"}'::jsonb, '{"value": "dent", "accepted": ["dent"]}'::jsonb, 0.35, array['vocab_f1','writing']) on conflict (id) do nothing;
insert into content_items(id,course_id,cefr_level,skill,type,prompt,payload,correct_answer,difficulty,tags) values ('40efea46-2d8f-509d-9723-bcb7b46dcca9', '20000000-0000-0000-0000-000000000003', 'B1', 'writing', 'cloze', 'Completa la frase con la palabra que falta.', '{"text": "Il ressent une douleur à l''oreille gauche.", "audio_url": "https://wiauinufpbkmjlbqlkxo.supabase.co/storage/v1/object/public/audio/items/40efea46-2d8f-509d-9723-bcb7b46dcca9.mp3"}'::jsonb, '{"value": "l''oreille", "accepted": ["l''oreille"]}'::jsonb, 0.35, array['vocab_f1','writing']) on conflict (id) do nothing;
insert into content_items(id,course_id,cefr_level,skill,type,prompt,payload,correct_answer,difficulty,tags) values ('8aaf5a20-2097-5983-84ce-cca6510e6816', '20000000-0000-0000-0000-000000000003', 'B1', 'writing', 'cloze', 'Completa la frase con la palabra que falta.', '{"text": "On l''a emmené à l''hôpital hier soir.", "audio_url": "https://wiauinufpbkmjlbqlkxo.supabase.co/storage/v1/object/public/audio/items/8aaf5a20-2097-5983-84ce-cca6510e6816.mp3"}'::jsonb, '{"value": "l''hôpital", "accepted": ["l''hôpital"]}'::jsonb, 0.35, array['vocab_f1','writing']) on conflict (id) do nothing;
insert into content_items(id,course_id,cefr_level,skill,type,prompt,payload,correct_answer,difficulty,tags) values ('2647d11c-af4c-5fc1-8144-7fd96b78b135', '20000000-0000-0000-0000-000000000003', 'B1', 'writing', 'cloze', 'Completa la frase con la palabra que falta.', '{"text": "Chaque hiver, elle attrape la grippe.", "audio_url": "https://wiauinufpbkmjlbqlkxo.supabase.co/storage/v1/object/public/audio/items/2647d11c-af4c-5fc1-8144-7fd96b78b135.mp3"}'::jsonb, '{"value": "la grippe", "accepted": ["la grippe"]}'::jsonb, 0.35, array['vocab_f1','writing']) on conflict (id) do nothing;
insert into content_items(id,course_id,cefr_level,skill,type,prompt,payload,correct_answer,difficulty,tags) values ('b338ecd2-e543-58f2-9610-a32a87676e68', '20000000-0000-0000-0000-000000000003', 'B1', 'writing', 'cloze', 'Completa la frase con la palabra que falta.', '{"text": "Le médecin va soigner ta blessure rapidement.", "audio_url": "https://wiauinufpbkmjlbqlkxo.supabase.co/storage/v1/object/public/audio/items/b338ecd2-e543-58f2-9610-a32a87676e68.mp3"}'::jsonb, '{"value": "soigner", "accepted": ["soigner"]}'::jsonb, 0.35, array['vocab_f1','writing']) on conflict (id) do nothing;
insert into content_items(id,course_id,cefr_level,skill,type,prompt,payload,correct_answer,difficulty,tags) values ('76afee09-ef30-5bc3-bfb3-9ee19493d21f', '20000000-0000-0000-0000-000000000003', 'B1', 'reading', 'match', 'Empareja cada palabra con su traducción.', '{"pairs": [{"en": "genou", "es": "la rodilla"}, {"en": "la peau", "es": "la piel"}, {"en": "os", "es": "el hueso"}, {"en": "la poitrine", "es": "el pecho"}, {"en": "cœur", "es": "el corazón"}]}'::jsonb, '{"pairs": [["genou", "la rodilla"], ["la peau", "la piel"], ["os", "el hueso"], ["la poitrine", "el pecho"], ["cœur", "el corazón"]]}'::jsonb, 0.15, array['vocab_f1','reading']) on conflict (id) do nothing;
insert into content_items(id,course_id,cefr_level,skill,type,prompt,payload,correct_answer,difficulty,tags) values ('7dd4c3f4-b570-5720-9d77-f2ca9dc707b8', '20000000-0000-0000-0000-000000000003', 'B1', 'reading', 'match', 'Empareja cada palabra con su traducción.', '{"pairs": [{"en": "sang", "es": "la sangre"}, {"en": "le nez", "es": "la nariz"}, {"en": "dent", "es": "el diente"}, {"en": "l''oreille", "es": "la oreja"}, {"en": "l''hôpital", "es": "el hospital"}]}'::jsonb, '{"pairs": [["sang", "la sangre"], ["le nez", "la nariz"], ["dent", "el diente"], ["l''oreille", "la oreja"], ["l''hôpital", "el hospital"]]}'::jsonb, 0.15, array['vocab_f1','reading']) on conflict (id) do nothing;
insert into content_items(id,course_id,cefr_level,skill,type,prompt,payload,correct_answer,difficulty,tags) values ('50254396-62d8-55c2-b3c5-cfdce5d4786a', '20000000-0000-0000-0000-000000000003', 'B1', 'reading', 'match', 'Empareja cada palabra con su traducción.', '{"pairs": [{"en": "la grippe", "es": "la gripe"}, {"en": "soigner", "es": "curar"}]}'::jsonb, '{"pairs": [["la grippe", "la gripe"], ["soigner", "curar"]]}'::jsonb, 0.15, array['vocab_f1','reading']) on conflict (id) do nothing;
insert into content_items(id,course_id,cefr_level,skill,type,prompt,payload,correct_answer,difficulty,tags) values ('db4964d8-6a74-557b-9834-24e483e92379', '20000000-0000-0000-0000-000000000003', 'B1', 'writing', 'cloze', 'Completa la frase con la palabra que falta.', '{"text": "Le patron organise une fête chaque année.", "audio_url": "https://wiauinufpbkmjlbqlkxo.supabase.co/storage/v1/object/public/audio/items/db4964d8-6a74-557b-9834-24e483e92379.mp3"}'::jsonb, '{"value": "le patron", "accepted": ["le patron"]}'::jsonb, 0.35, array['vocab_f1','writing']) on conflict (id) do nothing;
insert into content_items(id,course_id,cefr_level,skill,type,prompt,payload,correct_answer,difficulty,tags) values ('4c7c1b71-c1ba-5454-b06a-1efaadca83e9', '20000000-0000-0000-0000-000000000003', 'B1', 'writing', 'cloze', 'Completa la frase con la palabra que falta.', '{"text": "Le bureau se trouve au troisième étage.", "audio_url": "https://wiauinufpbkmjlbqlkxo.supabase.co/storage/v1/object/public/audio/items/4c7c1b71-c1ba-5454-b06a-1efaadca83e9.mp3"}'::jsonb, '{"value": "le bureau", "accepted": ["le bureau"]}'::jsonb, 0.35, array['vocab_f1','writing']) on conflict (id) do nothing;
insert into content_items(id,course_id,cefr_level,skill,type,prompt,payload,correct_answer,difficulty,tags) values ('42150e36-6d85-58d4-ab87-8525513520c6', '20000000-0000-0000-0000-000000000003', 'B1', 'writing', 'cloze', 'Completa la frase con la palabra que falta.', '{"text": "Le salaire est versé à la fin du mois.", "audio_url": "https://wiauinufpbkmjlbqlkxo.supabase.co/storage/v1/object/public/audio/items/42150e36-6d85-58d4-ab87-8525513520c6.mp3"}'::jsonb, '{"value": "le salaire", "accepted": ["le salaire"]}'::jsonb, 0.35, array['vocab_f1','writing']) on conflict (id) do nothing;
insert into content_items(id,course_id,cefr_level,skill,type,prompt,payload,correct_answer,difficulty,tags) values ('300d6911-758f-5499-83ea-621c04e42713', '20000000-0000-0000-0000-000000000003', 'B1', 'writing', 'cloze', 'Completa la frase con la palabra que falta.', '{"text": "La société veut embaucher deux nouveaux vendeurs.", "audio_url": "https://wiauinufpbkmjlbqlkxo.supabase.co/storage/v1/object/public/audio/items/300d6911-758f-5499-83ea-621c04e42713.mp3"}'::jsonb, '{"value": "embaucher", "accepted": ["embaucher"]}'::jsonb, 0.35, array['vocab_f1','writing']) on conflict (id) do nothing;
insert into content_items(id,course_id,cefr_level,skill,type,prompt,payload,correct_answer,difficulty,tags) values ('37ff07c7-d61d-524b-9049-f7749ec1242b', '20000000-0000-0000-0000-000000000003', 'B1', 'writing', 'cloze', 'Completa la frase con la palabra que falta.', '{"text": "L''usine a dû licencier plusieurs ouvriers.", "audio_url": "https://wiauinufpbkmjlbqlkxo.supabase.co/storage/v1/object/public/audio/items/37ff07c7-d61d-524b-9049-f7749ec1242b.mp3"}'::jsonb, '{"value": "licencier", "accepted": ["licencier"]}'::jsonb, 0.35, array['vocab_f1','writing']) on conflict (id) do nothing;
insert into content_items(id,course_id,cefr_level,skill,type,prompt,payload,correct_answer,difficulty,tags) values ('b571fab5-dffc-5946-a19d-9afb61199fad', '20000000-0000-0000-0000-000000000003', 'B1', 'writing', 'cloze', 'Completa la frase con la palabra que falta.', '{"text": "La tâche prend beaucoup de temps aujourd''hui.", "audio_url": "https://wiauinufpbkmjlbqlkxo.supabase.co/storage/v1/object/public/audio/items/b571fab5-dffc-5946-a19d-9afb61199fad.mp3"}'::jsonb, '{"value": "la tâche", "accepted": ["la tâche"]}'::jsonb, 0.35, array['vocab_f1','writing']) on conflict (id) do nothing;
insert into content_items(id,course_id,cefr_level,skill,type,prompt,payload,correct_answer,difficulty,tags) values ('2afa9f29-0d58-5970-8aa8-156e70df3456', '20000000-0000-0000-0000-000000000003', 'B1', 'writing', 'cloze', 'Completa la frase con la palabra que falta.', '{"text": "L''employé arrive toujours à l''heure au travail.", "audio_url": "https://wiauinufpbkmjlbqlkxo.supabase.co/storage/v1/object/public/audio/items/2afa9f29-0d58-5970-8aa8-156e70df3456.mp3"}'::jsonb, '{"value": "l''employé", "accepted": ["l''employé"]}'::jsonb, 0.35, array['vocab_f1','writing']) on conflict (id) do nothing;
insert into content_items(id,course_id,cefr_level,skill,type,prompt,payload,correct_answer,difficulty,tags) values ('e8b8f699-1efc-5988-aff5-56b1454d4100', '20000000-0000-0000-0000-000000000003', 'B1', 'writing', 'cloze', 'Completa la frase con la palabra que falta.', '{"text": "Le directeur prend toutes les décisions importantes.", "audio_url": "https://wiauinufpbkmjlbqlkxo.supabase.co/storage/v1/object/public/audio/items/e8b8f699-1efc-5988-aff5-56b1454d4100.mp3"}'::jsonb, '{"value": "le directeur", "accepted": ["le directeur"]}'::jsonb, 0.35, array['vocab_f1','writing']) on conflict (id) do nothing;
insert into content_items(id,course_id,cefr_level,skill,type,prompt,payload,correct_answer,difficulty,tags) values ('669fdab8-a426-51db-a35f-be734f894413', '20000000-0000-0000-0000-000000000003', 'B1', 'writing', 'cloze', 'Completa la frase con la palabra que falta.', '{"text": "L''entretien d''embauche a duré une heure.", "audio_url": "https://wiauinufpbkmjlbqlkxo.supabase.co/storage/v1/object/public/audio/items/669fdab8-a426-51db-a35f-be734f894413.mp3"}'::jsonb, '{"value": "l''entretien", "accepted": ["l''entretien"]}'::jsonb, 0.35, array['vocab_f1','writing']) on conflict (id) do nothing;
insert into content_items(id,course_id,cefr_level,skill,type,prompt,payload,correct_answer,difficulty,tags) values ('6da6d969-f697-5a47-bf63-c17ea4e2670d', '20000000-0000-0000-0000-000000000003', 'B1', 'writing', 'cloze', 'Completa la frase con la palabra que falta.', '{"text": "Le contrat de travail dure six mois.", "audio_url": "https://wiauinufpbkmjlbqlkxo.supabase.co/storage/v1/object/public/audio/items/6da6d969-f697-5a47-bf63-c17ea4e2670d.mp3"}'::jsonb, '{"value": "le contrat", "accepted": ["le contrat"]}'::jsonb, 0.35, array['vocab_f1','writing']) on conflict (id) do nothing;
insert into content_items(id,course_id,cefr_level,skill,type,prompt,payload,correct_answer,difficulty,tags) values ('db2d3fb3-bd27-5f18-a9d3-2c14338edbeb', '20000000-0000-0000-0000-000000000003', 'B1', 'writing', 'cloze', 'Completa la frase con la palabra que falta.', '{"text": "L''équipe se réunit chaque lundi matin.", "audio_url": "https://wiauinufpbkmjlbqlkxo.supabase.co/storage/v1/object/public/audio/items/db2d3fb3-bd27-5f18-a9d3-2c14338edbeb.mp3"}'::jsonb, '{"value": "l''équipe", "accepted": ["l''équipe"]}'::jsonb, 0.35, array['vocab_f1','writing']) on conflict (id) do nothing;
insert into content_items(id,course_id,cefr_level,skill,type,prompt,payload,correct_answer,difficulty,tags) values ('e7ffa07d-2e5b-5c2f-8303-a1dec1a1b667', '20000000-0000-0000-0000-000000000003', 'B1', 'reading', 'match', 'Empareja cada palabra con su traducción.', '{"pairs": [{"en": "le patron", "es": "el jefe"}, {"en": "le bureau", "es": "la oficina"}, {"en": "le salaire", "es": "el sueldo"}, {"en": "embaucher", "es": "contratar"}, {"en": "licencier", "es": "despedir"}]}'::jsonb, '{"pairs": [["le patron", "el jefe"], ["le bureau", "la oficina"], ["le salaire", "el sueldo"], ["embaucher", "contratar"], ["licencier", "despedir"]]}'::jsonb, 0.15, array['vocab_f1','reading']) on conflict (id) do nothing;
insert into content_items(id,course_id,cefr_level,skill,type,prompt,payload,correct_answer,difficulty,tags) values ('0d5e025c-5da7-59dd-8b68-a3b7c9ab9621', '20000000-0000-0000-0000-000000000003', 'B1', 'reading', 'match', 'Empareja cada palabra con su traducción.', '{"pairs": [{"en": "la tâche", "es": "la tarea"}, {"en": "l''employé", "es": "el empleado"}, {"en": "le directeur", "es": "el director"}, {"en": "l''entretien", "es": "la entrevista"}, {"en": "le contrat", "es": "el contrato"}]}'::jsonb, '{"pairs": [["la tâche", "la tarea"], ["l''employé", "el empleado"], ["le directeur", "el director"], ["l''entretien", "la entrevista"], ["le contrat", "el contrato"]]}'::jsonb, 0.15, array['vocab_f1','reading']) on conflict (id) do nothing;
insert into content_items(id,course_id,cefr_level,skill,type,prompt,payload,correct_answer,difficulty,tags) values ('65470b15-960f-5898-936b-7d9ba8fbef94', '20000000-0000-0000-0000-000000000003', 'B1', 'writing', 'cloze', 'Completa la frase con la palabra que falta.', '{"text": "Le métier de médecin demande beaucoup d''études.", "audio_url": "https://wiauinufpbkmjlbqlkxo.supabase.co/storage/v1/object/public/audio/items/65470b15-960f-5898-936b-7d9ba8fbef94.mp3"}'::jsonb, '{"value": "le métier", "accepted": ["le métier"]}'::jsonb, 0.35, array['vocab_f1','writing']) on conflict (id) do nothing;
insert into content_items(id,course_id,cefr_level,skill,type,prompt,payload,correct_answer,difficulty,tags) values ('685c7341-825f-5201-ad03-9c172e8e0aa8', '20000000-0000-0000-0000-000000000003', 'B1', 'writing', 'cloze', 'Completa la frase con la palabra que falta.', '{"text": "L''emploi qu''il occupe est bien payé.", "audio_url": "https://wiauinufpbkmjlbqlkxo.supabase.co/storage/v1/object/public/audio/items/685c7341-825f-5201-ad03-9c172e8e0aa8.mp3"}'::jsonb, '{"value": "l''emploi", "accepted": ["l''emploi"]}'::jsonb, 0.35, array['vocab_f1','writing']) on conflict (id) do nothing;
insert into content_items(id,course_id,cefr_level,skill,type,prompt,payload,correct_answer,difficulty,tags) values ('3026e119-8099-5d0e-b870-29ec6d3ff2fc', '20000000-0000-0000-0000-000000000003', 'B1', 'writing', 'cloze', 'Completa la frase con la palabra que falta.', '{"text": "Le poste de secrétaire est encore libre.", "audio_url": "https://wiauinufpbkmjlbqlkxo.supabase.co/storage/v1/object/public/audio/items/3026e119-8099-5d0e-b870-29ec6d3ff2fc.mp3"}'::jsonb, '{"value": "le poste", "accepted": ["le poste"]}'::jsonb, 0.35, array['vocab_f1','writing']) on conflict (id) do nothing;
insert into content_items(id,course_id,cefr_level,skill,type,prompt,payload,correct_answer,difficulty,tags) values ('c84396f6-1fde-50cd-b2bd-0d103a4725c0', '20000000-0000-0000-0000-000000000003', 'B1', 'writing', 'cloze', 'Completa la frase con la palabra que falta.', '{"text": "Il faut gérer son temps intelligemment.", "audio_url": "https://wiauinufpbkmjlbqlkxo.supabase.co/storage/v1/object/public/audio/items/c84396f6-1fde-50cd-b2bd-0d103a4725c0.mp3"}'::jsonb, '{"value": "gérer", "accepted": ["gérer"]}'::jsonb, 0.35, array['vocab_f1','writing']) on conflict (id) do nothing;
insert into content_items(id,course_id,cefr_level,skill,type,prompt,payload,correct_answer,difficulty,tags) values ('c85107dd-6973-5509-8cd9-ddcae035aedd', '20000000-0000-0000-0000-000000000003', 'B1', 'writing', 'cloze', 'Completa la frase con la palabra que falta.', '{"text": "Elle veut gagner plus d''argent cette année.", "audio_url": "https://wiauinufpbkmjlbqlkxo.supabase.co/storage/v1/object/public/audio/items/c85107dd-6973-5509-8cd9-ddcae035aedd.mp3"}'::jsonb, '{"value": "gagner", "accepted": ["gagner"]}'::jsonb, 0.35, array['vocab_f1','writing']) on conflict (id) do nothing;
insert into content_items(id,course_id,cefr_level,skill,type,prompt,payload,correct_answer,difficulty,tags) values ('f61762ed-ad59-5401-aeee-ce149a6eda63', '20000000-0000-0000-0000-000000000003', 'B1', 'writing', 'cloze', 'Completa la frase con la palabra que falta.', '{"text": "La carrière de journaliste l''intéresse beaucoup.", "audio_url": "https://wiauinufpbkmjlbqlkxo.supabase.co/storage/v1/object/public/audio/items/f61762ed-ad59-5401-aeee-ce149a6eda63.mp3"}'::jsonb, '{"value": "la carrière", "accepted": ["la carrière"]}'::jsonb, 0.35, array['vocab_f1','writing']) on conflict (id) do nothing;
insert into content_items(id,course_id,cefr_level,skill,type,prompt,payload,correct_answer,difficulty,tags) values ('020b7725-483b-5196-822b-fa457d0a004a', '20000000-0000-0000-0000-000000000003', 'B1', 'writing', 'cloze', 'Completa la frase con la palabra que falta.', '{"text": "Le stage dure trois mois cet été.", "audio_url": "https://wiauinufpbkmjlbqlkxo.supabase.co/storage/v1/object/public/audio/items/020b7725-483b-5196-822b-fa457d0a004a.mp3"}'::jsonb, '{"value": "le stage", "accepted": ["le stage"]}'::jsonb, 0.35, array['vocab_f1','writing']) on conflict (id) do nothing;
insert into content_items(id,course_id,cefr_level,skill,type,prompt,payload,correct_answer,difficulty,tags) values ('f89b4096-05f0-5fcc-bcf1-489d9db8de69', '20000000-0000-0000-0000-000000000003', 'B1', 'writing', 'cloze', 'Completa la frase con la palabra que falta.', '{"text": "La formation dure deux semaines complètes.", "audio_url": "https://wiauinufpbkmjlbqlkxo.supabase.co/storage/v1/object/public/audio/items/f89b4096-05f0-5fcc-bcf1-489d9db8de69.mp3"}'::jsonb, '{"value": "la formation", "accepted": ["la formation"]}'::jsonb, 0.35, array['vocab_f1','writing']) on conflict (id) do nothing;
insert into content_items(id,course_id,cefr_level,skill,type,prompt,payload,correct_answer,difficulty,tags) values ('22433d78-3dd3-5291-a9d7-78c5f5935b7b', '20000000-0000-0000-0000-000000000003', 'B1', 'writing', 'cloze', 'Completa la frase con la palabra que falta.', '{"text": "Le chômage touche beaucoup de jeunes.", "audio_url": "https://wiauinufpbkmjlbqlkxo.supabase.co/storage/v1/object/public/audio/items/22433d78-3dd3-5291-a9d7-78c5f5935b7b.mp3"}'::jsonb, '{"value": "le chômage", "accepted": ["le chômage"]}'::jsonb, 0.35, array['vocab_f1','writing']) on conflict (id) do nothing;
insert into content_items(id,course_id,cefr_level,skill,type,prompt,payload,correct_answer,difficulty,tags) values ('d69674ad-98c8-5e8b-b22b-b99b42cd8fc3', '20000000-0000-0000-0000-000000000003', 'B1', 'writing', 'cloze', 'Completa la frase con la palabra que falta.', '{"text": "Elle a décidé de démissionner la semaine dernière.", "audio_url": "https://wiauinufpbkmjlbqlkxo.supabase.co/storage/v1/object/public/audio/items/d69674ad-98c8-5e8b-b22b-b99b42cd8fc3.mp3"}'::jsonb, '{"value": "démissionner", "accepted": ["démissionner"]}'::jsonb, 0.35, array['vocab_f1','writing']) on conflict (id) do nothing;
insert into content_items(id,course_id,cefr_level,skill,type,prompt,payload,correct_answer,difficulty,tags) values ('3c3d7913-f7ac-515a-a2a7-89ffde88c826', '20000000-0000-0000-0000-000000000003', 'B1', 'writing', 'cloze', 'Completa la frase con la palabra que falta.', '{"text": "Elle veut postuler dans cette grande société.", "audio_url": "https://wiauinufpbkmjlbqlkxo.supabase.co/storage/v1/object/public/audio/items/3c3d7913-f7ac-515a-a2a7-89ffde88c826.mp3"}'::jsonb, '{"value": "postuler", "accepted": ["postuler"]}'::jsonb, 0.35, array['vocab_f1','writing']) on conflict (id) do nothing;
insert into content_items(id,course_id,cefr_level,skill,type,prompt,payload,correct_answer,difficulty,tags) values ('26429341-2be3-5120-aafa-80e44379e158', '20000000-0000-0000-0000-000000000003', 'B1', 'reading', 'match', 'Empareja cada palabra con su traducción.', '{"pairs": [{"en": "le métier", "es": "el oficio"}, {"en": "l''emploi", "es": "el empleo"}, {"en": "le poste", "es": "el puesto"}, {"en": "gérer", "es": "gestionar"}, {"en": "gagner", "es": "ganar"}]}'::jsonb, '{"pairs": [["le métier", "el oficio"], ["l''emploi", "el empleo"], ["le poste", "el puesto"], ["gérer", "gestionar"], ["gagner", "ganar"]]}'::jsonb, 0.15, array['vocab_f1','reading']) on conflict (id) do nothing;
insert into content_items(id,course_id,cefr_level,skill,type,prompt,payload,correct_answer,difficulty,tags) values ('6ecd0432-128c-57cd-ab99-c772d282eca5', '20000000-0000-0000-0000-000000000003', 'B1', 'reading', 'match', 'Empareja cada palabra con su traducción.', '{"pairs": [{"en": "la carrière", "es": "la carrera"}, {"en": "le stage", "es": "la pasantía"}, {"en": "la formation", "es": "la formación"}, {"en": "le chômage", "es": "el desempleo"}, {"en": "démissionner", "es": "renunciar"}]}'::jsonb, '{"pairs": [["la carrière", "la carrera"], ["le stage", "la pasantía"], ["la formation", "la formación"], ["le chômage", "el desempleo"], ["démissionner", "renunciar"]]}'::jsonb, 0.15, array['vocab_f1','reading']) on conflict (id) do nothing;
insert into content_items(id,course_id,cefr_level,skill,type,prompt,payload,correct_answer,difficulty,tags) values ('f81d6fe0-ca7f-5923-924a-31c2f64d534b', '20000000-0000-0000-0000-000000000003', 'B1', 'writing', 'cloze', 'Completa la frase con la palabra que falta.', '{"text": "On entend le tonnerre gronder au loin.", "audio_url": "https://wiauinufpbkmjlbqlkxo.supabase.co/storage/v1/object/public/audio/items/f81d6fe0-ca7f-5923-924a-31c2f64d534b.mp3"}'::jsonb, '{"value": "le tonnerre", "accepted": ["le tonnerre"]}'::jsonb, 0.35, array['vocab_f1','writing']) on conflict (id) do nothing;
insert into content_items(id,course_id,cefr_level,skill,type,prompt,payload,correct_answer,difficulty,tags) values ('6e1c9081-0963-54ce-8cac-31d902243d0d', '20000000-0000-0000-0000-000000000003', 'B1', 'writing', 'cloze', 'Completa la frase con la palabra que falta.', '{"text": "Soudain, l''éclair a traversé le ciel noir.", "audio_url": "https://wiauinufpbkmjlbqlkxo.supabase.co/storage/v1/object/public/audio/items/6e1c9081-0963-54ce-8cac-31d902243d0d.mp3"}'::jsonb, '{"value": "l''éclair", "accepted": ["l''éclair"]}'::jsonb, 0.35, array['vocab_f1','writing']) on conflict (id) do nothing;
insert into content_items(id,course_id,cefr_level,skill,type,prompt,payload,correct_answer,difficulty,tags) values ('f81e4590-ff9b-56ca-a9cf-772a03774798', '20000000-0000-0000-0000-000000000003', 'B1', 'writing', 'cloze', 'Completa la frase con la palabra que falta.', '{"text": "J''aime sentir la brise marine le matin.", "audio_url": "https://wiauinufpbkmjlbqlkxo.supabase.co/storage/v1/object/public/audio/items/f81e4590-ff9b-56ca-a9cf-772a03774798.mp3"}'::jsonb, '{"value": "la brise", "accepted": ["la brise"]}'::jsonb, 0.35, array['vocab_f1','writing']) on conflict (id) do nothing;
insert into content_items(id,course_id,cefr_level,skill,type,prompt,payload,correct_answer,difficulty,tags) values ('25dff28a-6781-542e-959c-050d6bec8fe4', '20000000-0000-0000-0000-000000000003', 'B1', 'writing', 'cloze', 'Completa la frase con la palabra que falta.', '{"text": "Après l''orage, l''inondation a envahi les rues.", "audio_url": "https://wiauinufpbkmjlbqlkxo.supabase.co/storage/v1/object/public/audio/items/25dff28a-6781-542e-959c-050d6bec8fe4.mp3"}'::jsonb, '{"value": "l''inondation", "accepted": ["l''inondation"]}'::jsonb, 0.35, array['vocab_f1','writing']) on conflict (id) do nothing;
insert into content_items(id,course_id,cefr_level,skill,type,prompt,payload,correct_answer,difficulty,tags) values ('e91c33b6-64a4-54c0-b153-77721f0ed920', '20000000-0000-0000-0000-000000000003', 'B1', 'writing', 'cloze', 'Completa la frase con la palabra que falta.', '{"text": "Nous sommes partis à l''aube ce matin.", "audio_url": "https://wiauinufpbkmjlbqlkxo.supabase.co/storage/v1/object/public/audio/items/e91c33b6-64a4-54c0-b153-77721f0ed920.mp3"}'::jsonb, '{"value": "l''aube", "accepted": ["l''aube"]}'::jsonb, 0.35, array['vocab_f1','writing']) on conflict (id) do nothing;
insert into content_items(id,course_id,cefr_level,skill,type,prompt,payload,correct_answer,difficulty,tags) values ('a0dcedfc-d240-5f1f-b8f8-ae4b81df3577', '20000000-0000-0000-0000-000000000003', 'B1', 'writing', 'cloze', 'Completa la frase con la palabra que falta.', '{"text": "Le surfeur attend la vague parfaite.", "audio_url": "https://wiauinufpbkmjlbqlkxo.supabase.co/storage/v1/object/public/audio/items/a0dcedfc-d240-5f1f-b8f8-ae4b81df3577.mp3"}'::jsonb, '{"value": "la vague", "accepted": ["la vague"]}'::jsonb, 0.35, array['vocab_f1','writing']) on conflict (id) do nothing;
insert into content_items(id,course_id,cefr_level,skill,type,prompt,payload,correct_answer,difficulty,tags) values ('538ac5f6-6e95-5b7d-826e-cce6c4df1c95', '20000000-0000-0000-0000-000000000003', 'B1', 'writing', 'cloze', 'Completa la frase con la palabra que falta.', '{"text": "Nous regardons la marée descendre lentement.", "audio_url": "https://wiauinufpbkmjlbqlkxo.supabase.co/storage/v1/object/public/audio/items/538ac5f6-6e95-5b7d-826e-cce6c4df1c95.mp3"}'::jsonb, '{"value": "la marée", "accepted": ["la marée"]}'::jsonb, 0.35, array['vocab_f1','writing']) on conflict (id) do nothing;
insert into content_items(id,course_id,cefr_level,skill,type,prompt,payload,correct_answer,difficulty,tags) values ('d07b34ce-2285-5d79-9431-24dd4aeb4721', '20000000-0000-0000-0000-000000000003', 'B1', 'writing', 'cloze', 'Completa la frase con la palabra que falta.', '{"text": "Ce matin, le brouillard rend la route dangereuse.", "audio_url": "https://wiauinufpbkmjlbqlkxo.supabase.co/storage/v1/object/public/audio/items/d07b34ce-2285-5d79-9431-24dd4aeb4721.mp3"}'::jsonb, '{"value": "le brouillard", "accepted": ["le brouillard"]}'::jsonb, 0.35, array['vocab_f1','writing']) on conflict (id) do nothing;
insert into content_items(id,course_id,cefr_level,skill,type,prompt,payload,correct_answer,difficulty,tags) values ('f099bf06-e5ea-5146-a50c-ad377ca43e99', '20000000-0000-0000-0000-000000000003', 'B1', 'writing', 'cloze', 'Completa la frase con la palabra que falta.', '{"text": "Après la pluie, la boue couvre le chemin.", "audio_url": "https://wiauinufpbkmjlbqlkxo.supabase.co/storage/v1/object/public/audio/items/f099bf06-e5ea-5146-a50c-ad377ca43e99.mp3"}'::jsonb, '{"value": "la boue", "accepted": ["la boue"]}'::jsonb, 0.35, array['vocab_f1','writing']) on conflict (id) do nothing;
insert into content_items(id,course_id,cefr_level,skill,type,prompt,payload,correct_answer,difficulty,tags) values ('e226e867-d722-5421-a864-5e004c395967', '20000000-0000-0000-0000-000000000003', 'B1', 'writing', 'cloze', 'Completa la frase con la palabra que falta.', '{"text": "Notre maison se trouve sur la colline.", "audio_url": "https://wiauinufpbkmjlbqlkxo.supabase.co/storage/v1/object/public/audio/items/e226e867-d722-5421-a864-5e004c395967.mp3"}'::jsonb, '{"value": "la colline", "accepted": ["la colline"]}'::jsonb, 0.35, array['vocab_f1','writing']) on conflict (id) do nothing;
insert into content_items(id,course_id,cefr_level,skill,type,prompt,payload,correct_answer,difficulty,tags) values ('b8ab86b4-4b78-5a8f-a603-f5f856389050', '20000000-0000-0000-0000-000000000003', 'B1', 'writing', 'cloze', 'Completa la frase con la palabra que falta.', '{"text": "Les enfants jouent sur la rive du fleuve.", "audio_url": "https://wiauinufpbkmjlbqlkxo.supabase.co/storage/v1/object/public/audio/items/b8ab86b4-4b78-5a8f-a603-f5f856389050.mp3"}'::jsonb, '{"value": "la rive", "accepted": ["la rive"]}'::jsonb, 0.35, array['vocab_f1','writing']) on conflict (id) do nothing;
insert into content_items(id,course_id,cefr_level,skill,type,prompt,payload,correct_answer,difficulty,tags) values ('21f9748a-5977-59d7-b3d4-09c3c52e1ac0', '20000000-0000-0000-0000-000000000003', 'B1', 'writing', 'cloze', 'Completa la frase con la palabra que falta.', '{"text": "Je regarde le nuage passer dans le ciel.", "audio_url": "https://wiauinufpbkmjlbqlkxo.supabase.co/storage/v1/object/public/audio/items/21f9748a-5977-59d7-b3d4-09c3c52e1ac0.mp3"}'::jsonb, '{"value": "le nuage", "accepted": ["le nuage"]}'::jsonb, 0.35, array['vocab_f1','writing']) on conflict (id) do nothing;
insert into content_items(id,course_id,cefr_level,skill,type,prompt,payload,correct_answer,difficulty,tags) values ('ff3cf6c0-bbb0-5abf-ae1a-9d3a1c06f2f4', '20000000-0000-0000-0000-000000000003', 'B1', 'reading', 'match', 'Empareja cada palabra con su traducción.', '{"pairs": [{"en": "le tonnerre", "es": "el trueno"}, {"en": "l''éclair", "es": "el relámpago"}, {"en": "la brise", "es": "la brisa"}, {"en": "l''inondation", "es": "la inundación"}, {"en": "l''aube", "es": "el amanecer"}]}'::jsonb, '{"pairs": [["le tonnerre", "el trueno"], ["l''éclair", "el relámpago"], ["la brise", "la brisa"], ["l''inondation", "la inundación"], ["l''aube", "el amanecer"]]}'::jsonb, 0.15, array['vocab_f1','reading']) on conflict (id) do nothing;
insert into content_items(id,course_id,cefr_level,skill,type,prompt,payload,correct_answer,difficulty,tags) values ('65ba27ce-6a4d-56f1-9a9b-34240672b942', '20000000-0000-0000-0000-000000000003', 'B1', 'reading', 'match', 'Empareja cada palabra con su traducción.', '{"pairs": [{"en": "la vague", "es": "la ola"}, {"en": "la marée", "es": "la marea"}, {"en": "le brouillard", "es": "la niebla"}, {"en": "la boue", "es": "el barro"}, {"en": "la colline", "es": "la colina"}]}'::jsonb, '{"pairs": [["la vague", "la ola"], ["la marée", "la marea"], ["le brouillard", "la niebla"], ["la boue", "el barro"], ["la colline", "la colina"]]}'::jsonb, 0.15, array['vocab_f1','reading']) on conflict (id) do nothing;
insert into content_items(id,course_id,cefr_level,skill,type,prompt,payload,correct_answer,difficulty,tags) values ('b51b29bd-1df5-5f28-8be8-6da53b567b13', '20000000-0000-0000-0000-000000000003', 'B1', 'reading', 'match', 'Empareja cada palabra con su traducción.', '{"pairs": [{"en": "la rive", "es": "la orilla"}, {"en": "le nuage", "es": "la nube"}]}'::jsonb, '{"pairs": [["la rive", "la orilla"], ["le nuage", "la nube"]]}'::jsonb, 0.15, array['vocab_f1','reading']) on conflict (id) do nothing;
insert into content_items(id,course_id,cefr_level,skill,type,prompt,payload,correct_answer,difficulty,tags) values ('d8af5d44-cbb7-553e-8b6b-1aea68ef564c', '20000000-0000-0000-0000-000000000003', 'B1', 'writing', 'cloze', 'Completa la frase con la palabra que falta.', '{"text": "Les enfants jouent dans la neige fraîche.", "audio_url": "https://wiauinufpbkmjlbqlkxo.supabase.co/storage/v1/object/public/audio/items/d8af5d44-cbb7-553e-8b6b-1aea68ef564c.mp3"}'::jsonb, '{"value": "la neige", "accepted": ["la neige"]}'::jsonb, 0.35, array['vocab_f1','writing']) on conflict (id) do nothing;
insert into content_items(id,course_id,cefr_level,skill,type,prompt,payload,correct_answer,difficulty,tags) values ('603cbf3a-9efc-5199-80ce-3fc7c1425f4d', '20000000-0000-0000-0000-000000000003', 'B1', 'writing', 'cloze', 'Completa la frase con la palabra que falta.', '{"text": "Aujourd''hui, le vent agite les arbres.", "audio_url": "https://wiauinufpbkmjlbqlkxo.supabase.co/storage/v1/object/public/audio/items/603cbf3a-9efc-5199-80ce-3fc7c1425f4d.mp3"}'::jsonb, '{"value": "le vent", "accepted": ["le vent"]}'::jsonb, 0.35, array['vocab_f1','writing']) on conflict (id) do nothing;
insert into content_items(id,course_id,cefr_level,skill,type,prompt,payload,correct_answer,difficulty,tags) values ('50551135-8ffc-525f-ab03-912c62337e1f', '20000000-0000-0000-0000-000000000003', 'B1', 'writing', 'cloze', 'Completa la frase con la palabra que falta.', '{"text": "Nous rentrons vite avant l''orage.", "audio_url": "https://wiauinufpbkmjlbqlkxo.supabase.co/storage/v1/object/public/audio/items/50551135-8ffc-525f-ab03-912c62337e1f.mp3"}'::jsonb, '{"value": "l''orage", "accepted": ["l''orage"]}'::jsonb, 0.35, array['vocab_f1','writing']) on conflict (id) do nothing;
insert into content_items(id,course_id,cefr_level,skill,type,prompt,payload,correct_answer,difficulty,tags) values ('3efe450d-fd8c-5f13-a289-269f63361d99', '20000000-0000-0000-0000-000000000003', 'B1', 'writing', 'cloze', 'Completa la frase con la palabra que falta.', '{"text": "La foudre est tombée sur le vieux chêne.", "audio_url": "https://wiauinufpbkmjlbqlkxo.supabase.co/storage/v1/object/public/audio/items/3efe450d-fd8c-5f13-a289-269f63361d99.mp3"}'::jsonb, '{"value": "la foudre", "accepted": ["la foudre"]}'::jsonb, 0.35, array['vocab_f1','writing']) on conflict (id) do nothing;
insert into content_items(id,course_id,cefr_level,skill,type,prompt,payload,correct_answer,difficulty,tags) values ('4a7da882-3037-5834-9935-5bce12b8f13c', '20000000-0000-0000-0000-000000000003', 'B1', 'writing', 'cloze', 'Completa la frase con la palabra que falta.', '{"text": "Nous marchons au bord de la falaise.", "audio_url": "https://wiauinufpbkmjlbqlkxo.supabase.co/storage/v1/object/public/audio/items/4a7da882-3037-5834-9935-5bce12b8f13c.mp3"}'::jsonb, '{"value": "la falaise", "accepted": ["la falaise"]}'::jsonb, 0.35, array['vocab_f1','writing']) on conflict (id) do nothing;
insert into content_items(id,course_id,cefr_level,skill,type,prompt,payload,correct_answer,difficulty,tags) values ('88e38787-0ca3-54b4-b54e-71c4d353b61b', '20000000-0000-0000-0000-000000000003', 'B1', 'writing', 'cloze', 'Completa la frase con la palabra que falta.', '{"text": "Nous nous promenons dans la forêt sombre.", "audio_url": "https://wiauinufpbkmjlbqlkxo.supabase.co/storage/v1/object/public/audio/items/88e38787-0ca3-54b4-b54e-71c4d353b61b.mp3"}'::jsonb, '{"value": "la forêt", "accepted": ["la forêt"]}'::jsonb, 0.35, array['vocab_f1','writing']) on conflict (id) do nothing;
insert into content_items(id,course_id,cefr_level,skill,type,prompt,payload,correct_answer,difficulty,tags) values ('735efb9a-6443-5ae3-8bf1-48f1960f0ebf', '20000000-0000-0000-0000-000000000003', 'B1', 'writing', 'cloze', 'Completa la frase con la palabra que falta.', '{"text": "Nous avons atteint le sommet après trois heures.", "audio_url": "https://wiauinufpbkmjlbqlkxo.supabase.co/storage/v1/object/public/audio/items/735efb9a-6443-5ae3-8bf1-48f1960f0ebf.mp3"}'::jsonb, '{"value": "le sommet", "accepted": ["le sommet"]}'::jsonb, 0.35, array['vocab_f1','writing']) on conflict (id) do nothing;
insert into content_items(id,course_id,cefr_level,skill,type,prompt,payload,correct_answer,difficulty,tags) values ('bbfaba8f-9f1a-5601-ade4-4504d5435735', '20000000-0000-0000-0000-000000000003', 'B1', 'writing', 'cloze', 'Completa la frase con la palabra que falta.', '{"text": "Cet été, la sécheresse assèche les rivières.", "audio_url": "https://wiauinufpbkmjlbqlkxo.supabase.co/storage/v1/object/public/audio/items/bbfaba8f-9f1a-5601-ade4-4504d5435735.mp3"}'::jsonb, '{"value": "la sécheresse", "accepted": ["la sécheresse"]}'::jsonb, 0.35, array['vocab_f1','writing']) on conflict (id) do nothing;
insert into content_items(id,course_id,cefr_level,skill,type,prompt,payload,correct_answer,difficulty,tags) values ('de4a8124-1b29-5185-9e25-6869d4356c5c', '20000000-0000-0000-0000-000000000003', 'B1', 'writing', 'cloze', 'Completa la frase con la palabra que falta.', '{"text": "Après la pluie, l''arc-en-ciel apparaît dans le ciel.", "audio_url": "https://wiauinufpbkmjlbqlkxo.supabase.co/storage/v1/object/public/audio/items/de4a8124-1b29-5185-9e25-6869d4356c5c.mp3"}'::jsonb, '{"value": "l''arc-en-ciel", "accepted": ["l''arc-en-ciel"]}'::jsonb, 0.35, array['vocab_f1','writing']) on conflict (id) do nothing;
insert into content_items(id,course_id,cefr_level,skill,type,prompt,payload,correct_answer,difficulty,tags) values ('0001fa0a-b8bb-5baa-9474-047cff4f77d1', '20000000-0000-0000-0000-000000000003', 'B1', 'writing', 'cloze', 'Completa la frase con la palabra que falta.', '{"text": "Pendant l''orage, la grêle tombe sur le toit.", "audio_url": "https://wiauinufpbkmjlbqlkxo.supabase.co/storage/v1/object/public/audio/items/0001fa0a-b8bb-5baa-9474-047cff4f77d1.mp3"}'::jsonb, '{"value": "la grêle", "accepted": ["la grêle"]}'::jsonb, 0.35, array['vocab_f1','writing']) on conflict (id) do nothing;
insert into content_items(id,course_id,cefr_level,skill,type,prompt,payload,correct_answer,difficulty,tags) values ('3903a87c-93c3-54ad-b220-85228ea6e595', '20000000-0000-0000-0000-000000000003', 'B1', 'writing', 'cloze', 'Completa la frase con la palabra que falta.', '{"text": "La rosée du matin brille sur l''herbe.", "audio_url": "https://wiauinufpbkmjlbqlkxo.supabase.co/storage/v1/object/public/audio/items/3903a87c-93c3-54ad-b220-85228ea6e595.mp3"}'::jsonb, '{"value": "la rosée", "accepted": ["la rosée"]}'::jsonb, 0.35, array['vocab_f1','writing']) on conflict (id) do nothing;
insert into content_items(id,course_id,cefr_level,skill,type,prompt,payload,correct_answer,difficulty,tags) values ('895e6540-4799-556f-9131-8a5307639b7d', '20000000-0000-0000-0000-000000000003', 'B1', 'writing', 'cloze', 'Completa la frase con la palabra que falta.', '{"text": "Les enfants creusent dans le sable chaud.", "audio_url": "https://wiauinufpbkmjlbqlkxo.supabase.co/storage/v1/object/public/audio/items/895e6540-4799-556f-9131-8a5307639b7d.mp3"}'::jsonb, '{"value": "le sable", "accepted": ["le sable"]}'::jsonb, 0.35, array['vocab_f1','writing']) on conflict (id) do nothing;
insert into content_items(id,course_id,cefr_level,skill,type,prompt,payload,correct_answer,difficulty,tags) values ('6e7b1cb5-ad47-5b28-aeb0-51f452363447', '20000000-0000-0000-0000-000000000003', 'B1', 'reading', 'match', 'Empareja cada palabra con su traducción.', '{"pairs": [{"en": "la neige", "es": "la nieve"}, {"en": "le vent", "es": "el viento"}, {"en": "l''orage", "es": "la tormenta"}, {"en": "la foudre", "es": "el rayo"}, {"en": "la falaise", "es": "el acantilado"}]}'::jsonb, '{"pairs": [["la neige", "la nieve"], ["le vent", "el viento"], ["l''orage", "la tormenta"], ["la foudre", "el rayo"], ["la falaise", "el acantilado"]]}'::jsonb, 0.15, array['vocab_f1','reading']) on conflict (id) do nothing;
insert into content_items(id,course_id,cefr_level,skill,type,prompt,payload,correct_answer,difficulty,tags) values ('3d08507e-cc17-534f-ab21-e10d4619bd01', '20000000-0000-0000-0000-000000000003', 'B1', 'reading', 'match', 'Empareja cada palabra con su traducción.', '{"pairs": [{"en": "la forêt", "es": "el bosque"}, {"en": "le sommet", "es": "la cima"}, {"en": "la sécheresse", "es": "la sequía"}, {"en": "l''arc-en-ciel", "es": "el arcoíris"}, {"en": "la grêle", "es": "el granizo"}]}'::jsonb, '{"pairs": [["la forêt", "el bosque"], ["le sommet", "la cima"], ["la sécheresse", "la sequía"], ["l''arc-en-ciel", "el arcoíris"], ["la grêle", "el granizo"]]}'::jsonb, 0.15, array['vocab_f1','reading']) on conflict (id) do nothing;
insert into content_items(id,course_id,cefr_level,skill,type,prompt,payload,correct_answer,difficulty,tags) values ('d749f502-e245-5abe-aa6d-84fcfb58683b', '20000000-0000-0000-0000-000000000003', 'B1', 'reading', 'match', 'Empareja cada palabra con su traducción.', '{"pairs": [{"en": "la rosée", "es": "el rocío"}, {"en": "le sable", "es": "la arena"}]}'::jsonb, '{"pairs": [["la rosée", "el rocío"], ["le sable", "la arena"]]}'::jsonb, 0.15, array['vocab_f1','reading']) on conflict (id) do nothing;
insert into content_items(id,course_id,cefr_level,skill,type,prompt,payload,correct_answer,difficulty,tags) values ('adf560b4-5a92-54ca-8ede-e78c68a189a0', '20000000-0000-0000-0000-000000000003', 'B1', 'writing', 'cloze', 'Completa la frase con la palabra que falta.', '{"text": "Il était gêné de parler devant tout le monde.", "audio_url": "https://wiauinufpbkmjlbqlkxo.supabase.co/storage/v1/object/public/audio/items/adf560b4-5a92-54ca-8ede-e78c68a189a0.mp3"}'::jsonb, '{"value": "gêné", "accepted": ["gêné"]}'::jsonb, 0.35, array['vocab_f1','writing']) on conflict (id) do nothing;
insert into content_items(id,course_id,cefr_level,skill,type,prompt,payload,correct_answer,difficulty,tags) values ('999d1329-e3e5-5796-b3ef-898266298716', '20000000-0000-0000-0000-000000000003', 'B1', 'writing', 'cloze', 'Completa la frase con la palabra que falta.', '{"text": "Mon père est fâché contre moi aujourd''hui.", "audio_url": "https://wiauinufpbkmjlbqlkxo.supabase.co/storage/v1/object/public/audio/items/999d1329-e3e5-5796-b3ef-898266298716.mp3"}'::jsonb, '{"value": "fâché", "accepted": ["fâché"]}'::jsonb, 0.35, array['vocab_f1','writing']) on conflict (id) do nothing;
insert into content_items(id,course_id,cefr_level,skill,type,prompt,payload,correct_answer,difficulty,tags) values ('7f418261-dfd3-5d35-9be9-10ee1a114bec', '20000000-0000-0000-0000-000000000003', 'B1', 'writing', 'cloze', 'Completa la frase con la palabra que falta.', '{"text": "Il est jaloux de son meilleur ami.", "audio_url": "https://wiauinufpbkmjlbqlkxo.supabase.co/storage/v1/object/public/audio/items/7f418261-dfd3-5d35-9be9-10ee1a114bec.mp3"}'::jsonb, '{"value": "jaloux", "accepted": ["jaloux"]}'::jsonb, 0.35, array['vocab_f1','writing']) on conflict (id) do nothing;
insert into content_items(id,course_id,cefr_level,skill,type,prompt,payload,correct_answer,difficulty,tags) values ('81534985-f208-5cd9-8a8d-5e5cbc9bd581', '20000000-0000-0000-0000-000000000003', 'B1', 'writing', 'cloze', 'Completa la frase con la palabra que falta.', '{"text": "Je suis fier de mes enfants.", "audio_url": "https://wiauinufpbkmjlbqlkxo.supabase.co/storage/v1/object/public/audio/items/81534985-f208-5cd9-8a8d-5e5cbc9bd581.mp3"}'::jsonb, '{"value": "fier", "accepted": ["fier"]}'::jsonb, 0.35, array['vocab_f1','writing']) on conflict (id) do nothing;
insert into content_items(id,course_id,cefr_level,skill,type,prompt,payload,correct_answer,difficulty,tags) values ('03c72119-d4e5-577d-9c8b-e13f31500e83', '20000000-0000-0000-0000-000000000003', 'B1', 'writing', 'cloze', 'Completa la frase con la palabra que falta.', '{"text": "Le voisin est méchant avec les animaux.", "audio_url": "https://wiauinufpbkmjlbqlkxo.supabase.co/storage/v1/object/public/audio/items/03c72119-d4e5-577d-9c8b-e13f31500e83.mp3"}'::jsonb, '{"value": "méchant", "accepted": ["méchant"]}'::jsonb, 0.35, array['vocab_f1','writing']) on conflict (id) do nothing;
insert into content_items(id,course_id,cefr_level,skill,type,prompt,payload,correct_answer,difficulty,tags) values ('a2b4dcf5-896e-5e3c-88fb-e2f19b851bdf', '20000000-0000-0000-0000-000000000003', 'B1', 'writing', 'cloze', 'Completa la frase con la palabra que falta.', '{"text": "Mon frère est trop paresseux pour ranger sa chambre.", "audio_url": "https://wiauinufpbkmjlbqlkxo.supabase.co/storage/v1/object/public/audio/items/a2b4dcf5-896e-5e3c-88fb-e2f19b851bdf.mp3"}'::jsonb, '{"value": "paresseux", "accepted": ["paresseux"]}'::jsonb, 0.35, array['vocab_f1','writing']) on conflict (id) do nothing;
insert into content_items(id,course_id,cefr_level,skill,type,prompt,payload,correct_answer,difficulty,tags) values ('f8cfac62-2865-52a5-a412-a40b29a34b40', '20000000-0000-0000-0000-000000000003', 'B1', 'writing', 'cloze', 'Completa la frase con la palabra que falta.', '{"text": "Cet enfant est vraiment têtu et n''écoute personne.", "audio_url": "https://wiauinufpbkmjlbqlkxo.supabase.co/storage/v1/object/public/audio/items/f8cfac62-2865-52a5-a412-a40b29a34b40.mp3"}'::jsonb, '{"value": "têtu", "accepted": ["têtu"]}'::jsonb, 0.35, array['vocab_f1','writing']) on conflict (id) do nothing;
insert into content_items(id,course_id,cefr_level,skill,type,prompt,payload,correct_answer,difficulty,tags) values ('3e9be583-f6ff-58f3-ba36-74a790766ef2', '20000000-0000-0000-0000-000000000003', 'B1', 'writing', 'cloze', 'Completa la frase con la palabra que falta.', '{"text": "Il a été très courageux pendant l''opération.", "audio_url": "https://wiauinufpbkmjlbqlkxo.supabase.co/storage/v1/object/public/audio/items/3e9be583-f6ff-58f3-ba36-74a790766ef2.mp3"}'::jsonb, '{"value": "courageux", "accepted": ["courageux"]}'::jsonb, 0.35, array['vocab_f1','writing']) on conflict (id) do nothing;
insert into content_items(id,course_id,cefr_level,skill,type,prompt,payload,correct_answer,difficulty,tags) values ('46df6721-2db4-555a-812d-631989341238', '20000000-0000-0000-0000-000000000003', 'B1', 'writing', 'cloze', 'Completa la frase con la palabra que falta.', '{"text": "Ce garçon est toujours très poli avec les adultes.", "audio_url": "https://wiauinufpbkmjlbqlkxo.supabase.co/storage/v1/object/public/audio/items/46df6721-2db4-555a-812d-631989341238.mp3"}'::jsonb, '{"value": "poli", "accepted": ["poli"]}'::jsonb, 0.35, array['vocab_f1','writing']) on conflict (id) do nothing;
insert into content_items(id,course_id,cefr_level,skill,type,prompt,payload,correct_answer,difficulty,tags) values ('b36e4aea-2ca9-5689-99a9-2ba61b6495c8', '20000000-0000-0000-0000-000000000003', 'B1', 'writing', 'cloze', 'Completa la frase con la palabra que falta.', '{"text": "Je suis déçu par les résultats de l''examen.", "audio_url": "https://wiauinufpbkmjlbqlkxo.supabase.co/storage/v1/object/public/audio/items/b36e4aea-2ca9-5689-99a9-2ba61b6495c8.mp3"}'::jsonb, '{"value": "déçu", "accepted": ["déçu"]}'::jsonb, 0.35, array['vocab_f1','writing']) on conflict (id) do nothing;
insert into content_items(id,course_id,cefr_level,skill,type,prompt,payload,correct_answer,difficulty,tags) values ('ea7b5f91-dd39-51ae-9a5d-8ee3d2a6e7cd', '20000000-0000-0000-0000-000000000003', 'B1', 'writing', 'cloze', 'Completa la frase con la palabra que falta.', '{"text": "Son père est inquiet quand il rentre tard.", "audio_url": "https://wiauinufpbkmjlbqlkxo.supabase.co/storage/v1/object/public/audio/items/ea7b5f91-dd39-51ae-9a5d-8ee3d2a6e7cd.mp3"}'::jsonb, '{"value": "inquiet", "accepted": ["inquiet"]}'::jsonb, 0.35, array['vocab_f1','writing']) on conflict (id) do nothing;
insert into content_items(id,course_id,cefr_level,skill,type,prompt,payload,correct_answer,difficulty,tags) values ('c381646a-7c59-5083-8e01-8460273deee2', '20000000-0000-0000-0000-000000000003', 'B1', 'reading', 'match', 'Empareja cada palabra con su traducción.', '{"pairs": [{"en": "gêné", "es": "avergonzado"}, {"en": "fâché", "es": "enfadado"}, {"en": "jaloux", "es": "celoso"}, {"en": "fier", "es": "orgulloso"}, {"en": "méchant", "es": "malo"}]}'::jsonb, '{"pairs": [["gêné", "avergonzado"], ["fâché", "enfadado"], ["jaloux", "celoso"], ["fier", "orgulloso"], ["méchant", "malo"]]}'::jsonb, 0.15, array['vocab_f1','reading']) on conflict (id) do nothing;
insert into content_items(id,course_id,cefr_level,skill,type,prompt,payload,correct_answer,difficulty,tags) values ('3e0d70dd-fe00-54ce-a49c-2cd172d42bc0', '20000000-0000-0000-0000-000000000003', 'B1', 'reading', 'match', 'Empareja cada palabra con su traducción.', '{"pairs": [{"en": "paresseux", "es": "perezoso"}, {"en": "têtu", "es": "terco"}, {"en": "courageux", "es": "valiente"}, {"en": "poli", "es": "cortés"}, {"en": "déçu", "es": "decepcionado"}]}'::jsonb, '{"pairs": [["paresseux", "perezoso"], ["têtu", "terco"], ["courageux", "valiente"], ["poli", "cortés"], ["déçu", "decepcionado"]]}'::jsonb, 0.15, array['vocab_f1','reading']) on conflict (id) do nothing;
insert into content_items(id,course_id,cefr_level,skill,type,prompt,payload,correct_answer,difficulty,tags) values ('7f99b9eb-afb6-54b8-b822-0eea812b40bd', '20000000-0000-0000-0000-000000000003', 'B1', 'writing', 'cloze', 'Completa la frase con la palabra que falta.', '{"text": "Mon oncle est un homme très généreux.", "audio_url": "https://wiauinufpbkmjlbqlkxo.supabase.co/storage/v1/object/public/audio/items/7f99b9eb-afb6-54b8-b822-0eea812b40bd.mp3"}'::jsonb, '{"value": "généreux", "accepted": ["généreux"]}'::jsonb, 0.35, array['vocab_f1','writing']) on conflict (id) do nothing;
insert into content_items(id,course_id,cefr_level,skill,type,prompt,payload,correct_answer,difficulty,tags) values ('fa501420-beb9-5c14-84c0-60d832b4a87a', '20000000-0000-0000-0000-000000000003', 'B1', 'writing', 'cloze', 'Completa la frase con la palabra que falta.', '{"text": "Il ne pense qu''à lui, il est égoïste.", "audio_url": "https://wiauinufpbkmjlbqlkxo.supabase.co/storage/v1/object/public/audio/items/fa501420-beb9-5c14-84c0-60d832b4a87a.mp3"}'::jsonb, '{"value": "égoïste", "accepted": ["égoïste"]}'::jsonb, 0.35, array['vocab_f1','writing']) on conflict (id) do nothing;
insert into content_items(id,course_id,cefr_level,skill,type,prompt,payload,correct_answer,difficulty,tags) values ('1f15f605-a576-5fe9-824b-eed76991fd24', '20000000-0000-0000-0000-000000000003', 'B1', 'writing', 'cloze', 'Completa la frase con la palabra que falta.', '{"text": "Paul est tombé amoureux de sa collègue.", "audio_url": "https://wiauinufpbkmjlbqlkxo.supabase.co/storage/v1/object/public/audio/items/1f15f605-a576-5fe9-824b-eed76991fd24.mp3"}'::jsonb, '{"value": "amoureux", "accepted": ["amoureux"]}'::jsonb, 0.35, array['vocab_f1','writing']) on conflict (id) do nothing;
insert into content_items(id,course_id,cefr_level,skill,type,prompt,payload,correct_answer,difficulty,tags) values ('c2f21e26-3277-56e9-84c2-512d3c6ba04d', '20000000-0000-0000-0000-000000000003', 'B1', 'writing', 'cloze', 'Completa la frase con la palabra que falta.', '{"text": "Mon oncle est très bavard au téléphone.", "audio_url": "https://wiauinufpbkmjlbqlkxo.supabase.co/storage/v1/object/public/audio/items/c2f21e26-3277-56e9-84c2-512d3c6ba04d.mp3"}'::jsonb, '{"value": "bavard", "accepted": ["bavard"]}'::jsonb, 0.35, array['vocab_f1','writing']) on conflict (id) do nothing;
insert into content_items(id,course_id,cefr_level,skill,type,prompt,payload,correct_answer,difficulty,tags) values ('2d162d3d-7f80-5bef-8f41-cea5ddc48306', '20000000-0000-0000-0000-000000000003', 'B1', 'writing', 'cloze', 'Completa la frase con la palabra que falta.', '{"text": "C''est une personne honnête et fiable.", "audio_url": "https://wiauinufpbkmjlbqlkxo.supabase.co/storage/v1/object/public/audio/items/2d162d3d-7f80-5bef-8f41-cea5ddc48306.mp3"}'::jsonb, '{"value": "honnête", "accepted": ["honnête"]}'::jsonb, 0.35, array['vocab_f1','writing']) on conflict (id) do nothing;
insert into content_items(id,course_id,cefr_level,skill,type,prompt,payload,correct_answer,difficulty,tags) values ('0755e95f-62ed-537a-aa13-4764759ae1b8', '20000000-0000-0000-0000-000000000003', 'B1', 'writing', 'cloze', 'Completa la frase con la palabra que falta.', '{"text": "Il est nerveux avant chaque entretien.", "audio_url": "https://wiauinufpbkmjlbqlkxo.supabase.co/storage/v1/object/public/audio/items/0755e95f-62ed-537a-aa13-4764759ae1b8.mp3"}'::jsonb, '{"value": "nerveux", "accepted": ["nerveux"]}'::jsonb, 0.35, array['vocab_f1','writing']) on conflict (id) do nothing;
insert into content_items(id,course_id,cefr_level,skill,type,prompt,payload,correct_answer,difficulty,tags) values ('c9bf7995-5c23-51bf-b583-87ab0ecd1e28', '20000000-0000-0000-0000-000000000003', 'B1', 'writing', 'cloze', 'Completa la frase con la palabra que falta.', '{"text": "Les enfants sont naturellement curieux de tout.", "audio_url": "https://wiauinufpbkmjlbqlkxo.supabase.co/storage/v1/object/public/audio/items/c9bf7995-5c23-51bf-b583-87ab0ecd1e28.mp3"}'::jsonb, '{"value": "curieux", "accepted": ["curieux"]}'::jsonb, 0.35, array['vocab_f1','writing']) on conflict (id) do nothing;
insert into content_items(id,course_id,cefr_level,skill,type,prompt,payload,correct_answer,difficulty,tags) values ('ba911eee-cea5-5a19-9660-8753bda12588', '20000000-0000-0000-0000-000000000003', 'B1', 'writing', 'cloze', 'Completa la frase con la palabra que falta.', '{"text": "Le chien était effrayé par le bruit du tonnerre.", "audio_url": "https://wiauinufpbkmjlbqlkxo.supabase.co/storage/v1/object/public/audio/items/ba911eee-cea5-5a19-9660-8753bda12588.mp3"}'::jsonb, '{"value": "effrayé", "accepted": ["effrayé"]}'::jsonb, 0.35, array['vocab_f1','writing']) on conflict (id) do nothing;
insert into content_items(id,course_id,cefr_level,skill,type,prompt,payload,correct_answer,difficulty,tags) values ('973cfcfe-7eda-5a29-ace1-0a3701bdcd51', '20000000-0000-0000-0000-000000000003', 'B1', 'writing', 'cloze', 'Completa la frase con la palabra que falta.', '{"text": "Il était ému aux larmes pendant le discours.", "audio_url": "https://wiauinufpbkmjlbqlkxo.supabase.co/storage/v1/object/public/audio/items/973cfcfe-7eda-5a29-ace1-0a3701bdcd51.mp3"}'::jsonb, '{"value": "ému", "accepted": ["ému"]}'::jsonb, 0.35, array['vocab_f1','writing']) on conflict (id) do nothing;
insert into content_items(id,course_id,cefr_level,skill,type,prompt,payload,correct_answer,difficulty,tags) values ('06897c83-0aad-518b-9e26-aaf4bf3399a6', '20000000-0000-0000-0000-000000000003', 'B1', 'writing', 'cloze', 'Completa la frase con la palabra que falta.', '{"text": "Il a été lâche et s''est enfui sans rien dire.", "audio_url": "https://wiauinufpbkmjlbqlkxo.supabase.co/storage/v1/object/public/audio/items/06897c83-0aad-518b-9e26-aaf4bf3399a6.mp3"}'::jsonb, '{"value": "lâche", "accepted": ["lâche"]}'::jsonb, 0.35, array['vocab_f1','writing']) on conflict (id) do nothing;
insert into content_items(id,course_id,cefr_level,skill,type,prompt,payload,correct_answer,difficulty,tags) values ('8250248a-7ff3-50cc-873f-a464d67dc03d', '20000000-0000-0000-0000-000000000003', 'B1', 'writing', 'cloze', 'Completa la frase con la palabra que falta.', '{"text": "Je suis reconnaissant pour votre aide précieuse.", "audio_url": "https://wiauinufpbkmjlbqlkxo.supabase.co/storage/v1/object/public/audio/items/8250248a-7ff3-50cc-873f-a464d67dc03d.mp3"}'::jsonb, '{"value": "reconnaissant", "accepted": ["reconnaissant"]}'::jsonb, 0.35, array['vocab_f1','writing']) on conflict (id) do nothing;
insert into content_items(id,course_id,cefr_level,skill,type,prompt,payload,correct_answer,difficulty,tags) values ('533b8bc9-2c0f-5d95-a7cd-ce2550dc9033', '20000000-0000-0000-0000-000000000003', 'B1', 'reading', 'match', 'Empareja cada palabra con su traducción.', '{"pairs": [{"en": "généreux", "es": "generoso"}, {"en": "égoïste", "es": "egoísta"}, {"en": "amoureux", "es": "enamorado"}, {"en": "bavard", "es": "hablador"}, {"en": "honnête", "es": "honesto"}]}'::jsonb, '{"pairs": [["généreux", "generoso"], ["égoïste", "egoísta"], ["amoureux", "enamorado"], ["bavard", "hablador"], ["honnête", "honesto"]]}'::jsonb, 0.15, array['vocab_f1','reading']) on conflict (id) do nothing;
insert into content_items(id,course_id,cefr_level,skill,type,prompt,payload,correct_answer,difficulty,tags) values ('cdadf5f6-80d9-57fa-91c6-c940bc24ea32', '20000000-0000-0000-0000-000000000003', 'B1', 'reading', 'match', 'Empareja cada palabra con su traducción.', '{"pairs": [{"en": "nerveux", "es": "nervioso"}, {"en": "curieux", "es": "curioso"}, {"en": "effrayé", "es": "asustado"}, {"en": "ému", "es": "conmovido"}, {"en": "lâche", "es": "cobarde"}]}'::jsonb, '{"pairs": [["nerveux", "nervioso"], ["curieux", "curioso"], ["effrayé", "asustado"], ["ému", "conmovido"], ["lâche", "cobarde"]]}'::jsonb, 0.15, array['vocab_f1','reading']) on conflict (id) do nothing;

-- 3) lecciones de vocabulario + lesson_items (antes del checkpoint)
do $$
declare v_unit uuid; v_c int;
begin
  if exists (select 1 from lessons where id='941483fb-eed6-54fc-a1ad-96e14e11ec16') then return; end if;
  select id into v_unit from units where course_id='20000000-0000-0000-0000-000000000003' and order_index=7;
  if v_unit is null then return; end if;
  select min(order_index) into v_c from lessons where unit_id=v_unit and type='checkpoint';
  if v_c is null then select max(order_index)+1 into v_c from lessons where unit_id=v_unit; end if;
  update lessons set order_index=order_index+1000 where unit_id=v_unit and order_index>=v_c;
  insert into lessons(id,unit_id,order_index,title,description,type,xp_reward) values ('941483fb-eed6-54fc-a1ad-96e14e11ec16', v_unit, v_c+0, 'Vocabulario: la ciudad 1', 'Aprende palabras nuevas de alta frecuencia con ejemplos y audio.', 'lesson', 15) on conflict (id) do nothing;
  insert into lesson_items(lesson_id,item_id,order_index) values ('941483fb-eed6-54fc-a1ad-96e14e11ec16', '0b75fa6d-f494-58ea-88c1-5eaacbbb67d8', 0) on conflict do nothing;
  insert into lesson_items(lesson_id,item_id,order_index) values ('941483fb-eed6-54fc-a1ad-96e14e11ec16', '94192c48-b6bf-59b0-962c-372d6059a9bc', 1) on conflict do nothing;
  insert into lesson_items(lesson_id,item_id,order_index) values ('941483fb-eed6-54fc-a1ad-96e14e11ec16', '0736d76b-7055-5061-b707-25c0970b6fd3', 2) on conflict do nothing;
  insert into lesson_items(lesson_id,item_id,order_index) values ('941483fb-eed6-54fc-a1ad-96e14e11ec16', '3d0d2eb4-593b-51dd-909c-0b5e56a9d2a7', 3) on conflict do nothing;
  insert into lesson_items(lesson_id,item_id,order_index) values ('941483fb-eed6-54fc-a1ad-96e14e11ec16', '67367e0f-4a9d-5ccc-89cc-a1ceaeed0d36', 4) on conflict do nothing;
  insert into lesson_items(lesson_id,item_id,order_index) values ('941483fb-eed6-54fc-a1ad-96e14e11ec16', '643b5686-11d4-55e4-b724-4f3822a68cb6', 5) on conflict do nothing;
  insert into lesson_items(lesson_id,item_id,order_index) values ('941483fb-eed6-54fc-a1ad-96e14e11ec16', '08ce891a-5964-5fc0-bf17-31a9fbebf39f', 6) on conflict do nothing;
  insert into lesson_items(lesson_id,item_id,order_index) values ('941483fb-eed6-54fc-a1ad-96e14e11ec16', '576fbff2-b772-5a18-aba8-c7c7dfb83933', 7) on conflict do nothing;
  insert into lesson_items(lesson_id,item_id,order_index) values ('941483fb-eed6-54fc-a1ad-96e14e11ec16', '14d264bd-ca24-5057-9c75-749c77b9afa5', 8) on conflict do nothing;
  insert into lesson_items(lesson_id,item_id,order_index) values ('941483fb-eed6-54fc-a1ad-96e14e11ec16', '878eacb1-6b61-5052-96f7-b4636d91847c', 9) on conflict do nothing;
  insert into lesson_items(lesson_id,item_id,order_index) values ('941483fb-eed6-54fc-a1ad-96e14e11ec16', '328e0d1d-5e87-5007-8faf-8ae7a05c8401', 10) on conflict do nothing;
  insert into lesson_items(lesson_id,item_id,order_index) values ('941483fb-eed6-54fc-a1ad-96e14e11ec16', 'b70223fa-9e11-5cc4-96f8-3f395f1c2725', 11) on conflict do nothing;
  insert into lesson_items(lesson_id,item_id,order_index) values ('941483fb-eed6-54fc-a1ad-96e14e11ec16', '2a1bb670-33bb-538b-b2ef-b6980e546603', 12) on conflict do nothing;
  insert into lesson_items(lesson_id,item_id,order_index) values ('941483fb-eed6-54fc-a1ad-96e14e11ec16', 'caa8f6c1-3e28-5280-88a6-1134833a5936', 13) on conflict do nothing;
  insert into lesson_items(lesson_id,item_id,order_index) values ('941483fb-eed6-54fc-a1ad-96e14e11ec16', 'efb4dbcd-dca0-5364-a576-137a7fbd8938', 14) on conflict do nothing;
  insert into lessons(id,unit_id,order_index,title,description,type,xp_reward) values ('3f5d8231-5903-5271-9848-641b87db1cce', v_unit, v_c+1, 'Vocabulario: la ciudad 2', 'Aprende palabras nuevas de alta frecuencia con ejemplos y audio.', 'lesson', 15) on conflict (id) do nothing;
  insert into lesson_items(lesson_id,item_id,order_index) values ('3f5d8231-5903-5271-9848-641b87db1cce', '3ebd4bc1-9f9d-5a5f-adbc-6c278efe0ca9', 0) on conflict do nothing;
  insert into lesson_items(lesson_id,item_id,order_index) values ('3f5d8231-5903-5271-9848-641b87db1cce', '3ff456c3-fccb-5b7d-b0e4-f1233ee140ba', 1) on conflict do nothing;
  insert into lesson_items(lesson_id,item_id,order_index) values ('3f5d8231-5903-5271-9848-641b87db1cce', 'd0959769-3bf6-594d-9a71-15249103c157', 2) on conflict do nothing;
  insert into lesson_items(lesson_id,item_id,order_index) values ('3f5d8231-5903-5271-9848-641b87db1cce', 'a65f6b44-6a35-59a8-867a-cd2a16d9f062', 3) on conflict do nothing;
  insert into lesson_items(lesson_id,item_id,order_index) values ('3f5d8231-5903-5271-9848-641b87db1cce', '68679228-ac3e-5820-a39b-96118a8e541c', 4) on conflict do nothing;
  insert into lesson_items(lesson_id,item_id,order_index) values ('3f5d8231-5903-5271-9848-641b87db1cce', 'c3276c14-0e43-54a6-aa04-8529bb6cca03', 5) on conflict do nothing;
  insert into lesson_items(lesson_id,item_id,order_index) values ('3f5d8231-5903-5271-9848-641b87db1cce', 'b84b1a1f-4281-5355-ab20-8f2dae67e4c1', 6) on conflict do nothing;
  insert into lesson_items(lesson_id,item_id,order_index) values ('3f5d8231-5903-5271-9848-641b87db1cce', '9b414f73-d397-5d39-895a-1b687df2f939', 7) on conflict do nothing;
  insert into lesson_items(lesson_id,item_id,order_index) values ('3f5d8231-5903-5271-9848-641b87db1cce', '31c390ad-cfc3-5f61-b980-4aa0e5358b24', 8) on conflict do nothing;
  insert into lesson_items(lesson_id,item_id,order_index) values ('3f5d8231-5903-5271-9848-641b87db1cce', '61ac789a-d277-586a-aac9-463e850ad628', 9) on conflict do nothing;
  insert into lesson_items(lesson_id,item_id,order_index) values ('3f5d8231-5903-5271-9848-641b87db1cce', 'd802eb90-8244-5be0-a2af-ce58a0c07f87', 10) on conflict do nothing;
  insert into lesson_items(lesson_id,item_id,order_index) values ('3f5d8231-5903-5271-9848-641b87db1cce', '26b84878-59bc-5ba0-9d1c-72fa85422815', 11) on conflict do nothing;
  insert into lesson_items(lesson_id,item_id,order_index) values ('3f5d8231-5903-5271-9848-641b87db1cce', '13708bac-d1fc-5908-bc1f-515547a0fd6d', 12) on conflict do nothing;
  insert into lesson_items(lesson_id,item_id,order_index) values ('3f5d8231-5903-5271-9848-641b87db1cce', '7577301f-0ed4-5196-b563-a0ed801d6078', 13) on conflict do nothing;
  insert into lesson_items(lesson_id,item_id,order_index) values ('3f5d8231-5903-5271-9848-641b87db1cce', 'cfcc1d43-e215-536e-8a8d-0c8bd30e6681', 14) on conflict do nothing;
  update lessons set order_index=order_index-1000+2 where unit_id=v_unit and order_index>=1000;
end $$;

do $$
declare v_unit uuid; v_c int;
begin
  if exists (select 1 from lessons where id='4f96ae9a-d13f-5448-a842-344ef3c8e937') then return; end if;
  select id into v_unit from units where course_id='20000000-0000-0000-0000-000000000003' and order_index=8;
  if v_unit is null then return; end if;
  select min(order_index) into v_c from lessons where unit_id=v_unit and type='checkpoint';
  if v_c is null then select max(order_index)+1 into v_c from lessons where unit_id=v_unit; end if;
  update lessons set order_index=order_index+1000 where unit_id=v_unit and order_index>=v_c;
  insert into lessons(id,unit_id,order_index,title,description,type,xp_reward) values ('4f96ae9a-d13f-5448-a842-344ef3c8e937', v_unit, v_c+0, 'Vocabulario: el hogar 1', 'Aprende palabras nuevas de alta frecuencia con ejemplos y audio.', 'lesson', 15) on conflict (id) do nothing;
  insert into lesson_items(lesson_id,item_id,order_index) values ('4f96ae9a-d13f-5448-a842-344ef3c8e937', 'fdfe3603-79cc-5884-bcf5-78555dce543a', 0) on conflict do nothing;
  insert into lesson_items(lesson_id,item_id,order_index) values ('4f96ae9a-d13f-5448-a842-344ef3c8e937', 'b3ea80bc-8b28-527a-93b7-0c7b3c76ef36', 1) on conflict do nothing;
  insert into lesson_items(lesson_id,item_id,order_index) values ('4f96ae9a-d13f-5448-a842-344ef3c8e937', 'e82960c5-e673-596c-9f4a-fc9df18d3edf', 2) on conflict do nothing;
  insert into lesson_items(lesson_id,item_id,order_index) values ('4f96ae9a-d13f-5448-a842-344ef3c8e937', '876d2c5c-65c1-5848-8a1a-60ea402b51bd', 3) on conflict do nothing;
  insert into lesson_items(lesson_id,item_id,order_index) values ('4f96ae9a-d13f-5448-a842-344ef3c8e937', 'a584d507-9104-5a1b-a401-68bfe0c7e3ed', 4) on conflict do nothing;
  insert into lesson_items(lesson_id,item_id,order_index) values ('4f96ae9a-d13f-5448-a842-344ef3c8e937', '4da21583-5cba-5c8a-8998-f104d5fae8af', 5) on conflict do nothing;
  insert into lesson_items(lesson_id,item_id,order_index) values ('4f96ae9a-d13f-5448-a842-344ef3c8e937', '86409b70-aa74-5e2c-a398-790592ba1054', 6) on conflict do nothing;
  insert into lesson_items(lesson_id,item_id,order_index) values ('4f96ae9a-d13f-5448-a842-344ef3c8e937', 'e92f1fc4-f8ef-55c0-90b0-f94977f9dfd7', 7) on conflict do nothing;
  insert into lesson_items(lesson_id,item_id,order_index) values ('4f96ae9a-d13f-5448-a842-344ef3c8e937', 'b9c9352d-b1ba-5e75-ad00-c74034293b79', 8) on conflict do nothing;
  insert into lesson_items(lesson_id,item_id,order_index) values ('4f96ae9a-d13f-5448-a842-344ef3c8e937', '4fc69b21-73c6-5d5c-b12e-a9e3fa3e6f9a', 9) on conflict do nothing;
  insert into lesson_items(lesson_id,item_id,order_index) values ('4f96ae9a-d13f-5448-a842-344ef3c8e937', 'dac15a28-20e5-534d-825c-50b84c3eeb52', 10) on conflict do nothing;
  insert into lesson_items(lesson_id,item_id,order_index) values ('4f96ae9a-d13f-5448-a842-344ef3c8e937', 'a9249fd6-9b08-5ab0-8209-8d30814601cf', 11) on conflict do nothing;
  insert into lesson_items(lesson_id,item_id,order_index) values ('4f96ae9a-d13f-5448-a842-344ef3c8e937', '71613b80-360d-5b13-9b89-0cea5b69b405', 12) on conflict do nothing;
  insert into lesson_items(lesson_id,item_id,order_index) values ('4f96ae9a-d13f-5448-a842-344ef3c8e937', '87f8594b-1efb-5bc5-a09e-014e5e13da95', 13) on conflict do nothing;
  insert into lesson_items(lesson_id,item_id,order_index) values ('4f96ae9a-d13f-5448-a842-344ef3c8e937', 'ea666c40-ec64-5ac5-bc38-c52ed116c1c1', 14) on conflict do nothing;
  insert into lessons(id,unit_id,order_index,title,description,type,xp_reward) values ('3ed6a12a-7b44-56b7-8377-38b5b5efa98c', v_unit, v_c+1, 'Vocabulario: el hogar 2', 'Aprende palabras nuevas de alta frecuencia con ejemplos y audio.', 'lesson', 15) on conflict (id) do nothing;
  insert into lesson_items(lesson_id,item_id,order_index) values ('3ed6a12a-7b44-56b7-8377-38b5b5efa98c', 'a0e5b75d-85d5-5472-bcc1-7248e51a13bb', 0) on conflict do nothing;
  insert into lesson_items(lesson_id,item_id,order_index) values ('3ed6a12a-7b44-56b7-8377-38b5b5efa98c', '44a85a52-e180-53c0-8067-fa43707f7922', 1) on conflict do nothing;
  insert into lesson_items(lesson_id,item_id,order_index) values ('3ed6a12a-7b44-56b7-8377-38b5b5efa98c', 'd8ccedec-805f-52d4-aa58-d3ba84be843b', 2) on conflict do nothing;
  insert into lesson_items(lesson_id,item_id,order_index) values ('3ed6a12a-7b44-56b7-8377-38b5b5efa98c', 'ae68049a-2d70-5fc8-9c2f-93547352f48d', 3) on conflict do nothing;
  insert into lesson_items(lesson_id,item_id,order_index) values ('3ed6a12a-7b44-56b7-8377-38b5b5efa98c', '23548a41-6772-501a-af0b-30567df99eed', 4) on conflict do nothing;
  insert into lesson_items(lesson_id,item_id,order_index) values ('3ed6a12a-7b44-56b7-8377-38b5b5efa98c', '51f80741-4b34-5372-8d9b-dbc72e219afb', 5) on conflict do nothing;
  insert into lesson_items(lesson_id,item_id,order_index) values ('3ed6a12a-7b44-56b7-8377-38b5b5efa98c', '93be5066-d062-5e5b-a2a3-eaac7d676890', 6) on conflict do nothing;
  insert into lesson_items(lesson_id,item_id,order_index) values ('3ed6a12a-7b44-56b7-8377-38b5b5efa98c', 'fbf084c6-6f30-5ec7-881d-fdcfe3429bba', 7) on conflict do nothing;
  insert into lesson_items(lesson_id,item_id,order_index) values ('3ed6a12a-7b44-56b7-8377-38b5b5efa98c', 'd73292fd-1c67-5aa7-b43e-c71a56165183', 8) on conflict do nothing;
  insert into lesson_items(lesson_id,item_id,order_index) values ('3ed6a12a-7b44-56b7-8377-38b5b5efa98c', '9d89b4da-daf5-5781-9ec1-e9cd8bcf0837', 9) on conflict do nothing;
  insert into lesson_items(lesson_id,item_id,order_index) values ('3ed6a12a-7b44-56b7-8377-38b5b5efa98c', 'eaa56102-9992-58c1-8f55-27af4f8ac1eb', 10) on conflict do nothing;
  insert into lesson_items(lesson_id,item_id,order_index) values ('3ed6a12a-7b44-56b7-8377-38b5b5efa98c', '7d828bf6-b0c8-5f9f-8a2d-387c259891cd', 11) on conflict do nothing;
  insert into lesson_items(lesson_id,item_id,order_index) values ('3ed6a12a-7b44-56b7-8377-38b5b5efa98c', '9141653a-b1ee-508b-a49c-7f0bb289fae3', 12) on conflict do nothing;
  insert into lesson_items(lesson_id,item_id,order_index) values ('3ed6a12a-7b44-56b7-8377-38b5b5efa98c', '7538713d-4486-57e4-9652-7e27a0d960a1', 13) on conflict do nothing;
  insert into lesson_items(lesson_id,item_id,order_index) values ('3ed6a12a-7b44-56b7-8377-38b5b5efa98c', 'e4f0a1d7-554f-546f-bfdc-0a358c4b7572', 14) on conflict do nothing;
  update lessons set order_index=order_index-1000+2 where unit_id=v_unit and order_index>=1000;
end $$;

do $$
declare v_unit uuid; v_c int;
begin
  if exists (select 1 from lessons where id='7c02b02c-1628-5b5b-8d04-3a50a3c51665') then return; end if;
  select id into v_unit from units where course_id='20000000-0000-0000-0000-000000000003' and order_index=9;
  if v_unit is null then return; end if;
  select min(order_index) into v_c from lessons where unit_id=v_unit and type='checkpoint';
  if v_c is null then select max(order_index)+1 into v_c from lessons where unit_id=v_unit; end if;
  update lessons set order_index=order_index+1000 where unit_id=v_unit and order_index>=v_c;
  insert into lessons(id,unit_id,order_index,title,description,type,xp_reward) values ('7c02b02c-1628-5b5b-8d04-3a50a3c51665', v_unit, v_c+0, 'Vocabulario: la comida 1', 'Aprende palabras nuevas de alta frecuencia con ejemplos y audio.', 'lesson', 15) on conflict (id) do nothing;
  insert into lesson_items(lesson_id,item_id,order_index) values ('7c02b02c-1628-5b5b-8d04-3a50a3c51665', '50afa1a7-038a-5347-82ef-c2a6b00b5115', 0) on conflict do nothing;
  insert into lesson_items(lesson_id,item_id,order_index) values ('7c02b02c-1628-5b5b-8d04-3a50a3c51665', '2651281c-9328-55bb-83a3-17d74a681e4e', 1) on conflict do nothing;
  insert into lesson_items(lesson_id,item_id,order_index) values ('7c02b02c-1628-5b5b-8d04-3a50a3c51665', 'f380f601-cfaf-5ed0-b180-91a93001f178', 2) on conflict do nothing;
  insert into lesson_items(lesson_id,item_id,order_index) values ('7c02b02c-1628-5b5b-8d04-3a50a3c51665', 'e3fc1067-d31a-5dad-9d6c-aeea454db4dd', 3) on conflict do nothing;
  insert into lesson_items(lesson_id,item_id,order_index) values ('7c02b02c-1628-5b5b-8d04-3a50a3c51665', '2cddc7bd-a4ee-524d-a96c-698d9fb6c6f3', 4) on conflict do nothing;
  insert into lesson_items(lesson_id,item_id,order_index) values ('7c02b02c-1628-5b5b-8d04-3a50a3c51665', '8091b47f-1a4e-54fa-94fb-35ebdaca3a19', 5) on conflict do nothing;
  insert into lesson_items(lesson_id,item_id,order_index) values ('7c02b02c-1628-5b5b-8d04-3a50a3c51665', '1fd90731-8ac0-59a0-9334-32018ce6d637', 6) on conflict do nothing;
  insert into lesson_items(lesson_id,item_id,order_index) values ('7c02b02c-1628-5b5b-8d04-3a50a3c51665', '79d71c9a-236f-5a43-9414-2316544fa48a', 7) on conflict do nothing;
  insert into lesson_items(lesson_id,item_id,order_index) values ('7c02b02c-1628-5b5b-8d04-3a50a3c51665', '195f1e18-8012-5c2e-bd58-fcdbddd71fcc', 8) on conflict do nothing;
  insert into lesson_items(lesson_id,item_id,order_index) values ('7c02b02c-1628-5b5b-8d04-3a50a3c51665', '4de5e3b7-83ff-570f-a1fe-db4a2a11c2d4', 9) on conflict do nothing;
  insert into lesson_items(lesson_id,item_id,order_index) values ('7c02b02c-1628-5b5b-8d04-3a50a3c51665', '108fba44-7bea-5f3b-b763-12832bc4550e', 10) on conflict do nothing;
  insert into lesson_items(lesson_id,item_id,order_index) values ('7c02b02c-1628-5b5b-8d04-3a50a3c51665', 'f3a1a2ab-e827-55dd-92ec-4affd7a22ba6', 11) on conflict do nothing;
  insert into lesson_items(lesson_id,item_id,order_index) values ('7c02b02c-1628-5b5b-8d04-3a50a3c51665', '0d75b05a-912c-5ac8-822c-a846e9e7df52', 12) on conflict do nothing;
  insert into lesson_items(lesson_id,item_id,order_index) values ('7c02b02c-1628-5b5b-8d04-3a50a3c51665', '21c5c89d-6ee7-5096-8cd0-b3b27cb84717', 13) on conflict do nothing;
  insert into lesson_items(lesson_id,item_id,order_index) values ('7c02b02c-1628-5b5b-8d04-3a50a3c51665', '9701c76c-441a-57d0-85ea-de783f369603', 14) on conflict do nothing;
  insert into lessons(id,unit_id,order_index,title,description,type,xp_reward) values ('d67ae809-2f4c-59f2-840c-17eefd3ef05f', v_unit, v_c+1, 'Vocabulario: la comida 2', 'Aprende palabras nuevas de alta frecuencia con ejemplos y audio.', 'lesson', 15) on conflict (id) do nothing;
  insert into lesson_items(lesson_id,item_id,order_index) values ('d67ae809-2f4c-59f2-840c-17eefd3ef05f', 'c179a10e-4975-5f86-ad58-e5c4ba373d78', 0) on conflict do nothing;
  insert into lesson_items(lesson_id,item_id,order_index) values ('d67ae809-2f4c-59f2-840c-17eefd3ef05f', 'e802e8e2-ee16-5863-8dbe-b6aac12c268a', 1) on conflict do nothing;
  insert into lesson_items(lesson_id,item_id,order_index) values ('d67ae809-2f4c-59f2-840c-17eefd3ef05f', 'd7da21a9-8f63-58e2-8614-44a114a19141', 2) on conflict do nothing;
  insert into lesson_items(lesson_id,item_id,order_index) values ('d67ae809-2f4c-59f2-840c-17eefd3ef05f', '68f7b338-35c3-5178-9ec0-305c282f1769', 3) on conflict do nothing;
  insert into lesson_items(lesson_id,item_id,order_index) values ('d67ae809-2f4c-59f2-840c-17eefd3ef05f', 'd6ca1103-e299-513c-bf3a-25a265bea303', 4) on conflict do nothing;
  insert into lesson_items(lesson_id,item_id,order_index) values ('d67ae809-2f4c-59f2-840c-17eefd3ef05f', '69944b23-7c13-5aa5-87eb-66afa27b7bf7', 5) on conflict do nothing;
  insert into lesson_items(lesson_id,item_id,order_index) values ('d67ae809-2f4c-59f2-840c-17eefd3ef05f', '27dab260-1108-5a35-8ec2-df120aeba3db', 6) on conflict do nothing;
  insert into lesson_items(lesson_id,item_id,order_index) values ('d67ae809-2f4c-59f2-840c-17eefd3ef05f', '5316dc0a-9ec4-5708-8f6d-628d20e8e1b8', 7) on conflict do nothing;
  insert into lesson_items(lesson_id,item_id,order_index) values ('d67ae809-2f4c-59f2-840c-17eefd3ef05f', '6ec89112-5b14-5523-9b8a-6429ac1a5ae9', 8) on conflict do nothing;
  insert into lesson_items(lesson_id,item_id,order_index) values ('d67ae809-2f4c-59f2-840c-17eefd3ef05f', '1375dd16-7236-5c27-bc98-c960e401182a', 9) on conflict do nothing;
  insert into lesson_items(lesson_id,item_id,order_index) values ('d67ae809-2f4c-59f2-840c-17eefd3ef05f', '105ef101-8a44-58e4-93be-adaafd4b0776', 10) on conflict do nothing;
  insert into lesson_items(lesson_id,item_id,order_index) values ('d67ae809-2f4c-59f2-840c-17eefd3ef05f', 'c6aeb3fc-0e3f-5805-919b-f6cf1dc0edc7', 11) on conflict do nothing;
  insert into lesson_items(lesson_id,item_id,order_index) values ('d67ae809-2f4c-59f2-840c-17eefd3ef05f', '7a29b3fe-0b87-5f99-a56b-12c7bd639ef9', 12) on conflict do nothing;
  insert into lesson_items(lesson_id,item_id,order_index) values ('d67ae809-2f4c-59f2-840c-17eefd3ef05f', 'e876e79b-4a8f-5191-8f6e-f0f2621663a0', 13) on conflict do nothing;
  insert into lesson_items(lesson_id,item_id,order_index) values ('d67ae809-2f4c-59f2-840c-17eefd3ef05f', 'd85b8eac-407b-54e6-8d6f-2ec047ce9b8b', 14) on conflict do nothing;
  update lessons set order_index=order_index-1000+2 where unit_id=v_unit and order_index>=1000;
end $$;

do $$
declare v_unit uuid; v_c int;
begin
  if exists (select 1 from lessons where id='3faf61f3-6513-59ba-8498-460922de5fc4') then return; end if;
  select id into v_unit from units where course_id='20000000-0000-0000-0000-000000000003' and order_index=10;
  if v_unit is null then return; end if;
  select min(order_index) into v_c from lessons where unit_id=v_unit and type='checkpoint';
  if v_c is null then select max(order_index)+1 into v_c from lessons where unit_id=v_unit; end if;
  update lessons set order_index=order_index+1000 where unit_id=v_unit and order_index>=v_c;
  insert into lessons(id,unit_id,order_index,title,description,type,xp_reward) values ('3faf61f3-6513-59ba-8498-460922de5fc4', v_unit, v_c+0, 'Vocabulario: viajar 1', 'Aprende palabras nuevas de alta frecuencia con ejemplos y audio.', 'lesson', 15) on conflict (id) do nothing;
  insert into lesson_items(lesson_id,item_id,order_index) values ('3faf61f3-6513-59ba-8498-460922de5fc4', 'db10a3c5-f34a-5dc0-be43-2ce5bd232954', 0) on conflict do nothing;
  insert into lesson_items(lesson_id,item_id,order_index) values ('3faf61f3-6513-59ba-8498-460922de5fc4', 'afdfd241-62f8-567a-81d5-09277af37351', 1) on conflict do nothing;
  insert into lesson_items(lesson_id,item_id,order_index) values ('3faf61f3-6513-59ba-8498-460922de5fc4', '732a69a8-3af9-5805-8475-e6f8bd035595', 2) on conflict do nothing;
  insert into lesson_items(lesson_id,item_id,order_index) values ('3faf61f3-6513-59ba-8498-460922de5fc4', 'ce8a23ff-dcad-5cb7-b168-5a7c23f0ce4f', 3) on conflict do nothing;
  insert into lesson_items(lesson_id,item_id,order_index) values ('3faf61f3-6513-59ba-8498-460922de5fc4', 'b66f82b2-bd1c-5273-8c88-a033089c0223', 4) on conflict do nothing;
  insert into lesson_items(lesson_id,item_id,order_index) values ('3faf61f3-6513-59ba-8498-460922de5fc4', '11c8c926-25e3-527b-8eaf-4f4d8da6accf', 5) on conflict do nothing;
  insert into lesson_items(lesson_id,item_id,order_index) values ('3faf61f3-6513-59ba-8498-460922de5fc4', 'a66cd2e2-0e28-5f2e-ae83-1d7fa1cb2726', 6) on conflict do nothing;
  insert into lesson_items(lesson_id,item_id,order_index) values ('3faf61f3-6513-59ba-8498-460922de5fc4', '2b132808-2103-5031-9546-3d6f993b8bf9', 7) on conflict do nothing;
  insert into lesson_items(lesson_id,item_id,order_index) values ('3faf61f3-6513-59ba-8498-460922de5fc4', '61ee279d-7b1b-5da7-97a1-1f223ab332cd', 8) on conflict do nothing;
  insert into lesson_items(lesson_id,item_id,order_index) values ('3faf61f3-6513-59ba-8498-460922de5fc4', '925b5b52-8090-5131-a290-d8a60d842926', 9) on conflict do nothing;
  insert into lesson_items(lesson_id,item_id,order_index) values ('3faf61f3-6513-59ba-8498-460922de5fc4', 'eaf40068-cdc4-5e2e-a36b-c86fcbbd1c76', 10) on conflict do nothing;
  insert into lesson_items(lesson_id,item_id,order_index) values ('3faf61f3-6513-59ba-8498-460922de5fc4', '8cd2832b-0f9d-5a3f-8a29-e693f3399378', 11) on conflict do nothing;
  insert into lesson_items(lesson_id,item_id,order_index) values ('3faf61f3-6513-59ba-8498-460922de5fc4', '3d327b63-1205-5aea-bf35-beef9209e075', 12) on conflict do nothing;
  insert into lesson_items(lesson_id,item_id,order_index) values ('3faf61f3-6513-59ba-8498-460922de5fc4', 'a379b696-77bb-597d-8d20-29293ba49377', 13) on conflict do nothing;
  insert into lesson_items(lesson_id,item_id,order_index) values ('3faf61f3-6513-59ba-8498-460922de5fc4', '2ef8e78e-6064-5884-9f2c-7a93ae3e2279', 14) on conflict do nothing;
  insert into lessons(id,unit_id,order_index,title,description,type,xp_reward) values ('bcd0bee5-89d8-5678-b8cb-44c7143841b6', v_unit, v_c+1, 'Vocabulario: viajar 2', 'Aprende palabras nuevas de alta frecuencia con ejemplos y audio.', 'lesson', 15) on conflict (id) do nothing;
  insert into lesson_items(lesson_id,item_id,order_index) values ('bcd0bee5-89d8-5678-b8cb-44c7143841b6', 'a1cc7ecb-4b8f-5dc5-908e-eb1c923d3852', 0) on conflict do nothing;
  insert into lesson_items(lesson_id,item_id,order_index) values ('bcd0bee5-89d8-5678-b8cb-44c7143841b6', '94f3529a-ce23-51bb-aa7a-1f7eec6cf54e', 1) on conflict do nothing;
  insert into lesson_items(lesson_id,item_id,order_index) values ('bcd0bee5-89d8-5678-b8cb-44c7143841b6', '8b58f2af-cf40-5276-b053-09ec0fdb638e', 2) on conflict do nothing;
  insert into lesson_items(lesson_id,item_id,order_index) values ('bcd0bee5-89d8-5678-b8cb-44c7143841b6', 'ad3ed5f8-51cc-553f-a792-270d5a8ccac2', 3) on conflict do nothing;
  insert into lesson_items(lesson_id,item_id,order_index) values ('bcd0bee5-89d8-5678-b8cb-44c7143841b6', 'd4364479-f4ba-50e4-9baa-e838306c17fa', 4) on conflict do nothing;
  insert into lesson_items(lesson_id,item_id,order_index) values ('bcd0bee5-89d8-5678-b8cb-44c7143841b6', '1a0142cb-8085-5de5-beeb-3e006fd0d10d', 5) on conflict do nothing;
  insert into lesson_items(lesson_id,item_id,order_index) values ('bcd0bee5-89d8-5678-b8cb-44c7143841b6', '8bc72429-51c4-5a9e-a5a1-2edbc03ef880', 6) on conflict do nothing;
  insert into lesson_items(lesson_id,item_id,order_index) values ('bcd0bee5-89d8-5678-b8cb-44c7143841b6', '4530cf00-7ebf-5f74-bb34-7294526cedb0', 7) on conflict do nothing;
  insert into lesson_items(lesson_id,item_id,order_index) values ('bcd0bee5-89d8-5678-b8cb-44c7143841b6', 'ec523104-0efd-592a-8da1-19fdffec4ad0', 8) on conflict do nothing;
  insert into lesson_items(lesson_id,item_id,order_index) values ('bcd0bee5-89d8-5678-b8cb-44c7143841b6', 'd74b759a-f1c0-5d76-9f69-e16d714cb919', 9) on conflict do nothing;
  insert into lesson_items(lesson_id,item_id,order_index) values ('bcd0bee5-89d8-5678-b8cb-44c7143841b6', '8d2d27d5-76ea-5019-882d-ea8b849372ed', 10) on conflict do nothing;
  insert into lesson_items(lesson_id,item_id,order_index) values ('bcd0bee5-89d8-5678-b8cb-44c7143841b6', 'be8142a4-2b81-5531-abb2-82381ab15091', 11) on conflict do nothing;
  insert into lesson_items(lesson_id,item_id,order_index) values ('bcd0bee5-89d8-5678-b8cb-44c7143841b6', 'd0084543-d1ed-542d-8156-9bca6ffc12a9', 12) on conflict do nothing;
  update lessons set order_index=order_index-1000+2 where unit_id=v_unit and order_index>=1000;
end $$;

do $$
declare v_unit uuid; v_c int;
begin
  if exists (select 1 from lessons where id='87c86010-f7c3-58e9-8df5-5bd36eaf48c5') then return; end if;
  select id into v_unit from units where course_id='20000000-0000-0000-0000-000000000003' and order_index=11;
  if v_unit is null then return; end if;
  select min(order_index) into v_c from lessons where unit_id=v_unit and type='checkpoint';
  if v_c is null then select max(order_index)+1 into v_c from lessons where unit_id=v_unit; end if;
  update lessons set order_index=order_index+1000 where unit_id=v_unit and order_index>=v_c;
  insert into lessons(id,unit_id,order_index,title,description,type,xp_reward) values ('87c86010-f7c3-58e9-8df5-5bd36eaf48c5', v_unit, v_c+0, 'Vocabulario: las compras 1', 'Aprende palabras nuevas de alta frecuencia con ejemplos y audio.', 'lesson', 15) on conflict (id) do nothing;
  insert into lesson_items(lesson_id,item_id,order_index) values ('87c86010-f7c3-58e9-8df5-5bd36eaf48c5', '47f47b51-a8c2-505d-a5dc-aa0a4b71c338', 0) on conflict do nothing;
  insert into lesson_items(lesson_id,item_id,order_index) values ('87c86010-f7c3-58e9-8df5-5bd36eaf48c5', 'e9587e7d-17b2-5c19-a362-0dbb105953ce', 1) on conflict do nothing;
  insert into lesson_items(lesson_id,item_id,order_index) values ('87c86010-f7c3-58e9-8df5-5bd36eaf48c5', 'fc05271c-eab6-553f-ac24-dc639530eb0b', 2) on conflict do nothing;
  insert into lesson_items(lesson_id,item_id,order_index) values ('87c86010-f7c3-58e9-8df5-5bd36eaf48c5', '7fbb09ee-b0ae-5342-8172-247d176daa02', 3) on conflict do nothing;
  insert into lesson_items(lesson_id,item_id,order_index) values ('87c86010-f7c3-58e9-8df5-5bd36eaf48c5', 'c39b5527-b948-50c7-93ee-1c2d2eb830b0', 4) on conflict do nothing;
  insert into lesson_items(lesson_id,item_id,order_index) values ('87c86010-f7c3-58e9-8df5-5bd36eaf48c5', '074ab6f4-26ee-5c1f-b953-e7d94b4264de', 5) on conflict do nothing;
  insert into lesson_items(lesson_id,item_id,order_index) values ('87c86010-f7c3-58e9-8df5-5bd36eaf48c5', '27d41152-9cae-5026-a151-3c2896092811', 6) on conflict do nothing;
  insert into lesson_items(lesson_id,item_id,order_index) values ('87c86010-f7c3-58e9-8df5-5bd36eaf48c5', 'a24e5bce-6c3d-52c3-8c8e-29ea21b6f0f7', 7) on conflict do nothing;
  insert into lesson_items(lesson_id,item_id,order_index) values ('87c86010-f7c3-58e9-8df5-5bd36eaf48c5', '580a2812-f551-58df-bf9e-aa8178ccd661', 8) on conflict do nothing;
  insert into lesson_items(lesson_id,item_id,order_index) values ('87c86010-f7c3-58e9-8df5-5bd36eaf48c5', '440495b9-fe8c-5c04-a991-aa21d8db0977', 9) on conflict do nothing;
  insert into lesson_items(lesson_id,item_id,order_index) values ('87c86010-f7c3-58e9-8df5-5bd36eaf48c5', '672de243-753a-5ecd-9860-1df6f1111126', 10) on conflict do nothing;
  insert into lesson_items(lesson_id,item_id,order_index) values ('87c86010-f7c3-58e9-8df5-5bd36eaf48c5', '3b203441-71ab-5dc1-a277-f592b79bff75', 11) on conflict do nothing;
  insert into lesson_items(lesson_id,item_id,order_index) values ('87c86010-f7c3-58e9-8df5-5bd36eaf48c5', '3a78f92a-6a17-572c-aa53-0a305cf1380f', 12) on conflict do nothing;
  insert into lesson_items(lesson_id,item_id,order_index) values ('87c86010-f7c3-58e9-8df5-5bd36eaf48c5', 'd2c1400a-7fa8-5ee0-ace4-c61ec8043afb', 13) on conflict do nothing;
  insert into lesson_items(lesson_id,item_id,order_index) values ('87c86010-f7c3-58e9-8df5-5bd36eaf48c5', 'c2427088-d57a-597b-b1a0-f0e7f3f1bad2', 14) on conflict do nothing;
  insert into lessons(id,unit_id,order_index,title,description,type,xp_reward) values ('2c49aef4-02e8-5f54-a0be-d585698a7df2', v_unit, v_c+1, 'Vocabulario: las compras 2', 'Aprende palabras nuevas de alta frecuencia con ejemplos y audio.', 'lesson', 15) on conflict (id) do nothing;
  insert into lesson_items(lesson_id,item_id,order_index) values ('2c49aef4-02e8-5f54-a0be-d585698a7df2', '75e38a12-1fa0-5d76-8698-acd40072bd32', 0) on conflict do nothing;
  insert into lesson_items(lesson_id,item_id,order_index) values ('2c49aef4-02e8-5f54-a0be-d585698a7df2', '3554ad3d-4219-5518-9008-11b77154a5a1', 1) on conflict do nothing;
  insert into lesson_items(lesson_id,item_id,order_index) values ('2c49aef4-02e8-5f54-a0be-d585698a7df2', '0c847569-f20e-5714-b8dd-7a6631314ace', 2) on conflict do nothing;
  insert into lesson_items(lesson_id,item_id,order_index) values ('2c49aef4-02e8-5f54-a0be-d585698a7df2', 'c13171eb-bc32-51ef-aa4b-46b10c31e48f', 3) on conflict do nothing;
  insert into lesson_items(lesson_id,item_id,order_index) values ('2c49aef4-02e8-5f54-a0be-d585698a7df2', '2ec3dcb8-c878-5bce-9d4e-cd923b59311a', 4) on conflict do nothing;
  insert into lesson_items(lesson_id,item_id,order_index) values ('2c49aef4-02e8-5f54-a0be-d585698a7df2', '1ab0b460-eea8-5c3a-9388-24e016fbdef6', 5) on conflict do nothing;
  insert into lesson_items(lesson_id,item_id,order_index) values ('2c49aef4-02e8-5f54-a0be-d585698a7df2', '956c8e7f-08cd-52f7-921d-3fc1f936bc52', 6) on conflict do nothing;
  insert into lesson_items(lesson_id,item_id,order_index) values ('2c49aef4-02e8-5f54-a0be-d585698a7df2', '0ac43d0a-88e1-56ca-acf5-1333849ffef9', 7) on conflict do nothing;
  insert into lesson_items(lesson_id,item_id,order_index) values ('2c49aef4-02e8-5f54-a0be-d585698a7df2', 'c99cce8e-923a-5d31-89ab-cf4912ba9f0c', 8) on conflict do nothing;
  insert into lesson_items(lesson_id,item_id,order_index) values ('2c49aef4-02e8-5f54-a0be-d585698a7df2', 'f5a91b0c-3bcf-548b-9fe3-40a97daca49b', 9) on conflict do nothing;
  insert into lesson_items(lesson_id,item_id,order_index) values ('2c49aef4-02e8-5f54-a0be-d585698a7df2', '339ce440-66c5-52a9-994a-4b0e9f72f554', 10) on conflict do nothing;
  insert into lesson_items(lesson_id,item_id,order_index) values ('2c49aef4-02e8-5f54-a0be-d585698a7df2', 'f272e2ed-f182-55df-8001-826ffccf20b8', 11) on conflict do nothing;
  insert into lesson_items(lesson_id,item_id,order_index) values ('2c49aef4-02e8-5f54-a0be-d585698a7df2', '2149b959-0c84-57b5-bf0d-8361a99847e6', 12) on conflict do nothing;
  insert into lesson_items(lesson_id,item_id,order_index) values ('2c49aef4-02e8-5f54-a0be-d585698a7df2', '790934aa-5774-559a-8e86-b31c2d8304b7', 13) on conflict do nothing;
  insert into lesson_items(lesson_id,item_id,order_index) values ('2c49aef4-02e8-5f54-a0be-d585698a7df2', 'd69640f7-7abb-5700-bffa-8f7a6035c8ee', 14) on conflict do nothing;
  update lessons set order_index=order_index-1000+2 where unit_id=v_unit and order_index>=1000;
end $$;

do $$
declare v_unit uuid; v_c int;
begin
  if exists (select 1 from lessons where id='10e963d4-d23c-5502-ab0c-998afc18e95f') then return; end if;
  select id into v_unit from units where course_id='20000000-0000-0000-0000-000000000003' and order_index=12;
  if v_unit is null then return; end if;
  select min(order_index) into v_c from lessons where unit_id=v_unit and type='checkpoint';
  if v_c is null then select max(order_index)+1 into v_c from lessons where unit_id=v_unit; end if;
  update lessons set order_index=order_index+1000 where unit_id=v_unit and order_index>=v_c;
  insert into lessons(id,unit_id,order_index,title,description,type,xp_reward) values ('10e963d4-d23c-5502-ab0c-998afc18e95f', v_unit, v_c+0, 'Vocabulario: el tiempo 1', 'Aprende palabras nuevas de alta frecuencia con ejemplos y audio.', 'lesson', 15) on conflict (id) do nothing;
  insert into lesson_items(lesson_id,item_id,order_index) values ('10e963d4-d23c-5502-ab0c-998afc18e95f', 'b362fa18-a90f-5a15-ab80-dcbaa762a4f6', 0) on conflict do nothing;
  insert into lesson_items(lesson_id,item_id,order_index) values ('10e963d4-d23c-5502-ab0c-998afc18e95f', '59f93a85-f83e-53d4-8c40-7446983da54e', 1) on conflict do nothing;
  insert into lesson_items(lesson_id,item_id,order_index) values ('10e963d4-d23c-5502-ab0c-998afc18e95f', '46526e6e-1187-5cdf-a4ea-c2d1a71aedaa', 2) on conflict do nothing;
  insert into lesson_items(lesson_id,item_id,order_index) values ('10e963d4-d23c-5502-ab0c-998afc18e95f', '5f721bb0-ea8b-51c6-aa5c-3535c5557258', 3) on conflict do nothing;
  insert into lesson_items(lesson_id,item_id,order_index) values ('10e963d4-d23c-5502-ab0c-998afc18e95f', 'a88e9db9-fbd4-5926-90de-7078104ae307', 4) on conflict do nothing;
  insert into lesson_items(lesson_id,item_id,order_index) values ('10e963d4-d23c-5502-ab0c-998afc18e95f', '2a2975fb-b872-5e43-a75a-643e9c5b1503', 5) on conflict do nothing;
  insert into lesson_items(lesson_id,item_id,order_index) values ('10e963d4-d23c-5502-ab0c-998afc18e95f', '47e65d72-0477-5ef2-93ba-a6c92f965754', 6) on conflict do nothing;
  insert into lesson_items(lesson_id,item_id,order_index) values ('10e963d4-d23c-5502-ab0c-998afc18e95f', '3caa1099-e648-5949-9653-594dff2f8651', 7) on conflict do nothing;
  insert into lesson_items(lesson_id,item_id,order_index) values ('10e963d4-d23c-5502-ab0c-998afc18e95f', '16e974c6-31b7-5205-b071-d743cc782f37', 8) on conflict do nothing;
  insert into lesson_items(lesson_id,item_id,order_index) values ('10e963d4-d23c-5502-ab0c-998afc18e95f', '0a0656c4-d783-525d-9d55-3731bfebccb0', 9) on conflict do nothing;
  insert into lesson_items(lesson_id,item_id,order_index) values ('10e963d4-d23c-5502-ab0c-998afc18e95f', '7c32364e-9581-54f4-9d16-de22f91b0f9f', 10) on conflict do nothing;
  insert into lesson_items(lesson_id,item_id,order_index) values ('10e963d4-d23c-5502-ab0c-998afc18e95f', '49040479-cadb-52b2-a124-cafd9393e9c7', 11) on conflict do nothing;
  insert into lesson_items(lesson_id,item_id,order_index) values ('10e963d4-d23c-5502-ab0c-998afc18e95f', '73d1c99f-f808-51cd-bfb7-2685d7233bb4', 12) on conflict do nothing;
  insert into lesson_items(lesson_id,item_id,order_index) values ('10e963d4-d23c-5502-ab0c-998afc18e95f', 'af946f8a-3206-5874-ba96-6aef02ced9f6', 13) on conflict do nothing;
  insert into lesson_items(lesson_id,item_id,order_index) values ('10e963d4-d23c-5502-ab0c-998afc18e95f', 'ff071280-8454-5cc1-8905-afbbe7045e32', 14) on conflict do nothing;
  insert into lessons(id,unit_id,order_index,title,description,type,xp_reward) values ('19acb177-3edf-5333-91a9-d8143bcc1382', v_unit, v_c+1, 'Vocabulario: el tiempo 2', 'Aprende palabras nuevas de alta frecuencia con ejemplos y audio.', 'lesson', 15) on conflict (id) do nothing;
  insert into lesson_items(lesson_id,item_id,order_index) values ('19acb177-3edf-5333-91a9-d8143bcc1382', '87270b8d-60c5-5659-9f83-0b801f41f634', 0) on conflict do nothing;
  insert into lesson_items(lesson_id,item_id,order_index) values ('19acb177-3edf-5333-91a9-d8143bcc1382', '8f34fcb6-f40b-5bfe-b4ac-61be9867292b', 1) on conflict do nothing;
  insert into lesson_items(lesson_id,item_id,order_index) values ('19acb177-3edf-5333-91a9-d8143bcc1382', '33943a95-d52c-5b66-bd75-87204d0ebde6', 2) on conflict do nothing;
  insert into lesson_items(lesson_id,item_id,order_index) values ('19acb177-3edf-5333-91a9-d8143bcc1382', 'b0af3d69-8d8e-56b2-a003-8fb53196951b', 3) on conflict do nothing;
  insert into lesson_items(lesson_id,item_id,order_index) values ('19acb177-3edf-5333-91a9-d8143bcc1382', '478de63f-75a9-51b5-8317-a95312f7fb50', 4) on conflict do nothing;
  insert into lesson_items(lesson_id,item_id,order_index) values ('19acb177-3edf-5333-91a9-d8143bcc1382', '5348a517-4375-534b-a2b8-b3ff34c83e22', 5) on conflict do nothing;
  insert into lesson_items(lesson_id,item_id,order_index) values ('19acb177-3edf-5333-91a9-d8143bcc1382', '14e78f48-67f8-5546-ba0a-b4c7adca86c2', 6) on conflict do nothing;
  insert into lesson_items(lesson_id,item_id,order_index) values ('19acb177-3edf-5333-91a9-d8143bcc1382', 'a2f0d574-f9aa-5cdf-81f8-51883a66da4f', 7) on conflict do nothing;
  insert into lesson_items(lesson_id,item_id,order_index) values ('19acb177-3edf-5333-91a9-d8143bcc1382', '08084009-969d-574b-9d30-2e82d9ff103e', 8) on conflict do nothing;
  insert into lesson_items(lesson_id,item_id,order_index) values ('19acb177-3edf-5333-91a9-d8143bcc1382', 'e2ef3c86-7ea7-5a09-bc0f-82fe91d79cf8', 9) on conflict do nothing;
  insert into lesson_items(lesson_id,item_id,order_index) values ('19acb177-3edf-5333-91a9-d8143bcc1382', '186e7e96-f2af-5a51-80af-3ff8c67ce5a5', 10) on conflict do nothing;
  insert into lesson_items(lesson_id,item_id,order_index) values ('19acb177-3edf-5333-91a9-d8143bcc1382', '01042d18-3ca0-503d-83e5-6659a67da67d', 11) on conflict do nothing;
  insert into lesson_items(lesson_id,item_id,order_index) values ('19acb177-3edf-5333-91a9-d8143bcc1382', '341c82a4-7acc-5f91-b0eb-ef86a6326636', 12) on conflict do nothing;
  insert into lesson_items(lesson_id,item_id,order_index) values ('19acb177-3edf-5333-91a9-d8143bcc1382', 'd1a6910c-d14b-51a8-9cba-40b0c581f281', 13) on conflict do nothing;
  insert into lesson_items(lesson_id,item_id,order_index) values ('19acb177-3edf-5333-91a9-d8143bcc1382', '708bacbf-8b35-50db-acb0-033e650b2f77', 14) on conflict do nothing;
  update lessons set order_index=order_index-1000+2 where unit_id=v_unit and order_index>=1000;
end $$;

do $$
declare v_unit uuid; v_c int;
begin
  if exists (select 1 from lessons where id='133cd5df-1755-5db2-8996-76849b6c425e') then return; end if;
  select id into v_unit from units where course_id='20000000-0000-0000-0000-000000000003' and order_index=13;
  if v_unit is null then return; end if;
  select min(order_index) into v_c from lessons where unit_id=v_unit and type='checkpoint';
  if v_c is null then select max(order_index)+1 into v_c from lessons where unit_id=v_unit; end if;
  update lessons set order_index=order_index+1000 where unit_id=v_unit and order_index>=v_c;
  insert into lessons(id,unit_id,order_index,title,description,type,xp_reward) values ('133cd5df-1755-5db2-8996-76849b6c425e', v_unit, v_c+0, 'Vocabulario: la salud 1', 'Aprende palabras nuevas de alta frecuencia con ejemplos y audio.', 'lesson', 15) on conflict (id) do nothing;
  insert into lesson_items(lesson_id,item_id,order_index) values ('133cd5df-1755-5db2-8996-76849b6c425e', 'ba00a575-1178-53f0-a08c-07799f22faf3', 0) on conflict do nothing;
  insert into lesson_items(lesson_id,item_id,order_index) values ('133cd5df-1755-5db2-8996-76849b6c425e', '0770094c-b0ea-532c-afea-04b19f886900', 1) on conflict do nothing;
  insert into lesson_items(lesson_id,item_id,order_index) values ('133cd5df-1755-5db2-8996-76849b6c425e', '541a7244-3566-5285-b633-80ad49768e8f', 2) on conflict do nothing;
  insert into lesson_items(lesson_id,item_id,order_index) values ('133cd5df-1755-5db2-8996-76849b6c425e', '029355ca-641c-56bc-9c54-7eb73d6ec80b', 3) on conflict do nothing;
  insert into lesson_items(lesson_id,item_id,order_index) values ('133cd5df-1755-5db2-8996-76849b6c425e', '03433817-9ede-5e45-82e8-edf7f96d29a7', 4) on conflict do nothing;
  insert into lesson_items(lesson_id,item_id,order_index) values ('133cd5df-1755-5db2-8996-76849b6c425e', '14f0dae4-dfd5-57a3-9714-9c7adda119ca', 5) on conflict do nothing;
  insert into lesson_items(lesson_id,item_id,order_index) values ('133cd5df-1755-5db2-8996-76849b6c425e', '587a4800-9d3b-5f8a-8d72-3c8e9a129d1c', 6) on conflict do nothing;
  insert into lesson_items(lesson_id,item_id,order_index) values ('133cd5df-1755-5db2-8996-76849b6c425e', 'c09e6a4c-e0b0-57cb-a96f-4c393f7980a4', 7) on conflict do nothing;
  insert into lesson_items(lesson_id,item_id,order_index) values ('133cd5df-1755-5db2-8996-76849b6c425e', 'b167f76b-ee21-5492-97ad-2cb9a1179a82', 8) on conflict do nothing;
  insert into lesson_items(lesson_id,item_id,order_index) values ('133cd5df-1755-5db2-8996-76849b6c425e', '64e5d41a-fffa-5f5f-8620-504c914cf789', 9) on conflict do nothing;
  insert into lesson_items(lesson_id,item_id,order_index) values ('133cd5df-1755-5db2-8996-76849b6c425e', '49ee6a23-555c-5516-a305-efab1806fba8', 10) on conflict do nothing;
  insert into lesson_items(lesson_id,item_id,order_index) values ('133cd5df-1755-5db2-8996-76849b6c425e', 'fd3672e4-1c06-5165-ad13-f018ead563e6', 11) on conflict do nothing;
  insert into lesson_items(lesson_id,item_id,order_index) values ('133cd5df-1755-5db2-8996-76849b6c425e', 'a8a22406-4a1e-59ee-a119-db1d14268486', 12) on conflict do nothing;
  insert into lesson_items(lesson_id,item_id,order_index) values ('133cd5df-1755-5db2-8996-76849b6c425e', '4418ce8d-f755-5eb4-b3f5-6423e88dc342', 13) on conflict do nothing;
  insert into lesson_items(lesson_id,item_id,order_index) values ('133cd5df-1755-5db2-8996-76849b6c425e', '57fb72c8-875c-5d94-8c61-3e0a54cc8eb6', 14) on conflict do nothing;
  insert into lessons(id,unit_id,order_index,title,description,type,xp_reward) values ('44ffa9eb-cf58-5121-b468-ba07626bbe8d', v_unit, v_c+1, 'Vocabulario: la salud 2', 'Aprende palabras nuevas de alta frecuencia con ejemplos y audio.', 'lesson', 15) on conflict (id) do nothing;
  insert into lesson_items(lesson_id,item_id,order_index) values ('44ffa9eb-cf58-5121-b468-ba07626bbe8d', '50254396-62d8-55c2-b3c5-cfdce5d4786a', 0) on conflict do nothing;
  insert into lesson_items(lesson_id,item_id,order_index) values ('44ffa9eb-cf58-5121-b468-ba07626bbe8d', '7dd4c3f4-b570-5720-9d77-f2ca9dc707b8', 1) on conflict do nothing;
  insert into lesson_items(lesson_id,item_id,order_index) values ('44ffa9eb-cf58-5121-b468-ba07626bbe8d', '76afee09-ef30-5bc3-bfb3-9ee19493d21f', 2) on conflict do nothing;
  insert into lesson_items(lesson_id,item_id,order_index) values ('44ffa9eb-cf58-5121-b468-ba07626bbe8d', '394c252a-fc3f-5f48-96fb-240dc74269e8', 3) on conflict do nothing;
  insert into lesson_items(lesson_id,item_id,order_index) values ('44ffa9eb-cf58-5121-b468-ba07626bbe8d', '3c00dbf6-943c-5f1e-a317-706c0c08dafe', 4) on conflict do nothing;
  insert into lesson_items(lesson_id,item_id,order_index) values ('44ffa9eb-cf58-5121-b468-ba07626bbe8d', '19feae71-a095-5e77-a0e6-cc05909ed87b', 5) on conflict do nothing;
  insert into lesson_items(lesson_id,item_id,order_index) values ('44ffa9eb-cf58-5121-b468-ba07626bbe8d', 'a9b7854c-996b-537e-8193-610a7b513f7b', 6) on conflict do nothing;
  insert into lesson_items(lesson_id,item_id,order_index) values ('44ffa9eb-cf58-5121-b468-ba07626bbe8d', 'f700346c-a665-5646-bb34-56a52cc75e1a', 7) on conflict do nothing;
  insert into lesson_items(lesson_id,item_id,order_index) values ('44ffa9eb-cf58-5121-b468-ba07626bbe8d', 'ce093a15-a4c7-5e1c-80f6-ec64560a12fe', 8) on conflict do nothing;
  insert into lesson_items(lesson_id,item_id,order_index) values ('44ffa9eb-cf58-5121-b468-ba07626bbe8d', 'f628e216-a52c-5201-a281-32fcc9447145', 9) on conflict do nothing;
  insert into lesson_items(lesson_id,item_id,order_index) values ('44ffa9eb-cf58-5121-b468-ba07626bbe8d', '0df8ce92-d8c8-585e-b99a-34d20b54b39f', 10) on conflict do nothing;
  insert into lesson_items(lesson_id,item_id,order_index) values ('44ffa9eb-cf58-5121-b468-ba07626bbe8d', '40efea46-2d8f-509d-9723-bcb7b46dcca9', 11) on conflict do nothing;
  insert into lesson_items(lesson_id,item_id,order_index) values ('44ffa9eb-cf58-5121-b468-ba07626bbe8d', '8aaf5a20-2097-5983-84ce-cca6510e6816', 12) on conflict do nothing;
  insert into lesson_items(lesson_id,item_id,order_index) values ('44ffa9eb-cf58-5121-b468-ba07626bbe8d', '2647d11c-af4c-5fc1-8144-7fd96b78b135', 13) on conflict do nothing;
  insert into lesson_items(lesson_id,item_id,order_index) values ('44ffa9eb-cf58-5121-b468-ba07626bbe8d', 'b338ecd2-e543-58f2-9610-a32a87676e68', 14) on conflict do nothing;
  update lessons set order_index=order_index-1000+2 where unit_id=v_unit and order_index>=1000;
end $$;

do $$
declare v_unit uuid; v_c int;
begin
  if exists (select 1 from lessons where id='b1aa0f58-e610-54f8-9a74-193d0b1eca3c') then return; end if;
  select id into v_unit from units where course_id='20000000-0000-0000-0000-000000000003' and order_index=14;
  if v_unit is null then return; end if;
  select min(order_index) into v_c from lessons where unit_id=v_unit and type='checkpoint';
  if v_c is null then select max(order_index)+1 into v_c from lessons where unit_id=v_unit; end if;
  update lessons set order_index=order_index+1000 where unit_id=v_unit and order_index>=v_c;
  insert into lessons(id,unit_id,order_index,title,description,type,xp_reward) values ('b1aa0f58-e610-54f8-9a74-193d0b1eca3c', v_unit, v_c+0, 'Vocabulario: el trabajo 1', 'Aprende palabras nuevas de alta frecuencia con ejemplos y audio.', 'lesson', 15) on conflict (id) do nothing;
  insert into lesson_items(lesson_id,item_id,order_index) values ('b1aa0f58-e610-54f8-9a74-193d0b1eca3c', '0d5e025c-5da7-59dd-8b68-a3b7c9ab9621', 0) on conflict do nothing;
  insert into lesson_items(lesson_id,item_id,order_index) values ('b1aa0f58-e610-54f8-9a74-193d0b1eca3c', 'e7ffa07d-2e5b-5c2f-8303-a1dec1a1b667', 1) on conflict do nothing;
  insert into lesson_items(lesson_id,item_id,order_index) values ('b1aa0f58-e610-54f8-9a74-193d0b1eca3c', 'db4964d8-6a74-557b-9834-24e483e92379', 2) on conflict do nothing;
  insert into lesson_items(lesson_id,item_id,order_index) values ('b1aa0f58-e610-54f8-9a74-193d0b1eca3c', '4c7c1b71-c1ba-5454-b06a-1efaadca83e9', 3) on conflict do nothing;
  insert into lesson_items(lesson_id,item_id,order_index) values ('b1aa0f58-e610-54f8-9a74-193d0b1eca3c', '42150e36-6d85-58d4-ab87-8525513520c6', 4) on conflict do nothing;
  insert into lesson_items(lesson_id,item_id,order_index) values ('b1aa0f58-e610-54f8-9a74-193d0b1eca3c', '300d6911-758f-5499-83ea-621c04e42713', 5) on conflict do nothing;
  insert into lesson_items(lesson_id,item_id,order_index) values ('b1aa0f58-e610-54f8-9a74-193d0b1eca3c', '37ff07c7-d61d-524b-9049-f7749ec1242b', 6) on conflict do nothing;
  insert into lesson_items(lesson_id,item_id,order_index) values ('b1aa0f58-e610-54f8-9a74-193d0b1eca3c', 'b571fab5-dffc-5946-a19d-9afb61199fad', 7) on conflict do nothing;
  insert into lesson_items(lesson_id,item_id,order_index) values ('b1aa0f58-e610-54f8-9a74-193d0b1eca3c', '2afa9f29-0d58-5970-8aa8-156e70df3456', 8) on conflict do nothing;
  insert into lesson_items(lesson_id,item_id,order_index) values ('b1aa0f58-e610-54f8-9a74-193d0b1eca3c', 'e8b8f699-1efc-5988-aff5-56b1454d4100', 9) on conflict do nothing;
  insert into lesson_items(lesson_id,item_id,order_index) values ('b1aa0f58-e610-54f8-9a74-193d0b1eca3c', '669fdab8-a426-51db-a35f-be734f894413', 10) on conflict do nothing;
  insert into lesson_items(lesson_id,item_id,order_index) values ('b1aa0f58-e610-54f8-9a74-193d0b1eca3c', '6da6d969-f697-5a47-bf63-c17ea4e2670d', 11) on conflict do nothing;
  insert into lesson_items(lesson_id,item_id,order_index) values ('b1aa0f58-e610-54f8-9a74-193d0b1eca3c', 'db2d3fb3-bd27-5f18-a9d3-2c14338edbeb', 12) on conflict do nothing;
  insert into lessons(id,unit_id,order_index,title,description,type,xp_reward) values ('481796a0-9066-56c1-8ab4-269a41789803', v_unit, v_c+1, 'Vocabulario: el trabajo 2', 'Aprende palabras nuevas de alta frecuencia con ejemplos y audio.', 'lesson', 15) on conflict (id) do nothing;
  insert into lesson_items(lesson_id,item_id,order_index) values ('481796a0-9066-56c1-8ab4-269a41789803', '6ecd0432-128c-57cd-ab99-c772d282eca5', 0) on conflict do nothing;
  insert into lesson_items(lesson_id,item_id,order_index) values ('481796a0-9066-56c1-8ab4-269a41789803', '26429341-2be3-5120-aafa-80e44379e158', 1) on conflict do nothing;
  insert into lesson_items(lesson_id,item_id,order_index) values ('481796a0-9066-56c1-8ab4-269a41789803', '65470b15-960f-5898-936b-7d9ba8fbef94', 2) on conflict do nothing;
  insert into lesson_items(lesson_id,item_id,order_index) values ('481796a0-9066-56c1-8ab4-269a41789803', '685c7341-825f-5201-ad03-9c172e8e0aa8', 3) on conflict do nothing;
  insert into lesson_items(lesson_id,item_id,order_index) values ('481796a0-9066-56c1-8ab4-269a41789803', '3026e119-8099-5d0e-b870-29ec6d3ff2fc', 4) on conflict do nothing;
  insert into lesson_items(lesson_id,item_id,order_index) values ('481796a0-9066-56c1-8ab4-269a41789803', 'c84396f6-1fde-50cd-b2bd-0d103a4725c0', 5) on conflict do nothing;
  insert into lesson_items(lesson_id,item_id,order_index) values ('481796a0-9066-56c1-8ab4-269a41789803', 'c85107dd-6973-5509-8cd9-ddcae035aedd', 6) on conflict do nothing;
  insert into lesson_items(lesson_id,item_id,order_index) values ('481796a0-9066-56c1-8ab4-269a41789803', 'f61762ed-ad59-5401-aeee-ce149a6eda63', 7) on conflict do nothing;
  insert into lesson_items(lesson_id,item_id,order_index) values ('481796a0-9066-56c1-8ab4-269a41789803', '020b7725-483b-5196-822b-fa457d0a004a', 8) on conflict do nothing;
  insert into lesson_items(lesson_id,item_id,order_index) values ('481796a0-9066-56c1-8ab4-269a41789803', 'f89b4096-05f0-5fcc-bcf1-489d9db8de69', 9) on conflict do nothing;
  insert into lesson_items(lesson_id,item_id,order_index) values ('481796a0-9066-56c1-8ab4-269a41789803', '22433d78-3dd3-5291-a9d7-78c5f5935b7b', 10) on conflict do nothing;
  insert into lesson_items(lesson_id,item_id,order_index) values ('481796a0-9066-56c1-8ab4-269a41789803', 'd69674ad-98c8-5e8b-b22b-b99b42cd8fc3', 11) on conflict do nothing;
  insert into lesson_items(lesson_id,item_id,order_index) values ('481796a0-9066-56c1-8ab4-269a41789803', '3c3d7913-f7ac-515a-a2a7-89ffde88c826', 12) on conflict do nothing;
  update lessons set order_index=order_index-1000+2 where unit_id=v_unit and order_index>=1000;
end $$;

do $$
declare v_unit uuid; v_c int;
begin
  if exists (select 1 from lessons where id='e9f2d1b7-ff08-55cf-bd4a-fc4a1a990aea') then return; end if;
  select id into v_unit from units where course_id='20000000-0000-0000-0000-000000000003' and order_index=15;
  if v_unit is null then return; end if;
  select min(order_index) into v_c from lessons where unit_id=v_unit and type='checkpoint';
  if v_c is null then select max(order_index)+1 into v_c from lessons where unit_id=v_unit; end if;
  update lessons set order_index=order_index+1000 where unit_id=v_unit and order_index>=v_c;
  insert into lessons(id,unit_id,order_index,title,description,type,xp_reward) values ('e9f2d1b7-ff08-55cf-bd4a-fc4a1a990aea', v_unit, v_c+0, 'Vocabulario: la naturaleza 1', 'Aprende palabras nuevas de alta frecuencia con ejemplos y audio.', 'lesson', 15) on conflict (id) do nothing;
  insert into lesson_items(lesson_id,item_id,order_index) values ('e9f2d1b7-ff08-55cf-bd4a-fc4a1a990aea', 'b51b29bd-1df5-5f28-8be8-6da53b567b13', 0) on conflict do nothing;
  insert into lesson_items(lesson_id,item_id,order_index) values ('e9f2d1b7-ff08-55cf-bd4a-fc4a1a990aea', '65ba27ce-6a4d-56f1-9a9b-34240672b942', 1) on conflict do nothing;
  insert into lesson_items(lesson_id,item_id,order_index) values ('e9f2d1b7-ff08-55cf-bd4a-fc4a1a990aea', 'ff3cf6c0-bbb0-5abf-ae1a-9d3a1c06f2f4', 2) on conflict do nothing;
  insert into lesson_items(lesson_id,item_id,order_index) values ('e9f2d1b7-ff08-55cf-bd4a-fc4a1a990aea', 'f81d6fe0-ca7f-5923-924a-31c2f64d534b', 3) on conflict do nothing;
  insert into lesson_items(lesson_id,item_id,order_index) values ('e9f2d1b7-ff08-55cf-bd4a-fc4a1a990aea', '6e1c9081-0963-54ce-8cac-31d902243d0d', 4) on conflict do nothing;
  insert into lesson_items(lesson_id,item_id,order_index) values ('e9f2d1b7-ff08-55cf-bd4a-fc4a1a990aea', 'f81e4590-ff9b-56ca-a9cf-772a03774798', 5) on conflict do nothing;
  insert into lesson_items(lesson_id,item_id,order_index) values ('e9f2d1b7-ff08-55cf-bd4a-fc4a1a990aea', '25dff28a-6781-542e-959c-050d6bec8fe4', 6) on conflict do nothing;
  insert into lesson_items(lesson_id,item_id,order_index) values ('e9f2d1b7-ff08-55cf-bd4a-fc4a1a990aea', 'e91c33b6-64a4-54c0-b153-77721f0ed920', 7) on conflict do nothing;
  insert into lesson_items(lesson_id,item_id,order_index) values ('e9f2d1b7-ff08-55cf-bd4a-fc4a1a990aea', 'a0dcedfc-d240-5f1f-b8f8-ae4b81df3577', 8) on conflict do nothing;
  insert into lesson_items(lesson_id,item_id,order_index) values ('e9f2d1b7-ff08-55cf-bd4a-fc4a1a990aea', '538ac5f6-6e95-5b7d-826e-cce6c4df1c95', 9) on conflict do nothing;
  insert into lesson_items(lesson_id,item_id,order_index) values ('e9f2d1b7-ff08-55cf-bd4a-fc4a1a990aea', 'd07b34ce-2285-5d79-9431-24dd4aeb4721', 10) on conflict do nothing;
  insert into lesson_items(lesson_id,item_id,order_index) values ('e9f2d1b7-ff08-55cf-bd4a-fc4a1a990aea', 'f099bf06-e5ea-5146-a50c-ad377ca43e99', 11) on conflict do nothing;
  insert into lesson_items(lesson_id,item_id,order_index) values ('e9f2d1b7-ff08-55cf-bd4a-fc4a1a990aea', 'e226e867-d722-5421-a864-5e004c395967', 12) on conflict do nothing;
  insert into lesson_items(lesson_id,item_id,order_index) values ('e9f2d1b7-ff08-55cf-bd4a-fc4a1a990aea', 'b8ab86b4-4b78-5a8f-a603-f5f856389050', 13) on conflict do nothing;
  insert into lesson_items(lesson_id,item_id,order_index) values ('e9f2d1b7-ff08-55cf-bd4a-fc4a1a990aea', '21f9748a-5977-59d7-b3d4-09c3c52e1ac0', 14) on conflict do nothing;
  insert into lessons(id,unit_id,order_index,title,description,type,xp_reward) values ('4076ea72-4731-5ce7-808b-8d18a0ba6259', v_unit, v_c+1, 'Vocabulario: la naturaleza 2', 'Aprende palabras nuevas de alta frecuencia con ejemplos y audio.', 'lesson', 15) on conflict (id) do nothing;
  insert into lesson_items(lesson_id,item_id,order_index) values ('4076ea72-4731-5ce7-808b-8d18a0ba6259', 'd749f502-e245-5abe-aa6d-84fcfb58683b', 0) on conflict do nothing;
  insert into lesson_items(lesson_id,item_id,order_index) values ('4076ea72-4731-5ce7-808b-8d18a0ba6259', '3d08507e-cc17-534f-ab21-e10d4619bd01', 1) on conflict do nothing;
  insert into lesson_items(lesson_id,item_id,order_index) values ('4076ea72-4731-5ce7-808b-8d18a0ba6259', '6e7b1cb5-ad47-5b28-aeb0-51f452363447', 2) on conflict do nothing;
  insert into lesson_items(lesson_id,item_id,order_index) values ('4076ea72-4731-5ce7-808b-8d18a0ba6259', 'd8af5d44-cbb7-553e-8b6b-1aea68ef564c', 3) on conflict do nothing;
  insert into lesson_items(lesson_id,item_id,order_index) values ('4076ea72-4731-5ce7-808b-8d18a0ba6259', '603cbf3a-9efc-5199-80ce-3fc7c1425f4d', 4) on conflict do nothing;
  insert into lesson_items(lesson_id,item_id,order_index) values ('4076ea72-4731-5ce7-808b-8d18a0ba6259', '50551135-8ffc-525f-ab03-912c62337e1f', 5) on conflict do nothing;
  insert into lesson_items(lesson_id,item_id,order_index) values ('4076ea72-4731-5ce7-808b-8d18a0ba6259', '3efe450d-fd8c-5f13-a289-269f63361d99', 6) on conflict do nothing;
  insert into lesson_items(lesson_id,item_id,order_index) values ('4076ea72-4731-5ce7-808b-8d18a0ba6259', '4a7da882-3037-5834-9935-5bce12b8f13c', 7) on conflict do nothing;
  insert into lesson_items(lesson_id,item_id,order_index) values ('4076ea72-4731-5ce7-808b-8d18a0ba6259', '88e38787-0ca3-54b4-b54e-71c4d353b61b', 8) on conflict do nothing;
  insert into lesson_items(lesson_id,item_id,order_index) values ('4076ea72-4731-5ce7-808b-8d18a0ba6259', '735efb9a-6443-5ae3-8bf1-48f1960f0ebf', 9) on conflict do nothing;
  insert into lesson_items(lesson_id,item_id,order_index) values ('4076ea72-4731-5ce7-808b-8d18a0ba6259', 'bbfaba8f-9f1a-5601-ade4-4504d5435735', 10) on conflict do nothing;
  insert into lesson_items(lesson_id,item_id,order_index) values ('4076ea72-4731-5ce7-808b-8d18a0ba6259', 'de4a8124-1b29-5185-9e25-6869d4356c5c', 11) on conflict do nothing;
  insert into lesson_items(lesson_id,item_id,order_index) values ('4076ea72-4731-5ce7-808b-8d18a0ba6259', '0001fa0a-b8bb-5baa-9474-047cff4f77d1', 12) on conflict do nothing;
  insert into lesson_items(lesson_id,item_id,order_index) values ('4076ea72-4731-5ce7-808b-8d18a0ba6259', '3903a87c-93c3-54ad-b220-85228ea6e595', 13) on conflict do nothing;
  insert into lesson_items(lesson_id,item_id,order_index) values ('4076ea72-4731-5ce7-808b-8d18a0ba6259', '895e6540-4799-556f-9131-8a5307639b7d', 14) on conflict do nothing;
  update lessons set order_index=order_index-1000+2 where unit_id=v_unit and order_index>=1000;
end $$;

do $$
declare v_unit uuid; v_c int;
begin
  if exists (select 1 from lessons where id='65dbd05a-190e-5de8-8ca3-da3bb62b316a') then return; end if;
  select id into v_unit from units where course_id='20000000-0000-0000-0000-000000000003' and order_index=16;
  if v_unit is null then return; end if;
  select min(order_index) into v_c from lessons where unit_id=v_unit and type='checkpoint';
  if v_c is null then select max(order_index)+1 into v_c from lessons where unit_id=v_unit; end if;
  update lessons set order_index=order_index+1000 where unit_id=v_unit and order_index>=v_c;
  insert into lessons(id,unit_id,order_index,title,description,type,xp_reward) values ('65dbd05a-190e-5de8-8ca3-da3bb62b316a', v_unit, v_c+0, 'Vocabulario: las emociones 1', 'Aprende palabras nuevas de alta frecuencia con ejemplos y audio.', 'lesson', 15) on conflict (id) do nothing;
  insert into lesson_items(lesson_id,item_id,order_index) values ('65dbd05a-190e-5de8-8ca3-da3bb62b316a', '3e0d70dd-fe00-54ce-a49c-2cd172d42bc0', 0) on conflict do nothing;
  insert into lesson_items(lesson_id,item_id,order_index) values ('65dbd05a-190e-5de8-8ca3-da3bb62b316a', 'c381646a-7c59-5083-8e01-8460273deee2', 1) on conflict do nothing;
  insert into lesson_items(lesson_id,item_id,order_index) values ('65dbd05a-190e-5de8-8ca3-da3bb62b316a', 'adf560b4-5a92-54ca-8ede-e78c68a189a0', 2) on conflict do nothing;
  insert into lesson_items(lesson_id,item_id,order_index) values ('65dbd05a-190e-5de8-8ca3-da3bb62b316a', '999d1329-e3e5-5796-b3ef-898266298716', 3) on conflict do nothing;
  insert into lesson_items(lesson_id,item_id,order_index) values ('65dbd05a-190e-5de8-8ca3-da3bb62b316a', '7f418261-dfd3-5d35-9be9-10ee1a114bec', 4) on conflict do nothing;
  insert into lesson_items(lesson_id,item_id,order_index) values ('65dbd05a-190e-5de8-8ca3-da3bb62b316a', '81534985-f208-5cd9-8a8d-5e5cbc9bd581', 5) on conflict do nothing;
  insert into lesson_items(lesson_id,item_id,order_index) values ('65dbd05a-190e-5de8-8ca3-da3bb62b316a', '03c72119-d4e5-577d-9c8b-e13f31500e83', 6) on conflict do nothing;
  insert into lesson_items(lesson_id,item_id,order_index) values ('65dbd05a-190e-5de8-8ca3-da3bb62b316a', 'a2b4dcf5-896e-5e3c-88fb-e2f19b851bdf', 7) on conflict do nothing;
  insert into lesson_items(lesson_id,item_id,order_index) values ('65dbd05a-190e-5de8-8ca3-da3bb62b316a', 'f8cfac62-2865-52a5-a412-a40b29a34b40', 8) on conflict do nothing;
  insert into lesson_items(lesson_id,item_id,order_index) values ('65dbd05a-190e-5de8-8ca3-da3bb62b316a', '3e9be583-f6ff-58f3-ba36-74a790766ef2', 9) on conflict do nothing;
  insert into lesson_items(lesson_id,item_id,order_index) values ('65dbd05a-190e-5de8-8ca3-da3bb62b316a', '46df6721-2db4-555a-812d-631989341238', 10) on conflict do nothing;
  insert into lesson_items(lesson_id,item_id,order_index) values ('65dbd05a-190e-5de8-8ca3-da3bb62b316a', 'b36e4aea-2ca9-5689-99a9-2ba61b6495c8', 11) on conflict do nothing;
  insert into lesson_items(lesson_id,item_id,order_index) values ('65dbd05a-190e-5de8-8ca3-da3bb62b316a', 'ea7b5f91-dd39-51ae-9a5d-8ee3d2a6e7cd', 12) on conflict do nothing;
  insert into lessons(id,unit_id,order_index,title,description,type,xp_reward) values ('cc8857db-2f1b-592d-b12d-9944c4b79939', v_unit, v_c+1, 'Vocabulario: las emociones 2', 'Aprende palabras nuevas de alta frecuencia con ejemplos y audio.', 'lesson', 15) on conflict (id) do nothing;
  insert into lesson_items(lesson_id,item_id,order_index) values ('cc8857db-2f1b-592d-b12d-9944c4b79939', 'cdadf5f6-80d9-57fa-91c6-c940bc24ea32', 0) on conflict do nothing;
  insert into lesson_items(lesson_id,item_id,order_index) values ('cc8857db-2f1b-592d-b12d-9944c4b79939', '533b8bc9-2c0f-5d95-a7cd-ce2550dc9033', 1) on conflict do nothing;
  insert into lesson_items(lesson_id,item_id,order_index) values ('cc8857db-2f1b-592d-b12d-9944c4b79939', '7f99b9eb-afb6-54b8-b822-0eea812b40bd', 2) on conflict do nothing;
  insert into lesson_items(lesson_id,item_id,order_index) values ('cc8857db-2f1b-592d-b12d-9944c4b79939', 'fa501420-beb9-5c14-84c0-60d832b4a87a', 3) on conflict do nothing;
  insert into lesson_items(lesson_id,item_id,order_index) values ('cc8857db-2f1b-592d-b12d-9944c4b79939', '1f15f605-a576-5fe9-824b-eed76991fd24', 4) on conflict do nothing;
  insert into lesson_items(lesson_id,item_id,order_index) values ('cc8857db-2f1b-592d-b12d-9944c4b79939', 'c2f21e26-3277-56e9-84c2-512d3c6ba04d', 5) on conflict do nothing;
  insert into lesson_items(lesson_id,item_id,order_index) values ('cc8857db-2f1b-592d-b12d-9944c4b79939', '2d162d3d-7f80-5bef-8f41-cea5ddc48306', 6) on conflict do nothing;
  insert into lesson_items(lesson_id,item_id,order_index) values ('cc8857db-2f1b-592d-b12d-9944c4b79939', '0755e95f-62ed-537a-aa13-4764759ae1b8', 7) on conflict do nothing;
  insert into lesson_items(lesson_id,item_id,order_index) values ('cc8857db-2f1b-592d-b12d-9944c4b79939', 'c9bf7995-5c23-51bf-b583-87ab0ecd1e28', 8) on conflict do nothing;
  insert into lesson_items(lesson_id,item_id,order_index) values ('cc8857db-2f1b-592d-b12d-9944c4b79939', 'ba911eee-cea5-5a19-9660-8753bda12588', 9) on conflict do nothing;
  insert into lesson_items(lesson_id,item_id,order_index) values ('cc8857db-2f1b-592d-b12d-9944c4b79939', '973cfcfe-7eda-5a29-ace1-0a3701bdcd51', 10) on conflict do nothing;
  insert into lesson_items(lesson_id,item_id,order_index) values ('cc8857db-2f1b-592d-b12d-9944c4b79939', '06897c83-0aad-518b-9e26-aaf4bf3399a6', 11) on conflict do nothing;
  insert into lesson_items(lesson_id,item_id,order_index) values ('cc8857db-2f1b-592d-b12d-9944c4b79939', '8250248a-7ff3-50cc-873f-a464d67dc03d', 12) on conflict do nothing;
  update lessons set order_index=order_index-1000+2 where unit_id=v_unit and order_index>=1000;
end $$;

-- 4) re-derivar lesson_vocab (idempotente, lógica mig 165/166) → vincula las nuevas
insert into public.lesson_vocab (lesson_id, vocab_id, position)
with vn as (
  select id, course_id, jz_normalize(word) as nw,
         position(' ' in jz_normalize(word)) > 0 as is_multi
  from public.vocabulary
), item_text as (
  select li.lesson_id, u.course_id, li.order_index,
         translate(jz_normalize(t.txt), ',.;:!?¿¡"()[]{}', '               ') as ntxt
  from public.lesson_items li
  join public.content_items ci on ci.id = li.item_id
  join public.lessons l on l.id = li.lesson_id
  join public.units u on u.id = l.unit_id
  cross join lateral (values
    (ci.correct_answer ->> 'value'), (ci.payload ->> 'text'),
    (ci.payload ->> 'say'), (ci.prompt)
  ) as t(txt)
  where coalesce(t.txt, '') <> ''
), tok as (
  select it.lesson_id, it.course_id, it.order_index, w
  from item_text it
  cross join lateral regexp_split_to_table(it.ntxt, '\s+') as w
  where length(w) >= 2
), pair as (
  select li.lesson_id, u.course_id, li.order_index, jz_normalize(p ->> 'en') as w
  from public.lesson_items li
  join public.content_items ci on ci.id = li.item_id
  join public.lessons l on l.id = li.lesson_id
  join public.units u on u.id = l.unit_id
  cross join lateral jsonb_array_elements(ci.payload -> 'pairs') as p
  where ci.type = 'match' and coalesce(p ->> 'en', '') <> ''
), exact_m as (
  select c.lesson_id, v.id as vocab_id, c.order_index
  from (select lesson_id, course_id, order_index, w from tok
        union all
        select lesson_id, course_id, order_index, w from pair) c
  join vn v on v.course_id = c.course_id and v.nw = c.w
), multi_m as (
  select it.lesson_id, v.id as vocab_id, it.order_index
  from item_text it
  join vn v on v.course_id = it.course_id and v.is_multi
   and (' ' || it.ntxt || ' ') like ('%' || ' ' || v.nw || ' ' || '%')
), allm as (
  select * from exact_m union all select * from multi_m
)
select lesson_id, vocab_id, min(order_index) as position
from allm
group by lesson_id, vocab_id
on conflict (lesson_id, vocab_id) do nothing;
