-- LÉXICO Fase 1 · NEERLANDÉS — vocabulario NUEVO (LEXICO_PLAN §3/§4).
-- 232 palabras de alta frecuencia (10 temas) autoradas por agentes nativos +
-- doble revisión adversarial + guardas deterministas. Cada palabra: traducción
-- revisada + oración-ejemplo → CLOZE en contexto (con audio TTS, paga F3) +
-- MATCH de reconocimiento. Tag 'vocab_f1' (NO unidadN → checkpoints/exámenes/
-- placement intactos). Lecciones ancladas ANTES del checkpoint (DO-block). Idempotente.

-- 1) vocabulary (palabras nuevas)
insert into vocabulary(id,course_id,word,translation,frequency_rank,part_of_speech) values ('c9a5d336-d7c8-5c24-aec0-b842eea5b798', '20000000-0000-0000-0000-000000000006', 'de hoek', 'la esquina', 210, 'sustantivo') on conflict (id) do nothing;
insert into vocabulary(id,course_id,word,translation,frequency_rank,part_of_speech) values ('c2b21a4e-7c54-5fc9-a5c5-deb4983636ba', '20000000-0000-0000-0000-000000000006', 'het kruispunt', 'el cruce', 211, 'sustantivo') on conflict (id) do nothing;
insert into vocabulary(id,course_id,word,translation,frequency_rank,part_of_speech) values ('9c70c0a9-3706-544d-975c-22cd79cc0e54', '20000000-0000-0000-0000-000000000006', 'de stoep', 'la acera', 212, 'sustantivo') on conflict (id) do nothing;
insert into vocabulary(id,course_id,word,translation,frequency_rank,part_of_speech) values ('cd49a8e7-23e8-57c1-82be-c910014ccdf1', '20000000-0000-0000-0000-000000000006', 'het stadhuis', 'el ayuntamiento', 213, 'sustantivo') on conflict (id) do nothing;
insert into vocabulary(id,course_id,word,translation,frequency_rank,part_of_speech) values ('4219cee0-316d-5cea-8684-1213bce07dbb', '20000000-0000-0000-0000-000000000006', 'de wijk', 'el barrio', 214, 'sustantivo') on conflict (id) do nothing;
insert into vocabulary(id,course_id,word,translation,frequency_rank,part_of_speech) values ('2c6e5956-39ec-5393-9a2e-a429c561c442', '20000000-0000-0000-0000-000000000006', 'de kerk', 'la iglesia', 215, 'sustantivo') on conflict (id) do nothing;
insert into vocabulary(id,course_id,word,translation,frequency_rank,part_of_speech) values ('00ac854b-e086-5784-acda-c928dbafab10', '20000000-0000-0000-0000-000000000006', 'het stoplicht', 'el semáforo', 216, 'sustantivo') on conflict (id) do nothing;
insert into vocabulary(id,course_id,word,translation,frequency_rank,part_of_speech) values ('b3517bfc-4882-5335-9e2a-f3d47abe7b39', '20000000-0000-0000-0000-000000000006', 'de gracht', 'el canal (de ciudad)', 217, 'sustantivo') on conflict (id) do nothing;
insert into vocabulary(id,course_id,word,translation,frequency_rank,part_of_speech) values ('63ac534d-77fa-58ce-8bef-81a36bf55ac5', '20000000-0000-0000-0000-000000000006', 'de fietser', 'el ciclista', 218, 'sustantivo') on conflict (id) do nothing;
insert into vocabulary(id,course_id,word,translation,frequency_rank,part_of_speech) values ('f900624a-8a2f-5039-b8e6-8e201e1e5a1d', '20000000-0000-0000-0000-000000000006', 'het verkeer', 'el tráfico', 219, 'sustantivo') on conflict (id) do nothing;
insert into vocabulary(id,course_id,word,translation,frequency_rank,part_of_speech) values ('007b1671-66c8-5182-b0e6-c7fa318f919d', '20000000-0000-0000-0000-000000000006', 'oversteken', 'cruzar (la calle)', 220, 'verbo') on conflict (id) do nothing;
insert into vocabulary(id,course_id,word,translation,frequency_rank,part_of_speech) values ('25229ca6-c37f-540d-a8e6-f51175a6e204', '20000000-0000-0000-0000-000000000006', 'de halte', 'la parada', 221, 'sustantivo') on conflict (id) do nothing;
insert into vocabulary(id,course_id,word,translation,frequency_rank,part_of_speech) values ('4a244ff9-8635-5286-ad78-8212a13306af', '20000000-0000-0000-0000-000000000006', 'het fietspad', 'el carril bici', 210, 'sustantivo') on conflict (id) do nothing;
insert into vocabulary(id,course_id,word,translation,frequency_rank,part_of_speech) values ('0f9a3567-9387-5a7b-af42-c5a42a5a382e', '20000000-0000-0000-0000-000000000006', 'de steeg', 'el callejón', 211, 'sustantivo') on conflict (id) do nothing;
insert into vocabulary(id,course_id,word,translation,frequency_rank,part_of_speech) values ('a14e73e2-7d01-5a11-833d-c88474451450', '20000000-0000-0000-0000-000000000006', 'de buurt', 'el vecindario', 212, 'sustantivo') on conflict (id) do nothing;
insert into vocabulary(id,course_id,word,translation,frequency_rank,part_of_speech) values ('452465b3-cf4f-5594-8b71-fed042990ffb', '20000000-0000-0000-0000-000000000006', 'het zebrapad', 'el paso de cebra', 213, 'sustantivo') on conflict (id) do nothing;
insert into vocabulary(id,course_id,word,translation,frequency_rank,part_of_speech) values ('66463586-24cc-52e2-843c-355f8a75ccd0', '20000000-0000-0000-0000-000000000006', 'de voetganger', 'el peatón', 214, 'sustantivo') on conflict (id) do nothing;
insert into vocabulary(id,course_id,word,translation,frequency_rank,part_of_speech) values ('88cc54b6-850e-5a1c-b6cf-bcf6f1a512f9', '20000000-0000-0000-0000-000000000006', 'de toren', 'la torre', 215, 'sustantivo') on conflict (id) do nothing;
insert into vocabulary(id,course_id,word,translation,frequency_rank,part_of_speech) values ('19db2a2e-9cd4-54d3-8be1-20a57c1036b2', '20000000-0000-0000-0000-000000000006', 'de winkel', 'la tienda', 216, 'sustantivo') on conflict (id) do nothing;
insert into vocabulary(id,course_id,word,translation,frequency_rank,part_of_speech) values ('53ff81dd-ff22-541d-807c-f75454a81b6a', '20000000-0000-0000-0000-000000000006', 'de lantaarnpaal', 'la farola', 217, 'sustantivo') on conflict (id) do nothing;
insert into vocabulary(id,course_id,word,translation,frequency_rank,part_of_speech) values ('7ff42044-f53e-545d-8f62-d2cbdba55c3f', '20000000-0000-0000-0000-000000000006', 'de brievenbus', 'el buzón', 218, 'sustantivo') on conflict (id) do nothing;
insert into vocabulary(id,course_id,word,translation,frequency_rank,part_of_speech) values ('3e6195b2-1e13-5111-8a96-172940a3978d', '20000000-0000-0000-0000-000000000006', 'de ingang', 'la entrada', 219, 'sustantivo') on conflict (id) do nothing;
insert into vocabulary(id,course_id,word,translation,frequency_rank,part_of_speech) values ('eeaa37c4-bcc6-5ea6-aa69-ad9dff9c6c99', '20000000-0000-0000-0000-000000000006', 'het dorp', 'el pueblo', 220, 'sustantivo') on conflict (id) do nothing;
insert into vocabulary(id,course_id,word,translation,frequency_rank,part_of_speech) values ('141ed716-1a4b-5fbb-ace5-a78ee4d2d189', '20000000-0000-0000-0000-000000000006', 'de stad', 'la ciudad', 221, 'sustantivo') on conflict (id) do nothing;
insert into vocabulary(id,course_id,word,translation,frequency_rank,part_of_speech) values ('f0ea73cd-1d2b-51f1-89b2-6ac0d1609f2a', '20000000-0000-0000-0000-000000000006', 'de kamer', 'la habitación', 240, 'sustantivo') on conflict (id) do nothing;
insert into vocabulary(id,course_id,word,translation,frequency_rank,part_of_speech) values ('35674e2f-f079-5e59-948b-50bf1d59f0c3', '20000000-0000-0000-0000-000000000006', 'het bed', 'la cama', 241, 'sustantivo') on conflict (id) do nothing;
insert into vocabulary(id,course_id,word,translation,frequency_rank,part_of_speech) values ('e0f126e1-15af-56ee-ad4e-29bac12260c3', '20000000-0000-0000-0000-000000000006', 'de lade', 'el cajón', 242, 'sustantivo') on conflict (id) do nothing;
insert into vocabulary(id,course_id,word,translation,frequency_rank,part_of_speech) values ('f46c8294-df76-59e5-bd86-e453d0133ad1', '20000000-0000-0000-0000-000000000006', 'de deken', 'la manta', 243, 'sustantivo') on conflict (id) do nothing;
insert into vocabulary(id,course_id,word,translation,frequency_rank,part_of_speech) values ('4d528daf-94d6-5ebc-8999-3b0e021aa657', '20000000-0000-0000-0000-000000000006', 'het gordijn', 'la cortina', 244, 'sustantivo') on conflict (id) do nothing;
insert into vocabulary(id,course_id,word,translation,frequency_rank,part_of_speech) values ('7d9ac5fb-df7d-58de-b9e3-06e5875907e4', '20000000-0000-0000-0000-000000000006', 'de muur', 'la pared', 245, 'sustantivo') on conflict (id) do nothing;
insert into vocabulary(id,course_id,word,translation,frequency_rank,part_of_speech) values ('7ba9a07a-2ab9-5294-acb2-e815356480d0', '20000000-0000-0000-0000-000000000006', 'het plafond', 'el techo', 246, 'sustantivo') on conflict (id) do nothing;
insert into vocabulary(id,course_id,word,translation,frequency_rank,part_of_speech) values ('d8de10da-34c0-5379-844f-5eb51d1a3d49', '20000000-0000-0000-0000-000000000006', 'de vloer', 'el suelo', 247, 'sustantivo') on conflict (id) do nothing;
insert into vocabulary(id,course_id,word,translation,frequency_rank,part_of_speech) values ('87deac3c-75b5-553f-96da-49980d172a63', '20000000-0000-0000-0000-000000000006', 'de trap', 'la escalera', 248, 'sustantivo') on conflict (id) do nothing;
insert into vocabulary(id,course_id,word,translation,frequency_rank,part_of_speech) values ('a078953a-4558-5d22-98ba-dc54b6e9d415', '20000000-0000-0000-0000-000000000006', 'de bezem', 'la escoba', 240, 'sustantivo') on conflict (id) do nothing;
insert into vocabulary(id,course_id,word,translation,frequency_rank,part_of_speech) values ('2e6cefe8-149b-535b-b417-f6ff3962e03e', '20000000-0000-0000-0000-000000000006', 'het kussen', 'la almohada', 241, 'sustantivo') on conflict (id) do nothing;
insert into vocabulary(id,course_id,word,translation,frequency_rank,part_of_speech) values ('68b28956-91c2-5b82-b1f6-d59c2b681d09', '20000000-0000-0000-0000-000000000006', 'de kast', 'el armario', 242, 'sustantivo') on conflict (id) do nothing;
insert into vocabulary(id,course_id,word,translation,frequency_rank,part_of_speech) values ('a878528b-6519-5c10-987e-43f50f3e2745', '20000000-0000-0000-0000-000000000006', 'de kraan', 'el grifo', 243, 'sustantivo') on conflict (id) do nothing;
insert into vocabulary(id,course_id,word,translation,frequency_rank,part_of_speech) values ('4e853d06-1db6-54c3-ae0e-228f0d99b306', '20000000-0000-0000-0000-000000000006', 'het dak', 'el tejado', 244, 'sustantivo') on conflict (id) do nothing;
insert into vocabulary(id,course_id,word,translation,frequency_rank,part_of_speech) values ('90be39c3-b8db-5cac-b19e-133b24217117', '20000000-0000-0000-0000-000000000006', 'de zolder', 'el desván', 245, 'sustantivo') on conflict (id) do nothing;
insert into vocabulary(id,course_id,word,translation,frequency_rank,part_of_speech) values ('1caa2e01-b531-5fe6-982a-f7601e63d200', '20000000-0000-0000-0000-000000000006', 'de wasmachine', 'la lavadora', 246, 'sustantivo') on conflict (id) do nothing;
insert into vocabulary(id,course_id,word,translation,frequency_rank,part_of_speech) values ('4865ec9f-76e6-5cf0-a7da-19501a713b66', '20000000-0000-0000-0000-000000000006', 'strijken', 'planchar', 247, 'verbo') on conflict (id) do nothing;
insert into vocabulary(id,course_id,word,translation,frequency_rank,part_of_speech) values ('febb2042-fbb4-533c-a6bb-f23a4194cbfa', '20000000-0000-0000-0000-000000000006', 'het tapijt', 'la alfombra', 248, 'sustantivo') on conflict (id) do nothing;
insert into vocabulary(id,course_id,word,translation,frequency_rank,part_of_speech) values ('91005a6c-c28c-59d6-81f5-e1fbbaa7bb6e', '20000000-0000-0000-0000-000000000006', 'de keuken', 'la cocina', 240, 'sustantivo') on conflict (id) do nothing;
insert into vocabulary(id,course_id,word,translation,frequency_rank,part_of_speech) values ('3c164c9c-fa96-5b08-877c-61efd9ebdf0c', '20000000-0000-0000-0000-000000000006', 'de badkamer', 'el baño', 241, 'sustantivo') on conflict (id) do nothing;
insert into vocabulary(id,course_id,word,translation,frequency_rank,part_of_speech) values ('20e5c378-426d-52f6-8548-ab5f375df226', '20000000-0000-0000-0000-000000000006', 'de slaapkamer', 'el dormitorio', 242, 'sustantivo') on conflict (id) do nothing;
insert into vocabulary(id,course_id,word,translation,frequency_rank,part_of_speech) values ('41b30443-8493-522b-b873-ad2a0182e496', '20000000-0000-0000-0000-000000000006', 'de woonkamer', 'el salón', 243, 'sustantivo') on conflict (id) do nothing;
insert into vocabulary(id,course_id,word,translation,frequency_rank,part_of_speech) values ('f5a4871d-78a2-5840-b16d-f2bb0f9c5121', '20000000-0000-0000-0000-000000000006', 'de tafel', 'la mesa', 244, 'sustantivo') on conflict (id) do nothing;
insert into vocabulary(id,course_id,word,translation,frequency_rank,part_of_speech) values ('99c868d0-97e8-5a22-91b5-40bc660ec7bb', '20000000-0000-0000-0000-000000000006', 'de stoel', 'la silla', 245, 'sustantivo') on conflict (id) do nothing;
insert into vocabulary(id,course_id,word,translation,frequency_rank,part_of_speech) values ('3b601001-ed39-5e63-8868-e2b36ebab60a', '20000000-0000-0000-0000-000000000006', 'de deur', 'la puerta', 246, 'sustantivo') on conflict (id) do nothing;
insert into vocabulary(id,course_id,word,translation,frequency_rank,part_of_speech) values ('bd829291-b2cb-5b0a-98fd-1ead5f00b032', '20000000-0000-0000-0000-000000000006', 'schoonmaken', 'limpiar', 247, 'verbo') on conflict (id) do nothing;
insert into vocabulary(id,course_id,word,translation,frequency_rank,part_of_speech) values ('7fff08d5-7ccc-52d3-b580-6650da9c4f46', '20000000-0000-0000-0000-000000000006', 'het vlees', 'la carne', 270, 'sustantivo') on conflict (id) do nothing;
insert into vocabulary(id,course_id,word,translation,frequency_rank,part_of_speech) values ('e64fed0b-d857-5e8e-b125-a77905d365d5', '20000000-0000-0000-0000-000000000006', 'de ui', 'la cebolla', 271, 'sustantivo') on conflict (id) do nothing;
insert into vocabulary(id,course_id,word,translation,frequency_rank,part_of_speech) values ('8e0a84ac-7b7d-529a-9c72-3c25d1905234', '20000000-0000-0000-0000-000000000006', 'de boter', 'la mantequilla', 272, 'sustantivo') on conflict (id) do nothing;
insert into vocabulary(id,course_id,word,translation,frequency_rank,part_of_speech) values ('2225ced9-df14-52f4-b5a7-990a80f9a2bc', '20000000-0000-0000-0000-000000000006', 'de kaas', 'el queso', 273, 'sustantivo') on conflict (id) do nothing;
insert into vocabulary(id,course_id,word,translation,frequency_rank,part_of_speech) values ('1c706498-36b3-5535-85cc-bf5eb6f6a617', '20000000-0000-0000-0000-000000000006', 'het ei', 'el huevo', 274, 'sustantivo') on conflict (id) do nothing;
insert into vocabulary(id,course_id,word,translation,frequency_rank,part_of_speech) values ('0f28036d-9d7b-5dd4-b1ac-328816fd1a5e', '20000000-0000-0000-0000-000000000006', 'de room', 'la nata', 275, 'sustantivo') on conflict (id) do nothing;
insert into vocabulary(id,course_id,word,translation,frequency_rank,part_of_speech) values ('e3c93bfe-e47a-5d5c-9011-895df37438a5', '20000000-0000-0000-0000-000000000006', 'het gerecht', 'el plato (preparado)', 276, 'sustantivo') on conflict (id) do nothing;
insert into vocabulary(id,course_id,word,translation,frequency_rank,part_of_speech) values ('27537497-2792-5e04-8c83-2f3b83f599b9', '20000000-0000-0000-0000-000000000006', 'de maaltijd', 'la comida (ocasión)', 277, 'sustantivo') on conflict (id) do nothing;
insert into vocabulary(id,course_id,word,translation,frequency_rank,part_of_speech) values ('ff10dadc-fe20-5791-abda-d55bbc827288', '20000000-0000-0000-0000-000000000006', 'lekker', 'rico, sabroso', 278, 'adjetivo') on conflict (id) do nothing;
insert into vocabulary(id,course_id,word,translation,frequency_rank,part_of_speech) values ('1ca1169d-d907-5aa1-b081-9486fc4a8b08', '20000000-0000-0000-0000-000000000006', 'proeven', 'probar, degustar', 270, 'verbo') on conflict (id) do nothing;
insert into vocabulary(id,course_id,word,translation,frequency_rank,part_of_speech) values ('cc8c7c2d-2036-59cf-8041-1cee2fbef6ef', '20000000-0000-0000-0000-000000000006', 'het ontbijt', 'el desayuno', 271, 'sustantivo') on conflict (id) do nothing;
insert into vocabulary(id,course_id,word,translation,frequency_rank,part_of_speech) values ('93adf583-0785-50f8-9eb4-c4daf7cca8c4', '20000000-0000-0000-0000-000000000006', 'het avondeten', 'la cena', 272, 'sustantivo') on conflict (id) do nothing;
insert into vocabulary(id,course_id,word,translation,frequency_rank,part_of_speech) values ('52986938-b19a-57ca-8968-eddccfb8d0a6', '20000000-0000-0000-0000-000000000006', 'de honger', 'el hambre', 273, 'sustantivo') on conflict (id) do nothing;
insert into vocabulary(id,course_id,word,translation,frequency_rank,part_of_speech) values ('58b08668-1325-53a4-a8a2-778e48e00090', '20000000-0000-0000-0000-000000000006', 'de dorst', 'la sed', 274, 'sustantivo') on conflict (id) do nothing;
insert into vocabulary(id,course_id,word,translation,frequency_rank,part_of_speech) values ('4879423f-2fbc-5097-929b-2e59e14b85b8', '20000000-0000-0000-0000-000000000006', 'het bord', 'el plato (vajilla)', 275, 'sustantivo') on conflict (id) do nothing;
insert into vocabulary(id,course_id,word,translation,frequency_rank,part_of_speech) values ('b2141bd2-0921-5e2e-bdc0-7a898ff29c11', '20000000-0000-0000-0000-000000000006', 'de lepel', 'la cuchara', 276, 'sustantivo') on conflict (id) do nothing;
insert into vocabulary(id,course_id,word,translation,frequency_rank,part_of_speech) values ('8065e8bc-e683-5863-8436-ea38833d1f41', '20000000-0000-0000-0000-000000000006', 'de vork', 'el tenedor', 277, 'sustantivo') on conflict (id) do nothing;
insert into vocabulary(id,course_id,word,translation,frequency_rank,part_of_speech) values ('41d0c59e-7873-5ef6-b3ff-d20f737c4a09', '20000000-0000-0000-0000-000000000006', 'het mes', 'el cuchillo', 278, 'sustantivo') on conflict (id) do nothing;
insert into vocabulary(id,course_id,word,translation,frequency_rank,part_of_speech) values ('d2cbf4f1-aa16-5efa-80db-3edf55affb89', '20000000-0000-0000-0000-000000000006', 'bakken', 'freír, hornear', 270, 'verbo') on conflict (id) do nothing;
insert into vocabulary(id,course_id,word,translation,frequency_rank,part_of_speech) values ('0e5e5f56-7c54-5b97-91cf-e520c4572ef9', '20000000-0000-0000-0000-000000000006', 'snijden', 'cortar', 271, 'verbo') on conflict (id) do nothing;
insert into vocabulary(id,course_id,word,translation,frequency_rank,part_of_speech) values ('c85c0dd1-b4fc-523e-8eef-86c265b7fa47', '20000000-0000-0000-0000-000000000006', 'het zout', 'la sal', 272, 'sustantivo') on conflict (id) do nothing;
insert into vocabulary(id,course_id,word,translation,frequency_rank,part_of_speech) values ('29ae16f6-2ea2-5670-955d-528afa9aab37', '20000000-0000-0000-0000-000000000006', 'de suiker', 'el azúcar', 273, 'sustantivo') on conflict (id) do nothing;
insert into vocabulary(id,course_id,word,translation,frequency_rank,part_of_speech) values ('7ac1e12e-d52d-5145-bc68-d2ac84f774ed', '20000000-0000-0000-0000-000000000006', 'de aardappel', 'la patata', 274, 'sustantivo') on conflict (id) do nothing;
insert into vocabulary(id,course_id,word,translation,frequency_rank,part_of_speech) values ('e69207ef-7a4e-5ed4-b563-aaa3b8cd901c', '20000000-0000-0000-0000-000000000006', 'de wortel', 'la zanahoria', 275, 'sustantivo') on conflict (id) do nothing;
insert into vocabulary(id,course_id,word,translation,frequency_rank,part_of_speech) values ('cddd8d22-4967-55c1-857f-e9f6ce3cf5bb', '20000000-0000-0000-0000-000000000006', 'de kip', 'el pollo', 276, 'sustantivo') on conflict (id) do nothing;
insert into vocabulary(id,course_id,word,translation,frequency_rank,part_of_speech) values ('833297b7-b696-5603-a7cd-89ab5a50e8c2', '20000000-0000-0000-0000-000000000006', 'de groente', 'la verdura', 277, 'sustantivo') on conflict (id) do nothing;
insert into vocabulary(id,course_id,word,translation,frequency_rank,part_of_speech) values ('0bb5477c-874d-58d7-92f5-2ff19ed0719b', '20000000-0000-0000-0000-000000000006', 'de rugzak', 'la mochila', 300, 'sustantivo') on conflict (id) do nothing;
insert into vocabulary(id,course_id,word,translation,frequency_rank,part_of_speech) values ('0b47dbf3-74be-5088-9c63-a8c220ca335d', '20000000-0000-0000-0000-000000000006', 'het spoor', 'la vía / el andén', 301, 'sustantivo') on conflict (id) do nothing;
insert into vocabulary(id,course_id,word,translation,frequency_rank,part_of_speech) values ('d1afa1b5-01da-5aea-b5e6-ea86fd3deaa1', '20000000-0000-0000-0000-000000000006', 'de vertraging', 'el retraso', 302, 'sustantivo') on conflict (id) do nothing;
insert into vocabulary(id,course_id,word,translation,frequency_rank,part_of_speech) values ('1f3f18ad-031a-5849-9f14-0e64d95e61d5', '20000000-0000-0000-0000-000000000006', 'de bestemming', 'el destino', 303, 'sustantivo') on conflict (id) do nothing;
insert into vocabulary(id,course_id,word,translation,frequency_rank,part_of_speech) values ('50ab8ace-9d6f-5e08-88b1-d71b3e48596b', '20000000-0000-0000-0000-000000000006', 'de grens', 'la frontera', 304, 'sustantivo') on conflict (id) do nothing;
insert into vocabulary(id,course_id,word,translation,frequency_rank,part_of_speech) values ('eb0dcc02-ee73-5b6a-8435-e43cff6c5f93', '20000000-0000-0000-0000-000000000006', 'het rijbewijs', 'el carné de conducir', 305, 'sustantivo') on conflict (id) do nothing;
insert into vocabulary(id,course_id,word,translation,frequency_rank,part_of_speech) values ('5c799d35-33b4-501c-9121-5b464812e282', '20000000-0000-0000-0000-000000000006', 'instappen', 'subir(se) (a un vehículo)', 306, 'verbo') on conflict (id) do nothing;
insert into vocabulary(id,course_id,word,translation,frequency_rank,part_of_speech) values ('1b818f27-b0cf-55b3-9904-f5c2967468de', '20000000-0000-0000-0000-000000000006', 'uitstappen', 'bajar(se) (de un vehículo)', 307, 'verbo') on conflict (id) do nothing;
insert into vocabulary(id,course_id,word,translation,frequency_rank,part_of_speech) values ('28015516-21e2-54f2-9ae3-799fb2e87389', '20000000-0000-0000-0000-000000000006', 'aankomen', 'llegar', 308, 'verbo') on conflict (id) do nothing;
insert into vocabulary(id,course_id,word,translation,frequency_rank,part_of_speech) values ('8ab7e2cf-4fae-5895-b851-ba09601ec427', '20000000-0000-0000-0000-000000000006', 'rijden', 'conducir / ir (en vehículo)', 300, 'verbo') on conflict (id) do nothing;
insert into vocabulary(id,course_id,word,translation,frequency_rank,part_of_speech) values ('4e0b66db-9142-5a63-b0d1-24e821bda70a', '20000000-0000-0000-0000-000000000006', 'huren', 'alquilar', 301, 'verbo') on conflict (id) do nothing;
insert into vocabulary(id,course_id,word,translation,frequency_rank,part_of_speech) values ('752ceff4-a8cb-50cd-bf9b-bc69056b8339', '20000000-0000-0000-0000-000000000006', 'overstappen', 'hacer transbordo / cambiar de tren', 302, 'verbo') on conflict (id) do nothing;
insert into vocabulary(id,course_id,word,translation,frequency_rank,part_of_speech) values ('e46f6ba3-8262-5676-bd07-d2b3d2f62892', '20000000-0000-0000-0000-000000000006', 'de aankomst', 'la llegada', 303, 'sustantivo') on conflict (id) do nothing;
insert into vocabulary(id,course_id,word,translation,frequency_rank,part_of_speech) values ('031c8eac-7ac5-57ea-93f6-76761b5e951c', '20000000-0000-0000-0000-000000000006', 'de fiets', 'la bicicleta', 304, 'sustantivo') on conflict (id) do nothing;
insert into vocabulary(id,course_id,word,translation,frequency_rank,part_of_speech) values ('f46077bc-619a-5a54-b84e-eb17ceaa6773', '20000000-0000-0000-0000-000000000006', 'de weg', 'el camino / la carretera', 305, 'sustantivo') on conflict (id) do nothing;
insert into vocabulary(id,course_id,word,translation,frequency_rank,part_of_speech) values ('d08df387-85cf-5e15-89bd-8bd835394a0c', '20000000-0000-0000-0000-000000000006', 'de snelweg', 'la autopista', 306, 'sustantivo') on conflict (id) do nothing;
insert into vocabulary(id,course_id,word,translation,frequency_rank,part_of_speech) values ('ac484d68-3251-556f-a4ba-4c75ce88dd08', '20000000-0000-0000-0000-000000000006', 'de haven', 'el puerto', 307, 'sustantivo') on conflict (id) do nothing;
insert into vocabulary(id,course_id,word,translation,frequency_rank,part_of_speech) values ('40628dbd-62e8-5311-af22-04dac2d423b6', '20000000-0000-0000-0000-000000000006', 'de rit', 'el trayecto / el viaje (en vehículo)', 308, 'sustantivo') on conflict (id) do nothing;
insert into vocabulary(id,course_id,word,translation,frequency_rank,part_of_speech) values ('476fb0c8-289e-5187-b15d-b9abee6bc05a', '20000000-0000-0000-0000-000000000006', 'inpakken', 'hacer la maleta / empacar', 300, 'verbo') on conflict (id) do nothing;
insert into vocabulary(id,course_id,word,translation,frequency_rank,part_of_speech) values ('4fbcc077-a304-5f0f-b841-f0cae23fc4cf', '20000000-0000-0000-0000-000000000006', 'landen', 'aterrizar', 301, 'verbo') on conflict (id) do nothing;
insert into vocabulary(id,course_id,word,translation,frequency_rank,part_of_speech) values ('a140755c-c2fc-5124-a713-7e993a57aa11', '20000000-0000-0000-0000-000000000006', 'de vlucht', 'el vuelo', 302, 'sustantivo') on conflict (id) do nothing;
insert into vocabulary(id,course_id,word,translation,frequency_rank,part_of_speech) values ('f0762a1a-7007-50f8-ba38-ad9985960d6d', '20000000-0000-0000-0000-000000000006', 'onderweg', 'de camino / en ruta', 303, 'adverbio') on conflict (id) do nothing;
insert into vocabulary(id,course_id,word,translation,frequency_rank,part_of_speech) values ('13853d74-c380-5a3f-b72b-704d7bdb2a99', '20000000-0000-0000-0000-000000000006', 'de richting', 'la dirección', 304, 'sustantivo') on conflict (id) do nothing;
insert into vocabulary(id,course_id,word,translation,frequency_rank,part_of_speech) values ('bed5b5c5-1c21-54aa-9bff-534badcdf222', '20000000-0000-0000-0000-000000000006', 'verdwalen', 'perderse / extraviarse', 305, 'verbo') on conflict (id) do nothing;
insert into vocabulary(id,course_id,word,translation,frequency_rank,part_of_speech) values ('15c7521c-db32-530e-983e-b606882b260b', '20000000-0000-0000-0000-000000000006', 'de file', 'el atasco', 306, 'sustantivo') on conflict (id) do nothing;
insert into vocabulary(id,course_id,word,translation,frequency_rank,part_of_speech) values ('3d884bdb-0eb7-5224-8000-a56650f73077', '20000000-0000-0000-0000-000000000006', 'de reiziger', 'el viajero / el pasajero', 307, 'sustantivo') on conflict (id) do nothing;
insert into vocabulary(id,course_id,word,translation,frequency_rank,part_of_speech) values ('ca67fd27-1083-5431-905c-3234c8fda7a0', '20000000-0000-0000-0000-000000000006', 'de korting', 'el descuento', 330, 'sustantivo') on conflict (id) do nothing;
insert into vocabulary(id,course_id,word,translation,frequency_rank,part_of_speech) values ('f3b192c7-fb62-54d7-bdef-01fdacb515bd', '20000000-0000-0000-0000-000000000006', 'de maat', 'la talla', 331, 'sustantivo') on conflict (id) do nothing;
insert into vocabulary(id,course_id,word,translation,frequency_rank,part_of_speech) values ('6cbfa8f5-4f21-5cb1-a178-374c9187c16f', '20000000-0000-0000-0000-000000000006', 'de kassa', 'la caja', 332, 'sustantivo') on conflict (id) do nothing;
insert into vocabulary(id,course_id,word,translation,frequency_rank,part_of_speech) values ('827827cb-ac7a-51ef-92b2-1899236612a0', '20000000-0000-0000-0000-000000000006', 'het geld', 'el dinero', 333, 'sustantivo') on conflict (id) do nothing;
insert into vocabulary(id,course_id,word,translation,frequency_rank,part_of_speech) values ('9eed1e1e-2176-571c-baed-67df5c72b5bc', '20000000-0000-0000-0000-000000000006', 'de kassabon', 'el recibo', 334, 'sustantivo') on conflict (id) do nothing;
insert into vocabulary(id,course_id,word,translation,frequency_rank,part_of_speech) values ('1ab9571d-3d6a-5849-ad65-54c9abc9583a', '20000000-0000-0000-0000-000000000006', 'de portemonnee', 'la cartera', 335, 'sustantivo') on conflict (id) do nothing;
insert into vocabulary(id,course_id,word,translation,frequency_rank,part_of_speech) values ('e4cbf770-b290-5912-bb07-f3a41386764e', '20000000-0000-0000-0000-000000000006', 'het wisselgeld', 'el cambio (vuelto)', 336, 'sustantivo') on conflict (id) do nothing;
insert into vocabulary(id,course_id,word,translation,frequency_rank,part_of_speech) values ('fb20ce06-88e5-5718-b500-094e9c72c086', '20000000-0000-0000-0000-000000000006', 'de rij', 'la cola (fila)', 337, 'sustantivo') on conflict (id) do nothing;
insert into vocabulary(id,course_id,word,translation,frequency_rank,part_of_speech) values ('62f0afde-4aec-55f9-8cee-83c85b8472c7', '20000000-0000-0000-0000-000000000006', 'de etalage', 'el escaparate', 338, 'sustantivo') on conflict (id) do nothing;
insert into vocabulary(id,course_id,word,translation,frequency_rank,part_of_speech) values ('77b5ebde-0b60-5634-9828-c13298b7683d', '20000000-0000-0000-0000-000000000006', 'de uitverkoop', 'las rebajas', 339, 'sustantivo') on conflict (id) do nothing;
insert into vocabulary(id,course_id,word,translation,frequency_rank,part_of_speech) values ('b7377946-12ed-5971-8c1a-2f23f48cf653', '20000000-0000-0000-0000-000000000006', 'passen', 'probarse (ropa)', 340, 'verbo') on conflict (id) do nothing;
insert into vocabulary(id,course_id,word,translation,frequency_rank,part_of_speech) values ('3b7986c0-b09b-5cac-9a4d-8e2c92903697', '20000000-0000-0000-0000-000000000006', 'contant', 'en efectivo', 341, 'adverbio') on conflict (id) do nothing;
insert into vocabulary(id,course_id,word,translation,frequency_rank,part_of_speech) values ('0f0b1f00-de8e-5da6-8042-8aaa23dc8b53', '20000000-0000-0000-0000-000000000006', 'de verkoper', 'el vendedor', 330, 'sustantivo') on conflict (id) do nothing;
insert into vocabulary(id,course_id,word,translation,frequency_rank,part_of_speech) values ('c4dc84a7-fe83-5f82-a19d-e984d0a90500', '20000000-0000-0000-0000-000000000006', 'de winkelwagen', 'el carrito', 331, 'sustantivo') on conflict (id) do nothing;
insert into vocabulary(id,course_id,word,translation,frequency_rank,part_of_speech) values ('054ebe06-43c6-5485-b5f8-bc4f70d8af33', '20000000-0000-0000-0000-000000000006', 'het mandje', 'la cesta', 332, 'sustantivo') on conflict (id) do nothing;
insert into vocabulary(id,course_id,word,translation,frequency_rank,part_of_speech) values ('c47537b6-c171-5826-9eca-06f128bda67d', '20000000-0000-0000-0000-000000000006', 'ruilen', 'cambiar (un producto)', 333, 'verbo') on conflict (id) do nothing;
insert into vocabulary(id,course_id,word,translation,frequency_rank,part_of_speech) values ('9fd76cbb-2ab7-5540-b82a-5ae2b5e414e9', '20000000-0000-0000-0000-000000000006', 'de aanbieding', 'la oferta', 334, 'sustantivo') on conflict (id) do nothing;
insert into vocabulary(id,course_id,word,translation,frequency_rank,part_of_speech) values ('3e0586d4-ff05-5087-a29e-5e1fdf74fb51', '20000000-0000-0000-0000-000000000006', 'afrekenen', 'pagar (en la caja)', 335, 'verbo') on conflict (id) do nothing;
insert into vocabulary(id,course_id,word,translation,frequency_rank,part_of_speech) values ('f841d1fb-3ed6-5298-a952-9a1b3970f266', '20000000-0000-0000-0000-000000000006', 'besteden', 'gastar (dinero)', 336, 'verbo') on conflict (id) do nothing;
insert into vocabulary(id,course_id,word,translation,frequency_rank,part_of_speech) values ('253a13bd-0c05-5de0-8a3a-94dad200fb38', '20000000-0000-0000-0000-000000000006', 'de tas', 'la bolsa (el bolso)', 337, 'sustantivo') on conflict (id) do nothing;
insert into vocabulary(id,course_id,word,translation,frequency_rank,part_of_speech) values ('e78e8511-65f3-5950-bc22-b5bd69821006', '20000000-0000-0000-0000-000000000006', 'de jas', 'el abrigo', 338, 'sustantivo') on conflict (id) do nothing;
insert into vocabulary(id,course_id,word,translation,frequency_rank,part_of_speech) values ('5b337435-3e55-51de-ae58-39dabe3b3e8b', '20000000-0000-0000-0000-000000000006', 'de broek', 'el pantalón', 339, 'sustantivo') on conflict (id) do nothing;
insert into vocabulary(id,course_id,word,translation,frequency_rank,part_of_speech) values ('9c8b11f6-7605-5ca3-bbbd-de247dc84d2b', '20000000-0000-0000-0000-000000000006', 'het pashokje', 'el probador', 340, 'sustantivo') on conflict (id) do nothing;
insert into vocabulary(id,course_id,word,translation,frequency_rank,part_of_speech) values ('ea10e8f6-0d94-557e-9337-0a9840999e6f', '20000000-0000-0000-0000-000000000006', 'de trui', 'el jersey (suéter)', 341, 'sustantivo') on conflict (id) do nothing;
insert into vocabulary(id,course_id,word,translation,frequency_rank,part_of_speech) values ('0797f95c-4d32-5e05-b15d-7f94135d99f3', '20000000-0000-0000-0000-000000000006', 'de tijd', 'el tiempo', 360, 'sustantivo') on conflict (id) do nothing;
insert into vocabulary(id,course_id,word,translation,frequency_rank,part_of_speech) values ('e91b6a27-f80d-5cf1-b038-fcb6b2312d0a', '20000000-0000-0000-0000-000000000006', 'de ochtend', 'la mañana', 361, 'sustantivo') on conflict (id) do nothing;
insert into vocabulary(id,course_id,word,translation,frequency_rank,part_of_speech) values ('786a88dd-a6d7-5eb1-8474-b61efdad0550', '20000000-0000-0000-0000-000000000006', 'de middag', 'la tarde (mediodía)', 362, 'sustantivo') on conflict (id) do nothing;
insert into vocabulary(id,course_id,word,translation,frequency_rank,part_of_speech) values ('cdb9cee2-9551-527f-9276-349dfed69d1e', '20000000-0000-0000-0000-000000000006', 'de avond', 'la tarde-noche', 363, 'sustantivo') on conflict (id) do nothing;
insert into vocabulary(id,course_id,word,translation,frequency_rank,part_of_speech) values ('346c42ff-dc3f-583e-a4a3-c9d0457fce0d', '20000000-0000-0000-0000-000000000006', 'de nacht', 'la noche', 364, 'sustantivo') on conflict (id) do nothing;
insert into vocabulary(id,course_id,word,translation,frequency_rank,part_of_speech) values ('59ea2359-6e9e-57f4-adc0-ab2b9f622682', '20000000-0000-0000-0000-000000000006', 'de week', 'la semana', 365, 'sustantivo') on conflict (id) do nothing;
insert into vocabulary(id,course_id,word,translation,frequency_rank,part_of_speech) values ('c9f6923e-0d1f-5a1c-a6e3-dbd3955dad0b', '20000000-0000-0000-0000-000000000006', 'de maand', 'el mes', 366, 'sustantivo') on conflict (id) do nothing;
insert into vocabulary(id,course_id,word,translation,frequency_rank,part_of_speech) values ('446085bc-6122-5a03-a43b-e9600b7c43c2', '20000000-0000-0000-0000-000000000006', 'de eeuw', 'el siglo', 367, 'sustantivo') on conflict (id) do nothing;
insert into vocabulary(id,course_id,word,translation,frequency_rank,part_of_speech) values ('956094f2-c571-52cf-ab15-09b14a760b18', '20000000-0000-0000-0000-000000000006', 'de haast', 'la prisa', 368, 'sustantivo') on conflict (id) do nothing;
insert into vocabulary(id,course_id,word,translation,frequency_rank,part_of_speech) values ('416e787b-d579-57f7-886e-3f545d2e1835', '20000000-0000-0000-0000-000000000006', 'de klok', 'el reloj', 360, 'sustantivo') on conflict (id) do nothing;
insert into vocabulary(id,course_id,word,translation,frequency_rank,part_of_speech) values ('6fa98869-76ec-52f7-bb9a-5331e6f37ad3', '20000000-0000-0000-0000-000000000006', 'het ogenblik', 'el momento, el instante', 361, 'sustantivo') on conflict (id) do nothing;
insert into vocabulary(id,course_id,word,translation,frequency_rank,part_of_speech) values ('486a76f4-caae-542f-b1d8-7001b6db1bd4', '20000000-0000-0000-0000-000000000006', 'het einde', 'el final', 362, 'sustantivo') on conflict (id) do nothing;
insert into vocabulary(id,course_id,word,translation,frequency_rank,part_of_speech) values ('9d11904b-1b81-57ab-b9c9-81b5672081ad', '20000000-0000-0000-0000-000000000006', 'het begin', 'el comienzo', 363, 'sustantivo') on conflict (id) do nothing;
insert into vocabulary(id,course_id,word,translation,frequency_rank,part_of_speech) values ('90bf509f-8c49-50c9-94ad-bf01b76a4fa3', '20000000-0000-0000-0000-000000000006', 'het jaargetijde', 'la estación del año', 364, 'sustantivo') on conflict (id) do nothing;
insert into vocabulary(id,course_id,word,translation,frequency_rank,part_of_speech) values ('9fff172c-c284-5241-87c7-955205a9ead2', '20000000-0000-0000-0000-000000000006', 'vroeg', 'temprano', 365, 'adverbio') on conflict (id) do nothing;
insert into vocabulary(id,course_id,word,translation,frequency_rank,part_of_speech) values ('a032fc7e-a1e9-563c-aa3c-94e2c12b9a65', '20000000-0000-0000-0000-000000000006', 'laat', 'tarde', 366, 'adverbio') on conflict (id) do nothing;
insert into vocabulary(id,course_id,word,translation,frequency_rank,part_of_speech) values ('c5a793f7-8d13-5681-adbc-53d025dcd5bd', '20000000-0000-0000-0000-000000000006', 'meteen', 'enseguida', 367, 'adverbio') on conflict (id) do nothing;
insert into vocabulary(id,course_id,word,translation,frequency_rank,part_of_speech) values ('cb4086c2-dfc2-57c9-bdbd-e5c439b1988e', '20000000-0000-0000-0000-000000000006', 'vaak', 'a menudo', 368, 'adverbio') on conflict (id) do nothing;
insert into vocabulary(id,course_id,word,translation,frequency_rank,part_of_speech) values ('379de643-bd65-5c44-a5ba-e3594e65bb3d', '20000000-0000-0000-0000-000000000006', 'nooit', 'nunca', 360, 'adverbio') on conflict (id) do nothing;
insert into vocabulary(id,course_id,word,translation,frequency_rank,part_of_speech) values ('a9107fcb-6bbe-51ea-b476-98bfacdc55b0', '20000000-0000-0000-0000-000000000006', 'vandaag', 'hoy', 361, 'adverbio') on conflict (id) do nothing;
insert into vocabulary(id,course_id,word,translation,frequency_rank,part_of_speech) values ('6dd41e19-413b-54dc-9c9f-fbaed6c5e09e', '20000000-0000-0000-0000-000000000006', 'soms', 'a veces', 362, 'adverbio') on conflict (id) do nothing;
insert into vocabulary(id,course_id,word,translation,frequency_rank,part_of_speech) values ('2f5698cc-7a6a-5bc8-88da-ada86ac5ec40', '20000000-0000-0000-0000-000000000006', 'altijd', 'siempre', 363, 'adverbio') on conflict (id) do nothing;
insert into vocabulary(id,course_id,word,translation,frequency_rank,part_of_speech) values ('38b12951-6a8b-5722-a633-ed74fc427eba', '20000000-0000-0000-0000-000000000006', 'nu', 'ahora', 364, 'adverbio') on conflict (id) do nothing;
insert into vocabulary(id,course_id,word,translation,frequency_rank,part_of_speech) values ('6bd3cdba-82f5-5b4f-9477-bdaa056e2dc4', '20000000-0000-0000-0000-000000000006', 'gauw', 'pronto', 365, 'adverbio') on conflict (id) do nothing;
insert into vocabulary(id,course_id,word,translation,frequency_rank,part_of_speech) values ('04210d20-cde6-5c6f-b7c9-20f9503b26ad', '20000000-0000-0000-0000-000000000006', 'eindelijk', 'por fin', 366, 'adverbio') on conflict (id) do nothing;
insert into vocabulary(id,course_id,word,translation,frequency_rank,part_of_speech) values ('6b22177b-68fe-5a54-b327-503f55abd432', '20000000-0000-0000-0000-000000000006', 'de huid', 'la piel', 390, 'sustantivo') on conflict (id) do nothing;
insert into vocabulary(id,course_id,word,translation,frequency_rank,part_of_speech) values ('a995fe21-32ab-556e-9e07-39792bbb1454', '20000000-0000-0000-0000-000000000006', 'het hart', 'el corazón', 391, 'sustantivo') on conflict (id) do nothing;
insert into vocabulary(id,course_id,word,translation,frequency_rank,part_of_speech) values ('446ab5ce-833d-56a4-a749-1adec0b625cc', '20000000-0000-0000-0000-000000000006', 'de wond', 'la herida', 392, 'sustantivo') on conflict (id) do nothing;
insert into vocabulary(id,course_id,word,translation,frequency_rank,part_of_speech) values ('886cf14d-6f46-5feb-8c85-ba038234bafc', '20000000-0000-0000-0000-000000000006', 'de verkoudheid', 'el resfriado', 393, 'sustantivo') on conflict (id) do nothing;
insert into vocabulary(id,course_id,word,translation,frequency_rank,part_of_speech) values ('1d423bcc-0157-5ea9-a864-50f214633f3e', '20000000-0000-0000-0000-000000000006', 'hoesten', 'toser', 394, 'verbo') on conflict (id) do nothing;
insert into vocabulary(id,course_id,word,translation,frequency_rank,part_of_speech) values ('d09b2454-432a-54e2-a5e7-8a5996af5eb9', '20000000-0000-0000-0000-000000000006', 'niezen', 'estornudar', 395, 'verbo') on conflict (id) do nothing;
insert into vocabulary(id,course_id,word,translation,frequency_rank,part_of_speech) values ('ecb7a783-bde7-5d71-9244-904d65aa330e', '20000000-0000-0000-0000-000000000006', 'genezen', 'curarse, sanar', 396, 'verbo') on conflict (id) do nothing;
insert into vocabulary(id,course_id,word,translation,frequency_rank,part_of_speech) values ('a017685d-fb17-590e-a364-d666466b982d', '20000000-0000-0000-0000-000000000006', 'ademen', 'respirar', 397, 'verbo') on conflict (id) do nothing;
insert into vocabulary(id,course_id,word,translation,frequency_rank,part_of_speech) values ('47708c58-47bf-5f2c-a603-55bb800d7f80', '20000000-0000-0000-0000-000000000006', 'de enkel', 'el tobillo', 398, 'sustantivo') on conflict (id) do nothing;
insert into vocabulary(id,course_id,word,translation,frequency_rank,part_of_speech) values ('c9259181-cc21-580e-8ff3-b940bb33ad93', '20000000-0000-0000-0000-000000000006', 'de knie', 'la rodilla', 390, 'sustantivo') on conflict (id) do nothing;
insert into vocabulary(id,course_id,word,translation,frequency_rank,part_of_speech) values ('a756a440-9500-59d9-a822-c6d3abb6d1a5', '20000000-0000-0000-0000-000000000006', 'de wang', 'la mejilla', 391, 'sustantivo') on conflict (id) do nothing;
insert into vocabulary(id,course_id,word,translation,frequency_rank,part_of_speech) values ('0c05836b-ade8-5dc4-b367-e09cbafb9b82', '20000000-0000-0000-0000-000000000006', 'het ziekenhuis', 'el hospital', 392, 'sustantivo') on conflict (id) do nothing;
insert into vocabulary(id,course_id,word,translation,frequency_rank,part_of_speech) values ('41acc916-87c5-5011-94d4-cff96007103c', '20000000-0000-0000-0000-000000000006', 'de vinger', 'el dedo', 393, 'sustantivo') on conflict (id) do nothing;
insert into vocabulary(id,course_id,word,translation,frequency_rank,part_of_speech) values ('48a5af8b-39c1-5cb0-ab93-af8ab977edd9', '20000000-0000-0000-0000-000000000006', 'de neus', 'la nariz', 394, 'sustantivo') on conflict (id) do nothing;
insert into vocabulary(id,course_id,word,translation,frequency_rank,part_of_speech) values ('c5f8aa63-11b0-58b3-85a8-906c261be378', '20000000-0000-0000-0000-000000000006', 'het oor', 'la oreja, el oído', 395, 'sustantivo') on conflict (id) do nothing;
insert into vocabulary(id,course_id,word,translation,frequency_rank,part_of_speech) values ('9f0cbd5d-2b08-55f2-839d-76df87bda83a', '20000000-0000-0000-0000-000000000006', 'de mond', 'la boca', 396, 'sustantivo') on conflict (id) do nothing;
insert into vocabulary(id,course_id,word,translation,frequency_rank,part_of_speech) values ('c6e8a34a-af6d-53cf-ba5c-172450ff9532', '20000000-0000-0000-0000-000000000006', 'de schouder', 'el hombro', 397, 'sustantivo') on conflict (id) do nothing;
insert into vocabulary(id,course_id,word,translation,frequency_rank,part_of_speech) values ('6ed28126-4a1b-5b7d-9a24-92483b9e7951', '20000000-0000-0000-0000-000000000006', 'de griep', 'la gripe', 398, 'sustantivo') on conflict (id) do nothing;
insert into vocabulary(id,course_id,word,translation,frequency_rank,part_of_speech) values ('0d9c1491-f39e-50cc-b9d2-1569e7e61998', '20000000-0000-0000-0000-000000000006', 'de pil', 'la pastilla', 390, 'sustantivo') on conflict (id) do nothing;
insert into vocabulary(id,course_id,word,translation,frequency_rank,part_of_speech) values ('d52a7641-a6e4-5c77-8225-815d2bca43bd', '20000000-0000-0000-0000-000000000006', 'gezond', 'sano', 391, 'adjetivo') on conflict (id) do nothing;
insert into vocabulary(id,course_id,word,translation,frequency_rank,part_of_speech) values ('f11529cc-cf5b-5497-849d-daf9ac88759f', '20000000-0000-0000-0000-000000000006', 'moe', 'cansado', 392, 'adjetivo') on conflict (id) do nothing;
insert into vocabulary(id,course_id,word,translation,frequency_rank,part_of_speech) values ('7a606567-ca75-56c1-83b7-ad1dd730ca90', '20000000-0000-0000-0000-000000000006', 'het bloed', 'la sangre', 393, 'sustantivo') on conflict (id) do nothing;
insert into vocabulary(id,course_id,word,translation,frequency_rank,part_of_speech) values ('9088c92e-b558-598a-9267-cd98f7f0ae11', '20000000-0000-0000-0000-000000000006', 'bloeden', 'sangrar', 394, 'verbo') on conflict (id) do nothing;
insert into vocabulary(id,course_id,word,translation,frequency_rank,part_of_speech) values ('10733900-9177-5e3b-a762-28e57579e203', '20000000-0000-0000-0000-000000000006', 'de long', 'el pulmón', 395, 'sustantivo') on conflict (id) do nothing;
insert into vocabulary(id,course_id,word,translation,frequency_rank,part_of_speech) values ('68ab4fc3-87c2-500d-a7b2-a511cd6b7b1f', '20000000-0000-0000-0000-000000000006', 'de maag', 'el estómago', 396, 'sustantivo') on conflict (id) do nothing;
insert into vocabulary(id,course_id,word,translation,frequency_rank,part_of_speech) values ('fc902b2a-036c-57fb-aaf9-f84fe839baf6', '20000000-0000-0000-0000-000000000006', 'de spier', 'el músculo', 397, 'sustantivo') on conflict (id) do nothing;
insert into vocabulary(id,course_id,word,translation,frequency_rank,part_of_speech) values ('ab1a4a35-8827-5986-a9d1-d461016834d2', '20000000-0000-0000-0000-000000000006', 'de baan', 'el empleo', 420, 'sustantivo') on conflict (id) do nothing;
insert into vocabulary(id,course_id,word,translation,frequency_rank,part_of_speech) values ('94cabeb2-d3e0-5946-a974-6fd6f08e9ab5', '20000000-0000-0000-0000-000000000006', 'het bedrijf', 'la empresa', 421, 'sustantivo') on conflict (id) do nothing;
insert into vocabulary(id,course_id,word,translation,frequency_rank,part_of_speech) values ('7562fde9-94a0-55b1-ad75-a24da0454937', '20000000-0000-0000-0000-000000000006', 'de baas', 'el jefe', 422, 'sustantivo') on conflict (id) do nothing;
insert into vocabulary(id,course_id,word,translation,frequency_rank,part_of_speech) values ('4c6bc234-34e3-5e12-87ac-a66348042a25', '20000000-0000-0000-0000-000000000006', 'het salaris', 'el sueldo', 423, 'sustantivo') on conflict (id) do nothing;
insert into vocabulary(id,course_id,word,translation,frequency_rank,part_of_speech) values ('fbdab532-dc9e-513d-9aea-1849b5b5db06', '20000000-0000-0000-0000-000000000006', 'het loon', 'el salario', 424, 'sustantivo') on conflict (id) do nothing;
insert into vocabulary(id,course_id,word,translation,frequency_rank,part_of_speech) values ('c0767229-3593-54d8-9b66-c877a5badfc4', '20000000-0000-0000-0000-000000000006', 'het kantoor', 'la oficina', 425, 'sustantivo') on conflict (id) do nothing;
insert into vocabulary(id,course_id,word,translation,frequency_rank,part_of_speech) values ('aba442b3-be44-5242-968f-a9c76a2ca156', '20000000-0000-0000-0000-000000000006', 'de werknemer', 'el empleado', 426, 'sustantivo') on conflict (id) do nothing;
insert into vocabulary(id,course_id,word,translation,frequency_rank,part_of_speech) values ('93adf9ce-c4fb-5524-bb1d-2bdccbc0532e', '20000000-0000-0000-0000-000000000006', 'de werkgever', 'el empleador', 427, 'sustantivo') on conflict (id) do nothing;
insert into vocabulary(id,course_id,word,translation,frequency_rank,part_of_speech) values ('d9b2ac68-8ed3-5f04-a640-e41e3dd5fae9', '20000000-0000-0000-0000-000000000006', 'solliciteren', 'postularse (a un empleo)', 428, 'verbo') on conflict (id) do nothing;
insert into vocabulary(id,course_id,word,translation,frequency_rank,part_of_speech) values ('33f0b7d4-6f93-5e0e-961c-048855686158', '20000000-0000-0000-0000-000000000006', 'de sollicitatie', 'la solicitud de empleo', 420, 'sustantivo') on conflict (id) do nothing;
insert into vocabulary(id,course_id,word,translation,frequency_rank,part_of_speech) values ('4d15d380-f220-5a1f-a296-f74aa53e4185', '20000000-0000-0000-0000-000000000006', 'ontslaan', 'despedir', 421, 'verbo') on conflict (id) do nothing;
insert into vocabulary(id,course_id,word,translation,frequency_rank,part_of_speech) values ('b5ae0e75-95c6-5263-86ce-97f984db3f6a', '20000000-0000-0000-0000-000000000006', 'verdienen', 'ganar (dinero)', 422, 'verbo') on conflict (id) do nothing;
insert into vocabulary(id,course_id,word,translation,frequency_rank,part_of_speech) values ('2802b1ba-d680-5668-958d-b8d9b8f2a6ea', '20000000-0000-0000-0000-000000000006', 'werkloos', 'desempleado', 423, 'adjetivo') on conflict (id) do nothing;
insert into vocabulary(id,course_id,word,translation,frequency_rank,part_of_speech) values ('1bd6b5d7-f876-5e9d-8d66-f5ae3bf44595', '20000000-0000-0000-0000-000000000006', 'de werkloosheid', 'el desempleo', 424, 'sustantivo') on conflict (id) do nothing;
insert into vocabulary(id,course_id,word,translation,frequency_rank,part_of_speech) values ('82a40ec1-6410-50e4-9d0f-5768f8fa930e', '20000000-0000-0000-0000-000000000006', 'het personeel', 'el personal', 425, 'sustantivo') on conflict (id) do nothing;
insert into vocabulary(id,course_id,word,translation,frequency_rank,part_of_speech) values ('6792dbc2-45b2-55de-8634-7a732bda8eb8', '20000000-0000-0000-0000-000000000006', 'de afdeling', 'el departamento', 426, 'sustantivo') on conflict (id) do nothing;
insert into vocabulary(id,course_id,word,translation,frequency_rank,part_of_speech) values ('9e63d8ac-29f1-511a-b1f3-a01bcd59a767', '20000000-0000-0000-0000-000000000006', 'de functie', 'el puesto (cargo)', 427, 'sustantivo') on conflict (id) do nothing;
insert into vocabulary(id,course_id,word,translation,frequency_rank,part_of_speech) values ('7c9656a3-7838-5504-a709-ebb06f9c6666', '20000000-0000-0000-0000-000000000006', 'de werkplek', 'el lugar de trabajo', 428, 'sustantivo') on conflict (id) do nothing;
insert into vocabulary(id,course_id,word,translation,frequency_rank,part_of_speech) values ('87cbba5d-dc4d-5388-9bd4-fe45cb523a82', '20000000-0000-0000-0000-000000000006', 'de taak', 'la tarea', 420, 'sustantivo') on conflict (id) do nothing;
insert into vocabulary(id,course_id,word,translation,frequency_rank,part_of_speech) values ('267ca25c-33b4-54c4-9c52-fe59fc55fb14', '20000000-0000-0000-0000-000000000006', 'de opdracht', 'el encargo', 421, 'sustantivo') on conflict (id) do nothing;
insert into vocabulary(id,course_id,word,translation,frequency_rank,part_of_speech) values ('8c7ad428-40b0-51e7-9245-0aa932edf6ca', '20000000-0000-0000-0000-000000000006', 'het beroep', 'la profesión', 422, 'sustantivo') on conflict (id) do nothing;
insert into vocabulary(id,course_id,word,translation,frequency_rank,part_of_speech) values ('95ad9549-77e1-52d6-ae6d-49079a507a75', '20000000-0000-0000-0000-000000000006', 'de vacature', 'la vacante', 423, 'sustantivo') on conflict (id) do nothing;
insert into vocabulary(id,course_id,word,translation,frequency_rank,part_of_speech) values ('f92114dd-ff9f-5714-a61d-c20785561bd9', '20000000-0000-0000-0000-000000000006', 'het overwerk', 'las horas extra', 424, 'sustantivo') on conflict (id) do nothing;
insert into vocabulary(id,course_id,word,translation,frequency_rank,part_of_speech) values ('e4296390-3f15-5153-b8a2-0f46c44cec36', '20000000-0000-0000-0000-000000000006', 'de werkervaring', 'la experiencia laboral', 425, 'sustantivo') on conflict (id) do nothing;
insert into vocabulary(id,course_id,word,translation,frequency_rank,part_of_speech) values ('a67a5261-6c64-52d2-ab1f-16bd89af345e', '20000000-0000-0000-0000-000000000006', 'het inkomen', 'el ingreso', 426, 'sustantivo') on conflict (id) do nothing;
insert into vocabulary(id,course_id,word,translation,frequency_rank,part_of_speech) values ('049d49e4-2968-5be3-b75d-41bcf24d2217', '20000000-0000-0000-0000-000000000006', 'de winst', 'la ganancia', 427, 'sustantivo') on conflict (id) do nothing;
insert into vocabulary(id,course_id,word,translation,frequency_rank,part_of_speech) values ('cf93f1f2-a908-5db5-80b2-07fe99903b4b', '20000000-0000-0000-0000-000000000006', 'de boom', 'el árbol', 450, 'sustantivo') on conflict (id) do nothing;
insert into vocabulary(id,course_id,word,translation,frequency_rank,part_of_speech) values ('5dac1e04-1851-5336-b8f5-e3bdcb8665e5', '20000000-0000-0000-0000-000000000006', 'het blad', 'la hoja', 451, 'sustantivo') on conflict (id) do nothing;
insert into vocabulary(id,course_id,word,translation,frequency_rank,part_of_speech) values ('66958bbc-78ee-5fa4-833e-1bd68bcb95cc', '20000000-0000-0000-0000-000000000006', 'het bos', 'el bosque', 452, 'sustantivo') on conflict (id) do nothing;
insert into vocabulary(id,course_id,word,translation,frequency_rank,part_of_speech) values ('98b8d5a0-4282-53aa-b228-17423c652a74', '20000000-0000-0000-0000-000000000006', 'het strand', 'la playa', 453, 'sustantivo') on conflict (id) do nothing;
insert into vocabulary(id,course_id,word,translation,frequency_rank,part_of_speech) values ('163cc81f-5033-59d4-8ab3-a8cb32bd9c41', '20000000-0000-0000-0000-000000000006', 'de rivier', 'el río', 454, 'sustantivo') on conflict (id) do nothing;
insert into vocabulary(id,course_id,word,translation,frequency_rank,part_of_speech) values ('9f187fb5-2555-5387-9349-56c357d1e186', '20000000-0000-0000-0000-000000000006', 'de regen', 'la lluvia', 455, 'sustantivo') on conflict (id) do nothing;
insert into vocabulary(id,course_id,word,translation,frequency_rank,part_of_speech) values ('7cb0a6b1-b8fe-5049-94be-1c17a08e423c', '20000000-0000-0000-0000-000000000006', 'de sneeuw', 'la nieve', 456, 'sustantivo') on conflict (id) do nothing;
insert into vocabulary(id,course_id,word,translation,frequency_rank,part_of_speech) values ('6282019c-bea2-590c-833b-e53a21f8e523', '20000000-0000-0000-0000-000000000006', 'de wolk', 'la nube', 457, 'sustantivo') on conflict (id) do nothing;
insert into vocabulary(id,course_id,word,translation,frequency_rank,part_of_speech) values ('629a2b85-fee6-53b3-80b8-8fa89dd944ee', '20000000-0000-0000-0000-000000000006', 'de vogel', 'el pájaro', 458, 'sustantivo') on conflict (id) do nothing;
insert into vocabulary(id,course_id,word,translation,frequency_rank,part_of_speech) values ('2e6c7cf2-68ee-5bdb-ab2f-1a5f640ae964', '20000000-0000-0000-0000-000000000006', 'de zon', 'el sol', 450, 'sustantivo') on conflict (id) do nothing;
insert into vocabulary(id,course_id,word,translation,frequency_rank,part_of_speech) values ('e9f90788-a7f6-5eea-bbe4-44c9bba66536', '20000000-0000-0000-0000-000000000006', 'de tak', 'la rama', 451, 'sustantivo') on conflict (id) do nothing;
insert into vocabulary(id,course_id,word,translation,frequency_rank,part_of_speech) values ('23b008eb-4e5e-52a5-9b3f-d5490efd74f1', '20000000-0000-0000-0000-000000000006', 'het gras', 'la hierba', 452, 'sustantivo') on conflict (id) do nothing;
insert into vocabulary(id,course_id,word,translation,frequency_rank,part_of_speech) values ('b87f0a42-b978-5fe8-be55-83d5c90180ea', '20000000-0000-0000-0000-000000000006', 'de bloem', 'la flor', 453, 'sustantivo') on conflict (id) do nothing;
insert into vocabulary(id,course_id,word,translation,frequency_rank,part_of_speech) values ('f1657857-9d0f-5874-bc9a-1cc33a844c27', '20000000-0000-0000-0000-000000000006', 'de vlinder', 'la mariposa', 454, 'sustantivo') on conflict (id) do nothing;
insert into vocabulary(id,course_id,word,translation,frequency_rank,part_of_speech) values ('7cd981d6-26a5-5236-b815-24e5764d06c0', '20000000-0000-0000-0000-000000000006', 'de bij', 'la abeja', 455, 'sustantivo') on conflict (id) do nothing;
insert into vocabulary(id,course_id,word,translation,frequency_rank,part_of_speech) values ('e6233ba3-66b4-5f59-8b57-7d8efe151ee7', '20000000-0000-0000-0000-000000000006', 'het zand', 'la arena', 456, 'sustantivo') on conflict (id) do nothing;
insert into vocabulary(id,course_id,word,translation,frequency_rank,part_of_speech) values ('55f393ad-5360-5e13-b424-c7e3f1ccabda', '20000000-0000-0000-0000-000000000006', 'de wind', 'el viento', 457, 'sustantivo') on conflict (id) do nothing;
insert into vocabulary(id,course_id,word,translation,frequency_rank,part_of_speech) values ('68396f88-7059-506b-8876-6cd474f12196', '20000000-0000-0000-0000-000000000006', 'de bliksem', 'el relámpago', 458, 'sustantivo') on conflict (id) do nothing;
insert into vocabulary(id,course_id,word,translation,frequency_rank,part_of_speech) values ('ff3cfc92-4127-5ab8-a40e-b629b8327466', '20000000-0000-0000-0000-000000000006', 'de donder', 'el trueno', 450, 'sustantivo') on conflict (id) do nothing;
insert into vocabulary(id,course_id,word,translation,frequency_rank,part_of_speech) values ('4dcde2b3-6ce9-571a-bb5e-2f9828d5d01d', '20000000-0000-0000-0000-000000000006', 'de mist', 'la niebla', 451, 'sustantivo') on conflict (id) do nothing;
insert into vocabulary(id,course_id,word,translation,frequency_rank,part_of_speech) values ('fb6f27de-e84a-5f59-8f39-16d607508951', '20000000-0000-0000-0000-000000000006', 'de vos', 'el zorro', 452, 'sustantivo') on conflict (id) do nothing;
insert into vocabulary(id,course_id,word,translation,frequency_rank,part_of_speech) values ('32e4985c-c96f-527c-8a91-ee3c3b5e4a1e', '20000000-0000-0000-0000-000000000006', 'de berg', 'la montaña', 453, 'sustantivo') on conflict (id) do nothing;
insert into vocabulary(id,course_id,word,translation,frequency_rank,part_of_speech) values ('df07b2f4-aac0-51ea-b68b-81949f928f75', '20000000-0000-0000-0000-000000000006', 'de hemel', 'el cielo', 454, 'sustantivo') on conflict (id) do nothing;
insert into vocabulary(id,course_id,word,translation,frequency_rank,part_of_speech) values ('3fc382b0-2eb3-5834-aed4-c3faecd28864', '20000000-0000-0000-0000-000000000006', 'de tuin', 'el jardín', 455, 'sustantivo') on conflict (id) do nothing;
insert into vocabulary(id,course_id,word,translation,frequency_rank,part_of_speech) values ('998f2f74-38b8-5aab-b3c3-44b087903f8d', '20000000-0000-0000-0000-000000000006', 'het weer', 'el clima / el tiempo', 456, 'sustantivo') on conflict (id) do nothing;
insert into vocabulary(id,course_id,word,translation,frequency_rank,part_of_speech) values ('85d4a50c-f0d7-502b-8bf8-6dbeff067fc8', '20000000-0000-0000-0000-000000000006', 'boos', 'enfadado', 480, 'adjetivo') on conflict (id) do nothing;
insert into vocabulary(id,course_id,word,translation,frequency_rank,part_of_speech) values ('215928a3-62da-513f-94bf-bff525bc4e61', '20000000-0000-0000-0000-000000000006', 'blij', 'contento', 481, 'adjetivo') on conflict (id) do nothing;
insert into vocabulary(id,course_id,word,translation,frequency_rank,part_of_speech) values ('fa7af421-1681-5b87-b504-f675299918ee', '20000000-0000-0000-0000-000000000006', 'verdrietig', 'triste', 482, 'adjetivo') on conflict (id) do nothing;
insert into vocabulary(id,course_id,word,translation,frequency_rank,part_of_speech) values ('bd56b663-c35b-5854-b287-130ec8e1e905', '20000000-0000-0000-0000-000000000006', 'jaloers', 'celoso', 483, 'adjetivo') on conflict (id) do nothing;
insert into vocabulary(id,course_id,word,translation,frequency_rank,part_of_speech) values ('aa51a75a-74e4-523f-bf1b-d61d1f939de4', '20000000-0000-0000-0000-000000000006', 'verlegen', 'tímido', 484, 'adjetivo') on conflict (id) do nothing;
insert into vocabulary(id,course_id,word,translation,frequency_rank,part_of_speech) values ('68e0340b-7501-550d-9aeb-75a2a66cad90', '20000000-0000-0000-0000-000000000006', 'teleurgesteld', 'decepcionado', 485, 'adjetivo') on conflict (id) do nothing;
insert into vocabulary(id,course_id,word,translation,frequency_rank,part_of_speech) values ('cf7cf11f-d910-544d-a5cc-ff33cbd7a618', '20000000-0000-0000-0000-000000000006', 'trots', 'orgulloso', 486, 'adjetivo') on conflict (id) do nothing;
insert into vocabulary(id,course_id,word,translation,frequency_rank,part_of_speech) values ('14109b46-6231-5312-a469-b77c8c6dffca', '20000000-0000-0000-0000-000000000006', 'verbaasd', 'sorprendido', 487, 'adjetivo') on conflict (id) do nothing;
insert into vocabulary(id,course_id,word,translation,frequency_rank,part_of_speech) values ('774c6627-e036-531b-a757-eb00db5a13b5', '20000000-0000-0000-0000-000000000006', 'opgelucht', 'aliviado', 488, 'adjetivo') on conflict (id) do nothing;
insert into vocabulary(id,course_id,word,translation,frequency_rank,part_of_speech) values ('6ccd7be1-c96a-5356-9e06-26c59f2f8028', '20000000-0000-0000-0000-000000000006', 'zenuwachtig', 'nervioso', 480, 'adjetivo') on conflict (id) do nothing;
insert into vocabulary(id,course_id,word,translation,frequency_rank,part_of_speech) values ('3b3bd6e6-a0fd-590b-b1cd-96b79d0799d1', '20000000-0000-0000-0000-000000000006', 'beledigd', 'ofendido', 481, 'adjetivo') on conflict (id) do nothing;
insert into vocabulary(id,course_id,word,translation,frequency_rank,part_of_speech) values ('d0b42b03-2edc-54ff-b547-fdccd45abd38', '20000000-0000-0000-0000-000000000006', 'geïrriteerd', 'irritado', 482, 'adjetivo') on conflict (id) do nothing;
insert into vocabulary(id,course_id,word,translation,frequency_rank,part_of_speech) values ('db9c8f3c-37a5-558b-a90d-3c3ff06ab1a7', '20000000-0000-0000-0000-000000000006', 'bezorgd', 'preocupado', 483, 'adjetivo') on conflict (id) do nothing;
insert into vocabulary(id,course_id,word,translation,frequency_rank,part_of_speech) values ('4947cca2-0e66-5983-9c04-cad157b94c46', '20000000-0000-0000-0000-000000000006', 'eenzaam', 'solitario', 484, 'adjetivo') on conflict (id) do nothing;
insert into vocabulary(id,course_id,word,translation,frequency_rank,part_of_speech) values ('80c57d99-2528-5424-bfcb-6955441b73f4', '20000000-0000-0000-0000-000000000006', 'verliefd', 'enamorado', 485, 'adjetivo') on conflict (id) do nothing;
insert into vocabulary(id,course_id,word,translation,frequency_rank,part_of_speech) values ('818191fd-c574-5cdc-bba5-c468ed76d16c', '20000000-0000-0000-0000-000000000006', 'de angst', 'el miedo', 486, 'sustantivo') on conflict (id) do nothing;
insert into vocabulary(id,course_id,word,translation,frequency_rank,part_of_speech) values ('d76bd60c-4589-51fd-981f-9afeae75d346', '20000000-0000-0000-0000-000000000006', 'de vreugde', 'la alegría', 487, 'sustantivo') on conflict (id) do nothing;
insert into vocabulary(id,course_id,word,translation,frequency_rank,part_of_speech) values ('b5701381-7cd1-519f-9e4e-6e5ab3c67882', '20000000-0000-0000-0000-000000000006', 'het verdriet', 'la tristeza', 488, 'sustantivo') on conflict (id) do nothing;
insert into vocabulary(id,course_id,word,translation,frequency_rank,part_of_speech) values ('1f89482c-8316-505a-9658-0874b1fe3302', '20000000-0000-0000-0000-000000000006', 'de woede', 'la ira', 480, 'sustantivo') on conflict (id) do nothing;
insert into vocabulary(id,course_id,word,translation,frequency_rank,part_of_speech) values ('4a8eac69-a017-55fe-a5ed-1b350f0ac2d1', '20000000-0000-0000-0000-000000000006', 'de schaamte', 'la vergüenza', 481, 'sustantivo') on conflict (id) do nothing;
insert into vocabulary(id,course_id,word,translation,frequency_rank,part_of_speech) values ('f6334b97-73ec-5644-9f29-e9c3f47b1064', '20000000-0000-0000-0000-000000000006', 'de jaloezie', 'los celos', 482, 'sustantivo') on conflict (id) do nothing;
insert into vocabulary(id,course_id,word,translation,frequency_rank,part_of_speech) values ('82850772-b93d-5c78-89c2-f3b898ab4c09', '20000000-0000-0000-0000-000000000006', 'de teleurstelling', 'la decepción', 483, 'sustantivo') on conflict (id) do nothing;
insert into vocabulary(id,course_id,word,translation,frequency_rank,part_of_speech) values ('150dda43-1a8c-5c5f-a0a0-91d5bc9a8030', '20000000-0000-0000-0000-000000000006', 'het geluk', 'la felicidad', 484, 'sustantivo') on conflict (id) do nothing;
insert into vocabulary(id,course_id,word,translation,frequency_rank,part_of_speech) values ('37f052d3-9e04-567e-9d3d-e4689f0f8441', '20000000-0000-0000-0000-000000000006', 'de liefde', 'el amor', 485, 'sustantivo') on conflict (id) do nothing;
insert into vocabulary(id,course_id,word,translation,frequency_rank,part_of_speech) values ('af6f0185-786b-582f-a1b6-66db60473cc4', '20000000-0000-0000-0000-000000000006', 'huilen', 'llorar', 486, 'verbo') on conflict (id) do nothing;
insert into vocabulary(id,course_id,word,translation,frequency_rank,part_of_speech) values ('0da7cd5c-ed59-5825-8983-bce88b2269bb', '20000000-0000-0000-0000-000000000006', 'lachen', 'reír', 487, 'verbo') on conflict (id) do nothing;

-- 2) content_items (cloze con audio + match)
insert into content_items(id,course_id,cefr_level,skill,type,prompt,payload,correct_answer,difficulty,tags) values ('771c4aff-2d52-5e5b-b0b3-717fbd37bc70', '20000000-0000-0000-0000-000000000006', 'A2', 'writing', 'cloze', 'Completa la frase con la palabra que falta.', '{"text": "Sla bij de hoek rechtsaf en loop rechtdoor.", "audio_url": "https://wiauinufpbkmjlbqlkxo.supabase.co/storage/v1/object/public/audio/items/771c4aff-2d52-5e5b-b0b3-717fbd37bc70.mp3"}'::jsonb, '{"value": "de hoek", "accepted": ["de hoek"]}'::jsonb, 0.35, array['vocab_f1','writing']) on conflict (id) do nothing;
insert into content_items(id,course_id,cefr_level,skill,type,prompt,payload,correct_answer,difficulty,tags) values ('040999e9-e2f2-51a2-a796-eaa22d4a7743', '20000000-0000-0000-0000-000000000006', 'A2', 'writing', 'cloze', 'Completa la frase con la palabra que falta.', '{"text": "Bij het kruispunt moet je even wachten.", "audio_url": "https://wiauinufpbkmjlbqlkxo.supabase.co/storage/v1/object/public/audio/items/040999e9-e2f2-51a2-a796-eaa22d4a7743.mp3"}'::jsonb, '{"value": "het kruispunt", "accepted": ["het kruispunt"]}'::jsonb, 0.35, array['vocab_f1','writing']) on conflict (id) do nothing;
insert into content_items(id,course_id,cefr_level,skill,type,prompt,payload,correct_answer,difficulty,tags) values ('a60e25c7-0130-539a-940b-b1a1612dfb46', '20000000-0000-0000-0000-000000000006', 'A2', 'writing', 'cloze', 'Completa la frase con la palabra que falta.', '{"text": "De kinderen spelen op de stoep voor het huis.", "audio_url": "https://wiauinufpbkmjlbqlkxo.supabase.co/storage/v1/object/public/audio/items/a60e25c7-0130-539a-940b-b1a1612dfb46.mp3"}'::jsonb, '{"value": "de stoep", "accepted": ["de stoep"]}'::jsonb, 0.35, array['vocab_f1','writing']) on conflict (id) do nothing;
insert into content_items(id,course_id,cefr_level,skill,type,prompt,payload,correct_answer,difficulty,tags) values ('27a09f46-392d-5de7-a013-f698ff6913f8', '20000000-0000-0000-0000-000000000006', 'A2', 'writing', 'cloze', 'Completa la frase con la palabra que falta.', '{"text": "Het stadhuis staat op het grote plein.", "audio_url": "https://wiauinufpbkmjlbqlkxo.supabase.co/storage/v1/object/public/audio/items/27a09f46-392d-5de7-a013-f698ff6913f8.mp3"}'::jsonb, '{"value": "stadhuis", "accepted": ["stadhuis"]}'::jsonb, 0.35, array['vocab_f1','writing']) on conflict (id) do nothing;
insert into content_items(id,course_id,cefr_level,skill,type,prompt,payload,correct_answer,difficulty,tags) values ('f45b399b-9c90-5700-b8dd-3f2ee6e44915', '20000000-0000-0000-0000-000000000006', 'A2', 'writing', 'cloze', 'Completa la frase con la palabra que falta.', '{"text": "Ik woon in een rustige wijk buiten het centrum.", "audio_url": "https://wiauinufpbkmjlbqlkxo.supabase.co/storage/v1/object/public/audio/items/f45b399b-9c90-5700-b8dd-3f2ee6e44915.mp3"}'::jsonb, '{"value": "wijk", "accepted": ["wijk"]}'::jsonb, 0.35, array['vocab_f1','writing']) on conflict (id) do nothing;
insert into content_items(id,course_id,cefr_level,skill,type,prompt,payload,correct_answer,difficulty,tags) values ('4fff640e-1064-5724-8823-28d893a6a4c6', '20000000-0000-0000-0000-000000000006', 'A2', 'writing', 'cloze', 'Completa la frase con la palabra que falta.', '{"text": "De oude kerk heeft een heel hoge toren.", "audio_url": "https://wiauinufpbkmjlbqlkxo.supabase.co/storage/v1/object/public/audio/items/4fff640e-1064-5724-8823-28d893a6a4c6.mp3"}'::jsonb, '{"value": "kerk", "accepted": ["kerk"]}'::jsonb, 0.35, array['vocab_f1','writing']) on conflict (id) do nothing;
insert into content_items(id,course_id,cefr_level,skill,type,prompt,payload,correct_answer,difficulty,tags) values ('57c6ec26-6076-5ea8-b24e-807e232ae650', '20000000-0000-0000-0000-000000000006', 'A2', 'writing', 'cloze', 'Completa la frase con la palabra que falta.', '{"text": "Wacht tot het stoplicht groen wordt.", "audio_url": "https://wiauinufpbkmjlbqlkxo.supabase.co/storage/v1/object/public/audio/items/57c6ec26-6076-5ea8-b24e-807e232ae650.mp3"}'::jsonb, '{"value": "het stoplicht", "accepted": ["het stoplicht"]}'::jsonb, 0.35, array['vocab_f1','writing']) on conflict (id) do nothing;
insert into content_items(id,course_id,cefr_level,skill,type,prompt,payload,correct_answer,difficulty,tags) values ('b56d47cd-90b4-5aa9-a962-bc13c6bf03ca', '20000000-0000-0000-0000-000000000006', 'A2', 'writing', 'cloze', 'Completa la frase con la palabra que falta.', '{"text": "In Amsterdam varen de boten door de gracht.", "audio_url": "https://wiauinufpbkmjlbqlkxo.supabase.co/storage/v1/object/public/audio/items/b56d47cd-90b4-5aa9-a962-bc13c6bf03ca.mp3"}'::jsonb, '{"value": "de gracht", "accepted": ["de gracht"]}'::jsonb, 0.35, array['vocab_f1','writing']) on conflict (id) do nothing;
insert into content_items(id,course_id,cefr_level,skill,type,prompt,payload,correct_answer,difficulty,tags) values ('2381cd27-ceac-5b43-ad51-125b055debd5', '20000000-0000-0000-0000-000000000006', 'A2', 'writing', 'cloze', 'Completa la frase con la palabra que falta.', '{"text": "De fietser stopt netjes voor het rode licht.", "audio_url": "https://wiauinufpbkmjlbqlkxo.supabase.co/storage/v1/object/public/audio/items/2381cd27-ceac-5b43-ad51-125b055debd5.mp3"}'::jsonb, '{"value": "fietser", "accepted": ["fietser"]}'::jsonb, 0.35, array['vocab_f1','writing']) on conflict (id) do nothing;
insert into content_items(id,course_id,cefr_level,skill,type,prompt,payload,correct_answer,difficulty,tags) values ('20a7fc02-e7ba-5592-bb7f-ad1ba44b5a0b', '20000000-0000-0000-0000-000000000006', 'A2', 'writing', 'cloze', 'Completa la frase con la palabra que falta.', '{"text": "Er is veel verkeer in het centrum van de stad.", "audio_url": "https://wiauinufpbkmjlbqlkxo.supabase.co/storage/v1/object/public/audio/items/20a7fc02-e7ba-5592-bb7f-ad1ba44b5a0b.mp3"}'::jsonb, '{"value": "verkeer", "accepted": ["verkeer"]}'::jsonb, 0.35, array['vocab_f1','writing']) on conflict (id) do nothing;
insert into content_items(id,course_id,cefr_level,skill,type,prompt,payload,correct_answer,difficulty,tags) values ('90661358-cb75-5b6b-8d33-e6124c93eafe', '20000000-0000-0000-0000-000000000006', 'A2', 'writing', 'cloze', 'Completa la frase con la palabra que falta.', '{"text": "Kijk goed uit voordat je gaat oversteken.", "audio_url": "https://wiauinufpbkmjlbqlkxo.supabase.co/storage/v1/object/public/audio/items/90661358-cb75-5b6b-8d33-e6124c93eafe.mp3"}'::jsonb, '{"value": "oversteken", "accepted": ["oversteken"]}'::jsonb, 0.35, array['vocab_f1','writing']) on conflict (id) do nothing;
insert into content_items(id,course_id,cefr_level,skill,type,prompt,payload,correct_answer,difficulty,tags) values ('f49afecf-f5a4-5e56-a349-090f1c9278e4', '20000000-0000-0000-0000-000000000006', 'A2', 'writing', 'cloze', 'Completa la frase con la palabra que falta.', '{"text": "De bus stopt bij de volgende halte.", "audio_url": "https://wiauinufpbkmjlbqlkxo.supabase.co/storage/v1/object/public/audio/items/f49afecf-f5a4-5e56-a349-090f1c9278e4.mp3"}'::jsonb, '{"value": "halte", "accepted": ["halte"]}'::jsonb, 0.35, array['vocab_f1','writing']) on conflict (id) do nothing;
insert into content_items(id,course_id,cefr_level,skill,type,prompt,payload,correct_answer,difficulty,tags) values ('be2a83e5-a593-5a2a-bee1-834242f612b5', '20000000-0000-0000-0000-000000000006', 'A2', 'reading', 'match', 'Empareja cada palabra con su traducción.', '{"pairs": [{"en": "de hoek", "es": "la esquina"}, {"en": "het kruispunt", "es": "el cruce"}, {"en": "de stoep", "es": "la acera"}, {"en": "het stadhuis", "es": "el ayuntamiento"}, {"en": "de wijk", "es": "el barrio"}]}'::jsonb, '{"pairs": [["de hoek", "la esquina"], ["het kruispunt", "el cruce"], ["de stoep", "la acera"], ["het stadhuis", "el ayuntamiento"], ["de wijk", "el barrio"]]}'::jsonb, 0.15, array['vocab_f1','reading']) on conflict (id) do nothing;
insert into content_items(id,course_id,cefr_level,skill,type,prompt,payload,correct_answer,difficulty,tags) values ('7a104d0e-514b-5528-b465-79cbeb483eab', '20000000-0000-0000-0000-000000000006', 'A2', 'reading', 'match', 'Empareja cada palabra con su traducción.', '{"pairs": [{"en": "de kerk", "es": "la iglesia"}, {"en": "het stoplicht", "es": "el semáforo"}, {"en": "de gracht", "es": "el canal (de ciudad)"}, {"en": "de fietser", "es": "el ciclista"}, {"en": "het verkeer", "es": "el tráfico"}]}'::jsonb, '{"pairs": [["de kerk", "la iglesia"], ["het stoplicht", "el semáforo"], ["de gracht", "el canal (de ciudad)"], ["de fietser", "el ciclista"], ["het verkeer", "el tráfico"]]}'::jsonb, 0.15, array['vocab_f1','reading']) on conflict (id) do nothing;
insert into content_items(id,course_id,cefr_level,skill,type,prompt,payload,correct_answer,difficulty,tags) values ('5eb89c9d-30af-5509-974c-6882f1a76513', '20000000-0000-0000-0000-000000000006', 'A2', 'reading', 'match', 'Empareja cada palabra con su traducción.', '{"pairs": [{"en": "oversteken", "es": "cruzar (la calle)"}, {"en": "de halte", "es": "la parada"}]}'::jsonb, '{"pairs": [["oversteken", "cruzar (la calle)"], ["de halte", "la parada"]]}'::jsonb, 0.15, array['vocab_f1','reading']) on conflict (id) do nothing;
insert into content_items(id,course_id,cefr_level,skill,type,prompt,payload,correct_answer,difficulty,tags) values ('a32a5caa-110d-53eb-a39e-29c50dc5e80c', '20000000-0000-0000-0000-000000000006', 'A2', 'writing', 'cloze', 'Completa la frase con la palabra que falta.', '{"text": "Fietsers moeten op het fietspad blijven rijden.", "audio_url": "https://wiauinufpbkmjlbqlkxo.supabase.co/storage/v1/object/public/audio/items/a32a5caa-110d-53eb-a39e-29c50dc5e80c.mp3"}'::jsonb, '{"value": "het fietspad", "accepted": ["het fietspad"]}'::jsonb, 0.35, array['vocab_f1','writing']) on conflict (id) do nothing;
insert into content_items(id,course_id,cefr_level,skill,type,prompt,payload,correct_answer,difficulty,tags) values ('377c09c3-6c97-5cab-84e3-6f11dbf67e7d', '20000000-0000-0000-0000-000000000006', 'A2', 'writing', 'cloze', 'Completa la frase con la palabra que falta.', '{"text": "De smalle steeg loopt achter de oude huizen.", "audio_url": "https://wiauinufpbkmjlbqlkxo.supabase.co/storage/v1/object/public/audio/items/377c09c3-6c97-5cab-84e3-6f11dbf67e7d.mp3"}'::jsonb, '{"value": "steeg", "accepted": ["steeg"]}'::jsonb, 0.35, array['vocab_f1','writing']) on conflict (id) do nothing;
insert into content_items(id,course_id,cefr_level,skill,type,prompt,payload,correct_answer,difficulty,tags) values ('3ef9ad1f-60ee-51d4-8534-d64d7f1a7597', '20000000-0000-0000-0000-000000000006', 'A2', 'writing', 'cloze', 'Completa la frase con la palabra que falta.', '{"text": "In deze buurt zijn veel gezellige winkels.", "audio_url": "https://wiauinufpbkmjlbqlkxo.supabase.co/storage/v1/object/public/audio/items/3ef9ad1f-60ee-51d4-8534-d64d7f1a7597.mp3"}'::jsonb, '{"value": "buurt", "accepted": ["buurt"]}'::jsonb, 0.35, array['vocab_f1','writing']) on conflict (id) do nothing;
insert into content_items(id,course_id,cefr_level,skill,type,prompt,payload,correct_answer,difficulty,tags) values ('26596ce7-f637-5990-b138-541f262f119b', '20000000-0000-0000-0000-000000000006', 'A2', 'writing', 'cloze', 'Completa la frase con la palabra que falta.', '{"text": "Steek de straat over op het zebrapad.", "audio_url": "https://wiauinufpbkmjlbqlkxo.supabase.co/storage/v1/object/public/audio/items/26596ce7-f637-5990-b138-541f262f119b.mp3"}'::jsonb, '{"value": "het zebrapad", "accepted": ["het zebrapad"]}'::jsonb, 0.35, array['vocab_f1','writing']) on conflict (id) do nothing;
insert into content_items(id,course_id,cefr_level,skill,type,prompt,payload,correct_answer,difficulty,tags) values ('fa1cadc4-d8fc-59d1-9ad9-f5623b776af3', '20000000-0000-0000-0000-000000000006', 'A2', 'writing', 'cloze', 'Completa la frase con la palabra que falta.', '{"text": "Op het zebrapad heeft de voetganger voorrang.", "audio_url": "https://wiauinufpbkmjlbqlkxo.supabase.co/storage/v1/object/public/audio/items/fa1cadc4-d8fc-59d1-9ad9-f5623b776af3.mp3"}'::jsonb, '{"value": "de voetganger", "accepted": ["de voetganger"]}'::jsonb, 0.35, array['vocab_f1','writing']) on conflict (id) do nothing;
insert into content_items(id,course_id,cefr_level,skill,type,prompt,payload,correct_answer,difficulty,tags) values ('3ac16c48-6bbb-55ca-b269-8a5f18d9aa5a', '20000000-0000-0000-0000-000000000006', 'A2', 'writing', 'cloze', 'Completa la frase con la palabra que falta.', '{"text": "Vanaf de toren zie je de hele stad.", "audio_url": "https://wiauinufpbkmjlbqlkxo.supabase.co/storage/v1/object/public/audio/items/3ac16c48-6bbb-55ca-b269-8a5f18d9aa5a.mp3"}'::jsonb, '{"value": "de toren", "accepted": ["de toren"]}'::jsonb, 0.35, array['vocab_f1','writing']) on conflict (id) do nothing;
insert into content_items(id,course_id,cefr_level,skill,type,prompt,payload,correct_answer,difficulty,tags) values ('65972316-7f48-546a-980b-f49dacae961e', '20000000-0000-0000-0000-000000000006', 'A2', 'writing', 'cloze', 'Completa la frase con la palabra que falta.', '{"text": "Ik loop even naar de winkel op de hoek.", "audio_url": "https://wiauinufpbkmjlbqlkxo.supabase.co/storage/v1/object/public/audio/items/65972316-7f48-546a-980b-f49dacae961e.mp3"}'::jsonb, '{"value": "de winkel", "accepted": ["de winkel"]}'::jsonb, 0.35, array['vocab_f1','writing']) on conflict (id) do nothing;
insert into content_items(id,course_id,cefr_level,skill,type,prompt,payload,correct_answer,difficulty,tags) values ('751fa9e7-e7d1-5b41-b9d9-ea06ee224e8b', '20000000-0000-0000-0000-000000000006', 'A2', 'writing', 'cloze', 'Completa la frase con la palabra que falta.', '{"text": "Zijn fiets staat tegen de lantaarnpaal.", "audio_url": "https://wiauinufpbkmjlbqlkxo.supabase.co/storage/v1/object/public/audio/items/751fa9e7-e7d1-5b41-b9d9-ea06ee224e8b.mp3"}'::jsonb, '{"value": "de lantaarnpaal", "accepted": ["de lantaarnpaal"]}'::jsonb, 0.35, array['vocab_f1','writing']) on conflict (id) do nothing;
insert into content_items(id,course_id,cefr_level,skill,type,prompt,payload,correct_answer,difficulty,tags) values ('091abef7-3588-522c-b287-bdf14339fd48', '20000000-0000-0000-0000-000000000006', 'A2', 'writing', 'cloze', 'Completa la frase con la palabra que falta.', '{"text": "Doe de brief maar in de brievenbus.", "audio_url": "https://wiauinufpbkmjlbqlkxo.supabase.co/storage/v1/object/public/audio/items/091abef7-3588-522c-b287-bdf14339fd48.mp3"}'::jsonb, '{"value": "de brievenbus", "accepted": ["de brievenbus"]}'::jsonb, 0.35, array['vocab_f1','writing']) on conflict (id) do nothing;
insert into content_items(id,course_id,cefr_level,skill,type,prompt,payload,correct_answer,difficulty,tags) values ('cf115657-2720-5010-870a-f8ad3d7c9273', '20000000-0000-0000-0000-000000000006', 'A2', 'writing', 'cloze', 'Completa la frase con la palabra que falta.', '{"text": "De ingang van het gebouw is aan de zijkant.", "audio_url": "https://wiauinufpbkmjlbqlkxo.supabase.co/storage/v1/object/public/audio/items/cf115657-2720-5010-870a-f8ad3d7c9273.mp3"}'::jsonb, '{"value": "ingang", "accepted": ["ingang"]}'::jsonb, 0.35, array['vocab_f1','writing']) on conflict (id) do nothing;
insert into content_items(id,course_id,cefr_level,skill,type,prompt,payload,correct_answer,difficulty,tags) values ('e9cb42c8-e46d-5aef-a467-21ea1826d234', '20000000-0000-0000-0000-000000000006', 'A2', 'writing', 'cloze', 'Completa la frase con la palabra que falta.', '{"text": "Mijn oma woont in een klein dorp bij de rivier.", "audio_url": "https://wiauinufpbkmjlbqlkxo.supabase.co/storage/v1/object/public/audio/items/e9cb42c8-e46d-5aef-a467-21ea1826d234.mp3"}'::jsonb, '{"value": "dorp", "accepted": ["dorp"]}'::jsonb, 0.35, array['vocab_f1','writing']) on conflict (id) do nothing;
insert into content_items(id,course_id,cefr_level,skill,type,prompt,payload,correct_answer,difficulty,tags) values ('17840b7f-1e2b-5a9d-af1f-738de20b0762', '20000000-0000-0000-0000-000000000006', 'A2', 'writing', 'cloze', 'Completa la frase con la palabra que falta.', '{"text": "De stad is ''s avonds altijd heel druk.", "audio_url": "https://wiauinufpbkmjlbqlkxo.supabase.co/storage/v1/object/public/audio/items/17840b7f-1e2b-5a9d-af1f-738de20b0762.mp3"}'::jsonb, '{"value": "stad", "accepted": ["stad"]}'::jsonb, 0.35, array['vocab_f1','writing']) on conflict (id) do nothing;
insert into content_items(id,course_id,cefr_level,skill,type,prompt,payload,correct_answer,difficulty,tags) values ('2eed5b7c-d0a0-52eb-adc4-7bbb8c75ad6d', '20000000-0000-0000-0000-000000000006', 'A2', 'reading', 'match', 'Empareja cada palabra con su traducción.', '{"pairs": [{"en": "het fietspad", "es": "el carril bici"}, {"en": "de steeg", "es": "el callejón"}, {"en": "de buurt", "es": "el vecindario"}, {"en": "het zebrapad", "es": "el paso de cebra"}, {"en": "de voetganger", "es": "el peatón"}]}'::jsonb, '{"pairs": [["het fietspad", "el carril bici"], ["de steeg", "el callejón"], ["de buurt", "el vecindario"], ["het zebrapad", "el paso de cebra"], ["de voetganger", "el peatón"]]}'::jsonb, 0.15, array['vocab_f1','reading']) on conflict (id) do nothing;
insert into content_items(id,course_id,cefr_level,skill,type,prompt,payload,correct_answer,difficulty,tags) values ('abe0660d-5b8a-5997-a885-8ce94b143f81', '20000000-0000-0000-0000-000000000006', 'A2', 'reading', 'match', 'Empareja cada palabra con su traducción.', '{"pairs": [{"en": "de toren", "es": "la torre"}, {"en": "de winkel", "es": "la tienda"}, {"en": "de lantaarnpaal", "es": "la farola"}, {"en": "de brievenbus", "es": "el buzón"}, {"en": "de ingang", "es": "la entrada"}]}'::jsonb, '{"pairs": [["de toren", "la torre"], ["de winkel", "la tienda"], ["de lantaarnpaal", "la farola"], ["de brievenbus", "el buzón"], ["de ingang", "la entrada"]]}'::jsonb, 0.15, array['vocab_f1','reading']) on conflict (id) do nothing;
insert into content_items(id,course_id,cefr_level,skill,type,prompt,payload,correct_answer,difficulty,tags) values ('549e18e7-4447-56ba-82f8-314c6062c6e3', '20000000-0000-0000-0000-000000000006', 'A2', 'reading', 'match', 'Empareja cada palabra con su traducción.', '{"pairs": [{"en": "het dorp", "es": "el pueblo"}, {"en": "de stad", "es": "la ciudad"}]}'::jsonb, '{"pairs": [["het dorp", "el pueblo"], ["de stad", "la ciudad"]]}'::jsonb, 0.15, array['vocab_f1','reading']) on conflict (id) do nothing;
insert into content_items(id,course_id,cefr_level,skill,type,prompt,payload,correct_answer,difficulty,tags) values ('22a2c7f3-fefe-5b83-99a8-baa123452f89', '20000000-0000-0000-0000-000000000006', 'A2', 'writing', 'cloze', 'Completa la frase con la palabra que falta.', '{"text": "Mijn kamer is klein maar gezellig.", "audio_url": "https://wiauinufpbkmjlbqlkxo.supabase.co/storage/v1/object/public/audio/items/22a2c7f3-fefe-5b83-99a8-baa123452f89.mp3"}'::jsonb, '{"value": "kamer", "accepted": ["kamer"]}'::jsonb, 0.35, array['vocab_f1','writing']) on conflict (id) do nothing;
insert into content_items(id,course_id,cefr_level,skill,type,prompt,payload,correct_answer,difficulty,tags) values ('7482f059-190a-52f7-80e0-5e3c87ad036e', '20000000-0000-0000-0000-000000000006', 'A2', 'writing', 'cloze', 'Completa la frase con la palabra que falta.', '{"text": "Het bed in de slaapkamer is groot en zacht.", "audio_url": "https://wiauinufpbkmjlbqlkxo.supabase.co/storage/v1/object/public/audio/items/7482f059-190a-52f7-80e0-5e3c87ad036e.mp3"}'::jsonb, '{"value": "bed", "accepted": ["bed"]}'::jsonb, 0.35, array['vocab_f1','writing']) on conflict (id) do nothing;
insert into content_items(id,course_id,cefr_level,skill,type,prompt,payload,correct_answer,difficulty,tags) values ('61c27da9-95b9-53b1-9cc9-45cb8a8d273b', '20000000-0000-0000-0000-000000000006', 'A2', 'writing', 'cloze', 'Completa la frase con la palabra que falta.', '{"text": "De vorken liggen in de lade van de kast.", "audio_url": "https://wiauinufpbkmjlbqlkxo.supabase.co/storage/v1/object/public/audio/items/61c27da9-95b9-53b1-9cc9-45cb8a8d273b.mp3"}'::jsonb, '{"value": "de lade", "accepted": ["de lade"]}'::jsonb, 0.35, array['vocab_f1','writing']) on conflict (id) do nothing;
insert into content_items(id,course_id,cefr_level,skill,type,prompt,payload,correct_answer,difficulty,tags) values ('732623db-fa10-5426-b548-d232953da401', '20000000-0000-0000-0000-000000000006', 'A2', 'writing', 'cloze', 'Completa la frase con la palabra que falta.', '{"text": "Het is koud, dus ik pak een warme deken.", "audio_url": "https://wiauinufpbkmjlbqlkxo.supabase.co/storage/v1/object/public/audio/items/732623db-fa10-5426-b548-d232953da401.mp3"}'::jsonb, '{"value": "deken", "accepted": ["deken"]}'::jsonb, 0.35, array['vocab_f1','writing']) on conflict (id) do nothing;
insert into content_items(id,course_id,cefr_level,skill,type,prompt,payload,correct_answer,difficulty,tags) values ('ae984bde-72e8-54b1-baa3-79a07eef5eca', '20000000-0000-0000-0000-000000000006', 'A2', 'writing', 'cloze', 'Completa la frase con la palabra que falta.', '{"text": "''s Avonds doe ik het gordijn dicht.", "audio_url": "https://wiauinufpbkmjlbqlkxo.supabase.co/storage/v1/object/public/audio/items/ae984bde-72e8-54b1-baa3-79a07eef5eca.mp3"}'::jsonb, '{"value": "het gordijn", "accepted": ["het gordijn"]}'::jsonb, 0.35, array['vocab_f1','writing']) on conflict (id) do nothing;
insert into content_items(id,course_id,cefr_level,skill,type,prompt,payload,correct_answer,difficulty,tags) values ('85e8bc39-8fc4-5987-a4e1-d41ea631ceb9', '20000000-0000-0000-0000-000000000006', 'A2', 'writing', 'cloze', 'Completa la frase con la palabra que falta.', '{"text": "Aan de muur hangt een grote foto.", "audio_url": "https://wiauinufpbkmjlbqlkxo.supabase.co/storage/v1/object/public/audio/items/85e8bc39-8fc4-5987-a4e1-d41ea631ceb9.mp3"}'::jsonb, '{"value": "de muur", "accepted": ["de muur"]}'::jsonb, 0.35, array['vocab_f1','writing']) on conflict (id) do nothing;
insert into content_items(id,course_id,cefr_level,skill,type,prompt,payload,correct_answer,difficulty,tags) values ('3d3edd54-8285-5fb1-b5e1-f3260bc829da', '20000000-0000-0000-0000-000000000006', 'A2', 'writing', 'cloze', 'Completa la frase con la palabra que falta.', '{"text": "De lamp hangt aan het plafond.", "audio_url": "https://wiauinufpbkmjlbqlkxo.supabase.co/storage/v1/object/public/audio/items/3d3edd54-8285-5fb1-b5e1-f3260bc829da.mp3"}'::jsonb, '{"value": "het plafond", "accepted": ["het plafond"]}'::jsonb, 0.35, array['vocab_f1','writing']) on conflict (id) do nothing;
insert into content_items(id,course_id,cefr_level,skill,type,prompt,payload,correct_answer,difficulty,tags) values ('b89b61df-7f6f-53ee-8311-80b9c777bb52', '20000000-0000-0000-0000-000000000006', 'A2', 'writing', 'cloze', 'Completa la frase con la palabra que falta.', '{"text": "De kinderen spelen op de vloer.", "audio_url": "https://wiauinufpbkmjlbqlkxo.supabase.co/storage/v1/object/public/audio/items/b89b61df-7f6f-53ee-8311-80b9c777bb52.mp3"}'::jsonb, '{"value": "de vloer", "accepted": ["de vloer"]}'::jsonb, 0.35, array['vocab_f1','writing']) on conflict (id) do nothing;
insert into content_items(id,course_id,cefr_level,skill,type,prompt,payload,correct_answer,difficulty,tags) values ('89683e63-0903-52a0-a43c-f72db0357676', '20000000-0000-0000-0000-000000000006', 'A2', 'writing', 'cloze', 'Completa la frase con la palabra que falta.', '{"text": "Ik loop de trap op naar de eerste verdieping.", "audio_url": "https://wiauinufpbkmjlbqlkxo.supabase.co/storage/v1/object/public/audio/items/89683e63-0903-52a0-a43c-f72db0357676.mp3"}'::jsonb, '{"value": "de trap", "accepted": ["de trap"]}'::jsonb, 0.35, array['vocab_f1','writing']) on conflict (id) do nothing;
insert into content_items(id,course_id,cefr_level,skill,type,prompt,payload,correct_answer,difficulty,tags) values ('68ded195-668a-5b3a-9d99-17e9df054ef0', '20000000-0000-0000-0000-000000000006', 'A2', 'reading', 'match', 'Empareja cada palabra con su traducción.', '{"pairs": [{"en": "de kamer", "es": "la habitación"}, {"en": "het bed", "es": "la cama"}, {"en": "de lade", "es": "el cajón"}, {"en": "de deken", "es": "la manta"}, {"en": "het gordijn", "es": "la cortina"}]}'::jsonb, '{"pairs": [["de kamer", "la habitación"], ["het bed", "la cama"], ["de lade", "el cajón"], ["de deken", "la manta"], ["het gordijn", "la cortina"]]}'::jsonb, 0.15, array['vocab_f1','reading']) on conflict (id) do nothing;
insert into content_items(id,course_id,cefr_level,skill,type,prompt,payload,correct_answer,difficulty,tags) values ('2b528ffc-8734-5372-9ef2-fd1ec5179e72', '20000000-0000-0000-0000-000000000006', 'A2', 'reading', 'match', 'Empareja cada palabra con su traducción.', '{"pairs": [{"en": "de muur", "es": "la pared"}, {"en": "het plafond", "es": "el techo"}, {"en": "de vloer", "es": "el suelo"}, {"en": "de trap", "es": "la escalera"}]}'::jsonb, '{"pairs": [["de muur", "la pared"], ["het plafond", "el techo"], ["de vloer", "el suelo"], ["de trap", "la escalera"]]}'::jsonb, 0.15, array['vocab_f1','reading']) on conflict (id) do nothing;
insert into content_items(id,course_id,cefr_level,skill,type,prompt,payload,correct_answer,difficulty,tags) values ('5595cbb6-bbcf-5a3b-9f3e-5bbf15cd338d', '20000000-0000-0000-0000-000000000006', 'A2', 'writing', 'cloze', 'Completa la frase con la palabra que falta.', '{"text": "Zij veegt de keuken met een bezem.", "audio_url": "https://wiauinufpbkmjlbqlkxo.supabase.co/storage/v1/object/public/audio/items/5595cbb6-bbcf-5a3b-9f3e-5bbf15cd338d.mp3"}'::jsonb, '{"value": "bezem", "accepted": ["bezem"]}'::jsonb, 0.35, array['vocab_f1','writing']) on conflict (id) do nothing;
insert into content_items(id,course_id,cefr_level,skill,type,prompt,payload,correct_answer,difficulty,tags) values ('655394fc-07f2-5fcc-83a8-c3fc5e471d25', '20000000-0000-0000-0000-000000000006', 'A2', 'writing', 'cloze', 'Completa la frase con la palabra que falta.', '{"text": "Ik slaap graag met een zacht kussen.", "audio_url": "https://wiauinufpbkmjlbqlkxo.supabase.co/storage/v1/object/public/audio/items/655394fc-07f2-5fcc-83a8-c3fc5e471d25.mp3"}'::jsonb, '{"value": "kussen", "accepted": ["kussen"]}'::jsonb, 0.35, array['vocab_f1','writing']) on conflict (id) do nothing;
insert into content_items(id,course_id,cefr_level,skill,type,prompt,payload,correct_answer,difficulty,tags) values ('1be4b151-6245-5fff-9eed-9231b7b8edac', '20000000-0000-0000-0000-000000000006', 'A2', 'writing', 'cloze', 'Completa la frase con la palabra que falta.', '{"text": "Mijn kleren liggen in de kast.", "audio_url": "https://wiauinufpbkmjlbqlkxo.supabase.co/storage/v1/object/public/audio/items/1be4b151-6245-5fff-9eed-9231b7b8edac.mp3"}'::jsonb, '{"value": "de kast", "accepted": ["de kast"]}'::jsonb, 0.35, array['vocab_f1','writing']) on conflict (id) do nothing;
insert into content_items(id,course_id,cefr_level,skill,type,prompt,payload,correct_answer,difficulty,tags) values ('db06b408-7142-5e4c-975f-25d6d7a509fe', '20000000-0000-0000-0000-000000000006', 'A2', 'writing', 'cloze', 'Completa la frase con la palabra que falta.', '{"text": "Draai de kraan dicht, het water loopt nog.", "audio_url": "https://wiauinufpbkmjlbqlkxo.supabase.co/storage/v1/object/public/audio/items/db06b408-7142-5e4c-975f-25d6d7a509fe.mp3"}'::jsonb, '{"value": "de kraan", "accepted": ["de kraan"]}'::jsonb, 0.35, array['vocab_f1','writing']) on conflict (id) do nothing;
insert into content_items(id,course_id,cefr_level,skill,type,prompt,payload,correct_answer,difficulty,tags) values ('82a113cd-a0d5-5335-9cb9-71802b4862e2', '20000000-0000-0000-0000-000000000006', 'A2', 'writing', 'cloze', 'Completa la frase con la palabra que falta.', '{"text": "Er zit een vogel op het dak.", "audio_url": "https://wiauinufpbkmjlbqlkxo.supabase.co/storage/v1/object/public/audio/items/82a113cd-a0d5-5335-9cb9-71802b4862e2.mp3"}'::jsonb, '{"value": "het dak", "accepted": ["het dak"]}'::jsonb, 0.35, array['vocab_f1','writing']) on conflict (id) do nothing;
insert into content_items(id,course_id,cefr_level,skill,type,prompt,payload,correct_answer,difficulty,tags) values ('4d263fe1-4091-5bb3-b633-137be33ca5fc', '20000000-0000-0000-0000-000000000006', 'A2', 'writing', 'cloze', 'Completa la frase con la palabra que falta.', '{"text": "De oude dozen staan op de zolder.", "audio_url": "https://wiauinufpbkmjlbqlkxo.supabase.co/storage/v1/object/public/audio/items/4d263fe1-4091-5bb3-b633-137be33ca5fc.mp3"}'::jsonb, '{"value": "de zolder", "accepted": ["de zolder"]}'::jsonb, 0.35, array['vocab_f1','writing']) on conflict (id) do nothing;
insert into content_items(id,course_id,cefr_level,skill,type,prompt,payload,correct_answer,difficulty,tags) values ('73026548-e97e-50fd-b747-bfcca619e0b1', '20000000-0000-0000-0000-000000000006', 'A2', 'writing', 'cloze', 'Completa la frase con la palabra que falta.', '{"text": "Ik doe de vuile kleren in de wasmachine.", "audio_url": "https://wiauinufpbkmjlbqlkxo.supabase.co/storage/v1/object/public/audio/items/73026548-e97e-50fd-b747-bfcca619e0b1.mp3"}'::jsonb, '{"value": "de wasmachine", "accepted": ["de wasmachine"]}'::jsonb, 0.35, array['vocab_f1','writing']) on conflict (id) do nothing;
insert into content_items(id,course_id,cefr_level,skill,type,prompt,payload,correct_answer,difficulty,tags) values ('1e6bfc11-d649-5acd-a2f0-403c1fd2de9e', '20000000-0000-0000-0000-000000000006', 'A2', 'writing', 'cloze', 'Completa la frase con la palabra que falta.', '{"text": "Na het wassen moet ik de overhemden strijken.", "audio_url": "https://wiauinufpbkmjlbqlkxo.supabase.co/storage/v1/object/public/audio/items/1e6bfc11-d649-5acd-a2f0-403c1fd2de9e.mp3"}'::jsonb, '{"value": "strijken", "accepted": ["strijken"]}'::jsonb, 0.35, array['vocab_f1','writing']) on conflict (id) do nothing;
insert into content_items(id,course_id,cefr_level,skill,type,prompt,payload,correct_answer,difficulty,tags) values ('7d231062-38be-5f93-9d9e-6c4becf332c1', '20000000-0000-0000-0000-000000000006', 'A2', 'writing', 'cloze', 'Completa la frase con la palabra que falta.', '{"text": "In de woonkamer ligt een mooi tapijt.", "audio_url": "https://wiauinufpbkmjlbqlkxo.supabase.co/storage/v1/object/public/audio/items/7d231062-38be-5f93-9d9e-6c4becf332c1.mp3"}'::jsonb, '{"value": "tapijt", "accepted": ["tapijt"]}'::jsonb, 0.35, array['vocab_f1','writing']) on conflict (id) do nothing;
insert into content_items(id,course_id,cefr_level,skill,type,prompt,payload,correct_answer,difficulty,tags) values ('bff7d75b-3502-5f70-bbab-b3e9800dc24f', '20000000-0000-0000-0000-000000000006', 'A2', 'reading', 'match', 'Empareja cada palabra con su traducción.', '{"pairs": [{"en": "de bezem", "es": "la escoba"}, {"en": "het kussen", "es": "la almohada"}, {"en": "de kast", "es": "el armario"}, {"en": "de kraan", "es": "el grifo"}, {"en": "het dak", "es": "el tejado"}]}'::jsonb, '{"pairs": [["de bezem", "la escoba"], ["het kussen", "la almohada"], ["de kast", "el armario"], ["de kraan", "el grifo"], ["het dak", "el tejado"]]}'::jsonb, 0.15, array['vocab_f1','reading']) on conflict (id) do nothing;
insert into content_items(id,course_id,cefr_level,skill,type,prompt,payload,correct_answer,difficulty,tags) values ('e8a3d009-f9e7-55d9-b433-6767137af12a', '20000000-0000-0000-0000-000000000006', 'A2', 'reading', 'match', 'Empareja cada palabra con su traducción.', '{"pairs": [{"en": "de zolder", "es": "el desván"}, {"en": "de wasmachine", "es": "la lavadora"}, {"en": "strijken", "es": "planchar"}, {"en": "het tapijt", "es": "la alfombra"}]}'::jsonb, '{"pairs": [["de zolder", "el desván"], ["de wasmachine", "la lavadora"], ["strijken", "planchar"], ["het tapijt", "la alfombra"]]}'::jsonb, 0.15, array['vocab_f1','reading']) on conflict (id) do nothing;
insert into content_items(id,course_id,cefr_level,skill,type,prompt,payload,correct_answer,difficulty,tags) values ('077a6317-3979-585a-a50b-7efa3b0ad45c', '20000000-0000-0000-0000-000000000006', 'A2', 'writing', 'cloze', 'Completa la frase con la palabra que falta.', '{"text": "Wij eten samen in de keuken.", "audio_url": "https://wiauinufpbkmjlbqlkxo.supabase.co/storage/v1/object/public/audio/items/077a6317-3979-585a-a50b-7efa3b0ad45c.mp3"}'::jsonb, '{"value": "de keuken", "accepted": ["de keuken"]}'::jsonb, 0.35, array['vocab_f1','writing']) on conflict (id) do nothing;
insert into content_items(id,course_id,cefr_level,skill,type,prompt,payload,correct_answer,difficulty,tags) values ('ea21da99-41bc-589f-a7a5-2a29dcb58397', '20000000-0000-0000-0000-000000000006', 'A2', 'writing', 'cloze', 'Completa la frase con la palabra que falta.', '{"text": "De douche staat in de badkamer.", "audio_url": "https://wiauinufpbkmjlbqlkxo.supabase.co/storage/v1/object/public/audio/items/ea21da99-41bc-589f-a7a5-2a29dcb58397.mp3"}'::jsonb, '{"value": "de badkamer", "accepted": ["de badkamer"]}'::jsonb, 0.35, array['vocab_f1','writing']) on conflict (id) do nothing;
insert into content_items(id,course_id,cefr_level,skill,type,prompt,payload,correct_answer,difficulty,tags) values ('dbcd56bc-e777-5e52-b22c-fa59d9b16f20', '20000000-0000-0000-0000-000000000006', 'A2', 'writing', 'cloze', 'Completa la frase con la palabra que falta.', '{"text": "Mijn slaapkamer is boven, naast de badkamer.", "audio_url": "https://wiauinufpbkmjlbqlkxo.supabase.co/storage/v1/object/public/audio/items/dbcd56bc-e777-5e52-b22c-fa59d9b16f20.mp3"}'::jsonb, '{"value": "slaapkamer", "accepted": ["slaapkamer"]}'::jsonb, 0.35, array['vocab_f1','writing']) on conflict (id) do nothing;
insert into content_items(id,course_id,cefr_level,skill,type,prompt,payload,correct_answer,difficulty,tags) values ('4b016e17-6998-5d52-8133-bba87114fa23', '20000000-0000-0000-0000-000000000006', 'A2', 'writing', 'cloze', 'Completa la frase con la palabra que falta.', '{"text": "''s Avonds kijken wij televisie in de woonkamer.", "audio_url": "https://wiauinufpbkmjlbqlkxo.supabase.co/storage/v1/object/public/audio/items/4b016e17-6998-5d52-8133-bba87114fa23.mp3"}'::jsonb, '{"value": "de woonkamer", "accepted": ["de woonkamer"]}'::jsonb, 0.35, array['vocab_f1','writing']) on conflict (id) do nothing;
insert into content_items(id,course_id,cefr_level,skill,type,prompt,payload,correct_answer,difficulty,tags) values ('abd83fc4-1be6-5a5e-a664-c6ead996fe05', '20000000-0000-0000-0000-000000000006', 'A2', 'writing', 'cloze', 'Completa la frase con la palabra que falta.', '{"text": "Het eten staat al op de tafel.", "audio_url": "https://wiauinufpbkmjlbqlkxo.supabase.co/storage/v1/object/public/audio/items/abd83fc4-1be6-5a5e-a664-c6ead996fe05.mp3"}'::jsonb, '{"value": "de tafel", "accepted": ["de tafel"]}'::jsonb, 0.35, array['vocab_f1','writing']) on conflict (id) do nothing;
insert into content_items(id,course_id,cefr_level,skill,type,prompt,payload,correct_answer,difficulty,tags) values ('7fd91e07-8fb0-5be1-bb33-7a07bbd01a55', '20000000-0000-0000-0000-000000000006', 'A2', 'writing', 'cloze', 'Completa la frase con la palabra que falta.', '{"text": "Ga zitten op deze stoel, alsjeblieft.", "audio_url": "https://wiauinufpbkmjlbqlkxo.supabase.co/storage/v1/object/public/audio/items/7fd91e07-8fb0-5be1-bb33-7a07bbd01a55.mp3"}'::jsonb, '{"value": "stoel", "accepted": ["stoel"]}'::jsonb, 0.35, array['vocab_f1','writing']) on conflict (id) do nothing;
insert into content_items(id,course_id,cefr_level,skill,type,prompt,payload,correct_answer,difficulty,tags) values ('93b72c81-ffe2-5917-b598-b9ac601d6dfd', '20000000-0000-0000-0000-000000000006', 'A2', 'writing', 'cloze', 'Completa la frase con la palabra que falta.', '{"text": "Doe de deur dicht, het tocht hier.", "audio_url": "https://wiauinufpbkmjlbqlkxo.supabase.co/storage/v1/object/public/audio/items/93b72c81-ffe2-5917-b598-b9ac601d6dfd.mp3"}'::jsonb, '{"value": "de deur", "accepted": ["de deur"]}'::jsonb, 0.35, array['vocab_f1','writing']) on conflict (id) do nothing;
insert into content_items(id,course_id,cefr_level,skill,type,prompt,payload,correct_answer,difficulty,tags) values ('58fff332-f043-5720-86f2-b19d0b680536', '20000000-0000-0000-0000-000000000006', 'A2', 'writing', 'cloze', 'Completa la frase con la palabra que falta.', '{"text": "Op zaterdag ga ik het hele huis schoonmaken.", "audio_url": "https://wiauinufpbkmjlbqlkxo.supabase.co/storage/v1/object/public/audio/items/58fff332-f043-5720-86f2-b19d0b680536.mp3"}'::jsonb, '{"value": "schoonmaken", "accepted": ["schoonmaken"]}'::jsonb, 0.35, array['vocab_f1','writing']) on conflict (id) do nothing;
insert into content_items(id,course_id,cefr_level,skill,type,prompt,payload,correct_answer,difficulty,tags) values ('5a5077c4-f31a-5dfb-b42a-c706a9050a0c', '20000000-0000-0000-0000-000000000006', 'A2', 'reading', 'match', 'Empareja cada palabra con su traducción.', '{"pairs": [{"en": "de keuken", "es": "la cocina"}, {"en": "de badkamer", "es": "el baño"}, {"en": "de slaapkamer", "es": "el dormitorio"}, {"en": "de woonkamer", "es": "el salón"}, {"en": "de tafel", "es": "la mesa"}]}'::jsonb, '{"pairs": [["de keuken", "la cocina"], ["de badkamer", "el baño"], ["de slaapkamer", "el dormitorio"], ["de woonkamer", "el salón"], ["de tafel", "la mesa"]]}'::jsonb, 0.15, array['vocab_f1','reading']) on conflict (id) do nothing;
insert into content_items(id,course_id,cefr_level,skill,type,prompt,payload,correct_answer,difficulty,tags) values ('6cdc29f3-a80c-5042-92d4-839455e70ade', '20000000-0000-0000-0000-000000000006', 'A2', 'reading', 'match', 'Empareja cada palabra con su traducción.', '{"pairs": [{"en": "de stoel", "es": "la silla"}, {"en": "de deur", "es": "la puerta"}, {"en": "schoonmaken", "es": "limpiar"}]}'::jsonb, '{"pairs": [["de stoel", "la silla"], ["de deur", "la puerta"], ["schoonmaken", "limpiar"]]}'::jsonb, 0.15, array['vocab_f1','reading']) on conflict (id) do nothing;
insert into content_items(id,course_id,cefr_level,skill,type,prompt,payload,correct_answer,difficulty,tags) values ('06cfe232-2d83-5fbf-bb1f-da8e664d67be', '20000000-0000-0000-0000-000000000006', 'A2', 'writing', 'cloze', 'Completa la frase con la palabra que falta.', '{"text": "Ik eet geen vlees, ik ben vegetariër.", "audio_url": "https://wiauinufpbkmjlbqlkxo.supabase.co/storage/v1/object/public/audio/items/06cfe232-2d83-5fbf-bb1f-da8e664d67be.mp3"}'::jsonb, '{"value": "vlees", "accepted": ["vlees"]}'::jsonb, 0.35, array['vocab_f1','writing']) on conflict (id) do nothing;
insert into content_items(id,course_id,cefr_level,skill,type,prompt,payload,correct_answer,difficulty,tags) values ('82bef57f-e0fb-545f-9a2c-315b77280acb', '20000000-0000-0000-0000-000000000006', 'A2', 'writing', 'cloze', 'Completa la frase con la palabra que falta.', '{"text": "De ui doet mijn ogen tranen.", "audio_url": "https://wiauinufpbkmjlbqlkxo.supabase.co/storage/v1/object/public/audio/items/82bef57f-e0fb-545f-9a2c-315b77280acb.mp3"}'::jsonb, '{"value": "ui", "accepted": ["ui"]}'::jsonb, 0.35, array['vocab_f1','writing']) on conflict (id) do nothing;
insert into content_items(id,course_id,cefr_level,skill,type,prompt,payload,correct_answer,difficulty,tags) values ('5f3be1bf-6319-5733-a1a6-16772c036017', '20000000-0000-0000-0000-000000000006', 'A2', 'writing', 'cloze', 'Completa la frase con la palabra que falta.', '{"text": "Doe wat boter op je brood.", "audio_url": "https://wiauinufpbkmjlbqlkxo.supabase.co/storage/v1/object/public/audio/items/5f3be1bf-6319-5733-a1a6-16772c036017.mp3"}'::jsonb, '{"value": "boter", "accepted": ["boter"]}'::jsonb, 0.35, array['vocab_f1','writing']) on conflict (id) do nothing;
insert into content_items(id,course_id,cefr_level,skill,type,prompt,payload,correct_answer,difficulty,tags) values ('f4c9422c-54dc-5bb4-9ef9-a9d4983d2008', '20000000-0000-0000-0000-000000000006', 'A2', 'writing', 'cloze', 'Completa la frase con la palabra que falta.', '{"text": "Nederlandse kaas is beroemd in de hele wereld.", "audio_url": "https://wiauinufpbkmjlbqlkxo.supabase.co/storage/v1/object/public/audio/items/f4c9422c-54dc-5bb4-9ef9-a9d4983d2008.mp3"}'::jsonb, '{"value": "kaas", "accepted": ["kaas"]}'::jsonb, 0.35, array['vocab_f1','writing']) on conflict (id) do nothing;
insert into content_items(id,course_id,cefr_level,skill,type,prompt,payload,correct_answer,difficulty,tags) values ('dde5edfd-4891-523b-93f6-68abbce01de0', '20000000-0000-0000-0000-000000000006', 'A2', 'writing', 'cloze', 'Completa la frase con la palabra que falta.', '{"text": "Het ei is nog niet gekookt.", "audio_url": "https://wiauinufpbkmjlbqlkxo.supabase.co/storage/v1/object/public/audio/items/dde5edfd-4891-523b-93f6-68abbce01de0.mp3"}'::jsonb, '{"value": "ei", "accepted": ["ei"]}'::jsonb, 0.35, array['vocab_f1','writing']) on conflict (id) do nothing;
insert into content_items(id,course_id,cefr_level,skill,type,prompt,payload,correct_answer,difficulty,tags) values ('c51211a1-c414-5350-9198-1b1de61ae1ad', '20000000-0000-0000-0000-000000000006', 'A2', 'writing', 'cloze', 'Completa la frase con la palabra que falta.', '{"text": "Ik doe een beetje room in de soep.", "audio_url": "https://wiauinufpbkmjlbqlkxo.supabase.co/storage/v1/object/public/audio/items/c51211a1-c414-5350-9198-1b1de61ae1ad.mp3"}'::jsonb, '{"value": "room", "accepted": ["room"]}'::jsonb, 0.35, array['vocab_f1','writing']) on conflict (id) do nothing;
insert into content_items(id,course_id,cefr_level,skill,type,prompt,payload,correct_answer,difficulty,tags) values ('a95f7c4d-94b3-5644-82be-47b118599a6d', '20000000-0000-0000-0000-000000000006', 'A2', 'writing', 'cloze', 'Completa la frase con la palabra que falta.', '{"text": "Dit gerecht is een specialiteit van de kok.", "audio_url": "https://wiauinufpbkmjlbqlkxo.supabase.co/storage/v1/object/public/audio/items/a95f7c4d-94b3-5644-82be-47b118599a6d.mp3"}'::jsonb, '{"value": "gerecht", "accepted": ["gerecht"]}'::jsonb, 0.35, array['vocab_f1','writing']) on conflict (id) do nothing;
insert into content_items(id,course_id,cefr_level,skill,type,prompt,payload,correct_answer,difficulty,tags) values ('5cecf184-e99b-5a8d-b4d8-5f70b0e719dd', '20000000-0000-0000-0000-000000000006', 'A2', 'writing', 'cloze', 'Completa la frase con la palabra que falta.', '{"text": "We eten samen een warme maaltijd.", "audio_url": "https://wiauinufpbkmjlbqlkxo.supabase.co/storage/v1/object/public/audio/items/5cecf184-e99b-5a8d-b4d8-5f70b0e719dd.mp3"}'::jsonb, '{"value": "maaltijd", "accepted": ["maaltijd"]}'::jsonb, 0.35, array['vocab_f1','writing']) on conflict (id) do nothing;
insert into content_items(id,course_id,cefr_level,skill,type,prompt,payload,correct_answer,difficulty,tags) values ('a8266200-c26a-5220-9940-4f935eedfa37', '20000000-0000-0000-0000-000000000006', 'A2', 'writing', 'cloze', 'Completa la frase con la palabra que falta.', '{"text": "Deze soep is echt heel lekker.", "audio_url": "https://wiauinufpbkmjlbqlkxo.supabase.co/storage/v1/object/public/audio/items/a8266200-c26a-5220-9940-4f935eedfa37.mp3"}'::jsonb, '{"value": "lekker", "accepted": ["lekker"]}'::jsonb, 0.35, array['vocab_f1','writing']) on conflict (id) do nothing;
insert into content_items(id,course_id,cefr_level,skill,type,prompt,payload,correct_answer,difficulty,tags) values ('64fdf587-ad12-534b-9b24-7148ac9cb998', '20000000-0000-0000-0000-000000000006', 'A2', 'reading', 'match', 'Empareja cada palabra con su traducción.', '{"pairs": [{"en": "het vlees", "es": "la carne"}, {"en": "de ui", "es": "la cebolla"}, {"en": "de boter", "es": "la mantequilla"}, {"en": "de kaas", "es": "el queso"}, {"en": "het ei", "es": "el huevo"}]}'::jsonb, '{"pairs": [["het vlees", "la carne"], ["de ui", "la cebolla"], ["de boter", "la mantequilla"], ["de kaas", "el queso"], ["het ei", "el huevo"]]}'::jsonb, 0.15, array['vocab_f1','reading']) on conflict (id) do nothing;
insert into content_items(id,course_id,cefr_level,skill,type,prompt,payload,correct_answer,difficulty,tags) values ('27544d64-0a75-5ada-8787-20def2a8ac6f', '20000000-0000-0000-0000-000000000006', 'A2', 'reading', 'match', 'Empareja cada palabra con su traducción.', '{"pairs": [{"en": "de room", "es": "la nata"}, {"en": "het gerecht", "es": "el plato (preparado)"}, {"en": "de maaltijd", "es": "la comida (ocasión)"}, {"en": "lekker", "es": "rico, sabroso"}]}'::jsonb, '{"pairs": [["de room", "la nata"], ["het gerecht", "el plato (preparado)"], ["de maaltijd", "la comida (ocasión)"], ["lekker", "rico, sabroso"]]}'::jsonb, 0.15, array['vocab_f1','reading']) on conflict (id) do nothing;
insert into content_items(id,course_id,cefr_level,skill,type,prompt,payload,correct_answer,difficulty,tags) values ('ffd36e02-63e2-5f55-a750-cd04c29e74bd', '20000000-0000-0000-0000-000000000006', 'A2', 'writing', 'cloze', 'Completa la frase con la palabra que falta.', '{"text": "Wil je even van mijn eten proeven?", "audio_url": "https://wiauinufpbkmjlbqlkxo.supabase.co/storage/v1/object/public/audio/items/ffd36e02-63e2-5f55-a750-cd04c29e74bd.mp3"}'::jsonb, '{"value": "proeven", "accepted": ["proeven"]}'::jsonb, 0.35, array['vocab_f1','writing']) on conflict (id) do nothing;
insert into content_items(id,course_id,cefr_level,skill,type,prompt,payload,correct_answer,difficulty,tags) values ('8a4c0145-cf93-5100-bd00-02633ac6fa79', '20000000-0000-0000-0000-000000000006', 'A2', 'writing', 'cloze', 'Completa la frase con la palabra que falta.', '{"text": "Het ontbijt is de belangrijkste maaltijd van de dag.", "audio_url": "https://wiauinufpbkmjlbqlkxo.supabase.co/storage/v1/object/public/audio/items/8a4c0145-cf93-5100-bd00-02633ac6fa79.mp3"}'::jsonb, '{"value": "ontbijt", "accepted": ["ontbijt"]}'::jsonb, 0.35, array['vocab_f1','writing']) on conflict (id) do nothing;
insert into content_items(id,course_id,cefr_level,skill,type,prompt,payload,correct_answer,difficulty,tags) values ('6213c7e1-3e36-5405-97d7-408de59ba824', '20000000-0000-0000-0000-000000000006', 'A2', 'writing', 'cloze', 'Completa la frase con la palabra que falta.', '{"text": "Het avondeten staat om zeven uur op tafel.", "audio_url": "https://wiauinufpbkmjlbqlkxo.supabase.co/storage/v1/object/public/audio/items/6213c7e1-3e36-5405-97d7-408de59ba824.mp3"}'::jsonb, '{"value": "avondeten", "accepted": ["avondeten"]}'::jsonb, 0.35, array['vocab_f1','writing']) on conflict (id) do nothing;
insert into content_items(id,course_id,cefr_level,skill,type,prompt,payload,correct_answer,difficulty,tags) values ('81e7c0a0-d347-50d9-bdda-b6c213b215af', '20000000-0000-0000-0000-000000000006', 'A2', 'writing', 'cloze', 'Completa la frase con la palabra que falta.', '{"text": "Na het sporten heb ik veel honger.", "audio_url": "https://wiauinufpbkmjlbqlkxo.supabase.co/storage/v1/object/public/audio/items/81e7c0a0-d347-50d9-bdda-b6c213b215af.mp3"}'::jsonb, '{"value": "honger", "accepted": ["honger"]}'::jsonb, 0.35, array['vocab_f1','writing']) on conflict (id) do nothing;
insert into content_items(id,course_id,cefr_level,skill,type,prompt,payload,correct_answer,difficulty,tags) values ('abfc2754-cf22-574c-97c7-c8fa2290d1e4', '20000000-0000-0000-0000-000000000006', 'A2', 'writing', 'cloze', 'Completa la frase con la palabra que falta.', '{"text": "Ik heb dorst en wil graag water.", "audio_url": "https://wiauinufpbkmjlbqlkxo.supabase.co/storage/v1/object/public/audio/items/abfc2754-cf22-574c-97c7-c8fa2290d1e4.mp3"}'::jsonb, '{"value": "dorst", "accepted": ["dorst"]}'::jsonb, 0.35, array['vocab_f1','writing']) on conflict (id) do nothing;
insert into content_items(id,course_id,cefr_level,skill,type,prompt,payload,correct_answer,difficulty,tags) values ('fee58d1d-7dd6-50f6-9373-c79a72a472ab', '20000000-0000-0000-0000-000000000006', 'A2', 'writing', 'cloze', 'Completa la frase con la palabra que falta.', '{"text": "Zet het bord op de tafel.", "audio_url": "https://wiauinufpbkmjlbqlkxo.supabase.co/storage/v1/object/public/audio/items/fee58d1d-7dd6-50f6-9373-c79a72a472ab.mp3"}'::jsonb, '{"value": "het bord", "accepted": ["het bord"]}'::jsonb, 0.35, array['vocab_f1','writing']) on conflict (id) do nothing;
insert into content_items(id,course_id,cefr_level,skill,type,prompt,payload,correct_answer,difficulty,tags) values ('cc0c8653-c997-531c-a68e-c6ac17da16d0', '20000000-0000-0000-0000-000000000006', 'A2', 'writing', 'cloze', 'Completa la frase con la palabra que falta.', '{"text": "Je eet soep met een lepel.", "audio_url": "https://wiauinufpbkmjlbqlkxo.supabase.co/storage/v1/object/public/audio/items/cc0c8653-c997-531c-a68e-c6ac17da16d0.mp3"}'::jsonb, '{"value": "lepel", "accepted": ["lepel"]}'::jsonb, 0.35, array['vocab_f1','writing']) on conflict (id) do nothing;
insert into content_items(id,course_id,cefr_level,skill,type,prompt,payload,correct_answer,difficulty,tags) values ('f00f5691-490b-588d-afda-706b8034818a', '20000000-0000-0000-0000-000000000006', 'A2', 'writing', 'cloze', 'Completa la frase con la palabra que falta.', '{"text": "Ik prik de aardappel met mijn vork.", "audio_url": "https://wiauinufpbkmjlbqlkxo.supabase.co/storage/v1/object/public/audio/items/f00f5691-490b-588d-afda-706b8034818a.mp3"}'::jsonb, '{"value": "vork", "accepted": ["vork"]}'::jsonb, 0.35, array['vocab_f1','writing']) on conflict (id) do nothing;
insert into content_items(id,course_id,cefr_level,skill,type,prompt,payload,correct_answer,difficulty,tags) values ('0a1729ac-f3a5-5e21-8a07-f7b72f21cd3b', '20000000-0000-0000-0000-000000000006', 'A2', 'writing', 'cloze', 'Completa la frase con la palabra que falta.', '{"text": "Snijd het brood met een scherp mes.", "audio_url": "https://wiauinufpbkmjlbqlkxo.supabase.co/storage/v1/object/public/audio/items/0a1729ac-f3a5-5e21-8a07-f7b72f21cd3b.mp3"}'::jsonb, '{"value": "mes", "accepted": ["mes"]}'::jsonb, 0.35, array['vocab_f1','writing']) on conflict (id) do nothing;
insert into content_items(id,course_id,cefr_level,skill,type,prompt,payload,correct_answer,difficulty,tags) values ('d7e68e81-d779-5642-bd22-fe19b8434958', '20000000-0000-0000-0000-000000000006', 'A2', 'reading', 'match', 'Empareja cada palabra con su traducción.', '{"pairs": [{"en": "proeven", "es": "probar, degustar"}, {"en": "het ontbijt", "es": "el desayuno"}, {"en": "het avondeten", "es": "la cena"}, {"en": "de honger", "es": "el hambre"}, {"en": "de dorst", "es": "la sed"}]}'::jsonb, '{"pairs": [["proeven", "probar, degustar"], ["het ontbijt", "el desayuno"], ["het avondeten", "la cena"], ["de honger", "el hambre"], ["de dorst", "la sed"]]}'::jsonb, 0.15, array['vocab_f1','reading']) on conflict (id) do nothing;
insert into content_items(id,course_id,cefr_level,skill,type,prompt,payload,correct_answer,difficulty,tags) values ('76623cf6-dd5a-5c0f-89bc-d9541e67306c', '20000000-0000-0000-0000-000000000006', 'A2', 'reading', 'match', 'Empareja cada palabra con su traducción.', '{"pairs": [{"en": "het bord", "es": "el plato (vajilla)"}, {"en": "de lepel", "es": "la cuchara"}, {"en": "de vork", "es": "el tenedor"}, {"en": "het mes", "es": "el cuchillo"}]}'::jsonb, '{"pairs": [["het bord", "el plato (vajilla)"], ["de lepel", "la cuchara"], ["de vork", "el tenedor"], ["het mes", "el cuchillo"]]}'::jsonb, 0.15, array['vocab_f1','reading']) on conflict (id) do nothing;
insert into content_items(id,course_id,cefr_level,skill,type,prompt,payload,correct_answer,difficulty,tags) values ('84381ed8-6a28-5922-bcc6-cffbf069af65', '20000000-0000-0000-0000-000000000006', 'A2', 'writing', 'cloze', 'Completa la frase con la palabra que falta.', '{"text": "Mijn moeder gaat vandaag een taart bakken.", "audio_url": "https://wiauinufpbkmjlbqlkxo.supabase.co/storage/v1/object/public/audio/items/84381ed8-6a28-5922-bcc6-cffbf069af65.mp3"}'::jsonb, '{"value": "bakken", "accepted": ["bakken"]}'::jsonb, 0.35, array['vocab_f1','writing']) on conflict (id) do nothing;
insert into content_items(id,course_id,cefr_level,skill,type,prompt,payload,correct_answer,difficulty,tags) values ('60ff445b-b9a7-51f7-929e-b93eb5ab0982', '20000000-0000-0000-0000-000000000006', 'A2', 'writing', 'cloze', 'Completa la frase con la palabra que falta.', '{"text": "Kun jij de groente in stukjes snijden?", "audio_url": "https://wiauinufpbkmjlbqlkxo.supabase.co/storage/v1/object/public/audio/items/60ff445b-b9a7-51f7-929e-b93eb5ab0982.mp3"}'::jsonb, '{"value": "snijden", "accepted": ["snijden"]}'::jsonb, 0.35, array['vocab_f1','writing']) on conflict (id) do nothing;
insert into content_items(id,course_id,cefr_level,skill,type,prompt,payload,correct_answer,difficulty,tags) values ('20047411-3cdf-5b53-a19d-6047a91fea6b', '20000000-0000-0000-0000-000000000006', 'A2', 'writing', 'cloze', 'Completa la frase con la palabra que falta.', '{"text": "Er zit te veel zout in deze saus.", "audio_url": "https://wiauinufpbkmjlbqlkxo.supabase.co/storage/v1/object/public/audio/items/20047411-3cdf-5b53-a19d-6047a91fea6b.mp3"}'::jsonb, '{"value": "zout", "accepted": ["zout"]}'::jsonb, 0.35, array['vocab_f1','writing']) on conflict (id) do nothing;
insert into content_items(id,course_id,cefr_level,skill,type,prompt,payload,correct_answer,difficulty,tags) values ('a563d584-6365-5ac1-9f7a-6ccb0ba691c0', '20000000-0000-0000-0000-000000000006', 'A2', 'writing', 'cloze', 'Completa la frase con la palabra que falta.', '{"text": "Doe jij suiker in je koffie?", "audio_url": "https://wiauinufpbkmjlbqlkxo.supabase.co/storage/v1/object/public/audio/items/a563d584-6365-5ac1-9f7a-6ccb0ba691c0.mp3"}'::jsonb, '{"value": "suiker", "accepted": ["suiker"]}'::jsonb, 0.35, array['vocab_f1','writing']) on conflict (id) do nothing;
insert into content_items(id,course_id,cefr_level,skill,type,prompt,payload,correct_answer,difficulty,tags) values ('4720984a-0d39-5f9a-a327-035af459745d', '20000000-0000-0000-0000-000000000006', 'A2', 'writing', 'cloze', 'Completa la frase con la palabra que falta.', '{"text": "Ik schil de aardappel en snijd hem in stukken.", "audio_url": "https://wiauinufpbkmjlbqlkxo.supabase.co/storage/v1/object/public/audio/items/4720984a-0d39-5f9a-a327-035af459745d.mp3"}'::jsonb, '{"value": "de aardappel", "accepted": ["de aardappel"]}'::jsonb, 0.35, array['vocab_f1','writing']) on conflict (id) do nothing;
insert into content_items(id,course_id,cefr_level,skill,type,prompt,payload,correct_answer,difficulty,tags) values ('7c30a510-672c-5af8-8b19-4e3e65125441', '20000000-0000-0000-0000-000000000006', 'A2', 'writing', 'cloze', 'Completa la frase con la palabra que falta.', '{"text": "De wortel is oranje en heel gezond.", "audio_url": "https://wiauinufpbkmjlbqlkxo.supabase.co/storage/v1/object/public/audio/items/7c30a510-672c-5af8-8b19-4e3e65125441.mp3"}'::jsonb, '{"value": "wortel", "accepted": ["wortel"]}'::jsonb, 0.35, array['vocab_f1','writing']) on conflict (id) do nothing;
insert into content_items(id,course_id,cefr_level,skill,type,prompt,payload,correct_answer,difficulty,tags) values ('a261a4f8-95dc-50da-ac29-903c30ce5ebe', '20000000-0000-0000-0000-000000000006', 'A2', 'writing', 'cloze', 'Completa la frase con la palabra que falta.', '{"text": "Vanavond eten we kip met rijst.", "audio_url": "https://wiauinufpbkmjlbqlkxo.supabase.co/storage/v1/object/public/audio/items/a261a4f8-95dc-50da-ac29-903c30ce5ebe.mp3"}'::jsonb, '{"value": "kip", "accepted": ["kip"]}'::jsonb, 0.35, array['vocab_f1','writing']) on conflict (id) do nothing;
insert into content_items(id,course_id,cefr_level,skill,type,prompt,payload,correct_answer,difficulty,tags) values ('0779d62c-09fb-5037-8c3d-2d7559858104', '20000000-0000-0000-0000-000000000006', 'A2', 'writing', 'cloze', 'Completa la frase con la palabra que falta.', '{"text": "Eet elke dag genoeg groente en fruit.", "audio_url": "https://wiauinufpbkmjlbqlkxo.supabase.co/storage/v1/object/public/audio/items/0779d62c-09fb-5037-8c3d-2d7559858104.mp3"}'::jsonb, '{"value": "groente", "accepted": ["groente"]}'::jsonb, 0.35, array['vocab_f1','writing']) on conflict (id) do nothing;
insert into content_items(id,course_id,cefr_level,skill,type,prompt,payload,correct_answer,difficulty,tags) values ('92792c28-654d-5d27-a3c5-e51b2cbade57', '20000000-0000-0000-0000-000000000006', 'A2', 'reading', 'match', 'Empareja cada palabra con su traducción.', '{"pairs": [{"en": "bakken", "es": "freír, hornear"}, {"en": "snijden", "es": "cortar"}, {"en": "het zout", "es": "la sal"}, {"en": "de suiker", "es": "el azúcar"}, {"en": "de aardappel", "es": "la patata"}]}'::jsonb, '{"pairs": [["bakken", "freír, hornear"], ["snijden", "cortar"], ["het zout", "la sal"], ["de suiker", "el azúcar"], ["de aardappel", "la patata"]]}'::jsonb, 0.15, array['vocab_f1','reading']) on conflict (id) do nothing;
insert into content_items(id,course_id,cefr_level,skill,type,prompt,payload,correct_answer,difficulty,tags) values ('eef91cc5-40c2-5822-94c8-f84f181332b0', '20000000-0000-0000-0000-000000000006', 'A2', 'reading', 'match', 'Empareja cada palabra con su traducción.', '{"pairs": [{"en": "de wortel", "es": "la zanahoria"}, {"en": "de kip", "es": "el pollo"}, {"en": "de groente", "es": "la verdura"}]}'::jsonb, '{"pairs": [["de wortel", "la zanahoria"], ["de kip", "el pollo"], ["de groente", "la verdura"]]}'::jsonb, 0.15, array['vocab_f1','reading']) on conflict (id) do nothing;
insert into content_items(id,course_id,cefr_level,skill,type,prompt,payload,correct_answer,difficulty,tags) values ('faf9eebc-07b9-58ab-a70a-b906a4567384', '20000000-0000-0000-0000-000000000006', 'A2', 'writing', 'cloze', 'Completa la frase con la palabra que falta.', '{"text": "Ik draag mijn rugzak op mijn rug tijdens de reis.", "audio_url": "https://wiauinufpbkmjlbqlkxo.supabase.co/storage/v1/object/public/audio/items/faf9eebc-07b9-58ab-a70a-b906a4567384.mp3"}'::jsonb, '{"value": "rugzak", "accepted": ["rugzak"]}'::jsonb, 0.35, array['vocab_f1','writing']) on conflict (id) do nothing;
insert into content_items(id,course_id,cefr_level,skill,type,prompt,payload,correct_answer,difficulty,tags) values ('8bf86d90-5515-59da-b7d4-85ac1adaed5f', '20000000-0000-0000-0000-000000000006', 'A2', 'writing', 'cloze', 'Completa la frase con la palabra que falta.', '{"text": "De trein naar Amsterdam vertrekt van spoor vijf.", "audio_url": "https://wiauinufpbkmjlbqlkxo.supabase.co/storage/v1/object/public/audio/items/8bf86d90-5515-59da-b7d4-85ac1adaed5f.mp3"}'::jsonb, '{"value": "spoor", "accepted": ["spoor"]}'::jsonb, 0.35, array['vocab_f1','writing']) on conflict (id) do nothing;
insert into content_items(id,course_id,cefr_level,skill,type,prompt,payload,correct_answer,difficulty,tags) values ('8921cdb3-3820-5347-8358-f1aae95ce3e4', '20000000-0000-0000-0000-000000000006', 'A2', 'writing', 'cloze', 'Completa la frase con la palabra que falta.', '{"text": "Door de vertraging misten wij onze aansluiting.", "audio_url": "https://wiauinufpbkmjlbqlkxo.supabase.co/storage/v1/object/public/audio/items/8921cdb3-3820-5347-8358-f1aae95ce3e4.mp3"}'::jsonb, '{"value": "de vertraging", "accepted": ["de vertraging"]}'::jsonb, 0.35, array['vocab_f1','writing']) on conflict (id) do nothing;
insert into content_items(id,course_id,cefr_level,skill,type,prompt,payload,correct_answer,difficulty,tags) values ('8bb99fa5-6fde-5d51-858d-95ed8ded4f1b', '20000000-0000-0000-0000-000000000006', 'A2', 'writing', 'cloze', 'Completa la frase con la palabra que falta.', '{"text": "Na tien uur reizen kwamen we eindelijk op onze bestemming aan.", "audio_url": "https://wiauinufpbkmjlbqlkxo.supabase.co/storage/v1/object/public/audio/items/8bb99fa5-6fde-5d51-858d-95ed8ded4f1b.mp3"}'::jsonb, '{"value": "bestemming", "accepted": ["bestemming"]}'::jsonb, 0.35, array['vocab_f1','writing']) on conflict (id) do nothing;
insert into content_items(id,course_id,cefr_level,skill,type,prompt,payload,correct_answer,difficulty,tags) values ('394c35df-c76e-5540-a3ee-fddc8b0396e2', '20000000-0000-0000-0000-000000000006', 'A2', 'writing', 'cloze', 'Completa la frase con la palabra que falta.', '{"text": "Bij de grens moesten we ons paspoort laten zien.", "audio_url": "https://wiauinufpbkmjlbqlkxo.supabase.co/storage/v1/object/public/audio/items/394c35df-c76e-5540-a3ee-fddc8b0396e2.mp3"}'::jsonb, '{"value": "de grens", "accepted": ["de grens"]}'::jsonb, 0.35, array['vocab_f1','writing']) on conflict (id) do nothing;
insert into content_items(id,course_id,cefr_level,skill,type,prompt,payload,correct_answer,difficulty,tags) values ('33cd69e4-96f1-51c5-8ea3-552b75b18d75', '20000000-0000-0000-0000-000000000006', 'A2', 'writing', 'cloze', 'Completa la frase con la palabra que falta.', '{"text": "Om een auto te huren heb je een geldig rijbewijs nodig.", "audio_url": "https://wiauinufpbkmjlbqlkxo.supabase.co/storage/v1/object/public/audio/items/33cd69e4-96f1-51c5-8ea3-552b75b18d75.mp3"}'::jsonb, '{"value": "rijbewijs", "accepted": ["rijbewijs"]}'::jsonb, 0.35, array['vocab_f1','writing']) on conflict (id) do nothing;
insert into content_items(id,course_id,cefr_level,skill,type,prompt,payload,correct_answer,difficulty,tags) values ('f68e4fd9-9b58-5ec4-8115-b8dc2f2be273', '20000000-0000-0000-0000-000000000006', 'A2', 'writing', 'cloze', 'Completa la frase con la palabra que falta.', '{"text": "We moeten snel instappen, want de trein vertrekt zo.", "audio_url": "https://wiauinufpbkmjlbqlkxo.supabase.co/storage/v1/object/public/audio/items/f68e4fd9-9b58-5ec4-8115-b8dc2f2be273.mp3"}'::jsonb, '{"value": "instappen", "accepted": ["instappen"]}'::jsonb, 0.35, array['vocab_f1','writing']) on conflict (id) do nothing;
insert into content_items(id,course_id,cefr_level,skill,type,prompt,payload,correct_answer,difficulty,tags) values ('da174848-2edd-55d0-9791-133c5b74a208', '20000000-0000-0000-0000-000000000006', 'A2', 'writing', 'cloze', 'Completa la frase con la palabra que falta.', '{"text": "Bij de volgende halte moet ik uitstappen.", "audio_url": "https://wiauinufpbkmjlbqlkxo.supabase.co/storage/v1/object/public/audio/items/da174848-2edd-55d0-9791-133c5b74a208.mp3"}'::jsonb, '{"value": "uitstappen", "accepted": ["uitstappen"]}'::jsonb, 0.35, array['vocab_f1','writing']) on conflict (id) do nothing;
insert into content_items(id,course_id,cefr_level,skill,type,prompt,payload,correct_answer,difficulty,tags) values ('7a83c5b7-6fa3-5065-bcd5-9b21fcd00341', '20000000-0000-0000-0000-000000000006', 'A2', 'writing', 'cloze', 'Completa la frase con la palabra que falta.', '{"text": "Het vliegtuig zal om drie uur aankomen.", "audio_url": "https://wiauinufpbkmjlbqlkxo.supabase.co/storage/v1/object/public/audio/items/7a83c5b7-6fa3-5065-bcd5-9b21fcd00341.mp3"}'::jsonb, '{"value": "aankomen", "accepted": ["aankomen"]}'::jsonb, 0.35, array['vocab_f1','writing']) on conflict (id) do nothing;
insert into content_items(id,course_id,cefr_level,skill,type,prompt,payload,correct_answer,difficulty,tags) values ('65901dfa-0cbf-5341-b386-34bd9c7ae375', '20000000-0000-0000-0000-000000000006', 'A2', 'reading', 'match', 'Empareja cada palabra con su traducción.', '{"pairs": [{"en": "de rugzak", "es": "la mochila"}, {"en": "het spoor", "es": "la vía / el andén"}, {"en": "de vertraging", "es": "el retraso"}, {"en": "de bestemming", "es": "el destino"}, {"en": "de grens", "es": "la frontera"}]}'::jsonb, '{"pairs": [["de rugzak", "la mochila"], ["het spoor", "la vía / el andén"], ["de vertraging", "el retraso"], ["de bestemming", "el destino"], ["de grens", "la frontera"]]}'::jsonb, 0.15, array['vocab_f1','reading']) on conflict (id) do nothing;
insert into content_items(id,course_id,cefr_level,skill,type,prompt,payload,correct_answer,difficulty,tags) values ('b3eb109f-323b-5484-a4c8-331da46504d9', '20000000-0000-0000-0000-000000000006', 'A2', 'reading', 'match', 'Empareja cada palabra con su traducción.', '{"pairs": [{"en": "het rijbewijs", "es": "el carné de conducir"}, {"en": "instappen", "es": "subir(se) (a un vehículo)"}, {"en": "uitstappen", "es": "bajar(se) (de un vehículo)"}, {"en": "aankomen", "es": "llegar"}]}'::jsonb, '{"pairs": [["het rijbewijs", "el carné de conducir"], ["instappen", "subir(se) (a un vehículo)"], ["uitstappen", "bajar(se) (de un vehículo)"], ["aankomen", "llegar"]]}'::jsonb, 0.15, array['vocab_f1','reading']) on conflict (id) do nothing;
insert into content_items(id,course_id,cefr_level,skill,type,prompt,payload,correct_answer,difficulty,tags) values ('b59bb0f5-77e7-5771-b116-b297dcafb9eb', '20000000-0000-0000-0000-000000000006', 'A2', 'writing', 'cloze', 'Completa la frase con la palabra que falta.', '{"text": "Mijn vader kan heel goed rijden op de snelweg.", "audio_url": "https://wiauinufpbkmjlbqlkxo.supabase.co/storage/v1/object/public/audio/items/b59bb0f5-77e7-5771-b116-b297dcafb9eb.mp3"}'::jsonb, '{"value": "rijden", "accepted": ["rijden"]}'::jsonb, 0.35, array['vocab_f1','writing']) on conflict (id) do nothing;
insert into content_items(id,course_id,cefr_level,skill,type,prompt,payload,correct_answer,difficulty,tags) values ('32aef4a2-d045-5f20-9147-f32549789e4e', '20000000-0000-0000-0000-000000000006', 'A2', 'writing', 'cloze', 'Completa la frase con la palabra que falta.', '{"text": "Op vakantie willen we een fiets huren.", "audio_url": "https://wiauinufpbkmjlbqlkxo.supabase.co/storage/v1/object/public/audio/items/32aef4a2-d045-5f20-9147-f32549789e4e.mp3"}'::jsonb, '{"value": "huren", "accepted": ["huren"]}'::jsonb, 0.35, array['vocab_f1','writing']) on conflict (id) do nothing;
insert into content_items(id,course_id,cefr_level,skill,type,prompt,payload,correct_answer,difficulty,tags) values ('fde0b032-bc44-5138-8e36-af1e47767c5b', '20000000-0000-0000-0000-000000000006', 'A2', 'writing', 'cloze', 'Completa la frase con la palabra que falta.', '{"text": "In Utrecht moet je overstappen op de trein naar Groningen.", "audio_url": "https://wiauinufpbkmjlbqlkxo.supabase.co/storage/v1/object/public/audio/items/fde0b032-bc44-5138-8e36-af1e47767c5b.mp3"}'::jsonb, '{"value": "overstappen", "accepted": ["overstappen"]}'::jsonb, 0.35, array['vocab_f1','writing']) on conflict (id) do nothing;
insert into content_items(id,course_id,cefr_level,skill,type,prompt,payload,correct_answer,difficulty,tags) values ('40c9d071-0f39-56be-a415-a482784b6714', '20000000-0000-0000-0000-000000000006', 'A2', 'writing', 'cloze', 'Completa la frase con la palabra que falta.', '{"text": "De aankomst van de bus is gepland om negen uur.", "audio_url": "https://wiauinufpbkmjlbqlkxo.supabase.co/storage/v1/object/public/audio/items/40c9d071-0f39-56be-a415-a482784b6714.mp3"}'::jsonb, '{"value": "aankomst", "accepted": ["aankomst"]}'::jsonb, 0.35, array['vocab_f1','writing']) on conflict (id) do nothing;
insert into content_items(id,course_id,cefr_level,skill,type,prompt,payload,correct_answer,difficulty,tags) values ('f797a276-0105-5482-8e4d-57efa4b8f3e2', '20000000-0000-0000-0000-000000000006', 'A2', 'writing', 'cloze', 'Completa la frase con la palabra que falta.', '{"text": "In Nederland gaan veel mensen met de fiets naar het station.", "audio_url": "https://wiauinufpbkmjlbqlkxo.supabase.co/storage/v1/object/public/audio/items/f797a276-0105-5482-8e4d-57efa4b8f3e2.mp3"}'::jsonb, '{"value": "de fiets", "accepted": ["de fiets"]}'::jsonb, 0.35, array['vocab_f1','writing']) on conflict (id) do nothing;
insert into content_items(id,course_id,cefr_level,skill,type,prompt,payload,correct_answer,difficulty,tags) values ('c7106a42-18f2-5138-9bbd-d6096e573dfd', '20000000-0000-0000-0000-000000000006', 'A2', 'writing', 'cloze', 'Completa la frase con la palabra que falta.', '{"text": "We vroegen de weg naar het hotel aan een voorbijganger.", "audio_url": "https://wiauinufpbkmjlbqlkxo.supabase.co/storage/v1/object/public/audio/items/c7106a42-18f2-5138-9bbd-d6096e573dfd.mp3"}'::jsonb, '{"value": "de weg", "accepted": ["de weg"]}'::jsonb, 0.35, array['vocab_f1','writing']) on conflict (id) do nothing;
insert into content_items(id,course_id,cefr_level,skill,type,prompt,payload,correct_answer,difficulty,tags) values ('ff44217e-f10e-5817-bcea-02ab6c24e0ad', '20000000-0000-0000-0000-000000000006', 'A2', 'writing', 'cloze', 'Completa la frase con la palabra que falta.', '{"text": "Er stond veel verkeer op de snelweg naar de kust.", "audio_url": "https://wiauinufpbkmjlbqlkxo.supabase.co/storage/v1/object/public/audio/items/ff44217e-f10e-5817-bcea-02ab6c24e0ad.mp3"}'::jsonb, '{"value": "de snelweg", "accepted": ["de snelweg"]}'::jsonb, 0.35, array['vocab_f1','writing']) on conflict (id) do nothing;
insert into content_items(id,course_id,cefr_level,skill,type,prompt,payload,correct_answer,difficulty,tags) values ('8c2409ff-58ce-5476-9187-83e43a2653eb', '20000000-0000-0000-0000-000000000006', 'A2', 'writing', 'cloze', 'Completa la frase con la palabra que falta.', '{"text": "De boot naar het eiland vertrekt uit de haven van Rotterdam.", "audio_url": "https://wiauinufpbkmjlbqlkxo.supabase.co/storage/v1/object/public/audio/items/8c2409ff-58ce-5476-9187-83e43a2653eb.mp3"}'::jsonb, '{"value": "de haven", "accepted": ["de haven"]}'::jsonb, 0.35, array['vocab_f1','writing']) on conflict (id) do nothing;
insert into content_items(id,course_id,cefr_level,skill,type,prompt,payload,correct_answer,difficulty,tags) values ('44a4c29e-e3fe-5b1f-9ca2-623b5ecb9021', '20000000-0000-0000-0000-000000000006', 'A2', 'writing', 'cloze', 'Completa la frase con la palabra que falta.', '{"text": "De rit met de auto duurde bijna vier uur.", "audio_url": "https://wiauinufpbkmjlbqlkxo.supabase.co/storage/v1/object/public/audio/items/44a4c29e-e3fe-5b1f-9ca2-623b5ecb9021.mp3"}'::jsonb, '{"value": "rit", "accepted": ["rit"]}'::jsonb, 0.35, array['vocab_f1','writing']) on conflict (id) do nothing;
insert into content_items(id,course_id,cefr_level,skill,type,prompt,payload,correct_answer,difficulty,tags) values ('6d442a07-586e-58cc-b017-e445a3d412db', '20000000-0000-0000-0000-000000000006', 'A2', 'reading', 'match', 'Empareja cada palabra con su traducción.', '{"pairs": [{"en": "rijden", "es": "conducir / ir (en vehículo)"}, {"en": "huren", "es": "alquilar"}, {"en": "overstappen", "es": "hacer transbordo / cambiar de tren"}, {"en": "de aankomst", "es": "la llegada"}, {"en": "de fiets", "es": "la bicicleta"}]}'::jsonb, '{"pairs": [["rijden", "conducir / ir (en vehículo)"], ["huren", "alquilar"], ["overstappen", "hacer transbordo / cambiar de tren"], ["de aankomst", "la llegada"], ["de fiets", "la bicicleta"]]}'::jsonb, 0.15, array['vocab_f1','reading']) on conflict (id) do nothing;
insert into content_items(id,course_id,cefr_level,skill,type,prompt,payload,correct_answer,difficulty,tags) values ('c9a73c96-877e-50a6-bdc4-228f9792205f', '20000000-0000-0000-0000-000000000006', 'A2', 'reading', 'match', 'Empareja cada palabra con su traducción.', '{"pairs": [{"en": "de weg", "es": "el camino / la carretera"}, {"en": "de snelweg", "es": "la autopista"}, {"en": "de haven", "es": "el puerto"}, {"en": "de rit", "es": "el trayecto / el viaje (en vehículo)"}]}'::jsonb, '{"pairs": [["de weg", "el camino / la carretera"], ["de snelweg", "la autopista"], ["de haven", "el puerto"], ["de rit", "el trayecto / el viaje (en vehículo)"]]}'::jsonb, 0.15, array['vocab_f1','reading']) on conflict (id) do nothing;
insert into content_items(id,course_id,cefr_level,skill,type,prompt,payload,correct_answer,difficulty,tags) values ('575d863e-f6f4-51de-84b3-af4a5bb2474a', '20000000-0000-0000-0000-000000000006', 'A2', 'writing', 'cloze', 'Completa la frase con la palabra que falta.', '{"text": "Ik moet mijn koffer nog inpakken voor de reis.", "audio_url": "https://wiauinufpbkmjlbqlkxo.supabase.co/storage/v1/object/public/audio/items/575d863e-f6f4-51de-84b3-af4a5bb2474a.mp3"}'::jsonb, '{"value": "inpakken", "accepted": ["inpakken"]}'::jsonb, 0.35, array['vocab_f1','writing']) on conflict (id) do nothing;
insert into content_items(id,course_id,cefr_level,skill,type,prompt,payload,correct_answer,difficulty,tags) values ('851e999c-c46f-5352-a554-04eb46d71d22', '20000000-0000-0000-0000-000000000006', 'A2', 'writing', 'cloze', 'Completa la frase con la palabra que falta.', '{"text": "Het vliegtuig gaat over tien minuten landen.", "audio_url": "https://wiauinufpbkmjlbqlkxo.supabase.co/storage/v1/object/public/audio/items/851e999c-c46f-5352-a554-04eb46d71d22.mp3"}'::jsonb, '{"value": "landen", "accepted": ["landen"]}'::jsonb, 0.35, array['vocab_f1','writing']) on conflict (id) do nothing;
insert into content_items(id,course_id,cefr_level,skill,type,prompt,payload,correct_answer,difficulty,tags) values ('3d874351-de09-5bfb-9128-dac52074901e', '20000000-0000-0000-0000-000000000006', 'A2', 'writing', 'cloze', 'Completa la frase con la palabra que falta.', '{"text": "Onze vlucht naar Spanje had twee uur vertraging.", "audio_url": "https://wiauinufpbkmjlbqlkxo.supabase.co/storage/v1/object/public/audio/items/3d874351-de09-5bfb-9128-dac52074901e.mp3"}'::jsonb, '{"value": "vlucht", "accepted": ["vlucht"]}'::jsonb, 0.35, array['vocab_f1','writing']) on conflict (id) do nothing;
insert into content_items(id,course_id,cefr_level,skill,type,prompt,payload,correct_answer,difficulty,tags) values ('7945e73a-474a-5061-8da9-bdb613d5ece5', '20000000-0000-0000-0000-000000000006', 'A2', 'writing', 'cloze', 'Completa la frase con la palabra que falta.', '{"text": "Deze trein gaat in de richting van het vliegveld.", "audio_url": "https://wiauinufpbkmjlbqlkxo.supabase.co/storage/v1/object/public/audio/items/7945e73a-474a-5061-8da9-bdb613d5ece5.mp3"}'::jsonb, '{"value": "de richting", "accepted": ["de richting"]}'::jsonb, 0.35, array['vocab_f1','writing']) on conflict (id) do nothing;
insert into content_items(id,course_id,cefr_level,skill,type,prompt,payload,correct_answer,difficulty,tags) values ('7bca8df6-baaf-5d9a-b6f8-6b5eb4d65d39', '20000000-0000-0000-0000-000000000006', 'A2', 'writing', 'cloze', 'Completa la frase con la palabra que falta.', '{"text": "Zonder plattegrond kun je makkelijk verdwalen in de oude stad.", "audio_url": "https://wiauinufpbkmjlbqlkxo.supabase.co/storage/v1/object/public/audio/items/7bca8df6-baaf-5d9a-b6f8-6b5eb4d65d39.mp3"}'::jsonb, '{"value": "verdwalen", "accepted": ["verdwalen"]}'::jsonb, 0.35, array['vocab_f1','writing']) on conflict (id) do nothing;
insert into content_items(id,course_id,cefr_level,skill,type,prompt,payload,correct_answer,difficulty,tags) values ('ed22caa6-2f85-58d6-9fb3-eb40d4848171', '20000000-0000-0000-0000-000000000006', 'A2', 'writing', 'cloze', 'Completa la frase con la palabra que falta.', '{"text": "We stonden een uur in de file op weg naar het vliegveld.", "audio_url": "https://wiauinufpbkmjlbqlkxo.supabase.co/storage/v1/object/public/audio/items/ed22caa6-2f85-58d6-9fb3-eb40d4848171.mp3"}'::jsonb, '{"value": "de file", "accepted": ["de file"]}'::jsonb, 0.35, array['vocab_f1','writing']) on conflict (id) do nothing;
insert into content_items(id,course_id,cefr_level,skill,type,prompt,payload,correct_answer,difficulty,tags) values ('0da9fa5b-7579-5def-81b6-1c0cd634ab73', '20000000-0000-0000-0000-000000000006', 'A2', 'writing', 'cloze', 'Completa la frase con la palabra que falta.', '{"text": "Elke reiziger moet zijn kaartje bij de controle laten zien.", "audio_url": "https://wiauinufpbkmjlbqlkxo.supabase.co/storage/v1/object/public/audio/items/0da9fa5b-7579-5def-81b6-1c0cd634ab73.mp3"}'::jsonb, '{"value": "reiziger", "accepted": ["reiziger"]}'::jsonb, 0.35, array['vocab_f1','writing']) on conflict (id) do nothing;
insert into content_items(id,course_id,cefr_level,skill,type,prompt,payload,correct_answer,difficulty,tags) values ('b7ebd839-5c96-5b0a-b8f2-cd195b6df546', '20000000-0000-0000-0000-000000000006', 'A2', 'reading', 'match', 'Empareja cada palabra con su traducción.', '{"pairs": [{"en": "inpakken", "es": "hacer la maleta / empacar"}, {"en": "landen", "es": "aterrizar"}, {"en": "de vlucht", "es": "el vuelo"}, {"en": "onderweg", "es": "de camino / en ruta"}, {"en": "de richting", "es": "la dirección"}]}'::jsonb, '{"pairs": [["inpakken", "hacer la maleta / empacar"], ["landen", "aterrizar"], ["de vlucht", "el vuelo"], ["onderweg", "de camino / en ruta"], ["de richting", "la dirección"]]}'::jsonb, 0.15, array['vocab_f1','reading']) on conflict (id) do nothing;
insert into content_items(id,course_id,cefr_level,skill,type,prompt,payload,correct_answer,difficulty,tags) values ('0c3f91ba-1872-5136-80bd-a2f6c04ca0dd', '20000000-0000-0000-0000-000000000006', 'A2', 'reading', 'match', 'Empareja cada palabra con su traducción.', '{"pairs": [{"en": "verdwalen", "es": "perderse / extraviarse"}, {"en": "de file", "es": "el atasco"}, {"en": "de reiziger", "es": "el viajero / el pasajero"}]}'::jsonb, '{"pairs": [["verdwalen", "perderse / extraviarse"], ["de file", "el atasco"], ["de reiziger", "el viajero / el pasajero"]]}'::jsonb, 0.15, array['vocab_f1','reading']) on conflict (id) do nothing;
insert into content_items(id,course_id,cefr_level,skill,type,prompt,payload,correct_answer,difficulty,tags) values ('e3822a93-8abb-5673-a4a7-9500dbc97155', '20000000-0000-0000-0000-000000000006', 'A2', 'writing', 'cloze', 'Completa la frase con la palabra que falta.', '{"text": "Ik kreeg tien procent korting op de schoenen.", "audio_url": "https://wiauinufpbkmjlbqlkxo.supabase.co/storage/v1/object/public/audio/items/e3822a93-8abb-5673-a4a7-9500dbc97155.mp3"}'::jsonb, '{"value": "korting", "accepted": ["korting"]}'::jsonb, 0.35, array['vocab_f1','writing']) on conflict (id) do nothing;
insert into content_items(id,course_id,cefr_level,skill,type,prompt,payload,correct_answer,difficulty,tags) values ('54b4cb43-ae4a-5ebf-bb2c-d87a30405d7a', '20000000-0000-0000-0000-000000000006', 'A2', 'writing', 'cloze', 'Completa la frase con la palabra que falta.', '{"text": "Welke maat schoenen heb jij?", "audio_url": "https://wiauinufpbkmjlbqlkxo.supabase.co/storage/v1/object/public/audio/items/54b4cb43-ae4a-5ebf-bb2c-d87a30405d7a.mp3"}'::jsonb, '{"value": "maat", "accepted": ["maat"]}'::jsonb, 0.35, array['vocab_f1','writing']) on conflict (id) do nothing;
insert into content_items(id,course_id,cefr_level,skill,type,prompt,payload,correct_answer,difficulty,tags) values ('33b11ff5-5140-549f-9279-e47347640a9e', '20000000-0000-0000-0000-000000000006', 'A2', 'writing', 'cloze', 'Completa la frase con la palabra que falta.', '{"text": "Je moet bij de kassa betalen.", "audio_url": "https://wiauinufpbkmjlbqlkxo.supabase.co/storage/v1/object/public/audio/items/33b11ff5-5140-549f-9279-e47347640a9e.mp3"}'::jsonb, '{"value": "de kassa", "accepted": ["de kassa"]}'::jsonb, 0.35, array['vocab_f1','writing']) on conflict (id) do nothing;
insert into content_items(id,course_id,cefr_level,skill,type,prompt,payload,correct_answer,difficulty,tags) values ('86ea8ef0-0893-5ab0-8fc5-a4d8cb130f47', '20000000-0000-0000-0000-000000000006', 'A2', 'writing', 'cloze', 'Completa la frase con la palabra que falta.', '{"text": "Ik heb niet genoeg geld bij me.", "audio_url": "https://wiauinufpbkmjlbqlkxo.supabase.co/storage/v1/object/public/audio/items/86ea8ef0-0893-5ab0-8fc5-a4d8cb130f47.mp3"}'::jsonb, '{"value": "geld", "accepted": ["geld"]}'::jsonb, 0.35, array['vocab_f1','writing']) on conflict (id) do nothing;
insert into content_items(id,course_id,cefr_level,skill,type,prompt,payload,correct_answer,difficulty,tags) values ('9b7bcbe0-f6a9-5166-90e9-7df999276f15', '20000000-0000-0000-0000-000000000006', 'A2', 'writing', 'cloze', 'Completa la frase con la palabra que falta.', '{"text": "Bewaar de kassabon voor het geval je iets wilt ruilen.", "audio_url": "https://wiauinufpbkmjlbqlkxo.supabase.co/storage/v1/object/public/audio/items/9b7bcbe0-f6a9-5166-90e9-7df999276f15.mp3"}'::jsonb, '{"value": "de kassabon", "accepted": ["de kassabon"]}'::jsonb, 0.35, array['vocab_f1','writing']) on conflict (id) do nothing;
insert into content_items(id,course_id,cefr_level,skill,type,prompt,payload,correct_answer,difficulty,tags) values ('e9c73e97-81b9-5ad8-b2d5-a41887c42932', '20000000-0000-0000-0000-000000000006', 'A2', 'writing', 'cloze', 'Completa la frase con la palabra que falta.', '{"text": "Mijn portemonnee zit vol met munten.", "audio_url": "https://wiauinufpbkmjlbqlkxo.supabase.co/storage/v1/object/public/audio/items/e9c73e97-81b9-5ad8-b2d5-a41887c42932.mp3"}'::jsonb, '{"value": "portemonnee", "accepted": ["portemonnee"]}'::jsonb, 0.35, array['vocab_f1','writing']) on conflict (id) do nothing;
insert into content_items(id,course_id,cefr_level,skill,type,prompt,payload,correct_answer,difficulty,tags) values ('98d143cc-eeef-57b1-a189-f7fc96bb1cba', '20000000-0000-0000-0000-000000000006', 'A2', 'writing', 'cloze', 'Completa la frase con la palabra que falta.', '{"text": "De verkoper gaf me het wisselgeld terug.", "audio_url": "https://wiauinufpbkmjlbqlkxo.supabase.co/storage/v1/object/public/audio/items/98d143cc-eeef-57b1-a189-f7fc96bb1cba.mp3"}'::jsonb, '{"value": "het wisselgeld", "accepted": ["het wisselgeld"]}'::jsonb, 0.35, array['vocab_f1','writing']) on conflict (id) do nothing;
insert into content_items(id,course_id,cefr_level,skill,type,prompt,payload,correct_answer,difficulty,tags) values ('f9d68ed9-324e-575c-a093-82fae6b04b81', '20000000-0000-0000-0000-000000000006', 'A2', 'writing', 'cloze', 'Completa la frase con la palabra que falta.', '{"text": "Er stond een lange rij voor de kassa.", "audio_url": "https://wiauinufpbkmjlbqlkxo.supabase.co/storage/v1/object/public/audio/items/f9d68ed9-324e-575c-a093-82fae6b04b81.mp3"}'::jsonb, '{"value": "rij", "accepted": ["rij"]}'::jsonb, 0.35, array['vocab_f1','writing']) on conflict (id) do nothing;
insert into content_items(id,course_id,cefr_level,skill,type,prompt,payload,correct_answer,difficulty,tags) values ('2e5f94af-c23b-5556-a2d0-cbe646e94264', '20000000-0000-0000-0000-000000000006', 'A2', 'writing', 'cloze', 'Completa la frase con la palabra que falta.', '{"text": "In de etalage staan mooie jassen.", "audio_url": "https://wiauinufpbkmjlbqlkxo.supabase.co/storage/v1/object/public/audio/items/2e5f94af-c23b-5556-a2d0-cbe646e94264.mp3"}'::jsonb, '{"value": "de etalage", "accepted": ["de etalage"]}'::jsonb, 0.35, array['vocab_f1','writing']) on conflict (id) do nothing;
insert into content_items(id,course_id,cefr_level,skill,type,prompt,payload,correct_answer,difficulty,tags) values ('18832fdc-ff42-5e0b-995d-519b06b3d948', '20000000-0000-0000-0000-000000000006', 'A2', 'writing', 'cloze', 'Completa la frase con la palabra que falta.', '{"text": "Tijdens de uitverkoop is alles goedkoper.", "audio_url": "https://wiauinufpbkmjlbqlkxo.supabase.co/storage/v1/object/public/audio/items/18832fdc-ff42-5e0b-995d-519b06b3d948.mp3"}'::jsonb, '{"value": "de uitverkoop", "accepted": ["de uitverkoop"]}'::jsonb, 0.35, array['vocab_f1','writing']) on conflict (id) do nothing;
insert into content_items(id,course_id,cefr_level,skill,type,prompt,payload,correct_answer,difficulty,tags) values ('759c02ae-d588-57f5-9bf3-e95de868197c', '20000000-0000-0000-0000-000000000006', 'A2', 'writing', 'cloze', 'Completa la frase con la palabra que falta.', '{"text": "Mag ik deze broek even passen?", "audio_url": "https://wiauinufpbkmjlbqlkxo.supabase.co/storage/v1/object/public/audio/items/759c02ae-d588-57f5-9bf3-e95de868197c.mp3"}'::jsonb, '{"value": "passen", "accepted": ["passen"]}'::jsonb, 0.35, array['vocab_f1','writing']) on conflict (id) do nothing;
insert into content_items(id,course_id,cefr_level,skill,type,prompt,payload,correct_answer,difficulty,tags) values ('340cd649-df13-5c6f-a592-7a1a21a8fd82', '20000000-0000-0000-0000-000000000006', 'A2', 'writing', 'cloze', 'Completa la frase con la palabra que falta.', '{"text": "Ik betaal liever contant dan met de kaart.", "audio_url": "https://wiauinufpbkmjlbqlkxo.supabase.co/storage/v1/object/public/audio/items/340cd649-df13-5c6f-a592-7a1a21a8fd82.mp3"}'::jsonb, '{"value": "contant", "accepted": ["contant"]}'::jsonb, 0.35, array['vocab_f1','writing']) on conflict (id) do nothing;
insert into content_items(id,course_id,cefr_level,skill,type,prompt,payload,correct_answer,difficulty,tags) values ('f74c8f0e-63c8-5d22-8f2f-74813c14864b', '20000000-0000-0000-0000-000000000006', 'A2', 'reading', 'match', 'Empareja cada palabra con su traducción.', '{"pairs": [{"en": "de korting", "es": "el descuento"}, {"en": "de maat", "es": "la talla"}, {"en": "de kassa", "es": "la caja"}, {"en": "het geld", "es": "el dinero"}, {"en": "de kassabon", "es": "el recibo"}]}'::jsonb, '{"pairs": [["de korting", "el descuento"], ["de maat", "la talla"], ["de kassa", "la caja"], ["het geld", "el dinero"], ["de kassabon", "el recibo"]]}'::jsonb, 0.15, array['vocab_f1','reading']) on conflict (id) do nothing;
insert into content_items(id,course_id,cefr_level,skill,type,prompt,payload,correct_answer,difficulty,tags) values ('abf64d20-516f-5912-839f-153e9c44b521', '20000000-0000-0000-0000-000000000006', 'A2', 'reading', 'match', 'Empareja cada palabra con su traducción.', '{"pairs": [{"en": "de portemonnee", "es": "la cartera"}, {"en": "het wisselgeld", "es": "el cambio (vuelto)"}, {"en": "de rij", "es": "la cola (fila)"}, {"en": "de etalage", "es": "el escaparate"}, {"en": "de uitverkoop", "es": "las rebajas"}]}'::jsonb, '{"pairs": [["de portemonnee", "la cartera"], ["het wisselgeld", "el cambio (vuelto)"], ["de rij", "la cola (fila)"], ["de etalage", "el escaparate"], ["de uitverkoop", "las rebajas"]]}'::jsonb, 0.15, array['vocab_f1','reading']) on conflict (id) do nothing;
insert into content_items(id,course_id,cefr_level,skill,type,prompt,payload,correct_answer,difficulty,tags) values ('a5286a17-845b-5d2c-9761-5f0fd724dc88', '20000000-0000-0000-0000-000000000006', 'A2', 'reading', 'match', 'Empareja cada palabra con su traducción.', '{"pairs": [{"en": "passen", "es": "probarse (ropa)"}, {"en": "contant", "es": "en efectivo"}]}'::jsonb, '{"pairs": [["passen", "probarse (ropa)"], ["contant", "en efectivo"]]}'::jsonb, 0.15, array['vocab_f1','reading']) on conflict (id) do nothing;
insert into content_items(id,course_id,cefr_level,skill,type,prompt,payload,correct_answer,difficulty,tags) values ('c66b9b84-35b2-525c-8807-bc8b30f434b7', '20000000-0000-0000-0000-000000000006', 'A2', 'writing', 'cloze', 'Completa la frase con la palabra que falta.', '{"text": "De verkoper hielp me met het kiezen van een cadeau.", "audio_url": "https://wiauinufpbkmjlbqlkxo.supabase.co/storage/v1/object/public/audio/items/c66b9b84-35b2-525c-8807-bc8b30f434b7.mp3"}'::jsonb, '{"value": "verkoper", "accepted": ["verkoper"]}'::jsonb, 0.35, array['vocab_f1','writing']) on conflict (id) do nothing;
insert into content_items(id,course_id,cefr_level,skill,type,prompt,payload,correct_answer,difficulty,tags) values ('21899f7a-b375-50a3-805e-4a00c3eb1238', '20000000-0000-0000-0000-000000000006', 'A2', 'writing', 'cloze', 'Completa la frase con la palabra que falta.', '{"text": "Ik deed de boodschappen in de winkelwagen.", "audio_url": "https://wiauinufpbkmjlbqlkxo.supabase.co/storage/v1/object/public/audio/items/21899f7a-b375-50a3-805e-4a00c3eb1238.mp3"}'::jsonb, '{"value": "de winkelwagen", "accepted": ["de winkelwagen"]}'::jsonb, 0.35, array['vocab_f1','writing']) on conflict (id) do nothing;
insert into content_items(id,course_id,cefr_level,skill,type,prompt,payload,correct_answer,difficulty,tags) values ('aeeebb2d-fd91-576a-b888-e1a7d9334c1c', '20000000-0000-0000-0000-000000000006', 'A2', 'writing', 'cloze', 'Completa la frase con la palabra que falta.', '{"text": "Voor een paar spullen neem ik een mandje.", "audio_url": "https://wiauinufpbkmjlbqlkxo.supabase.co/storage/v1/object/public/audio/items/aeeebb2d-fd91-576a-b888-e1a7d9334c1c.mp3"}'::jsonb, '{"value": "mandje", "accepted": ["mandje"]}'::jsonb, 0.35, array['vocab_f1','writing']) on conflict (id) do nothing;
insert into content_items(id,course_id,cefr_level,skill,type,prompt,payload,correct_answer,difficulty,tags) values ('520f1a6a-02c1-5389-8956-07fc275f3dfa', '20000000-0000-0000-0000-000000000006', 'A2', 'writing', 'cloze', 'Completa la frase con la palabra que falta.', '{"text": "Ik wil deze trui graag ruilen voor een grotere maat.", "audio_url": "https://wiauinufpbkmjlbqlkxo.supabase.co/storage/v1/object/public/audio/items/520f1a6a-02c1-5389-8956-07fc275f3dfa.mp3"}'::jsonb, '{"value": "ruilen", "accepted": ["ruilen"]}'::jsonb, 0.35, array['vocab_f1','writing']) on conflict (id) do nothing;
insert into content_items(id,course_id,cefr_level,skill,type,prompt,payload,correct_answer,difficulty,tags) values ('ab777a28-15b1-533a-92c2-011de5339ba7', '20000000-0000-0000-0000-000000000006', 'A2', 'writing', 'cloze', 'Completa la frase con la palabra que falta.', '{"text": "Deze week is er een goede aanbieding op koffie.", "audio_url": "https://wiauinufpbkmjlbqlkxo.supabase.co/storage/v1/object/public/audio/items/ab777a28-15b1-533a-92c2-011de5339ba7.mp3"}'::jsonb, '{"value": "aanbieding", "accepted": ["aanbieding"]}'::jsonb, 0.35, array['vocab_f1','writing']) on conflict (id) do nothing;
insert into content_items(id,course_id,cefr_level,skill,type,prompt,payload,correct_answer,difficulty,tags) values ('0eec3e1c-4760-5363-9e9b-65eab1a4a596', '20000000-0000-0000-0000-000000000006', 'A2', 'writing', 'cloze', 'Completa la frase con la palabra que falta.', '{"text": "We gaan afrekenen bij de kassa.", "audio_url": "https://wiauinufpbkmjlbqlkxo.supabase.co/storage/v1/object/public/audio/items/0eec3e1c-4760-5363-9e9b-65eab1a4a596.mp3"}'::jsonb, '{"value": "afrekenen", "accepted": ["afrekenen"]}'::jsonb, 0.35, array['vocab_f1','writing']) on conflict (id) do nothing;
insert into content_items(id,course_id,cefr_level,skill,type,prompt,payload,correct_answer,difficulty,tags) values ('7fce17b6-0add-5a59-a994-818960e2b88b', '20000000-0000-0000-0000-000000000006', 'A2', 'writing', 'cloze', 'Completa la frase con la palabra que falta.', '{"text": "Ik wil niet te veel geld besteden aan kleren.", "audio_url": "https://wiauinufpbkmjlbqlkxo.supabase.co/storage/v1/object/public/audio/items/7fce17b6-0add-5a59-a994-818960e2b88b.mp3"}'::jsonb, '{"value": "besteden", "accepted": ["besteden"]}'::jsonb, 0.35, array['vocab_f1','writing']) on conflict (id) do nothing;
insert into content_items(id,course_id,cefr_level,skill,type,prompt,payload,correct_answer,difficulty,tags) values ('67ef8149-6a2a-5483-bcd3-3f384445a258', '20000000-0000-0000-0000-000000000006', 'A2', 'writing', 'cloze', 'Completa la frase con la palabra que falta.', '{"text": "Ik stopte de boodschappen in mijn tas.", "audio_url": "https://wiauinufpbkmjlbqlkxo.supabase.co/storage/v1/object/public/audio/items/67ef8149-6a2a-5483-bcd3-3f384445a258.mp3"}'::jsonb, '{"value": "tas", "accepted": ["tas"]}'::jsonb, 0.35, array['vocab_f1','writing']) on conflict (id) do nothing;
insert into content_items(id,course_id,cefr_level,skill,type,prompt,payload,correct_answer,difficulty,tags) values ('e5083fa3-88de-5848-ab27-66743d46d9a2', '20000000-0000-0000-0000-000000000006', 'A2', 'writing', 'cloze', 'Completa la frase con la palabra que falta.', '{"text": "Het is koud, dus ik koop een warme jas.", "audio_url": "https://wiauinufpbkmjlbqlkxo.supabase.co/storage/v1/object/public/audio/items/e5083fa3-88de-5848-ab27-66743d46d9a2.mp3"}'::jsonb, '{"value": "jas", "accepted": ["jas"]}'::jsonb, 0.35, array['vocab_f1','writing']) on conflict (id) do nothing;
insert into content_items(id,course_id,cefr_level,skill,type,prompt,payload,correct_answer,difficulty,tags) values ('4f4918e5-a955-5671-85fd-d4dcff8db23b', '20000000-0000-0000-0000-000000000006', 'A2', 'writing', 'cloze', 'Completa la frase con la palabra que falta.', '{"text": "Deze broek is me te klein.", "audio_url": "https://wiauinufpbkmjlbqlkxo.supabase.co/storage/v1/object/public/audio/items/4f4918e5-a955-5671-85fd-d4dcff8db23b.mp3"}'::jsonb, '{"value": "broek", "accepted": ["broek"]}'::jsonb, 0.35, array['vocab_f1','writing']) on conflict (id) do nothing;
insert into content_items(id,course_id,cefr_level,skill,type,prompt,payload,correct_answer,difficulty,tags) values ('71aab76f-4c57-513e-9271-d3ad2b2f9ee7', '20000000-0000-0000-0000-000000000006', 'A2', 'writing', 'cloze', 'Completa la frase con la palabra que falta.', '{"text": "Je kunt de kleren in het pashokje passen.", "audio_url": "https://wiauinufpbkmjlbqlkxo.supabase.co/storage/v1/object/public/audio/items/71aab76f-4c57-513e-9271-d3ad2b2f9ee7.mp3"}'::jsonb, '{"value": "het pashokje", "accepted": ["het pashokje"]}'::jsonb, 0.35, array['vocab_f1','writing']) on conflict (id) do nothing;
insert into content_items(id,course_id,cefr_level,skill,type,prompt,payload,correct_answer,difficulty,tags) values ('1eb8f6d7-b019-58f3-b5a4-4129f6574d93', '20000000-0000-0000-0000-000000000006', 'A2', 'writing', 'cloze', 'Completa la frase con la palabra que falta.', '{"text": "Ik zoek een blauwe trui in maat medium.", "audio_url": "https://wiauinufpbkmjlbqlkxo.supabase.co/storage/v1/object/public/audio/items/1eb8f6d7-b019-58f3-b5a4-4129f6574d93.mp3"}'::jsonb, '{"value": "trui", "accepted": ["trui"]}'::jsonb, 0.35, array['vocab_f1','writing']) on conflict (id) do nothing;
insert into content_items(id,course_id,cefr_level,skill,type,prompt,payload,correct_answer,difficulty,tags) values ('4238b89f-54be-5b7b-96d9-3357af27377e', '20000000-0000-0000-0000-000000000006', 'A2', 'reading', 'match', 'Empareja cada palabra con su traducción.', '{"pairs": [{"en": "de verkoper", "es": "el vendedor"}, {"en": "de winkelwagen", "es": "el carrito"}, {"en": "het mandje", "es": "la cesta"}, {"en": "ruilen", "es": "cambiar (un producto)"}, {"en": "de aanbieding", "es": "la oferta"}]}'::jsonb, '{"pairs": [["de verkoper", "el vendedor"], ["de winkelwagen", "el carrito"], ["het mandje", "la cesta"], ["ruilen", "cambiar (un producto)"], ["de aanbieding", "la oferta"]]}'::jsonb, 0.15, array['vocab_f1','reading']) on conflict (id) do nothing;
insert into content_items(id,course_id,cefr_level,skill,type,prompt,payload,correct_answer,difficulty,tags) values ('56c9c44b-d06e-5810-a524-589ee87ff216', '20000000-0000-0000-0000-000000000006', 'A2', 'reading', 'match', 'Empareja cada palabra con su traducción.', '{"pairs": [{"en": "afrekenen", "es": "pagar (en la caja)"}, {"en": "besteden", "es": "gastar (dinero)"}, {"en": "de tas", "es": "la bolsa (el bolso)"}, {"en": "de jas", "es": "el abrigo"}, {"en": "de broek", "es": "el pantalón"}]}'::jsonb, '{"pairs": [["afrekenen", "pagar (en la caja)"], ["besteden", "gastar (dinero)"], ["de tas", "la bolsa (el bolso)"], ["de jas", "el abrigo"], ["de broek", "el pantalón"]]}'::jsonb, 0.15, array['vocab_f1','reading']) on conflict (id) do nothing;
insert into content_items(id,course_id,cefr_level,skill,type,prompt,payload,correct_answer,difficulty,tags) values ('afa7a301-1598-54fc-beef-d665accff667', '20000000-0000-0000-0000-000000000006', 'A2', 'reading', 'match', 'Empareja cada palabra con su traducción.', '{"pairs": [{"en": "het pashokje", "es": "el probador"}, {"en": "de trui", "es": "el jersey (suéter)"}]}'::jsonb, '{"pairs": [["het pashokje", "el probador"], ["de trui", "el jersey (suéter)"]]}'::jsonb, 0.15, array['vocab_f1','reading']) on conflict (id) do nothing;
insert into content_items(id,course_id,cefr_level,skill,type,prompt,payload,correct_answer,difficulty,tags) values ('16eccf4b-2085-5bed-a148-1146a5072a81', '20000000-0000-0000-0000-000000000006', 'A2', 'writing', 'cloze', 'Completa la frase con la palabra que falta.', '{"text": "Neem de tijd om rustig te eten.", "audio_url": "https://wiauinufpbkmjlbqlkxo.supabase.co/storage/v1/object/public/audio/items/16eccf4b-2085-5bed-a148-1146a5072a81.mp3"}'::jsonb, '{"value": "de tijd", "accepted": ["de tijd"]}'::jsonb, 0.35, array['vocab_f1','writing']) on conflict (id) do nothing;
insert into content_items(id,course_id,cefr_level,skill,type,prompt,payload,correct_answer,difficulty,tags) values ('b7e957e1-b976-5bb2-8f13-d1d9dee255e4', '20000000-0000-0000-0000-000000000006', 'A2', 'writing', 'cloze', 'Completa la frase con la palabra que falta.', '{"text": "In de ochtend drink ik altijd koffie.", "audio_url": "https://wiauinufpbkmjlbqlkxo.supabase.co/storage/v1/object/public/audio/items/b7e957e1-b976-5bb2-8f13-d1d9dee255e4.mp3"}'::jsonb, '{"value": "de ochtend", "accepted": ["de ochtend"]}'::jsonb, 0.35, array['vocab_f1','writing']) on conflict (id) do nothing;
insert into content_items(id,course_id,cefr_level,skill,type,prompt,payload,correct_answer,difficulty,tags) values ('ff12e4d3-1601-5388-9fe5-48951dd1553f', '20000000-0000-0000-0000-000000000006', 'A2', 'writing', 'cloze', 'Completa la frase con la palabra que falta.', '{"text": "In de middag ga ik graag wandelen.", "audio_url": "https://wiauinufpbkmjlbqlkxo.supabase.co/storage/v1/object/public/audio/items/ff12e4d3-1601-5388-9fe5-48951dd1553f.mp3"}'::jsonb, '{"value": "de middag", "accepted": ["de middag"]}'::jsonb, 0.35, array['vocab_f1','writing']) on conflict (id) do nothing;
insert into content_items(id,course_id,cefr_level,skill,type,prompt,payload,correct_answer,difficulty,tags) values ('af077413-0ef0-5b81-8e49-2b3ccaa3cc97', '20000000-0000-0000-0000-000000000006', 'A2', 'writing', 'cloze', 'Completa la frase con la palabra que falta.', '{"text": "In de avond kijken we samen televisie.", "audio_url": "https://wiauinufpbkmjlbqlkxo.supabase.co/storage/v1/object/public/audio/items/af077413-0ef0-5b81-8e49-2b3ccaa3cc97.mp3"}'::jsonb, '{"value": "de avond", "accepted": ["de avond"]}'::jsonb, 0.35, array['vocab_f1','writing']) on conflict (id) do nothing;
insert into content_items(id,course_id,cefr_level,skill,type,prompt,payload,correct_answer,difficulty,tags) values ('225ea4ab-be01-5bab-8380-e531d311fe5f', '20000000-0000-0000-0000-000000000006', 'A2', 'writing', 'cloze', 'Completa la frase con la palabra que falta.', '{"text": "Ik heb de nacht heel goed geslapen.", "audio_url": "https://wiauinufpbkmjlbqlkxo.supabase.co/storage/v1/object/public/audio/items/225ea4ab-be01-5bab-8380-e531d311fe5f.mp3"}'::jsonb, '{"value": "de nacht", "accepted": ["de nacht"]}'::jsonb, 0.35, array['vocab_f1','writing']) on conflict (id) do nothing;
insert into content_items(id,course_id,cefr_level,skill,type,prompt,payload,correct_answer,difficulty,tags) values ('ab328938-65f6-5d9d-99a6-279bc66a5d20', '20000000-0000-0000-0000-000000000006', 'A2', 'writing', 'cloze', 'Completa la frase con la palabra que falta.', '{"text": "Aan het begin van de week ben ik nog moe.", "audio_url": "https://wiauinufpbkmjlbqlkxo.supabase.co/storage/v1/object/public/audio/items/ab328938-65f6-5d9d-99a6-279bc66a5d20.mp3"}'::jsonb, '{"value": "de week", "accepted": ["de week"]}'::jsonb, 0.35, array['vocab_f1','writing']) on conflict (id) do nothing;
insert into content_items(id,course_id,cefr_level,skill,type,prompt,payload,correct_answer,difficulty,tags) values ('fededf33-b1e8-5ed2-abc2-3dc9606cc63b', '20000000-0000-0000-0000-000000000006', 'A2', 'writing', 'cloze', 'Completa la frase con la palabra que falta.', '{"text": "Aan het eind van de maand betaal ik de huur.", "audio_url": "https://wiauinufpbkmjlbqlkxo.supabase.co/storage/v1/object/public/audio/items/fededf33-b1e8-5ed2-abc2-3dc9606cc63b.mp3"}'::jsonb, '{"value": "de maand", "accepted": ["de maand"]}'::jsonb, 0.35, array['vocab_f1','writing']) on conflict (id) do nothing;
insert into content_items(id,course_id,cefr_level,skill,type,prompt,payload,correct_answer,difficulty,tags) values ('8700afaa-9f02-5c9b-b3e1-5c0dee72ecc6', '20000000-0000-0000-0000-000000000006', 'A2', 'writing', 'cloze', 'Completa la frase con la palabra que falta.', '{"text": "Historici bestuderen de eeuw van de Verlichting.", "audio_url": "https://wiauinufpbkmjlbqlkxo.supabase.co/storage/v1/object/public/audio/items/8700afaa-9f02-5c9b-b3e1-5c0dee72ecc6.mp3"}'::jsonb, '{"value": "de eeuw", "accepted": ["de eeuw"]}'::jsonb, 0.35, array['vocab_f1','writing']) on conflict (id) do nothing;
insert into content_items(id,course_id,cefr_level,skill,type,prompt,payload,correct_answer,difficulty,tags) values ('b83f037d-be25-522e-a5be-eb126d7004c2', '20000000-0000-0000-0000-000000000006', 'A2', 'writing', 'cloze', 'Completa la frase con la palabra que falta.', '{"text": "In de haast vergat ik mijn sleutels.", "audio_url": "https://wiauinufpbkmjlbqlkxo.supabase.co/storage/v1/object/public/audio/items/b83f037d-be25-522e-a5be-eb126d7004c2.mp3"}'::jsonb, '{"value": "de haast", "accepted": ["de haast"]}'::jsonb, 0.35, array['vocab_f1','writing']) on conflict (id) do nothing;
insert into content_items(id,course_id,cefr_level,skill,type,prompt,payload,correct_answer,difficulty,tags) values ('6d0be390-d91b-5f03-8353-cac035ca12de', '20000000-0000-0000-0000-000000000006', 'A2', 'reading', 'match', 'Empareja cada palabra con su traducción.', '{"pairs": [{"en": "de tijd", "es": "el tiempo"}, {"en": "de ochtend", "es": "la mañana"}, {"en": "de middag", "es": "la tarde (mediodía)"}, {"en": "de avond", "es": "la tarde-noche"}, {"en": "de nacht", "es": "la noche"}]}'::jsonb, '{"pairs": [["de tijd", "el tiempo"], ["de ochtend", "la mañana"], ["de middag", "la tarde (mediodía)"], ["de avond", "la tarde-noche"], ["de nacht", "la noche"]]}'::jsonb, 0.15, array['vocab_f1','reading']) on conflict (id) do nothing;
insert into content_items(id,course_id,cefr_level,skill,type,prompt,payload,correct_answer,difficulty,tags) values ('75c7d251-7b00-5e72-8856-8d527ae2bc15', '20000000-0000-0000-0000-000000000006', 'A2', 'reading', 'match', 'Empareja cada palabra con su traducción.', '{"pairs": [{"en": "de week", "es": "la semana"}, {"en": "de maand", "es": "el mes"}, {"en": "de eeuw", "es": "el siglo"}, {"en": "de haast", "es": "la prisa"}]}'::jsonb, '{"pairs": [["de week", "la semana"], ["de maand", "el mes"], ["de eeuw", "el siglo"], ["de haast", "la prisa"]]}'::jsonb, 0.15, array['vocab_f1','reading']) on conflict (id) do nothing;
insert into content_items(id,course_id,cefr_level,skill,type,prompt,payload,correct_answer,difficulty,tags) values ('6c472bd5-8efa-54eb-9788-fc1b09482f8c', '20000000-0000-0000-0000-000000000006', 'A2', 'writing', 'cloze', 'Completa la frase con la palabra que falta.', '{"text": "Ik kijk vaak naar de klok tijdens het werk.", "audio_url": "https://wiauinufpbkmjlbqlkxo.supabase.co/storage/v1/object/public/audio/items/6c472bd5-8efa-54eb-9788-fc1b09482f8c.mp3"}'::jsonb, '{"value": "de klok", "accepted": ["de klok"]}'::jsonb, 0.35, array['vocab_f1','writing']) on conflict (id) do nothing;
insert into content_items(id,course_id,cefr_level,skill,type,prompt,payload,correct_answer,difficulty,tags) values ('ba38defd-3853-5651-b647-63bfe6a1116b', '20000000-0000-0000-0000-000000000006', 'A2', 'writing', 'cloze', 'Completa la frase con la palabra que falta.', '{"text": "Geniet van het ogenblik en denk niet te veel na.", "audio_url": "https://wiauinufpbkmjlbqlkxo.supabase.co/storage/v1/object/public/audio/items/ba38defd-3853-5651-b647-63bfe6a1116b.mp3"}'::jsonb, '{"value": "het ogenblik", "accepted": ["het ogenblik"]}'::jsonb, 0.35, array['vocab_f1','writing']) on conflict (id) do nothing;
insert into content_items(id,course_id,cefr_level,skill,type,prompt,payload,correct_answer,difficulty,tags) values ('9946b6dc-193b-57a8-9f93-1fbfc260e2fb', '20000000-0000-0000-0000-000000000006', 'A2', 'writing', 'cloze', 'Completa la frase con la palabra que falta.', '{"text": "Aan het einde van de film huilde iedereen.", "audio_url": "https://wiauinufpbkmjlbqlkxo.supabase.co/storage/v1/object/public/audio/items/9946b6dc-193b-57a8-9f93-1fbfc260e2fb.mp3"}'::jsonb, '{"value": "het einde", "accepted": ["het einde"]}'::jsonb, 0.35, array['vocab_f1','writing']) on conflict (id) do nothing;
insert into content_items(id,course_id,cefr_level,skill,type,prompt,payload,correct_answer,difficulty,tags) values ('0e4b962a-8d3c-564b-90ab-0c5fcdbe2fec', '20000000-0000-0000-0000-000000000006', 'A2', 'writing', 'cloze', 'Completa la frase con la palabra que falta.', '{"text": "In het begin vond ik Nederlands moeilijk.", "audio_url": "https://wiauinufpbkmjlbqlkxo.supabase.co/storage/v1/object/public/audio/items/0e4b962a-8d3c-564b-90ab-0c5fcdbe2fec.mp3"}'::jsonb, '{"value": "het begin", "accepted": ["het begin"]}'::jsonb, 0.35, array['vocab_f1','writing']) on conflict (id) do nothing;
insert into content_items(id,course_id,cefr_level,skill,type,prompt,payload,correct_answer,difficulty,tags) values ('456058dc-5c7b-57c9-a977-c29606cc96db', '20000000-0000-0000-0000-000000000006', 'A2', 'writing', 'cloze', 'Completa la frase con la palabra que falta.', '{"text": "De lente is het jaargetijde van de bloemen.", "audio_url": "https://wiauinufpbkmjlbqlkxo.supabase.co/storage/v1/object/public/audio/items/456058dc-5c7b-57c9-a977-c29606cc96db.mp3"}'::jsonb, '{"value": "het jaargetijde", "accepted": ["het jaargetijde"]}'::jsonb, 0.35, array['vocab_f1','writing']) on conflict (id) do nothing;
insert into content_items(id,course_id,cefr_level,skill,type,prompt,payload,correct_answer,difficulty,tags) values ('8387d7d0-6ce5-5e4b-b61b-15880af0d292', '20000000-0000-0000-0000-000000000006', 'A2', 'writing', 'cloze', 'Completa la frase con la palabra que falta.', '{"text": "Ik sta elke dag heel vroeg op.", "audio_url": "https://wiauinufpbkmjlbqlkxo.supabase.co/storage/v1/object/public/audio/items/8387d7d0-6ce5-5e4b-b61b-15880af0d292.mp3"}'::jsonb, '{"value": "vroeg", "accepted": ["vroeg"]}'::jsonb, 0.35, array['vocab_f1','writing']) on conflict (id) do nothing;
insert into content_items(id,course_id,cefr_level,skill,type,prompt,payload,correct_answer,difficulty,tags) values ('ffe694ee-4f04-54dd-b8b1-9626a592e3af', '20000000-0000-0000-0000-000000000006', 'A2', 'writing', 'cloze', 'Completa la frase con la palabra que falta.', '{"text": "Gisteren ging ik pas heel laat naar bed.", "audio_url": "https://wiauinufpbkmjlbqlkxo.supabase.co/storage/v1/object/public/audio/items/ffe694ee-4f04-54dd-b8b1-9626a592e3af.mp3"}'::jsonb, '{"value": "laat", "accepted": ["laat"]}'::jsonb, 0.35, array['vocab_f1','writing']) on conflict (id) do nothing;
insert into content_items(id,course_id,cefr_level,skill,type,prompt,payload,correct_answer,difficulty,tags) values ('a41a5f04-a7ee-5984-aeb9-ddfff66d2d39', '20000000-0000-0000-0000-000000000006', 'A2', 'writing', 'cloze', 'Completa la frase con la palabra que falta.', '{"text": "Ik kom meteen naar je toe.", "audio_url": "https://wiauinufpbkmjlbqlkxo.supabase.co/storage/v1/object/public/audio/items/a41a5f04-a7ee-5984-aeb9-ddfff66d2d39.mp3"}'::jsonb, '{"value": "meteen", "accepted": ["meteen"]}'::jsonb, 0.35, array['vocab_f1','writing']) on conflict (id) do nothing;
insert into content_items(id,course_id,cefr_level,skill,type,prompt,payload,correct_answer,difficulty,tags) values ('f4202b6d-2ef1-581c-a327-8e7a682e8843', '20000000-0000-0000-0000-000000000006', 'A2', 'writing', 'cloze', 'Completa la frase con la palabra que falta.', '{"text": "We gaan vaak naar het strand in de zomer.", "audio_url": "https://wiauinufpbkmjlbqlkxo.supabase.co/storage/v1/object/public/audio/items/f4202b6d-2ef1-581c-a327-8e7a682e8843.mp3"}'::jsonb, '{"value": "vaak", "accepted": ["vaak"]}'::jsonb, 0.35, array['vocab_f1','writing']) on conflict (id) do nothing;
insert into content_items(id,course_id,cefr_level,skill,type,prompt,payload,correct_answer,difficulty,tags) values ('00badfcb-b7c5-55c6-b2ab-de9ebe91a01d', '20000000-0000-0000-0000-000000000006', 'A2', 'reading', 'match', 'Empareja cada palabra con su traducción.', '{"pairs": [{"en": "de klok", "es": "el reloj"}, {"en": "het ogenblik", "es": "el momento, el instante"}, {"en": "het einde", "es": "el final"}, {"en": "het begin", "es": "el comienzo"}, {"en": "het jaargetijde", "es": "la estación del año"}]}'::jsonb, '{"pairs": [["de klok", "el reloj"], ["het ogenblik", "el momento, el instante"], ["het einde", "el final"], ["het begin", "el comienzo"], ["het jaargetijde", "la estación del año"]]}'::jsonb, 0.15, array['vocab_f1','reading']) on conflict (id) do nothing;
insert into content_items(id,course_id,cefr_level,skill,type,prompt,payload,correct_answer,difficulty,tags) values ('8b96ba5c-469c-508d-b92d-061fef28ea1b', '20000000-0000-0000-0000-000000000006', 'A2', 'reading', 'match', 'Empareja cada palabra con su traducción.', '{"pairs": [{"en": "vroeg", "es": "temprano"}, {"en": "laat", "es": "tarde"}, {"en": "meteen", "es": "enseguida"}, {"en": "vaak", "es": "a menudo"}]}'::jsonb, '{"pairs": [["vroeg", "temprano"], ["laat", "tarde"], ["meteen", "enseguida"], ["vaak", "a menudo"]]}'::jsonb, 0.15, array['vocab_f1','reading']) on conflict (id) do nothing;
insert into content_items(id,course_id,cefr_level,skill,type,prompt,payload,correct_answer,difficulty,tags) values ('ca09dc0c-29de-5d27-af65-09490e4eeee1', '20000000-0000-0000-0000-000000000006', 'A2', 'writing', 'cloze', 'Completa la frase con la palabra que falta.', '{"text": "Ik ben nog nooit in Amsterdam geweest.", "audio_url": "https://wiauinufpbkmjlbqlkxo.supabase.co/storage/v1/object/public/audio/items/ca09dc0c-29de-5d27-af65-09490e4eeee1.mp3"}'::jsonb, '{"value": "nooit", "accepted": ["nooit"]}'::jsonb, 0.35, array['vocab_f1','writing']) on conflict (id) do nothing;
insert into content_items(id,course_id,cefr_level,skill,type,prompt,payload,correct_answer,difficulty,tags) values ('e0fe92d5-5739-5acb-b66e-1f09e118a9e4', '20000000-0000-0000-0000-000000000006', 'A2', 'writing', 'cloze', 'Completa la frase con la palabra que falta.', '{"text": "Wat gaan we vandaag samen doen?", "audio_url": "https://wiauinufpbkmjlbqlkxo.supabase.co/storage/v1/object/public/audio/items/e0fe92d5-5739-5acb-b66e-1f09e118a9e4.mp3"}'::jsonb, '{"value": "vandaag", "accepted": ["vandaag"]}'::jsonb, 0.35, array['vocab_f1','writing']) on conflict (id) do nothing;
insert into content_items(id,course_id,cefr_level,skill,type,prompt,payload,correct_answer,difficulty,tags) values ('becf1b9a-5fbe-5de2-9878-9ef2c93f2def', '20000000-0000-0000-0000-000000000006', 'A2', 'writing', 'cloze', 'Completa la frase con la palabra que falta.', '{"text": "Ik drink soms een glas wijn bij het eten.", "audio_url": "https://wiauinufpbkmjlbqlkxo.supabase.co/storage/v1/object/public/audio/items/becf1b9a-5fbe-5de2-9878-9ef2c93f2def.mp3"}'::jsonb, '{"value": "soms", "accepted": ["soms"]}'::jsonb, 0.35, array['vocab_f1','writing']) on conflict (id) do nothing;
insert into content_items(id,course_id,cefr_level,skill,type,prompt,payload,correct_answer,difficulty,tags) values ('cde8e001-d623-5cc4-8f49-4113d736bf31', '20000000-0000-0000-0000-000000000006', 'A2', 'writing', 'cloze', 'Completa la frase con la palabra que falta.', '{"text": "Zij komt altijd te laat op het werk.", "audio_url": "https://wiauinufpbkmjlbqlkxo.supabase.co/storage/v1/object/public/audio/items/cde8e001-d623-5cc4-8f49-4113d736bf31.mp3"}'::jsonb, '{"value": "altijd", "accepted": ["altijd"]}'::jsonb, 0.35, array['vocab_f1','writing']) on conflict (id) do nothing;
insert into content_items(id,course_id,cefr_level,skill,type,prompt,payload,correct_answer,difficulty,tags) values ('3ae40686-d70f-5884-9830-a6d94c7cbd50', '20000000-0000-0000-0000-000000000006', 'A2', 'writing', 'cloze', 'Completa la frase con la palabra que falta.', '{"text": "Ik heb nu geen tijd, kom later terug.", "audio_url": "https://wiauinufpbkmjlbqlkxo.supabase.co/storage/v1/object/public/audio/items/3ae40686-d70f-5884-9830-a6d94c7cbd50.mp3"}'::jsonb, '{"value": "nu", "accepted": ["nu"]}'::jsonb, 0.35, array['vocab_f1','writing']) on conflict (id) do nothing;
insert into content_items(id,course_id,cefr_level,skill,type,prompt,payload,correct_answer,difficulty,tags) values ('f9d9fedf-254f-593b-8346-83fa023381fc', '20000000-0000-0000-0000-000000000006', 'A2', 'writing', 'cloze', 'Completa la frase con la palabra que falta.', '{"text": "De vakantie begint gauw, nog maar drie dagen.", "audio_url": "https://wiauinufpbkmjlbqlkxo.supabase.co/storage/v1/object/public/audio/items/f9d9fedf-254f-593b-8346-83fa023381fc.mp3"}'::jsonb, '{"value": "gauw", "accepted": ["gauw"]}'::jsonb, 0.35, array['vocab_f1','writing']) on conflict (id) do nothing;
insert into content_items(id,course_id,cefr_level,skill,type,prompt,payload,correct_answer,difficulty,tags) values ('cfd8cb74-f48e-5cd6-8b67-383669567d0a', '20000000-0000-0000-0000-000000000006', 'A2', 'writing', 'cloze', 'Completa la frase con la palabra que falta.', '{"text": "Na een lange dag ben ik eindelijk thuis.", "audio_url": "https://wiauinufpbkmjlbqlkxo.supabase.co/storage/v1/object/public/audio/items/cfd8cb74-f48e-5cd6-8b67-383669567d0a.mp3"}'::jsonb, '{"value": "eindelijk", "accepted": ["eindelijk"]}'::jsonb, 0.35, array['vocab_f1','writing']) on conflict (id) do nothing;
insert into content_items(id,course_id,cefr_level,skill,type,prompt,payload,correct_answer,difficulty,tags) values ('67580d28-65f6-5a00-bcc0-edfb7d7571f6', '20000000-0000-0000-0000-000000000006', 'A2', 'reading', 'match', 'Empareja cada palabra con su traducción.', '{"pairs": [{"en": "nooit", "es": "nunca"}, {"en": "vandaag", "es": "hoy"}, {"en": "soms", "es": "a veces"}, {"en": "altijd", "es": "siempre"}, {"en": "nu", "es": "ahora"}]}'::jsonb, '{"pairs": [["nooit", "nunca"], ["vandaag", "hoy"], ["soms", "a veces"], ["altijd", "siempre"], ["nu", "ahora"]]}'::jsonb, 0.15, array['vocab_f1','reading']) on conflict (id) do nothing;
insert into content_items(id,course_id,cefr_level,skill,type,prompt,payload,correct_answer,difficulty,tags) values ('c5dc31b7-3c58-574c-a8fa-9b3b7a13ce9d', '20000000-0000-0000-0000-000000000006', 'A2', 'reading', 'match', 'Empareja cada palabra con su traducción.', '{"pairs": [{"en": "gauw", "es": "pronto"}, {"en": "eindelijk", "es": "por fin"}]}'::jsonb, '{"pairs": [["gauw", "pronto"], ["eindelijk", "por fin"]]}'::jsonb, 0.15, array['vocab_f1','reading']) on conflict (id) do nothing;
insert into content_items(id,course_id,cefr_level,skill,type,prompt,payload,correct_answer,difficulty,tags) values ('f99969a2-3aa6-5ef8-9c18-afc3d23a6019', '20000000-0000-0000-0000-000000000006', 'B1', 'writing', 'cloze', 'Completa la frase con la palabra que falta.', '{"text": "Mijn huid is heel droog in de winter.", "audio_url": "https://wiauinufpbkmjlbqlkxo.supabase.co/storage/v1/object/public/audio/items/f99969a2-3aa6-5ef8-9c18-afc3d23a6019.mp3"}'::jsonb, '{"value": "huid", "accepted": ["huid"]}'::jsonb, 0.35, array['vocab_f1','writing']) on conflict (id) do nothing;
insert into content_items(id,course_id,cefr_level,skill,type,prompt,payload,correct_answer,difficulty,tags) values ('ab3f85eb-3adf-57da-a0b0-229eb69b6db7', '20000000-0000-0000-0000-000000000006', 'B1', 'writing', 'cloze', 'Completa la frase con la palabra que falta.', '{"text": "Na het hardlopen klopt mijn hart heel snel.", "audio_url": "https://wiauinufpbkmjlbqlkxo.supabase.co/storage/v1/object/public/audio/items/ab3f85eb-3adf-57da-a0b0-229eb69b6db7.mp3"}'::jsonb, '{"value": "hart", "accepted": ["hart"]}'::jsonb, 0.35, array['vocab_f1','writing']) on conflict (id) do nothing;
insert into content_items(id,course_id,cefr_level,skill,type,prompt,payload,correct_answer,difficulty,tags) values ('994a2200-ecff-5b7c-94dc-5aeac59c53a3', '20000000-0000-0000-0000-000000000006', 'B1', 'writing', 'cloze', 'Completa la frase con la palabra que falta.', '{"text": "De dokter maakte de wond schoon en deed er een verband op.", "audio_url": "https://wiauinufpbkmjlbqlkxo.supabase.co/storage/v1/object/public/audio/items/994a2200-ecff-5b7c-94dc-5aeac59c53a3.mp3"}'::jsonb, '{"value": "de wond", "accepted": ["de wond"]}'::jsonb, 0.35, array['vocab_f1','writing']) on conflict (id) do nothing;
insert into content_items(id,course_id,cefr_level,skill,type,prompt,payload,correct_answer,difficulty,tags) values ('2bac0e1a-00d4-5a02-9e89-441f6cb174a3', '20000000-0000-0000-0000-000000000006', 'B1', 'writing', 'cloze', 'Completa la frase con la palabra que falta.', '{"text": "Ik blijf thuis omdat ik een zware verkoudheid heb.", "audio_url": "https://wiauinufpbkmjlbqlkxo.supabase.co/storage/v1/object/public/audio/items/2bac0e1a-00d4-5a02-9e89-441f6cb174a3.mp3"}'::jsonb, '{"value": "verkoudheid", "accepted": ["verkoudheid"]}'::jsonb, 0.35, array['vocab_f1','writing']) on conflict (id) do nothing;
insert into content_items(id,course_id,cefr_level,skill,type,prompt,payload,correct_answer,difficulty,tags) values ('de45c643-d28b-5ae4-92ee-05546ba6038d', '20000000-0000-0000-0000-000000000006', 'B1', 'writing', 'cloze', 'Completa la frase con la palabra que falta.', '{"text": "De zieke man begon hard te hoesten.", "audio_url": "https://wiauinufpbkmjlbqlkxo.supabase.co/storage/v1/object/public/audio/items/de45c643-d28b-5ae4-92ee-05546ba6038d.mp3"}'::jsonb, '{"value": "hoesten", "accepted": ["hoesten"]}'::jsonb, 0.35, array['vocab_f1','writing']) on conflict (id) do nothing;
insert into content_items(id,course_id,cefr_level,skill,type,prompt,payload,correct_answer,difficulty,tags) values ('ded59f8d-1746-5216-9512-43a9a599dd85', '20000000-0000-0000-0000-000000000006', 'B1', 'writing', 'cloze', 'Completa la frase con la palabra que falta.', '{"text": "Door het stof moest zij drie keer niezen.", "audio_url": "https://wiauinufpbkmjlbqlkxo.supabase.co/storage/v1/object/public/audio/items/ded59f8d-1746-5216-9512-43a9a599dd85.mp3"}'::jsonb, '{"value": "niezen", "accepted": ["niezen"]}'::jsonb, 0.35, array['vocab_f1','writing']) on conflict (id) do nothing;
insert into content_items(id,course_id,cefr_level,skill,type,prompt,payload,correct_answer,difficulty,tags) values ('884b0125-0086-57ff-b629-79a41da57c49', '20000000-0000-0000-0000-000000000006', 'B1', 'writing', 'cloze', 'Completa la frase con la palabra que falta.', '{"text": "De wond zal binnen een week genezen.", "audio_url": "https://wiauinufpbkmjlbqlkxo.supabase.co/storage/v1/object/public/audio/items/884b0125-0086-57ff-b629-79a41da57c49.mp3"}'::jsonb, '{"value": "genezen", "accepted": ["genezen"]}'::jsonb, 0.35, array['vocab_f1','writing']) on conflict (id) do nothing;
insert into content_items(id,course_id,cefr_level,skill,type,prompt,payload,correct_answer,difficulty,tags) values ('2a164cc9-93fa-55af-8526-714362864763', '20000000-0000-0000-0000-000000000006', 'B1', 'writing', 'cloze', 'Completa la frase con la palabra que falta.', '{"text": "Na het sporten kon hij nauwelijks ademen.", "audio_url": "https://wiauinufpbkmjlbqlkxo.supabase.co/storage/v1/object/public/audio/items/2a164cc9-93fa-55af-8526-714362864763.mp3"}'::jsonb, '{"value": "ademen", "accepted": ["ademen"]}'::jsonb, 0.35, array['vocab_f1','writing']) on conflict (id) do nothing;
insert into content_items(id,course_id,cefr_level,skill,type,prompt,payload,correct_answer,difficulty,tags) values ('6f008175-a5a4-56fe-b926-40ed87dc86a7', '20000000-0000-0000-0000-000000000006', 'B1', 'writing', 'cloze', 'Completa la frase con la palabra que falta.', '{"text": "Tijdens het voetballen heb ik mijn enkel verzwikt.", "audio_url": "https://wiauinufpbkmjlbqlkxo.supabase.co/storage/v1/object/public/audio/items/6f008175-a5a4-56fe-b926-40ed87dc86a7.mp3"}'::jsonb, '{"value": "enkel", "accepted": ["enkel"]}'::jsonb, 0.35, array['vocab_f1','writing']) on conflict (id) do nothing;
insert into content_items(id,course_id,cefr_level,skill,type,prompt,payload,correct_answer,difficulty,tags) values ('af3325ec-5961-55ea-a86c-2a1cc5edc965', '20000000-0000-0000-0000-000000000006', 'B1', 'reading', 'match', 'Empareja cada palabra con su traducción.', '{"pairs": [{"en": "de huid", "es": "la piel"}, {"en": "het hart", "es": "el corazón"}, {"en": "de wond", "es": "la herida"}, {"en": "de verkoudheid", "es": "el resfriado"}, {"en": "hoesten", "es": "toser"}]}'::jsonb, '{"pairs": [["de huid", "la piel"], ["het hart", "el corazón"], ["de wond", "la herida"], ["de verkoudheid", "el resfriado"], ["hoesten", "toser"]]}'::jsonb, 0.15, array['vocab_f1','reading']) on conflict (id) do nothing;
insert into content_items(id,course_id,cefr_level,skill,type,prompt,payload,correct_answer,difficulty,tags) values ('1838ab55-aa2f-5aad-897f-741d8e9e55f2', '20000000-0000-0000-0000-000000000006', 'B1', 'reading', 'match', 'Empareja cada palabra con su traducción.', '{"pairs": [{"en": "niezen", "es": "estornudar"}, {"en": "genezen", "es": "curarse, sanar"}, {"en": "ademen", "es": "respirar"}, {"en": "de enkel", "es": "el tobillo"}]}'::jsonb, '{"pairs": [["niezen", "estornudar"], ["genezen", "curarse, sanar"], ["ademen", "respirar"], ["de enkel", "el tobillo"]]}'::jsonb, 0.15, array['vocab_f1','reading']) on conflict (id) do nothing;
insert into content_items(id,course_id,cefr_level,skill,type,prompt,payload,correct_answer,difficulty,tags) values ('9002e9c2-5dcf-5aff-9609-60dd4d0bc603', '20000000-0000-0000-0000-000000000006', 'B1', 'writing', 'cloze', 'Completa la frase con la palabra que falta.', '{"text": "Mijn knie doet pijn als ik de trap op loop.", "audio_url": "https://wiauinufpbkmjlbqlkxo.supabase.co/storage/v1/object/public/audio/items/9002e9c2-5dcf-5aff-9609-60dd4d0bc603.mp3"}'::jsonb, '{"value": "knie", "accepted": ["knie"]}'::jsonb, 0.35, array['vocab_f1','writing']) on conflict (id) do nothing;
insert into content_items(id,course_id,cefr_level,skill,type,prompt,payload,correct_answer,difficulty,tags) values ('b32346db-0080-51eb-92aa-9023c303e008', '20000000-0000-0000-0000-000000000006', 'B1', 'writing', 'cloze', 'Completa la frase con la palabra que falta.', '{"text": "De baby heeft een rode wang van de koorts.", "audio_url": "https://wiauinufpbkmjlbqlkxo.supabase.co/storage/v1/object/public/audio/items/b32346db-0080-51eb-92aa-9023c303e008.mp3"}'::jsonb, '{"value": "wang", "accepted": ["wang"]}'::jsonb, 0.35, array['vocab_f1','writing']) on conflict (id) do nothing;
insert into content_items(id,course_id,cefr_level,skill,type,prompt,payload,correct_answer,difficulty,tags) values ('2a75e2d6-f604-5b03-9ea3-d8b6b6d0108b', '20000000-0000-0000-0000-000000000006', 'B1', 'writing', 'cloze', 'Completa la frase con la palabra que falta.', '{"text": "Mijn oma ligt deze week in het ziekenhuis.", "audio_url": "https://wiauinufpbkmjlbqlkxo.supabase.co/storage/v1/object/public/audio/items/2a75e2d6-f604-5b03-9ea3-d8b6b6d0108b.mp3"}'::jsonb, '{"value": "het ziekenhuis", "accepted": ["het ziekenhuis"]}'::jsonb, 0.35, array['vocab_f1','writing']) on conflict (id) do nothing;
insert into content_items(id,course_id,cefr_level,skill,type,prompt,payload,correct_answer,difficulty,tags) values ('d16f8b90-3d4d-55ff-ae5c-bd396dd1b51b', '20000000-0000-0000-0000-000000000006', 'B1', 'writing', 'cloze', 'Completa la frase con la palabra que falta.', '{"text": "Ik heb mijn vinger gesneden aan het mes.", "audio_url": "https://wiauinufpbkmjlbqlkxo.supabase.co/storage/v1/object/public/audio/items/d16f8b90-3d4d-55ff-ae5c-bd396dd1b51b.mp3"}'::jsonb, '{"value": "vinger", "accepted": ["vinger"]}'::jsonb, 0.35, array['vocab_f1','writing']) on conflict (id) do nothing;
insert into content_items(id,course_id,cefr_level,skill,type,prompt,payload,correct_answer,difficulty,tags) values ('fd2eed7b-9a43-5021-87fb-53a9ceabc947', '20000000-0000-0000-0000-000000000006', 'B1', 'writing', 'cloze', 'Completa la frase con la palabra que falta.', '{"text": "Bij een verkoudheid loopt mijn neus de hele dag.", "audio_url": "https://wiauinufpbkmjlbqlkxo.supabase.co/storage/v1/object/public/audio/items/fd2eed7b-9a43-5021-87fb-53a9ceabc947.mp3"}'::jsonb, '{"value": "neus", "accepted": ["neus"]}'::jsonb, 0.35, array['vocab_f1','writing']) on conflict (id) do nothing;
insert into content_items(id,course_id,cefr_level,skill,type,prompt,payload,correct_answer,difficulty,tags) values ('e9a9c15e-8c39-5ba5-aa7e-a65d4a18b847', '20000000-0000-0000-0000-000000000006', 'B1', 'writing', 'cloze', 'Completa la frase con la palabra que falta.', '{"text": "Door de infectie doet mijn oor erg pijn.", "audio_url": "https://wiauinufpbkmjlbqlkxo.supabase.co/storage/v1/object/public/audio/items/e9a9c15e-8c39-5ba5-aa7e-a65d4a18b847.mp3"}'::jsonb, '{"value": "oor", "accepted": ["oor"]}'::jsonb, 0.35, array['vocab_f1','writing']) on conflict (id) do nothing;
insert into content_items(id,course_id,cefr_level,skill,type,prompt,payload,correct_answer,difficulty,tags) values ('56a22491-703f-5b8f-9cd8-fb624584ff5a', '20000000-0000-0000-0000-000000000006', 'B1', 'writing', 'cloze', 'Completa la frase con la palabra que falta.', '{"text": "De tandarts vroeg mij om mijn mond open te doen.", "audio_url": "https://wiauinufpbkmjlbqlkxo.supabase.co/storage/v1/object/public/audio/items/56a22491-703f-5b8f-9cd8-fb624584ff5a.mp3"}'::jsonb, '{"value": "mond", "accepted": ["mond"]}'::jsonb, 0.35, array['vocab_f1','writing']) on conflict (id) do nothing;
insert into content_items(id,course_id,cefr_level,skill,type,prompt,payload,correct_answer,difficulty,tags) values ('8ac80038-c292-51fd-98b9-0066e4b167a1', '20000000-0000-0000-0000-000000000006', 'B1', 'writing', 'cloze', 'Completa la frase con la palabra que falta.', '{"text": "Na het tillen van de dozen doet mijn schouder pijn.", "audio_url": "https://wiauinufpbkmjlbqlkxo.supabase.co/storage/v1/object/public/audio/items/8ac80038-c292-51fd-98b9-0066e4b167a1.mp3"}'::jsonb, '{"value": "schouder", "accepted": ["schouder"]}'::jsonb, 0.35, array['vocab_f1','writing']) on conflict (id) do nothing;
insert into content_items(id,course_id,cefr_level,skill,type,prompt,payload,correct_answer,difficulty,tags) values ('3329e043-46fd-528a-b2c5-44e0cd572f30', '20000000-0000-0000-0000-000000000006', 'B1', 'writing', 'cloze', 'Completa la frase con la palabra que falta.', '{"text": "Elke winter krijgt hij weer de griep.", "audio_url": "https://wiauinufpbkmjlbqlkxo.supabase.co/storage/v1/object/public/audio/items/3329e043-46fd-528a-b2c5-44e0cd572f30.mp3"}'::jsonb, '{"value": "de griep", "accepted": ["de griep"]}'::jsonb, 0.35, array['vocab_f1','writing']) on conflict (id) do nothing;
insert into content_items(id,course_id,cefr_level,skill,type,prompt,payload,correct_answer,difficulty,tags) values ('bfd4a254-8305-5a47-8978-6a6f444a781c', '20000000-0000-0000-0000-000000000006', 'B1', 'reading', 'match', 'Empareja cada palabra con su traducción.', '{"pairs": [{"en": "de knie", "es": "la rodilla"}, {"en": "de wang", "es": "la mejilla"}, {"en": "het ziekenhuis", "es": "el hospital"}, {"en": "de vinger", "es": "el dedo"}, {"en": "de neus", "es": "la nariz"}]}'::jsonb, '{"pairs": [["de knie", "la rodilla"], ["de wang", "la mejilla"], ["het ziekenhuis", "el hospital"], ["de vinger", "el dedo"], ["de neus", "la nariz"]]}'::jsonb, 0.15, array['vocab_f1','reading']) on conflict (id) do nothing;
insert into content_items(id,course_id,cefr_level,skill,type,prompt,payload,correct_answer,difficulty,tags) values ('f7f80277-c7e5-5af7-bc8b-16238714869c', '20000000-0000-0000-0000-000000000006', 'B1', 'reading', 'match', 'Empareja cada palabra con su traducción.', '{"pairs": [{"en": "het oor", "es": "la oreja, el oído"}, {"en": "de mond", "es": "la boca"}, {"en": "de schouder", "es": "el hombro"}, {"en": "de griep", "es": "la gripe"}]}'::jsonb, '{"pairs": [["het oor", "la oreja, el oído"], ["de mond", "la boca"], ["de schouder", "el hombro"], ["de griep", "la gripe"]]}'::jsonb, 0.15, array['vocab_f1','reading']) on conflict (id) do nothing;
insert into content_items(id,course_id,cefr_level,skill,type,prompt,payload,correct_answer,difficulty,tags) values ('0cb54158-f533-5f54-997b-9a1503d39703', '20000000-0000-0000-0000-000000000006', 'B1', 'writing', 'cloze', 'Completa la frase con la palabra que falta.', '{"text": "De dokter zei dat ik elke dag een pil moet innemen.", "audio_url": "https://wiauinufpbkmjlbqlkxo.supabase.co/storage/v1/object/public/audio/items/0cb54158-f533-5f54-997b-9a1503d39703.mp3"}'::jsonb, '{"value": "pil", "accepted": ["pil"]}'::jsonb, 0.35, array['vocab_f1','writing']) on conflict (id) do nothing;
insert into content_items(id,course_id,cefr_level,skill,type,prompt,payload,correct_answer,difficulty,tags) values ('f0818e29-a904-58df-a7a6-9543ba8cc3af', '20000000-0000-0000-0000-000000000006', 'B1', 'writing', 'cloze', 'Completa la frase con la palabra que falta.', '{"text": "Als je veel groente eet, blijf je gezond.", "audio_url": "https://wiauinufpbkmjlbqlkxo.supabase.co/storage/v1/object/public/audio/items/f0818e29-a904-58df-a7a6-9543ba8cc3af.mp3"}'::jsonb, '{"value": "gezond", "accepted": ["gezond"]}'::jsonb, 0.35, array['vocab_f1','writing']) on conflict (id) do nothing;
insert into content_items(id,course_id,cefr_level,skill,type,prompt,payload,correct_answer,difficulty,tags) values ('011f0d20-2af4-5039-adf3-52cf4d02bb36', '20000000-0000-0000-0000-000000000006', 'B1', 'writing', 'cloze', 'Completa la frase con la palabra que falta.', '{"text": "Ik voel me erg moe en wil vroeg naar bed.", "audio_url": "https://wiauinufpbkmjlbqlkxo.supabase.co/storage/v1/object/public/audio/items/011f0d20-2af4-5039-adf3-52cf4d02bb36.mp3"}'::jsonb, '{"value": "moe", "accepted": ["moe"]}'::jsonb, 0.35, array['vocab_f1','writing']) on conflict (id) do nothing;
insert into content_items(id,course_id,cefr_level,skill,type,prompt,payload,correct_answer,difficulty,tags) values ('fdf26e37-f990-5704-b0fb-70c10ccea1b2', '20000000-0000-0000-0000-000000000006', 'B1', 'writing', 'cloze', 'Completa la frase con la palabra que falta.', '{"text": "Er zat een beetje bloed op het verband.", "audio_url": "https://wiauinufpbkmjlbqlkxo.supabase.co/storage/v1/object/public/audio/items/fdf26e37-f990-5704-b0fb-70c10ccea1b2.mp3"}'::jsonb, '{"value": "bloed", "accepted": ["bloed"]}'::jsonb, 0.35, array['vocab_f1','writing']) on conflict (id) do nothing;
insert into content_items(id,course_id,cefr_level,skill,type,prompt,payload,correct_answer,difficulty,tags) values ('f7383bad-20f7-5ba3-ad1b-3b71cb50208a', '20000000-0000-0000-0000-000000000006', 'B1', 'writing', 'cloze', 'Completa la frase con la palabra que falta.', '{"text": "Zijn neus begon plotseling te bloeden.", "audio_url": "https://wiauinufpbkmjlbqlkxo.supabase.co/storage/v1/object/public/audio/items/f7383bad-20f7-5ba3-ad1b-3b71cb50208a.mp3"}'::jsonb, '{"value": "bloeden", "accepted": ["bloeden"]}'::jsonb, 0.35, array['vocab_f1','writing']) on conflict (id) do nothing;
insert into content_items(id,course_id,cefr_level,skill,type,prompt,payload,correct_answer,difficulty,tags) values ('88aa11db-8a1d-5779-a1a5-930d71b35ad7', '20000000-0000-0000-0000-000000000006', 'B1', 'writing', 'cloze', 'Completa la frase con la palabra que falta.', '{"text": "Roken is heel slecht voor de long.", "audio_url": "https://wiauinufpbkmjlbqlkxo.supabase.co/storage/v1/object/public/audio/items/88aa11db-8a1d-5779-a1a5-930d71b35ad7.mp3"}'::jsonb, '{"value": "de long", "accepted": ["de long"]}'::jsonb, 0.35, array['vocab_f1','writing']) on conflict (id) do nothing;
insert into content_items(id,course_id,cefr_level,skill,type,prompt,payload,correct_answer,difficulty,tags) values ('98cd3075-7b43-5ce7-82d8-e19c2f295ca2', '20000000-0000-0000-0000-000000000006', 'B1', 'writing', 'cloze', 'Completa la frase con la palabra que falta.', '{"text": "Na het eten heb ik pijn in mijn maag.", "audio_url": "https://wiauinufpbkmjlbqlkxo.supabase.co/storage/v1/object/public/audio/items/98cd3075-7b43-5ce7-82d8-e19c2f295ca2.mp3"}'::jsonb, '{"value": "maag", "accepted": ["maag"]}'::jsonb, 0.35, array['vocab_f1','writing']) on conflict (id) do nothing;
insert into content_items(id,course_id,cefr_level,skill,type,prompt,payload,correct_answer,difficulty,tags) values ('f3168494-7b2d-5fd0-8e74-1f06458be5b3', '20000000-0000-0000-0000-000000000006', 'B1', 'writing', 'cloze', 'Completa la frase con la palabra que falta.', '{"text": "Na het sporten doet elke spier in mijn lichaam pijn.", "audio_url": "https://wiauinufpbkmjlbqlkxo.supabase.co/storage/v1/object/public/audio/items/f3168494-7b2d-5fd0-8e74-1f06458be5b3.mp3"}'::jsonb, '{"value": "spier", "accepted": ["spier"]}'::jsonb, 0.35, array['vocab_f1','writing']) on conflict (id) do nothing;
insert into content_items(id,course_id,cefr_level,skill,type,prompt,payload,correct_answer,difficulty,tags) values ('a25590b9-a738-5362-a146-0145c60c97cc', '20000000-0000-0000-0000-000000000006', 'B1', 'reading', 'match', 'Empareja cada palabra con su traducción.', '{"pairs": [{"en": "de pil", "es": "la pastilla"}, {"en": "gezond", "es": "sano"}, {"en": "moe", "es": "cansado"}, {"en": "het bloed", "es": "la sangre"}, {"en": "bloeden", "es": "sangrar"}]}'::jsonb, '{"pairs": [["de pil", "la pastilla"], ["gezond", "sano"], ["moe", "cansado"], ["het bloed", "la sangre"], ["bloeden", "sangrar"]]}'::jsonb, 0.15, array['vocab_f1','reading']) on conflict (id) do nothing;
insert into content_items(id,course_id,cefr_level,skill,type,prompt,payload,correct_answer,difficulty,tags) values ('c0827e55-9848-53f5-90ec-888ec6cf8644', '20000000-0000-0000-0000-000000000006', 'B1', 'reading', 'match', 'Empareja cada palabra con su traducción.', '{"pairs": [{"en": "de long", "es": "el pulmón"}, {"en": "de maag", "es": "el estómago"}, {"en": "de spier", "es": "el músculo"}]}'::jsonb, '{"pairs": [["de long", "el pulmón"], ["de maag", "el estómago"], ["de spier", "el músculo"]]}'::jsonb, 0.15, array['vocab_f1','reading']) on conflict (id) do nothing;
insert into content_items(id,course_id,cefr_level,skill,type,prompt,payload,correct_answer,difficulty,tags) values ('ee45ac02-a239-57d9-bc62-b42f0701ebb8', '20000000-0000-0000-0000-000000000006', 'B1', 'writing', 'cloze', 'Completa la frase con la palabra que falta.', '{"text": "Na drie maanden zoeken vond hij eindelijk een goede baan.", "audio_url": "https://wiauinufpbkmjlbqlkxo.supabase.co/storage/v1/object/public/audio/items/ee45ac02-a239-57d9-bc62-b42f0701ebb8.mp3"}'::jsonb, '{"value": "baan", "accepted": ["baan"]}'::jsonb, 0.35, array['vocab_f1','writing']) on conflict (id) do nothing;
insert into content_items(id,course_id,cefr_level,skill,type,prompt,payload,correct_answer,difficulty,tags) values ('95d5ad18-d97f-59cf-b0ef-f71d9c53b3df', '20000000-0000-0000-0000-000000000006', 'B1', 'writing', 'cloze', 'Completa la frase con la palabra que falta.', '{"text": "Zij werkt al vijf jaar bij een groot bedrijf.", "audio_url": "https://wiauinufpbkmjlbqlkxo.supabase.co/storage/v1/object/public/audio/items/95d5ad18-d97f-59cf-b0ef-f71d9c53b3df.mp3"}'::jsonb, '{"value": "bedrijf", "accepted": ["bedrijf"]}'::jsonb, 0.35, array['vocab_f1','writing']) on conflict (id) do nothing;
insert into content_items(id,course_id,cefr_level,skill,type,prompt,payload,correct_answer,difficulty,tags) values ('d74661e8-4966-5a16-8dbd-41b3a02dde77', '20000000-0000-0000-0000-000000000006', 'B1', 'writing', 'cloze', 'Completa la frase con la palabra que falta.', '{"text": "Mijn baas is streng maar wel eerlijk.", "audio_url": "https://wiauinufpbkmjlbqlkxo.supabase.co/storage/v1/object/public/audio/items/d74661e8-4966-5a16-8dbd-41b3a02dde77.mp3"}'::jsonb, '{"value": "baas", "accepted": ["baas"]}'::jsonb, 0.35, array['vocab_f1','writing']) on conflict (id) do nothing;
insert into content_items(id,course_id,cefr_level,skill,type,prompt,payload,correct_answer,difficulty,tags) values ('05fb8b16-056a-5195-aa26-7107b49d8f95', '20000000-0000-0000-0000-000000000006', 'B1', 'writing', 'cloze', 'Completa la frase con la palabra que falta.', '{"text": "Elke maand krijgt zij haar salaris op de bank.", "audio_url": "https://wiauinufpbkmjlbqlkxo.supabase.co/storage/v1/object/public/audio/items/05fb8b16-056a-5195-aa26-7107b49d8f95.mp3"}'::jsonb, '{"value": "salaris", "accepted": ["salaris"]}'::jsonb, 0.35, array['vocab_f1','writing']) on conflict (id) do nothing;
insert into content_items(id,course_id,cefr_level,skill,type,prompt,payload,correct_answer,difficulty,tags) values ('44e042d1-2252-5fe5-b385-7076b722dd86', '20000000-0000-0000-0000-000000000006', 'B1', 'writing', 'cloze', 'Completa la frase con la palabra que falta.', '{"text": "De arbeiders vragen om een hoger loon.", "audio_url": "https://wiauinufpbkmjlbqlkxo.supabase.co/storage/v1/object/public/audio/items/44e042d1-2252-5fe5-b385-7076b722dd86.mp3"}'::jsonb, '{"value": "loon", "accepted": ["loon"]}'::jsonb, 0.35, array['vocab_f1','writing']) on conflict (id) do nothing;
insert into content_items(id,course_id,cefr_level,skill,type,prompt,payload,correct_answer,difficulty,tags) values ('7a6e833f-c218-54d0-b4b3-2d59051bc6ac', '20000000-0000-0000-0000-000000000006', 'B1', 'writing', 'cloze', 'Completa la frase con la palabra que falta.', '{"text": "Ik ga elke ochtend met de fiets naar kantoor.", "audio_url": "https://wiauinufpbkmjlbqlkxo.supabase.co/storage/v1/object/public/audio/items/7a6e833f-c218-54d0-b4b3-2d59051bc6ac.mp3"}'::jsonb, '{"value": "kantoor", "accepted": ["kantoor"]}'::jsonb, 0.35, array['vocab_f1','writing']) on conflict (id) do nothing;
insert into content_items(id,course_id,cefr_level,skill,type,prompt,payload,correct_answer,difficulty,tags) values ('24704616-a8da-5db3-b9d5-241bf5415494', '20000000-0000-0000-0000-000000000006', 'B1', 'writing', 'cloze', 'Completa la frase con la palabra que falta.', '{"text": "Mijn werkgever betaalt ook mijn reiskosten.", "audio_url": "https://wiauinufpbkmjlbqlkxo.supabase.co/storage/v1/object/public/audio/items/24704616-a8da-5db3-b9d5-241bf5415494.mp3"}'::jsonb, '{"value": "werkgever", "accepted": ["werkgever"]}'::jsonb, 0.35, array['vocab_f1','writing']) on conflict (id) do nothing;
insert into content_items(id,course_id,cefr_level,skill,type,prompt,payload,correct_answer,difficulty,tags) values ('7ca915a4-e078-5507-b9c8-eb7d287bf679', '20000000-0000-0000-0000-000000000006', 'B1', 'writing', 'cloze', 'Completa la frase con la palabra que falta.', '{"text": "Ik wil graag solliciteren naar deze functie.", "audio_url": "https://wiauinufpbkmjlbqlkxo.supabase.co/storage/v1/object/public/audio/items/7ca915a4-e078-5507-b9c8-eb7d287bf679.mp3"}'::jsonb, '{"value": "solliciteren", "accepted": ["solliciteren"]}'::jsonb, 0.35, array['vocab_f1','writing']) on conflict (id) do nothing;
insert into content_items(id,course_id,cefr_level,skill,type,prompt,payload,correct_answer,difficulty,tags) values ('b3dfaf01-3f73-5bd8-b7d7-4d59212f6ae7', '20000000-0000-0000-0000-000000000006', 'B1', 'reading', 'match', 'Empareja cada palabra con su traducción.', '{"pairs": [{"en": "de baan", "es": "el empleo"}, {"en": "het bedrijf", "es": "la empresa"}, {"en": "de baas", "es": "el jefe"}, {"en": "het salaris", "es": "el sueldo"}, {"en": "het loon", "es": "el salario"}]}'::jsonb, '{"pairs": [["de baan", "el empleo"], ["het bedrijf", "la empresa"], ["de baas", "el jefe"], ["het salaris", "el sueldo"], ["het loon", "el salario"]]}'::jsonb, 0.15, array['vocab_f1','reading']) on conflict (id) do nothing;
insert into content_items(id,course_id,cefr_level,skill,type,prompt,payload,correct_answer,difficulty,tags) values ('d7d35496-8970-5799-8e4d-f72700566ffa', '20000000-0000-0000-0000-000000000006', 'B1', 'reading', 'match', 'Empareja cada palabra con su traducción.', '{"pairs": [{"en": "het kantoor", "es": "la oficina"}, {"en": "de werknemer", "es": "el empleado"}, {"en": "de werkgever", "es": "el empleador"}, {"en": "solliciteren", "es": "postularse (a un empleo)"}]}'::jsonb, '{"pairs": [["het kantoor", "la oficina"], ["de werknemer", "el empleado"], ["de werkgever", "el empleador"], ["solliciteren", "postularse (a un empleo)"]]}'::jsonb, 0.15, array['vocab_f1','reading']) on conflict (id) do nothing;
insert into content_items(id,course_id,cefr_level,skill,type,prompt,payload,correct_answer,difficulty,tags) values ('31c81bae-e1b8-5d01-8795-fdf7dac55fb6', '20000000-0000-0000-0000-000000000006', 'B1', 'writing', 'cloze', 'Completa la frase con la palabra que falta.', '{"text": "Na een goede sollicitatie werd zij uitgenodigd voor een gesprek.", "audio_url": "https://wiauinufpbkmjlbqlkxo.supabase.co/storage/v1/object/public/audio/items/31c81bae-e1b8-5d01-8795-fdf7dac55fb6.mp3"}'::jsonb, '{"value": "sollicitatie", "accepted": ["sollicitatie"]}'::jsonb, 0.35, array['vocab_f1','writing']) on conflict (id) do nothing;
insert into content_items(id,course_id,cefr_level,skill,type,prompt,payload,correct_answer,difficulty,tags) values ('4f11c1b3-4aa4-59bd-a0c1-295346d3f5b7', '20000000-0000-0000-0000-000000000006', 'B1', 'writing', 'cloze', 'Completa la frase con la palabra que falta.', '{"text": "Het bedrijf moest tien mensen ontslaan wegens de crisis.", "audio_url": "https://wiauinufpbkmjlbqlkxo.supabase.co/storage/v1/object/public/audio/items/4f11c1b3-4aa4-59bd-a0c1-295346d3f5b7.mp3"}'::jsonb, '{"value": "ontslaan", "accepted": ["ontslaan"]}'::jsonb, 0.35, array['vocab_f1','writing']) on conflict (id) do nothing;
insert into content_items(id,course_id,cefr_level,skill,type,prompt,payload,correct_answer,difficulty,tags) values ('55ffc625-1e43-5f86-a5fd-d18c41ca8dfc', '20000000-0000-0000-0000-000000000006', 'B1', 'writing', 'cloze', 'Completa la frase con la palabra que falta.', '{"text": "Hoeveel geld kun je in deze baan verdienen?", "audio_url": "https://wiauinufpbkmjlbqlkxo.supabase.co/storage/v1/object/public/audio/items/55ffc625-1e43-5f86-a5fd-d18c41ca8dfc.mp3"}'::jsonb, '{"value": "verdienen", "accepted": ["verdienen"]}'::jsonb, 0.35, array['vocab_f1','writing']) on conflict (id) do nothing;
insert into content_items(id,course_id,cefr_level,skill,type,prompt,payload,correct_answer,difficulty,tags) values ('bac51c00-8d39-5dcc-a2e0-5a62847ac8a4', '20000000-0000-0000-0000-000000000006', 'B1', 'writing', 'cloze', 'Completa la frase con la palabra que falta.', '{"text": "Sinds de fabriek sloot, is hij werkloos.", "audio_url": "https://wiauinufpbkmjlbqlkxo.supabase.co/storage/v1/object/public/audio/items/bac51c00-8d39-5dcc-a2e0-5a62847ac8a4.mp3"}'::jsonb, '{"value": "werkloos", "accepted": ["werkloos"]}'::jsonb, 0.35, array['vocab_f1','writing']) on conflict (id) do nothing;
insert into content_items(id,course_id,cefr_level,skill,type,prompt,payload,correct_answer,difficulty,tags) values ('21aca4a9-2729-578e-a826-124aa804256d', '20000000-0000-0000-0000-000000000006', 'B1', 'writing', 'cloze', 'Completa la frase con la palabra que falta.', '{"text": "De werkloosheid in de stad is dit jaar gestegen.", "audio_url": "https://wiauinufpbkmjlbqlkxo.supabase.co/storage/v1/object/public/audio/items/21aca4a9-2729-578e-a826-124aa804256d.mp3"}'::jsonb, '{"value": "werkloosheid", "accepted": ["werkloosheid"]}'::jsonb, 0.35, array['vocab_f1','writing']) on conflict (id) do nothing;
insert into content_items(id,course_id,cefr_level,skill,type,prompt,payload,correct_answer,difficulty,tags) values ('b11876f6-fc76-5505-a909-c8370734624f', '20000000-0000-0000-0000-000000000006', 'B1', 'writing', 'cloze', 'Completa la frase con la palabra que falta.', '{"text": "Het hele personeel kreeg een bonus aan het einde van het jaar.", "audio_url": "https://wiauinufpbkmjlbqlkxo.supabase.co/storage/v1/object/public/audio/items/b11876f6-fc76-5505-a909-c8370734624f.mp3"}'::jsonb, '{"value": "personeel", "accepted": ["personeel"]}'::jsonb, 0.35, array['vocab_f1','writing']) on conflict (id) do nothing;
insert into content_items(id,course_id,cefr_level,skill,type,prompt,payload,correct_answer,difficulty,tags) values ('b5a37eab-036d-5673-87e0-1bfa5c35a0b7', '20000000-0000-0000-0000-000000000006', 'B1', 'writing', 'cloze', 'Completa la frase con la palabra que falta.', '{"text": "Zij werkt op de afdeling verkoop.", "audio_url": "https://wiauinufpbkmjlbqlkxo.supabase.co/storage/v1/object/public/audio/items/b5a37eab-036d-5673-87e0-1bfa5c35a0b7.mp3"}'::jsonb, '{"value": "de afdeling", "accepted": ["de afdeling"]}'::jsonb, 0.35, array['vocab_f1','writing']) on conflict (id) do nothing;
insert into content_items(id,course_id,cefr_level,skill,type,prompt,payload,correct_answer,difficulty,tags) values ('9796ab34-d175-5f27-9a58-ffdc8311d6bd', '20000000-0000-0000-0000-000000000006', 'B1', 'writing', 'cloze', 'Completa la frase con la palabra que falta.', '{"text": "Hij kreeg een nieuwe functie met meer verantwoordelijkheid.", "audio_url": "https://wiauinufpbkmjlbqlkxo.supabase.co/storage/v1/object/public/audio/items/9796ab34-d175-5f27-9a58-ffdc8311d6bd.mp3"}'::jsonb, '{"value": "functie", "accepted": ["functie"]}'::jsonb, 0.35, array['vocab_f1','writing']) on conflict (id) do nothing;
insert into content_items(id,course_id,cefr_level,skill,type,prompt,payload,correct_answer,difficulty,tags) values ('01fa4e4d-3f52-5cfb-acdc-1749a31fa757', '20000000-0000-0000-0000-000000000006', 'B1', 'writing', 'cloze', 'Completa la frase con la palabra que falta.', '{"text": "Mijn werkplek ligt vlak bij het station.", "audio_url": "https://wiauinufpbkmjlbqlkxo.supabase.co/storage/v1/object/public/audio/items/01fa4e4d-3f52-5cfb-acdc-1749a31fa757.mp3"}'::jsonb, '{"value": "werkplek", "accepted": ["werkplek"]}'::jsonb, 0.35, array['vocab_f1','writing']) on conflict (id) do nothing;
insert into content_items(id,course_id,cefr_level,skill,type,prompt,payload,correct_answer,difficulty,tags) values ('a183c365-b796-5f34-bec5-82b922073157', '20000000-0000-0000-0000-000000000006', 'B1', 'reading', 'match', 'Empareja cada palabra con su traducción.', '{"pairs": [{"en": "de sollicitatie", "es": "la solicitud de empleo"}, {"en": "ontslaan", "es": "despedir"}, {"en": "verdienen", "es": "ganar (dinero)"}, {"en": "werkloos", "es": "desempleado"}, {"en": "de werkloosheid", "es": "el desempleo"}]}'::jsonb, '{"pairs": [["de sollicitatie", "la solicitud de empleo"], ["ontslaan", "despedir"], ["verdienen", "ganar (dinero)"], ["werkloos", "desempleado"], ["de werkloosheid", "el desempleo"]]}'::jsonb, 0.15, array['vocab_f1','reading']) on conflict (id) do nothing;
insert into content_items(id,course_id,cefr_level,skill,type,prompt,payload,correct_answer,difficulty,tags) values ('220396f5-bc96-510c-8b9e-cf4c41a11708', '20000000-0000-0000-0000-000000000006', 'B1', 'reading', 'match', 'Empareja cada palabra con su traducción.', '{"pairs": [{"en": "het personeel", "es": "el personal"}, {"en": "de afdeling", "es": "el departamento"}, {"en": "de functie", "es": "el puesto (cargo)"}, {"en": "de werkplek", "es": "el lugar de trabajo"}]}'::jsonb, '{"pairs": [["het personeel", "el personal"], ["de afdeling", "el departamento"], ["de functie", "el puesto (cargo)"], ["de werkplek", "el lugar de trabajo"]]}'::jsonb, 0.15, array['vocab_f1','reading']) on conflict (id) do nothing;
insert into content_items(id,course_id,cefr_level,skill,type,prompt,payload,correct_answer,difficulty,tags) values ('8c0db6d7-e170-5598-831e-bcab11b1e5f6', '20000000-0000-0000-0000-000000000006', 'B1', 'writing', 'cloze', 'Completa la frase con la palabra que falta.', '{"text": "Deze taak moet vandaag nog af zijn.", "audio_url": "https://wiauinufpbkmjlbqlkxo.supabase.co/storage/v1/object/public/audio/items/8c0db6d7-e170-5598-831e-bcab11b1e5f6.mp3"}'::jsonb, '{"value": "taak", "accepted": ["taak"]}'::jsonb, 0.35, array['vocab_f1','writing']) on conflict (id) do nothing;
insert into content_items(id,course_id,cefr_level,skill,type,prompt,payload,correct_answer,difficulty,tags) values ('7fc8c3f0-f98c-568c-bc6b-02f493694d00', '20000000-0000-0000-0000-000000000006', 'B1', 'writing', 'cloze', 'Completa la frase con la palabra que falta.', '{"text": "De baas gaf mij een moeilijke opdracht.", "audio_url": "https://wiauinufpbkmjlbqlkxo.supabase.co/storage/v1/object/public/audio/items/7fc8c3f0-f98c-568c-bc6b-02f493694d00.mp3"}'::jsonb, '{"value": "opdracht", "accepted": ["opdracht"]}'::jsonb, 0.35, array['vocab_f1','writing']) on conflict (id) do nothing;
insert into content_items(id,course_id,cefr_level,skill,type,prompt,payload,correct_answer,difficulty,tags) values ('97a6e5bf-5d41-5618-9427-1435bd23ff0e', '20000000-0000-0000-0000-000000000006', 'B1', 'writing', 'cloze', 'Completa la frase con la palabra que falta.', '{"text": "Wat voor beroep oefen jij uit?", "audio_url": "https://wiauinufpbkmjlbqlkxo.supabase.co/storage/v1/object/public/audio/items/97a6e5bf-5d41-5618-9427-1435bd23ff0e.mp3"}'::jsonb, '{"value": "beroep", "accepted": ["beroep"]}'::jsonb, 0.35, array['vocab_f1','writing']) on conflict (id) do nothing;
insert into content_items(id,course_id,cefr_level,skill,type,prompt,payload,correct_answer,difficulty,tags) values ('cbdde3f7-3c99-56cc-954c-bd1555c0dbbf', '20000000-0000-0000-0000-000000000006', 'B1', 'writing', 'cloze', 'Completa la frase con la palabra que falta.', '{"text": "Er is een vacature voor een verpleegkundige in het ziekenhuis.", "audio_url": "https://wiauinufpbkmjlbqlkxo.supabase.co/storage/v1/object/public/audio/items/cbdde3f7-3c99-56cc-954c-bd1555c0dbbf.mp3"}'::jsonb, '{"value": "vacature", "accepted": ["vacature"]}'::jsonb, 0.35, array['vocab_f1','writing']) on conflict (id) do nothing;
insert into content_items(id,course_id,cefr_level,skill,type,prompt,payload,correct_answer,difficulty,tags) values ('554a1ff4-f240-5e11-8f14-4eddd215ff70', '20000000-0000-0000-0000-000000000006', 'B1', 'writing', 'cloze', 'Completa la frase con la palabra que falta.', '{"text": "Voor het overwerk krijgt zij extra betaald.", "audio_url": "https://wiauinufpbkmjlbqlkxo.supabase.co/storage/v1/object/public/audio/items/554a1ff4-f240-5e11-8f14-4eddd215ff70.mp3"}'::jsonb, '{"value": "het overwerk", "accepted": ["het overwerk"]}'::jsonb, 0.35, array['vocab_f1','writing']) on conflict (id) do nothing;
insert into content_items(id,course_id,cefr_level,skill,type,prompt,payload,correct_answer,difficulty,tags) values ('03ebc740-d8db-5a6a-b2aa-1c97064611a0', '20000000-0000-0000-0000-000000000006', 'B1', 'writing', 'cloze', 'Completa la frase con la palabra que falta.', '{"text": "Voor deze baan heb je minstens twee jaar werkervaring nodig.", "audio_url": "https://wiauinufpbkmjlbqlkxo.supabase.co/storage/v1/object/public/audio/items/03ebc740-d8db-5a6a-b2aa-1c97064611a0.mp3"}'::jsonb, '{"value": "werkervaring", "accepted": ["werkervaring"]}'::jsonb, 0.35, array['vocab_f1','writing']) on conflict (id) do nothing;
insert into content_items(id,course_id,cefr_level,skill,type,prompt,payload,correct_answer,difficulty,tags) values ('b97b8b77-f285-52a5-a5aa-19ab90b29b6e', '20000000-0000-0000-0000-000000000006', 'B1', 'writing', 'cloze', 'Completa la frase con la palabra que falta.', '{"text": "Zijn inkomen is niet genoeg om de huur te betalen.", "audio_url": "https://wiauinufpbkmjlbqlkxo.supabase.co/storage/v1/object/public/audio/items/b97b8b77-f285-52a5-a5aa-19ab90b29b6e.mp3"}'::jsonb, '{"value": "inkomen", "accepted": ["inkomen"]}'::jsonb, 0.35, array['vocab_f1','writing']) on conflict (id) do nothing;
insert into content_items(id,course_id,cefr_level,skill,type,prompt,payload,correct_answer,difficulty,tags) values ('889deed9-58d6-5ec0-a526-0c4b1e5b0438', '20000000-0000-0000-0000-000000000006', 'B1', 'writing', 'cloze', 'Completa la frase con la palabra que falta.', '{"text": "Het bedrijf maakte dit jaar veel winst.", "audio_url": "https://wiauinufpbkmjlbqlkxo.supabase.co/storage/v1/object/public/audio/items/889deed9-58d6-5ec0-a526-0c4b1e5b0438.mp3"}'::jsonb, '{"value": "winst", "accepted": ["winst"]}'::jsonb, 0.35, array['vocab_f1','writing']) on conflict (id) do nothing;
insert into content_items(id,course_id,cefr_level,skill,type,prompt,payload,correct_answer,difficulty,tags) values ('73b0b539-6d4f-520e-8f86-9a78915ed9cc', '20000000-0000-0000-0000-000000000006', 'B1', 'reading', 'match', 'Empareja cada palabra con su traducción.', '{"pairs": [{"en": "de taak", "es": "la tarea"}, {"en": "de opdracht", "es": "el encargo"}, {"en": "het beroep", "es": "la profesión"}, {"en": "de vacature", "es": "la vacante"}, {"en": "het overwerk", "es": "las horas extra"}]}'::jsonb, '{"pairs": [["de taak", "la tarea"], ["de opdracht", "el encargo"], ["het beroep", "la profesión"], ["de vacature", "la vacante"], ["het overwerk", "las horas extra"]]}'::jsonb, 0.15, array['vocab_f1','reading']) on conflict (id) do nothing;
insert into content_items(id,course_id,cefr_level,skill,type,prompt,payload,correct_answer,difficulty,tags) values ('06049b60-3e1c-5a4f-9792-f195d7564cc8', '20000000-0000-0000-0000-000000000006', 'B1', 'reading', 'match', 'Empareja cada palabra con su traducción.', '{"pairs": [{"en": "de werkervaring", "es": "la experiencia laboral"}, {"en": "het inkomen", "es": "el ingreso"}, {"en": "de winst", "es": "la ganancia"}]}'::jsonb, '{"pairs": [["de werkervaring", "la experiencia laboral"], ["het inkomen", "el ingreso"], ["de winst", "la ganancia"]]}'::jsonb, 0.15, array['vocab_f1','reading']) on conflict (id) do nothing;
insert into content_items(id,course_id,cefr_level,skill,type,prompt,payload,correct_answer,difficulty,tags) values ('6f354641-2d8c-5c42-beb7-65a608c3d717', '20000000-0000-0000-0000-000000000006', 'B1', 'writing', 'cloze', 'Completa la frase con la palabra que falta.', '{"text": "De boom in onze tuin is heel oud en groot.", "audio_url": "https://wiauinufpbkmjlbqlkxo.supabase.co/storage/v1/object/public/audio/items/6f354641-2d8c-5c42-beb7-65a608c3d717.mp3"}'::jsonb, '{"value": "boom", "accepted": ["boom"]}'::jsonb, 0.35, array['vocab_f1','writing']) on conflict (id) do nothing;
insert into content_items(id,course_id,cefr_level,skill,type,prompt,payload,correct_answer,difficulty,tags) values ('edb42246-08cb-594d-a659-629bbadf0e31', '20000000-0000-0000-0000-000000000006', 'B1', 'writing', 'cloze', 'Completa la frase con la palabra que falta.', '{"text": "Er valt een geel blad van de tak.", "audio_url": "https://wiauinufpbkmjlbqlkxo.supabase.co/storage/v1/object/public/audio/items/edb42246-08cb-594d-a659-629bbadf0e31.mp3"}'::jsonb, '{"value": "blad", "accepted": ["blad"]}'::jsonb, 0.35, array['vocab_f1','writing']) on conflict (id) do nothing;
insert into content_items(id,course_id,cefr_level,skill,type,prompt,payload,correct_answer,difficulty,tags) values ('aef2b480-47e9-5f01-8f44-91cff007a9ab', '20000000-0000-0000-0000-000000000006', 'B1', 'writing', 'cloze', 'Completa la frase con la palabra que falta.', '{"text": "We maken een lange wandeling door het bos.", "audio_url": "https://wiauinufpbkmjlbqlkxo.supabase.co/storage/v1/object/public/audio/items/aef2b480-47e9-5f01-8f44-91cff007a9ab.mp3"}'::jsonb, '{"value": "het bos", "accepted": ["het bos"]}'::jsonb, 0.35, array['vocab_f1','writing']) on conflict (id) do nothing;
insert into content_items(id,course_id,cefr_level,skill,type,prompt,payload,correct_answer,difficulty,tags) values ('e852b5c2-097e-5f69-b4d7-4d29526e7b50', '20000000-0000-0000-0000-000000000006', 'B1', 'writing', 'cloze', 'Completa la frase con la palabra que falta.', '{"text": "In de zomer liggen we graag op het strand.", "audio_url": "https://wiauinufpbkmjlbqlkxo.supabase.co/storage/v1/object/public/audio/items/e852b5c2-097e-5f69-b4d7-4d29526e7b50.mp3"}'::jsonb, '{"value": "het strand", "accepted": ["het strand"]}'::jsonb, 0.35, array['vocab_f1','writing']) on conflict (id) do nothing;
insert into content_items(id,course_id,cefr_level,skill,type,prompt,payload,correct_answer,difficulty,tags) values ('7af6975f-5a06-500f-83b9-55dee2915606', '20000000-0000-0000-0000-000000000006', 'B1', 'writing', 'cloze', 'Completa la frase con la palabra que falta.', '{"text": "De rivier stroomt rustig langs het dorp.", "audio_url": "https://wiauinufpbkmjlbqlkxo.supabase.co/storage/v1/object/public/audio/items/7af6975f-5a06-500f-83b9-55dee2915606.mp3"}'::jsonb, '{"value": "rivier", "accepted": ["rivier"]}'::jsonb, 0.35, array['vocab_f1','writing']) on conflict (id) do nothing;
insert into content_items(id,course_id,cefr_level,skill,type,prompt,payload,correct_answer,difficulty,tags) values ('b5462c5b-8d08-53ce-8f8d-c9d7a5aa83b8', '20000000-0000-0000-0000-000000000006', 'B1', 'writing', 'cloze', 'Completa la frase con la palabra que falta.', '{"text": "Door de regen worden alle straten nat.", "audio_url": "https://wiauinufpbkmjlbqlkxo.supabase.co/storage/v1/object/public/audio/items/b5462c5b-8d08-53ce-8f8d-c9d7a5aa83b8.mp3"}'::jsonb, '{"value": "de regen", "accepted": ["de regen"]}'::jsonb, 0.35, array['vocab_f1','writing']) on conflict (id) do nothing;
insert into content_items(id,course_id,cefr_level,skill,type,prompt,payload,correct_answer,difficulty,tags) values ('05c5fde1-d6bf-5812-b486-acd5bc03b132', '20000000-0000-0000-0000-000000000006', 'B1', 'writing', 'cloze', 'Completa la frase con la palabra que falta.', '{"text": "De kinderen spelen buiten in de sneeuw.", "audio_url": "https://wiauinufpbkmjlbqlkxo.supabase.co/storage/v1/object/public/audio/items/05c5fde1-d6bf-5812-b486-acd5bc03b132.mp3"}'::jsonb, '{"value": "de sneeuw", "accepted": ["de sneeuw"]}'::jsonb, 0.35, array['vocab_f1','writing']) on conflict (id) do nothing;
insert into content_items(id,course_id,cefr_level,skill,type,prompt,payload,correct_answer,difficulty,tags) values ('a46b9c00-615b-5bf1-8124-27e5559b0a3b', '20000000-0000-0000-0000-000000000006', 'B1', 'writing', 'cloze', 'Completa la frase con la palabra que falta.', '{"text": "Er drijft een grote donkere wolk voor de zon.", "audio_url": "https://wiauinufpbkmjlbqlkxo.supabase.co/storage/v1/object/public/audio/items/a46b9c00-615b-5bf1-8124-27e5559b0a3b.mp3"}'::jsonb, '{"value": "wolk", "accepted": ["wolk"]}'::jsonb, 0.35, array['vocab_f1','writing']) on conflict (id) do nothing;
insert into content_items(id,course_id,cefr_level,skill,type,prompt,payload,correct_answer,difficulty,tags) values ('01221f60-b35d-53e5-b32f-d3196b89fd52', '20000000-0000-0000-0000-000000000006', 'B1', 'writing', 'cloze', 'Completa la frase con la palabra que falta.', '{"text": "De vogel zingt vroeg in de ochtend.", "audio_url": "https://wiauinufpbkmjlbqlkxo.supabase.co/storage/v1/object/public/audio/items/01221f60-b35d-53e5-b32f-d3196b89fd52.mp3"}'::jsonb, '{"value": "vogel", "accepted": ["vogel"]}'::jsonb, 0.35, array['vocab_f1','writing']) on conflict (id) do nothing;
insert into content_items(id,course_id,cefr_level,skill,type,prompt,payload,correct_answer,difficulty,tags) values ('4b5f13a8-69f3-5f66-b1d4-cf768bad80a8', '20000000-0000-0000-0000-000000000006', 'B1', 'reading', 'match', 'Empareja cada palabra con su traducción.', '{"pairs": [{"en": "de boom", "es": "el árbol"}, {"en": "het blad", "es": "la hoja"}, {"en": "het bos", "es": "el bosque"}, {"en": "het strand", "es": "la playa"}, {"en": "de rivier", "es": "el río"}]}'::jsonb, '{"pairs": [["de boom", "el árbol"], ["het blad", "la hoja"], ["het bos", "el bosque"], ["het strand", "la playa"], ["de rivier", "el río"]]}'::jsonb, 0.15, array['vocab_f1','reading']) on conflict (id) do nothing;
insert into content_items(id,course_id,cefr_level,skill,type,prompt,payload,correct_answer,difficulty,tags) values ('218ee816-4f08-53dc-a8af-cae1093b44f0', '20000000-0000-0000-0000-000000000006', 'B1', 'reading', 'match', 'Empareja cada palabra con su traducción.', '{"pairs": [{"en": "de regen", "es": "la lluvia"}, {"en": "de sneeuw", "es": "la nieve"}, {"en": "de wolk", "es": "la nube"}, {"en": "de vogel", "es": "el pájaro"}]}'::jsonb, '{"pairs": [["de regen", "la lluvia"], ["de sneeuw", "la nieve"], ["de wolk", "la nube"], ["de vogel", "el pájaro"]]}'::jsonb, 0.15, array['vocab_f1','reading']) on conflict (id) do nothing;
insert into content_items(id,course_id,cefr_level,skill,type,prompt,payload,correct_answer,difficulty,tags) values ('936eb5ae-7bc3-5518-bb2a-f9896dc44b5b', '20000000-0000-0000-0000-000000000006', 'B1', 'writing', 'cloze', 'Completa la frase con la palabra que falta.', '{"text": "Vandaag schijnt de zon de hele dag.", "audio_url": "https://wiauinufpbkmjlbqlkxo.supabase.co/storage/v1/object/public/audio/items/936eb5ae-7bc3-5518-bb2a-f9896dc44b5b.mp3"}'::jsonb, '{"value": "de zon", "accepted": ["de zon"]}'::jsonb, 0.35, array['vocab_f1','writing']) on conflict (id) do nothing;
insert into content_items(id,course_id,cefr_level,skill,type,prompt,payload,correct_answer,difficulty,tags) values ('ee87d083-7c38-5bde-9e30-c0f624c8e64d', '20000000-0000-0000-0000-000000000006', 'B1', 'writing', 'cloze', 'Completa la frase con la palabra que falta.', '{"text": "Een kleine vogel zit op de tak.", "audio_url": "https://wiauinufpbkmjlbqlkxo.supabase.co/storage/v1/object/public/audio/items/ee87d083-7c38-5bde-9e30-c0f624c8e64d.mp3"}'::jsonb, '{"value": "de tak", "accepted": ["de tak"]}'::jsonb, 0.35, array['vocab_f1','writing']) on conflict (id) do nothing;
insert into content_items(id,course_id,cefr_level,skill,type,prompt,payload,correct_answer,difficulty,tags) values ('c8a853d6-287a-5d0f-a066-0740bb70759e', '20000000-0000-0000-0000-000000000006', 'B1', 'writing', 'cloze', 'Completa la frase con la palabra que falta.', '{"text": "Het gras in het park is fris en groen.", "audio_url": "https://wiauinufpbkmjlbqlkxo.supabase.co/storage/v1/object/public/audio/items/c8a853d6-287a-5d0f-a066-0740bb70759e.mp3"}'::jsonb, '{"value": "gras", "accepted": ["gras"]}'::jsonb, 0.35, array['vocab_f1','writing']) on conflict (id) do nothing;
insert into content_items(id,course_id,cefr_level,skill,type,prompt,payload,correct_answer,difficulty,tags) values ('dbebe557-1cc9-5125-be77-ef54b4d32b55', '20000000-0000-0000-0000-000000000006', 'B1', 'writing', 'cloze', 'Completa la frase con la palabra que falta.', '{"text": "Ik geef mijn moeder een mooie rode bloem.", "audio_url": "https://wiauinufpbkmjlbqlkxo.supabase.co/storage/v1/object/public/audio/items/dbebe557-1cc9-5125-be77-ef54b4d32b55.mp3"}'::jsonb, '{"value": "bloem", "accepted": ["bloem"]}'::jsonb, 0.35, array['vocab_f1','writing']) on conflict (id) do nothing;
insert into content_items(id,course_id,cefr_level,skill,type,prompt,payload,correct_answer,difficulty,tags) values ('177daffc-ef09-5956-92da-af71d54a9f5a', '20000000-0000-0000-0000-000000000006', 'B1', 'writing', 'cloze', 'Completa la frase con la palabra que falta.', '{"text": "Een kleurrijke vlinder vliegt tussen de bloemen.", "audio_url": "https://wiauinufpbkmjlbqlkxo.supabase.co/storage/v1/object/public/audio/items/177daffc-ef09-5956-92da-af71d54a9f5a.mp3"}'::jsonb, '{"value": "vlinder", "accepted": ["vlinder"]}'::jsonb, 0.35, array['vocab_f1','writing']) on conflict (id) do nothing;
insert into content_items(id,course_id,cefr_level,skill,type,prompt,payload,correct_answer,difficulty,tags) values ('0f20f674-2f3d-531f-afe5-e45dcb5be556', '20000000-0000-0000-0000-000000000006', 'B1', 'writing', 'cloze', 'Completa la frase con la palabra que falta.', '{"text": "De bij haalt zoete nectar uit de bloem.", "audio_url": "https://wiauinufpbkmjlbqlkxo.supabase.co/storage/v1/object/public/audio/items/0f20f674-2f3d-531f-afe5-e45dcb5be556.mp3"}'::jsonb, '{"value": "bij", "accepted": ["bij"]}'::jsonb, 0.35, array['vocab_f1','writing']) on conflict (id) do nothing;
insert into content_items(id,course_id,cefr_level,skill,type,prompt,payload,correct_answer,difficulty,tags) values ('70b06d8c-7f5b-5c2a-b8c2-3afef3fd586a', '20000000-0000-0000-0000-000000000006', 'B1', 'writing', 'cloze', 'Completa la frase con la palabra que falta.', '{"text": "De kinderen spelen graag in het zand op het strand.", "audio_url": "https://wiauinufpbkmjlbqlkxo.supabase.co/storage/v1/object/public/audio/items/70b06d8c-7f5b-5c2a-b8c2-3afef3fd586a.mp3"}'::jsonb, '{"value": "het zand", "accepted": ["het zand"]}'::jsonb, 0.35, array['vocab_f1','writing']) on conflict (id) do nothing;
insert into content_items(id,course_id,cefr_level,skill,type,prompt,payload,correct_answer,difficulty,tags) values ('9570e905-b609-57ab-a9d2-49eb03cf452a', '20000000-0000-0000-0000-000000000006', 'B1', 'writing', 'cloze', 'Completa la frase con la palabra que falta.', '{"text": "De wind waait hard door de bomen.", "audio_url": "https://wiauinufpbkmjlbqlkxo.supabase.co/storage/v1/object/public/audio/items/9570e905-b609-57ab-a9d2-49eb03cf452a.mp3"}'::jsonb, '{"value": "wind", "accepted": ["wind"]}'::jsonb, 0.35, array['vocab_f1','writing']) on conflict (id) do nothing;
insert into content_items(id,course_id,cefr_level,skill,type,prompt,payload,correct_answer,difficulty,tags) values ('3658a3e0-36d9-5378-a6df-f40ceb0f6f17', '20000000-0000-0000-0000-000000000006', 'B1', 'writing', 'cloze', 'Completa la frase con la palabra que falta.', '{"text": "Tijdens de storm zie je de bliksem aan de hemel.", "audio_url": "https://wiauinufpbkmjlbqlkxo.supabase.co/storage/v1/object/public/audio/items/3658a3e0-36d9-5378-a6df-f40ceb0f6f17.mp3"}'::jsonb, '{"value": "de bliksem", "accepted": ["de bliksem"]}'::jsonb, 0.35, array['vocab_f1','writing']) on conflict (id) do nothing;
insert into content_items(id,course_id,cefr_level,skill,type,prompt,payload,correct_answer,difficulty,tags) values ('31c16b99-bfed-5f86-b2d5-4257e53a8690', '20000000-0000-0000-0000-000000000006', 'B1', 'reading', 'match', 'Empareja cada palabra con su traducción.', '{"pairs": [{"en": "de zon", "es": "el sol"}, {"en": "de tak", "es": "la rama"}, {"en": "het gras", "es": "la hierba"}, {"en": "de bloem", "es": "la flor"}, {"en": "de vlinder", "es": "la mariposa"}]}'::jsonb, '{"pairs": [["de zon", "el sol"], ["de tak", "la rama"], ["het gras", "la hierba"], ["de bloem", "la flor"], ["de vlinder", "la mariposa"]]}'::jsonb, 0.15, array['vocab_f1','reading']) on conflict (id) do nothing;
insert into content_items(id,course_id,cefr_level,skill,type,prompt,payload,correct_answer,difficulty,tags) values ('2f2e6657-1323-5b8e-b754-2b5c5246d9c4', '20000000-0000-0000-0000-000000000006', 'B1', 'reading', 'match', 'Empareja cada palabra con su traducción.', '{"pairs": [{"en": "de bij", "es": "la abeja"}, {"en": "het zand", "es": "la arena"}, {"en": "de wind", "es": "el viento"}, {"en": "de bliksem", "es": "el relámpago"}]}'::jsonb, '{"pairs": [["de bij", "la abeja"], ["het zand", "la arena"], ["de wind", "el viento"], ["de bliksem", "el relámpago"]]}'::jsonb, 0.15, array['vocab_f1','reading']) on conflict (id) do nothing;
insert into content_items(id,course_id,cefr_level,skill,type,prompt,payload,correct_answer,difficulty,tags) values ('4f723f4f-0866-5d3a-a7c1-cc89a6d28828', '20000000-0000-0000-0000-000000000006', 'B1', 'writing', 'cloze', 'Completa la frase con la palabra que falta.', '{"text": "Na de bliksem hoor je meteen de donder.", "audio_url": "https://wiauinufpbkmjlbqlkxo.supabase.co/storage/v1/object/public/audio/items/4f723f4f-0866-5d3a-a7c1-cc89a6d28828.mp3"}'::jsonb, '{"value": "de donder", "accepted": ["de donder"]}'::jsonb, 0.35, array['vocab_f1','writing']) on conflict (id) do nothing;
insert into content_items(id,course_id,cefr_level,skill,type,prompt,payload,correct_answer,difficulty,tags) values ('f22eaf48-6181-5220-8dd6-caf502f80cf9', '20000000-0000-0000-0000-000000000006', 'B1', 'writing', 'cloze', 'Completa la frase con la palabra que falta.', '{"text": "In de ochtend hangt er dichte mist boven het veld.", "audio_url": "https://wiauinufpbkmjlbqlkxo.supabase.co/storage/v1/object/public/audio/items/f22eaf48-6181-5220-8dd6-caf502f80cf9.mp3"}'::jsonb, '{"value": "mist", "accepted": ["mist"]}'::jsonb, 0.35, array['vocab_f1','writing']) on conflict (id) do nothing;
insert into content_items(id,course_id,cefr_level,skill,type,prompt,payload,correct_answer,difficulty,tags) values ('aab71018-aff2-5e41-a4c0-c6dd9ecaccb0', '20000000-0000-0000-0000-000000000006', 'B1', 'writing', 'cloze', 'Completa la frase con la palabra que falta.', '{"text": "Een rode vos loopt snel het bos in.", "audio_url": "https://wiauinufpbkmjlbqlkxo.supabase.co/storage/v1/object/public/audio/items/aab71018-aff2-5e41-a4c0-c6dd9ecaccb0.mp3"}'::jsonb, '{"value": "vos", "accepted": ["vos"]}'::jsonb, 0.35, array['vocab_f1','writing']) on conflict (id) do nothing;
insert into content_items(id,course_id,cefr_level,skill,type,prompt,payload,correct_answer,difficulty,tags) values ('57fdb725-4b39-5fcc-8143-183ee1e44015', '20000000-0000-0000-0000-000000000006', 'B1', 'writing', 'cloze', 'Completa la frase con la palabra que falta.', '{"text": "We klimmen samen naar de top van de berg.", "audio_url": "https://wiauinufpbkmjlbqlkxo.supabase.co/storage/v1/object/public/audio/items/57fdb725-4b39-5fcc-8143-183ee1e44015.mp3"}'::jsonb, '{"value": "de berg", "accepted": ["de berg"]}'::jsonb, 0.35, array['vocab_f1','writing']) on conflict (id) do nothing;
insert into content_items(id,course_id,cefr_level,skill,type,prompt,payload,correct_answer,difficulty,tags) values ('0bd6e565-8b2e-5fa1-97d8-073579be6ce3', '20000000-0000-0000-0000-000000000006', 'B1', 'writing', 'cloze', 'Completa la frase con la palabra que falta.', '{"text": "''s Avonds zie je veel sterren aan de hemel.", "audio_url": "https://wiauinufpbkmjlbqlkxo.supabase.co/storage/v1/object/public/audio/items/0bd6e565-8b2e-5fa1-97d8-073579be6ce3.mp3"}'::jsonb, '{"value": "de hemel", "accepted": ["de hemel"]}'::jsonb, 0.35, array['vocab_f1','writing']) on conflict (id) do nothing;
insert into content_items(id,course_id,cefr_level,skill,type,prompt,payload,correct_answer,difficulty,tags) values ('2e2a7f10-8185-5b66-ba40-ef397ed36b7e', '20000000-0000-0000-0000-000000000006', 'B1', 'writing', 'cloze', 'Completa la frase con la palabra que falta.', '{"text": "Achter het huis hebben we een grote tuin.", "audio_url": "https://wiauinufpbkmjlbqlkxo.supabase.co/storage/v1/object/public/audio/items/2e2a7f10-8185-5b66-ba40-ef397ed36b7e.mp3"}'::jsonb, '{"value": "tuin", "accepted": ["tuin"]}'::jsonb, 0.35, array['vocab_f1','writing']) on conflict (id) do nothing;
insert into content_items(id,course_id,cefr_level,skill,type,prompt,payload,correct_answer,difficulty,tags) values ('be34d44a-cf6e-5409-b515-e33d4252af50', '20000000-0000-0000-0000-000000000006', 'B1', 'writing', 'cloze', 'Completa la frase con la palabra que falta.', '{"text": "Het weer is vandaag warm en zonnig.", "audio_url": "https://wiauinufpbkmjlbqlkxo.supabase.co/storage/v1/object/public/audio/items/be34d44a-cf6e-5409-b515-e33d4252af50.mp3"}'::jsonb, '{"value": "weer", "accepted": ["weer"]}'::jsonb, 0.35, array['vocab_f1','writing']) on conflict (id) do nothing;
insert into content_items(id,course_id,cefr_level,skill,type,prompt,payload,correct_answer,difficulty,tags) values ('6a29829d-13a5-52b8-a57f-d30d2c3b8036', '20000000-0000-0000-0000-000000000006', 'B1', 'reading', 'match', 'Empareja cada palabra con su traducción.', '{"pairs": [{"en": "de donder", "es": "el trueno"}, {"en": "de mist", "es": "la niebla"}, {"en": "de vos", "es": "el zorro"}, {"en": "de berg", "es": "la montaña"}, {"en": "de hemel", "es": "el cielo"}]}'::jsonb, '{"pairs": [["de donder", "el trueno"], ["de mist", "la niebla"], ["de vos", "el zorro"], ["de berg", "la montaña"], ["de hemel", "el cielo"]]}'::jsonb, 0.15, array['vocab_f1','reading']) on conflict (id) do nothing;
insert into content_items(id,course_id,cefr_level,skill,type,prompt,payload,correct_answer,difficulty,tags) values ('38f38799-d395-5ee3-b3b3-adb25f0d5b8a', '20000000-0000-0000-0000-000000000006', 'B1', 'reading', 'match', 'Empareja cada palabra con su traducción.', '{"pairs": [{"en": "de tuin", "es": "el jardín"}, {"en": "het weer", "es": "el clima / el tiempo"}]}'::jsonb, '{"pairs": [["de tuin", "el jardín"], ["het weer", "el clima / el tiempo"]]}'::jsonb, 0.15, array['vocab_f1','reading']) on conflict (id) do nothing;
insert into content_items(id,course_id,cefr_level,skill,type,prompt,payload,correct_answer,difficulty,tags) values ('c20291e9-3d90-578b-8a44-4000c2ea3d88', '20000000-0000-0000-0000-000000000006', 'B1', 'writing', 'cloze', 'Completa la frase con la palabra que falta.', '{"text": "Hij is boos op zijn broer omdat die zijn fiets kapot heeft gemaakt.", "audio_url": "https://wiauinufpbkmjlbqlkxo.supabase.co/storage/v1/object/public/audio/items/c20291e9-3d90-578b-8a44-4000c2ea3d88.mp3"}'::jsonb, '{"value": "boos", "accepted": ["boos"]}'::jsonb, 0.35, array['vocab_f1','writing']) on conflict (id) do nothing;
insert into content_items(id,course_id,cefr_level,skill,type,prompt,payload,correct_answer,difficulty,tags) values ('ffa691ad-0af4-589d-95af-54e96d646b55', '20000000-0000-0000-0000-000000000006', 'B1', 'writing', 'cloze', 'Completa la frase con la palabra que falta.', '{"text": "Ik ben heel blij met mijn nieuwe baan.", "audio_url": "https://wiauinufpbkmjlbqlkxo.supabase.co/storage/v1/object/public/audio/items/ffa691ad-0af4-589d-95af-54e96d646b55.mp3"}'::jsonb, '{"value": "blij", "accepted": ["blij"]}'::jsonb, 0.35, array['vocab_f1','writing']) on conflict (id) do nothing;
insert into content_items(id,course_id,cefr_level,skill,type,prompt,payload,correct_answer,difficulty,tags) values ('3f86838c-360c-5883-9c82-c773467ae033', '20000000-0000-0000-0000-000000000006', 'B1', 'writing', 'cloze', 'Completa la frase con la palabra que falta.', '{"text": "Ze was erg verdrietig toen haar hond stierf.", "audio_url": "https://wiauinufpbkmjlbqlkxo.supabase.co/storage/v1/object/public/audio/items/3f86838c-360c-5883-9c82-c773467ae033.mp3"}'::jsonb, '{"value": "verdrietig", "accepted": ["verdrietig"]}'::jsonb, 0.35, array['vocab_f1','writing']) on conflict (id) do nothing;
insert into content_items(id,course_id,cefr_level,skill,type,prompt,payload,correct_answer,difficulty,tags) values ('ed200b8b-b81b-53ef-9598-b22e411aa376', '20000000-0000-0000-0000-000000000006', 'B1', 'writing', 'cloze', 'Completa la frase con la palabra que falta.', '{"text": "Mijn zusje is jaloers op mijn nieuwe telefoon.", "audio_url": "https://wiauinufpbkmjlbqlkxo.supabase.co/storage/v1/object/public/audio/items/ed200b8b-b81b-53ef-9598-b22e411aa376.mp3"}'::jsonb, '{"value": "jaloers", "accepted": ["jaloers"]}'::jsonb, 0.35, array['vocab_f1','writing']) on conflict (id) do nothing;
insert into content_items(id,course_id,cefr_level,skill,type,prompt,payload,correct_answer,difficulty,tags) values ('4b78a842-b7eb-56b3-830d-f21346035a81', '20000000-0000-0000-0000-000000000006', 'B1', 'writing', 'cloze', 'Completa la frase con la palabra que falta.', '{"text": "Als kind was hij heel verlegen en praatte hij bijna nooit.", "audio_url": "https://wiauinufpbkmjlbqlkxo.supabase.co/storage/v1/object/public/audio/items/4b78a842-b7eb-56b3-830d-f21346035a81.mp3"}'::jsonb, '{"value": "verlegen", "accepted": ["verlegen"]}'::jsonb, 0.35, array['vocab_f1','writing']) on conflict (id) do nothing;
insert into content_items(id,course_id,cefr_level,skill,type,prompt,payload,correct_answer,difficulty,tags) values ('727a64e8-399e-5e6c-84d2-5f3326ca7b3d', '20000000-0000-0000-0000-000000000006', 'B1', 'writing', 'cloze', 'Completa la frase con la palabra que falta.', '{"text": "Wij waren teleurgesteld door het slechte resultaat.", "audio_url": "https://wiauinufpbkmjlbqlkxo.supabase.co/storage/v1/object/public/audio/items/727a64e8-399e-5e6c-84d2-5f3326ca7b3d.mp3"}'::jsonb, '{"value": "teleurgesteld", "accepted": ["teleurgesteld"]}'::jsonb, 0.35, array['vocab_f1','writing']) on conflict (id) do nothing;
insert into content_items(id,course_id,cefr_level,skill,type,prompt,payload,correct_answer,difficulty,tags) values ('8352174d-dbe0-5445-8a44-0b2742fcdbc3', '20000000-0000-0000-0000-000000000006', 'B1', 'writing', 'cloze', 'Completa la frase con la palabra que falta.', '{"text": "De ouders zijn trots op hun dochter.", "audio_url": "https://wiauinufpbkmjlbqlkxo.supabase.co/storage/v1/object/public/audio/items/8352174d-dbe0-5445-8a44-0b2742fcdbc3.mp3"}'::jsonb, '{"value": "trots", "accepted": ["trots"]}'::jsonb, 0.35, array['vocab_f1','writing']) on conflict (id) do nothing;
insert into content_items(id,course_id,cefr_level,skill,type,prompt,payload,correct_answer,difficulty,tags) values ('6a0a3482-8516-547f-8bf0-e5379d7e92d9', '20000000-0000-0000-0000-000000000006', 'B1', 'writing', 'cloze', 'Completa la frase con la palabra que falta.', '{"text": "Ik was verbaasd toen ik het goede nieuws hoorde.", "audio_url": "https://wiauinufpbkmjlbqlkxo.supabase.co/storage/v1/object/public/audio/items/6a0a3482-8516-547f-8bf0-e5379d7e92d9.mp3"}'::jsonb, '{"value": "verbaasd", "accepted": ["verbaasd"]}'::jsonb, 0.35, array['vocab_f1','writing']) on conflict (id) do nothing;
insert into content_items(id,course_id,cefr_level,skill,type,prompt,payload,correct_answer,difficulty,tags) values ('3d42aef8-accb-5264-af01-ba0e6075e445', '20000000-0000-0000-0000-000000000006', 'B1', 'writing', 'cloze', 'Completa la frase con la palabra que falta.', '{"text": "Na het examen voelde zij zich erg opgelucht.", "audio_url": "https://wiauinufpbkmjlbqlkxo.supabase.co/storage/v1/object/public/audio/items/3d42aef8-accb-5264-af01-ba0e6075e445.mp3"}'::jsonb, '{"value": "opgelucht", "accepted": ["opgelucht"]}'::jsonb, 0.35, array['vocab_f1','writing']) on conflict (id) do nothing;
insert into content_items(id,course_id,cefr_level,skill,type,prompt,payload,correct_answer,difficulty,tags) values ('4d78082b-7011-58c4-b69f-5f6728b37750', '20000000-0000-0000-0000-000000000006', 'B1', 'reading', 'match', 'Empareja cada palabra con su traducción.', '{"pairs": [{"en": "boos", "es": "enfadado"}, {"en": "blij", "es": "contento"}, {"en": "verdrietig", "es": "triste"}, {"en": "jaloers", "es": "celoso"}, {"en": "verlegen", "es": "tímido"}]}'::jsonb, '{"pairs": [["boos", "enfadado"], ["blij", "contento"], ["verdrietig", "triste"], ["jaloers", "celoso"], ["verlegen", "tímido"]]}'::jsonb, 0.15, array['vocab_f1','reading']) on conflict (id) do nothing;
insert into content_items(id,course_id,cefr_level,skill,type,prompt,payload,correct_answer,difficulty,tags) values ('8a33e70a-b4f0-514f-9d34-8a3e7a1ebbdf', '20000000-0000-0000-0000-000000000006', 'B1', 'reading', 'match', 'Empareja cada palabra con su traducción.', '{"pairs": [{"en": "teleurgesteld", "es": "decepcionado"}, {"en": "trots", "es": "orgulloso"}, {"en": "verbaasd", "es": "sorprendido"}, {"en": "opgelucht", "es": "aliviado"}]}'::jsonb, '{"pairs": [["teleurgesteld", "decepcionado"], ["trots", "orgulloso"], ["verbaasd", "sorprendido"], ["opgelucht", "aliviado"]]}'::jsonb, 0.15, array['vocab_f1','reading']) on conflict (id) do nothing;
insert into content_items(id,course_id,cefr_level,skill,type,prompt,payload,correct_answer,difficulty,tags) values ('9db05689-b0be-5043-bb3e-6e782bb8901e', '20000000-0000-0000-0000-000000000006', 'B1', 'writing', 'cloze', 'Completa la frase con la palabra que falta.', '{"text": "Voor het gesprek was hij zo zenuwachtig dat hij niet kon eten.", "audio_url": "https://wiauinufpbkmjlbqlkxo.supabase.co/storage/v1/object/public/audio/items/9db05689-b0be-5043-bb3e-6e782bb8901e.mp3"}'::jsonb, '{"value": "zenuwachtig", "accepted": ["zenuwachtig"]}'::jsonb, 0.35, array['vocab_f1','writing']) on conflict (id) do nothing;
insert into content_items(id,course_id,cefr_level,skill,type,prompt,payload,correct_answer,difficulty,tags) values ('eac8d243-9d70-56a7-bd89-861b21697cc1', '20000000-0000-0000-0000-000000000006', 'B1', 'writing', 'cloze', 'Completa la frase con la palabra que falta.', '{"text": "Ze voelde zich beledigd door zijn onaardige opmerking.", "audio_url": "https://wiauinufpbkmjlbqlkxo.supabase.co/storage/v1/object/public/audio/items/eac8d243-9d70-56a7-bd89-861b21697cc1.mp3"}'::jsonb, '{"value": "beledigd", "accepted": ["beledigd"]}'::jsonb, 0.35, array['vocab_f1','writing']) on conflict (id) do nothing;
insert into content_items(id,course_id,cefr_level,skill,type,prompt,payload,correct_answer,difficulty,tags) values ('a6676ce8-574e-5939-8b55-2a7dbae123b9', '20000000-0000-0000-0000-000000000006', 'B1', 'writing', 'cloze', 'Completa la frase con la palabra que falta.', '{"text": "Hij raakte geïrriteerd door al het lawaai in de kamer.", "audio_url": "https://wiauinufpbkmjlbqlkxo.supabase.co/storage/v1/object/public/audio/items/a6676ce8-574e-5939-8b55-2a7dbae123b9.mp3"}'::jsonb, '{"value": "geïrriteerd", "accepted": ["geïrriteerd"]}'::jsonb, 0.35, array['vocab_f1','writing']) on conflict (id) do nothing;
insert into content_items(id,course_id,cefr_level,skill,type,prompt,payload,correct_answer,difficulty,tags) values ('eeae41ed-c155-5f15-9347-ad4ddfafadbf', '20000000-0000-0000-0000-000000000006', 'B1', 'writing', 'cloze', 'Completa la frase con la palabra que falta.', '{"text": "De moeder was bezorgd omdat haar kind nog niet thuis was.", "audio_url": "https://wiauinufpbkmjlbqlkxo.supabase.co/storage/v1/object/public/audio/items/eeae41ed-c155-5f15-9347-ad4ddfafadbf.mp3"}'::jsonb, '{"value": "bezorgd", "accepted": ["bezorgd"]}'::jsonb, 0.35, array['vocab_f1','writing']) on conflict (id) do nothing;
insert into content_items(id,course_id,cefr_level,skill,type,prompt,payload,correct_answer,difficulty,tags) values ('3b5f9e89-c714-5b3d-a120-53090bd349d8', '20000000-0000-0000-0000-000000000006', 'B1', 'writing', 'cloze', 'Completa la frase con la palabra que falta.', '{"text": "Sinds hij alleen woont, voelt hij zich vaak eenzaam.", "audio_url": "https://wiauinufpbkmjlbqlkxo.supabase.co/storage/v1/object/public/audio/items/3b5f9e89-c714-5b3d-a120-53090bd349d8.mp3"}'::jsonb, '{"value": "eenzaam", "accepted": ["eenzaam"]}'::jsonb, 0.35, array['vocab_f1','writing']) on conflict (id) do nothing;
insert into content_items(id,course_id,cefr_level,skill,type,prompt,payload,correct_answer,difficulty,tags) values ('bbb7a86a-b495-55d2-a0cd-0b7f501416e8', '20000000-0000-0000-0000-000000000006', 'B1', 'writing', 'cloze', 'Completa la frase con la palabra que falta.', '{"text": "Zij is verliefd op een jongen uit haar klas.", "audio_url": "https://wiauinufpbkmjlbqlkxo.supabase.co/storage/v1/object/public/audio/items/bbb7a86a-b495-55d2-a0cd-0b7f501416e8.mp3"}'::jsonb, '{"value": "verliefd", "accepted": ["verliefd"]}'::jsonb, 0.35, array['vocab_f1','writing']) on conflict (id) do nothing;
insert into content_items(id,course_id,cefr_level,skill,type,prompt,payload,correct_answer,difficulty,tags) values ('42961747-d90a-5425-bad4-29243257d053', '20000000-0000-0000-0000-000000000006', 'B1', 'writing', 'cloze', 'Completa la frase con la palabra que falta.', '{"text": "Hij kon zijn angst voor spinnen niet verbergen.", "audio_url": "https://wiauinufpbkmjlbqlkxo.supabase.co/storage/v1/object/public/audio/items/42961747-d90a-5425-bad4-29243257d053.mp3"}'::jsonb, '{"value": "angst", "accepted": ["angst"]}'::jsonb, 0.35, array['vocab_f1','writing']) on conflict (id) do nothing;
insert into content_items(id,course_id,cefr_level,skill,type,prompt,payload,correct_answer,difficulty,tags) values ('fb820a58-60da-52fa-a510-4e9754f0bd98', '20000000-0000-0000-0000-000000000006', 'B1', 'writing', 'cloze', 'Completa la frase con la palabra que falta.', '{"text": "De vreugde op haar gezicht was duidelijk te zien.", "audio_url": "https://wiauinufpbkmjlbqlkxo.supabase.co/storage/v1/object/public/audio/items/fb820a58-60da-52fa-a510-4e9754f0bd98.mp3"}'::jsonb, '{"value": "vreugde", "accepted": ["vreugde"]}'::jsonb, 0.35, array['vocab_f1','writing']) on conflict (id) do nothing;
insert into content_items(id,course_id,cefr_level,skill,type,prompt,payload,correct_answer,difficulty,tags) values ('a020a490-cda4-56f1-ba41-56c08d21f144', '20000000-0000-0000-0000-000000000006', 'B1', 'writing', 'cloze', 'Completa la frase con la palabra que falta.', '{"text": "Het verdriet na het verlies duurde vele maanden.", "audio_url": "https://wiauinufpbkmjlbqlkxo.supabase.co/storage/v1/object/public/audio/items/a020a490-cda4-56f1-ba41-56c08d21f144.mp3"}'::jsonb, '{"value": "verdriet", "accepted": ["verdriet"]}'::jsonb, 0.35, array['vocab_f1','writing']) on conflict (id) do nothing;
insert into content_items(id,course_id,cefr_level,skill,type,prompt,payload,correct_answer,difficulty,tags) values ('b2781359-939d-5e0a-ba02-cee159cd47dd', '20000000-0000-0000-0000-000000000006', 'B1', 'reading', 'match', 'Empareja cada palabra con su traducción.', '{"pairs": [{"en": "zenuwachtig", "es": "nervioso"}, {"en": "beledigd", "es": "ofendido"}, {"en": "geïrriteerd", "es": "irritado"}, {"en": "bezorgd", "es": "preocupado"}, {"en": "eenzaam", "es": "solitario"}]}'::jsonb, '{"pairs": [["zenuwachtig", "nervioso"], ["beledigd", "ofendido"], ["geïrriteerd", "irritado"], ["bezorgd", "preocupado"], ["eenzaam", "solitario"]]}'::jsonb, 0.15, array['vocab_f1','reading']) on conflict (id) do nothing;
insert into content_items(id,course_id,cefr_level,skill,type,prompt,payload,correct_answer,difficulty,tags) values ('6fed1aff-4f20-5d12-ac61-48256e15be1b', '20000000-0000-0000-0000-000000000006', 'B1', 'reading', 'match', 'Empareja cada palabra con su traducción.', '{"pairs": [{"en": "verliefd", "es": "enamorado"}, {"en": "de angst", "es": "el miedo"}, {"en": "de vreugde", "es": "la alegría"}, {"en": "het verdriet", "es": "la tristeza"}]}'::jsonb, '{"pairs": [["verliefd", "enamorado"], ["de angst", "el miedo"], ["de vreugde", "la alegría"], ["het verdriet", "la tristeza"]]}'::jsonb, 0.15, array['vocab_f1','reading']) on conflict (id) do nothing;
insert into content_items(id,course_id,cefr_level,skill,type,prompt,payload,correct_answer,difficulty,tags) values ('61b606cd-ebfa-5c7d-8f95-56de3888239b', '20000000-0000-0000-0000-000000000006', 'B1', 'writing', 'cloze', 'Completa la frase con la palabra que falta.', '{"text": "Hij kon zijn woede bijna niet meer beheersen.", "audio_url": "https://wiauinufpbkmjlbqlkxo.supabase.co/storage/v1/object/public/audio/items/61b606cd-ebfa-5c7d-8f95-56de3888239b.mp3"}'::jsonb, '{"value": "woede", "accepted": ["woede"]}'::jsonb, 0.35, array['vocab_f1','writing']) on conflict (id) do nothing;
insert into content_items(id,course_id,cefr_level,skill,type,prompt,payload,correct_answer,difficulty,tags) values ('cdb91b34-760e-59af-8d28-5813f262364a', '20000000-0000-0000-0000-000000000006', 'B1', 'writing', 'cloze', 'Completa la frase con la palabra que falta.', '{"text": "Van schaamte werd haar gezicht helemaal rood.", "audio_url": "https://wiauinufpbkmjlbqlkxo.supabase.co/storage/v1/object/public/audio/items/cdb91b34-760e-59af-8d28-5813f262364a.mp3"}'::jsonb, '{"value": "schaamte", "accepted": ["schaamte"]}'::jsonb, 0.35, array['vocab_f1','writing']) on conflict (id) do nothing;
insert into content_items(id,course_id,cefr_level,skill,type,prompt,payload,correct_answer,difficulty,tags) values ('b84ad796-135a-57a7-aa37-e35c5bd01dd3', '20000000-0000-0000-0000-000000000006', 'B1', 'writing', 'cloze', 'Completa la frase con la palabra que falta.', '{"text": "De jaloezie tussen de twee zussen werd steeds groter.", "audio_url": "https://wiauinufpbkmjlbqlkxo.supabase.co/storage/v1/object/public/audio/items/b84ad796-135a-57a7-aa37-e35c5bd01dd3.mp3"}'::jsonb, '{"value": "jaloezie", "accepted": ["jaloezie"]}'::jsonb, 0.35, array['vocab_f1','writing']) on conflict (id) do nothing;
insert into content_items(id,course_id,cefr_level,skill,type,prompt,payload,correct_answer,difficulty,tags) values ('1361228c-0fe6-5ff8-a743-d1b41dd877fe', '20000000-0000-0000-0000-000000000006', 'B1', 'writing', 'cloze', 'Completa la frase con la palabra que falta.', '{"text": "Tot mijn grote teleurstelling ging het feest niet door.", "audio_url": "https://wiauinufpbkmjlbqlkxo.supabase.co/storage/v1/object/public/audio/items/1361228c-0fe6-5ff8-a743-d1b41dd877fe.mp3"}'::jsonb, '{"value": "teleurstelling", "accepted": ["teleurstelling"]}'::jsonb, 0.35, array['vocab_f1','writing']) on conflict (id) do nothing;
insert into content_items(id,course_id,cefr_level,skill,type,prompt,payload,correct_answer,difficulty,tags) values ('6b55d35d-cc0a-50d2-91cd-d1bb2d647feb', '20000000-0000-0000-0000-000000000006', 'B1', 'writing', 'cloze', 'Completa la frase con la palabra que falta.', '{"text": "Zij vond haar geluk in kleine, dagelijkse dingen.", "audio_url": "https://wiauinufpbkmjlbqlkxo.supabase.co/storage/v1/object/public/audio/items/6b55d35d-cc0a-50d2-91cd-d1bb2d647feb.mp3"}'::jsonb, '{"value": "geluk", "accepted": ["geluk"]}'::jsonb, 0.35, array['vocab_f1','writing']) on conflict (id) do nothing;
insert into content_items(id,course_id,cefr_level,skill,type,prompt,payload,correct_answer,difficulty,tags) values ('b28f43d3-c947-5c43-9e07-c4b98ed5731f', '20000000-0000-0000-0000-000000000006', 'B1', 'writing', 'cloze', 'Completa la frase con la palabra que falta.', '{"text": "De liefde tussen de twee is na jaren nog steeds sterk.", "audio_url": "https://wiauinufpbkmjlbqlkxo.supabase.co/storage/v1/object/public/audio/items/b28f43d3-c947-5c43-9e07-c4b98ed5731f.mp3"}'::jsonb, '{"value": "liefde", "accepted": ["liefde"]}'::jsonb, 0.35, array['vocab_f1','writing']) on conflict (id) do nothing;
insert into content_items(id,course_id,cefr_level,skill,type,prompt,payload,correct_answer,difficulty,tags) values ('b85d6011-6e24-527a-b348-a62ddba33404', '20000000-0000-0000-0000-000000000006', 'B1', 'writing', 'cloze', 'Completa la frase con la palabra que falta.', '{"text": "Het kind begon te huilen toen het zijn moeder niet zag.", "audio_url": "https://wiauinufpbkmjlbqlkxo.supabase.co/storage/v1/object/public/audio/items/b85d6011-6e24-527a-b348-a62ddba33404.mp3"}'::jsonb, '{"value": "huilen", "accepted": ["huilen"]}'::jsonb, 0.35, array['vocab_f1','writing']) on conflict (id) do nothing;
insert into content_items(id,course_id,cefr_level,skill,type,prompt,payload,correct_answer,difficulty,tags) values ('1de12aa0-bf98-5ee3-af6f-e40669c47836', '20000000-0000-0000-0000-000000000006', 'B1', 'writing', 'cloze', 'Completa la frase con la palabra que falta.', '{"text": "We moesten allemaal hard lachen om zijn grappige verhaal.", "audio_url": "https://wiauinufpbkmjlbqlkxo.supabase.co/storage/v1/object/public/audio/items/1de12aa0-bf98-5ee3-af6f-e40669c47836.mp3"}'::jsonb, '{"value": "lachen", "accepted": ["lachen"]}'::jsonb, 0.35, array['vocab_f1','writing']) on conflict (id) do nothing;
insert into content_items(id,course_id,cefr_level,skill,type,prompt,payload,correct_answer,difficulty,tags) values ('65e33c43-03c6-59d5-9798-80bd9e16e6c2', '20000000-0000-0000-0000-000000000006', 'B1', 'reading', 'match', 'Empareja cada palabra con su traducción.', '{"pairs": [{"en": "de woede", "es": "la ira"}, {"en": "de schaamte", "es": "la vergüenza"}, {"en": "de jaloezie", "es": "los celos"}, {"en": "de teleurstelling", "es": "la decepción"}, {"en": "het geluk", "es": "la felicidad"}]}'::jsonb, '{"pairs": [["de woede", "la ira"], ["de schaamte", "la vergüenza"], ["de jaloezie", "los celos"], ["de teleurstelling", "la decepción"], ["het geluk", "la felicidad"]]}'::jsonb, 0.15, array['vocab_f1','reading']) on conflict (id) do nothing;
insert into content_items(id,course_id,cefr_level,skill,type,prompt,payload,correct_answer,difficulty,tags) values ('5fa46fb5-cc11-583f-9342-7f9d852c68dc', '20000000-0000-0000-0000-000000000006', 'B1', 'reading', 'match', 'Empareja cada palabra con su traducción.', '{"pairs": [{"en": "de liefde", "es": "el amor"}, {"en": "huilen", "es": "llorar"}, {"en": "lachen", "es": "reír"}]}'::jsonb, '{"pairs": [["de liefde", "el amor"], ["huilen", "llorar"], ["lachen", "reír"]]}'::jsonb, 0.15, array['vocab_f1','reading']) on conflict (id) do nothing;

-- 3) lecciones de vocabulario + lesson_items (antes del checkpoint)
do $$
declare v_unit uuid; v_c int;
begin
  if exists (select 1 from lessons where id='f1fae8e1-9095-5de6-9889-0f4984be186a') then return; end if;
  select id into v_unit from units where course_id='20000000-0000-0000-0000-000000000006' and order_index=7;
  if v_unit is null then return; end if;
  select min(order_index) into v_c from lessons where unit_id=v_unit and type='checkpoint';
  if v_c is null then select max(order_index)+1 into v_c from lessons where unit_id=v_unit; end if;
  update lessons set order_index=order_index+1000 where unit_id=v_unit and order_index>=v_c;
  insert into lessons(id,unit_id,order_index,title,description,type,xp_reward) values ('f1fae8e1-9095-5de6-9889-0f4984be186a', v_unit, v_c+0, 'Vocabulario: la ciudad 1', 'Aprende palabras nuevas de alta frecuencia con ejemplos y audio.', 'lesson', 15) on conflict (id) do nothing;
  insert into lesson_items(lesson_id,item_id,order_index) values ('f1fae8e1-9095-5de6-9889-0f4984be186a', '5eb89c9d-30af-5509-974c-6882f1a76513', 0) on conflict do nothing;
  insert into lesson_items(lesson_id,item_id,order_index) values ('f1fae8e1-9095-5de6-9889-0f4984be186a', '7a104d0e-514b-5528-b465-79cbeb483eab', 1) on conflict do nothing;
  insert into lesson_items(lesson_id,item_id,order_index) values ('f1fae8e1-9095-5de6-9889-0f4984be186a', 'be2a83e5-a593-5a2a-bee1-834242f612b5', 2) on conflict do nothing;
  insert into lesson_items(lesson_id,item_id,order_index) values ('f1fae8e1-9095-5de6-9889-0f4984be186a', '771c4aff-2d52-5e5b-b0b3-717fbd37bc70', 3) on conflict do nothing;
  insert into lesson_items(lesson_id,item_id,order_index) values ('f1fae8e1-9095-5de6-9889-0f4984be186a', '040999e9-e2f2-51a2-a796-eaa22d4a7743', 4) on conflict do nothing;
  insert into lesson_items(lesson_id,item_id,order_index) values ('f1fae8e1-9095-5de6-9889-0f4984be186a', 'a60e25c7-0130-539a-940b-b1a1612dfb46', 5) on conflict do nothing;
  insert into lesson_items(lesson_id,item_id,order_index) values ('f1fae8e1-9095-5de6-9889-0f4984be186a', '27a09f46-392d-5de7-a013-f698ff6913f8', 6) on conflict do nothing;
  insert into lesson_items(lesson_id,item_id,order_index) values ('f1fae8e1-9095-5de6-9889-0f4984be186a', 'f45b399b-9c90-5700-b8dd-3f2ee6e44915', 7) on conflict do nothing;
  insert into lesson_items(lesson_id,item_id,order_index) values ('f1fae8e1-9095-5de6-9889-0f4984be186a', '4fff640e-1064-5724-8823-28d893a6a4c6', 8) on conflict do nothing;
  insert into lesson_items(lesson_id,item_id,order_index) values ('f1fae8e1-9095-5de6-9889-0f4984be186a', '57c6ec26-6076-5ea8-b24e-807e232ae650', 9) on conflict do nothing;
  insert into lesson_items(lesson_id,item_id,order_index) values ('f1fae8e1-9095-5de6-9889-0f4984be186a', 'b56d47cd-90b4-5aa9-a962-bc13c6bf03ca', 10) on conflict do nothing;
  insert into lesson_items(lesson_id,item_id,order_index) values ('f1fae8e1-9095-5de6-9889-0f4984be186a', '2381cd27-ceac-5b43-ad51-125b055debd5', 11) on conflict do nothing;
  insert into lesson_items(lesson_id,item_id,order_index) values ('f1fae8e1-9095-5de6-9889-0f4984be186a', '20a7fc02-e7ba-5592-bb7f-ad1ba44b5a0b', 12) on conflict do nothing;
  insert into lesson_items(lesson_id,item_id,order_index) values ('f1fae8e1-9095-5de6-9889-0f4984be186a', '90661358-cb75-5b6b-8d33-e6124c93eafe', 13) on conflict do nothing;
  insert into lesson_items(lesson_id,item_id,order_index) values ('f1fae8e1-9095-5de6-9889-0f4984be186a', 'f49afecf-f5a4-5e56-a349-090f1c9278e4', 14) on conflict do nothing;
  insert into lessons(id,unit_id,order_index,title,description,type,xp_reward) values ('50642aca-96dc-5100-9c60-83aa0ce76ced', v_unit, v_c+1, 'Vocabulario: la ciudad 2', 'Aprende palabras nuevas de alta frecuencia con ejemplos y audio.', 'lesson', 15) on conflict (id) do nothing;
  insert into lesson_items(lesson_id,item_id,order_index) values ('50642aca-96dc-5100-9c60-83aa0ce76ced', '549e18e7-4447-56ba-82f8-314c6062c6e3', 0) on conflict do nothing;
  insert into lesson_items(lesson_id,item_id,order_index) values ('50642aca-96dc-5100-9c60-83aa0ce76ced', 'abe0660d-5b8a-5997-a885-8ce94b143f81', 1) on conflict do nothing;
  insert into lesson_items(lesson_id,item_id,order_index) values ('50642aca-96dc-5100-9c60-83aa0ce76ced', '2eed5b7c-d0a0-52eb-adc4-7bbb8c75ad6d', 2) on conflict do nothing;
  insert into lesson_items(lesson_id,item_id,order_index) values ('50642aca-96dc-5100-9c60-83aa0ce76ced', 'a32a5caa-110d-53eb-a39e-29c50dc5e80c', 3) on conflict do nothing;
  insert into lesson_items(lesson_id,item_id,order_index) values ('50642aca-96dc-5100-9c60-83aa0ce76ced', '377c09c3-6c97-5cab-84e3-6f11dbf67e7d', 4) on conflict do nothing;
  insert into lesson_items(lesson_id,item_id,order_index) values ('50642aca-96dc-5100-9c60-83aa0ce76ced', '3ef9ad1f-60ee-51d4-8534-d64d7f1a7597', 5) on conflict do nothing;
  insert into lesson_items(lesson_id,item_id,order_index) values ('50642aca-96dc-5100-9c60-83aa0ce76ced', '26596ce7-f637-5990-b138-541f262f119b', 6) on conflict do nothing;
  insert into lesson_items(lesson_id,item_id,order_index) values ('50642aca-96dc-5100-9c60-83aa0ce76ced', 'fa1cadc4-d8fc-59d1-9ad9-f5623b776af3', 7) on conflict do nothing;
  insert into lesson_items(lesson_id,item_id,order_index) values ('50642aca-96dc-5100-9c60-83aa0ce76ced', '3ac16c48-6bbb-55ca-b269-8a5f18d9aa5a', 8) on conflict do nothing;
  insert into lesson_items(lesson_id,item_id,order_index) values ('50642aca-96dc-5100-9c60-83aa0ce76ced', '65972316-7f48-546a-980b-f49dacae961e', 9) on conflict do nothing;
  insert into lesson_items(lesson_id,item_id,order_index) values ('50642aca-96dc-5100-9c60-83aa0ce76ced', '751fa9e7-e7d1-5b41-b9d9-ea06ee224e8b', 10) on conflict do nothing;
  insert into lesson_items(lesson_id,item_id,order_index) values ('50642aca-96dc-5100-9c60-83aa0ce76ced', '091abef7-3588-522c-b287-bdf14339fd48', 11) on conflict do nothing;
  insert into lesson_items(lesson_id,item_id,order_index) values ('50642aca-96dc-5100-9c60-83aa0ce76ced', 'cf115657-2720-5010-870a-f8ad3d7c9273', 12) on conflict do nothing;
  insert into lesson_items(lesson_id,item_id,order_index) values ('50642aca-96dc-5100-9c60-83aa0ce76ced', 'e9cb42c8-e46d-5aef-a467-21ea1826d234', 13) on conflict do nothing;
  insert into lesson_items(lesson_id,item_id,order_index) values ('50642aca-96dc-5100-9c60-83aa0ce76ced', '17840b7f-1e2b-5a9d-af1f-738de20b0762', 14) on conflict do nothing;
  update lessons set order_index=order_index-1000+2 where unit_id=v_unit and order_index>=1000;
end $$;

do $$
declare v_unit uuid; v_c int;
begin
  if exists (select 1 from lessons where id='4d3b49a5-8354-5618-bfb3-e9dc61d8b1d3') then return; end if;
  select id into v_unit from units where course_id='20000000-0000-0000-0000-000000000006' and order_index=8;
  if v_unit is null then return; end if;
  select min(order_index) into v_c from lessons where unit_id=v_unit and type='checkpoint';
  if v_c is null then select max(order_index)+1 into v_c from lessons where unit_id=v_unit; end if;
  update lessons set order_index=order_index+1000 where unit_id=v_unit and order_index>=v_c;
  insert into lessons(id,unit_id,order_index,title,description,type,xp_reward) values ('4d3b49a5-8354-5618-bfb3-e9dc61d8b1d3', v_unit, v_c+0, 'Vocabulario: el hogar 1', 'Aprende palabras nuevas de alta frecuencia con ejemplos y audio.', 'lesson', 15) on conflict (id) do nothing;
  insert into lesson_items(lesson_id,item_id,order_index) values ('4d3b49a5-8354-5618-bfb3-e9dc61d8b1d3', '2b528ffc-8734-5372-9ef2-fd1ec5179e72', 0) on conflict do nothing;
  insert into lesson_items(lesson_id,item_id,order_index) values ('4d3b49a5-8354-5618-bfb3-e9dc61d8b1d3', '68ded195-668a-5b3a-9d99-17e9df054ef0', 1) on conflict do nothing;
  insert into lesson_items(lesson_id,item_id,order_index) values ('4d3b49a5-8354-5618-bfb3-e9dc61d8b1d3', '22a2c7f3-fefe-5b83-99a8-baa123452f89', 2) on conflict do nothing;
  insert into lesson_items(lesson_id,item_id,order_index) values ('4d3b49a5-8354-5618-bfb3-e9dc61d8b1d3', '7482f059-190a-52f7-80e0-5e3c87ad036e', 3) on conflict do nothing;
  insert into lesson_items(lesson_id,item_id,order_index) values ('4d3b49a5-8354-5618-bfb3-e9dc61d8b1d3', '61c27da9-95b9-53b1-9cc9-45cb8a8d273b', 4) on conflict do nothing;
  insert into lesson_items(lesson_id,item_id,order_index) values ('4d3b49a5-8354-5618-bfb3-e9dc61d8b1d3', '732623db-fa10-5426-b548-d232953da401', 5) on conflict do nothing;
  insert into lesson_items(lesson_id,item_id,order_index) values ('4d3b49a5-8354-5618-bfb3-e9dc61d8b1d3', 'ae984bde-72e8-54b1-baa3-79a07eef5eca', 6) on conflict do nothing;
  insert into lesson_items(lesson_id,item_id,order_index) values ('4d3b49a5-8354-5618-bfb3-e9dc61d8b1d3', '85e8bc39-8fc4-5987-a4e1-d41ea631ceb9', 7) on conflict do nothing;
  insert into lesson_items(lesson_id,item_id,order_index) values ('4d3b49a5-8354-5618-bfb3-e9dc61d8b1d3', '3d3edd54-8285-5fb1-b5e1-f3260bc829da', 8) on conflict do nothing;
  insert into lesson_items(lesson_id,item_id,order_index) values ('4d3b49a5-8354-5618-bfb3-e9dc61d8b1d3', 'b89b61df-7f6f-53ee-8311-80b9c777bb52', 9) on conflict do nothing;
  insert into lesson_items(lesson_id,item_id,order_index) values ('4d3b49a5-8354-5618-bfb3-e9dc61d8b1d3', '89683e63-0903-52a0-a43c-f72db0357676', 10) on conflict do nothing;
  insert into lessons(id,unit_id,order_index,title,description,type,xp_reward) values ('87f8a053-e2bf-5f2c-8844-f12b5668a333', v_unit, v_c+1, 'Vocabulario: el hogar 2', 'Aprende palabras nuevas de alta frecuencia con ejemplos y audio.', 'lesson', 15) on conflict (id) do nothing;
  insert into lesson_items(lesson_id,item_id,order_index) values ('87f8a053-e2bf-5f2c-8844-f12b5668a333', 'e8a3d009-f9e7-55d9-b433-6767137af12a', 0) on conflict do nothing;
  insert into lesson_items(lesson_id,item_id,order_index) values ('87f8a053-e2bf-5f2c-8844-f12b5668a333', 'bff7d75b-3502-5f70-bbab-b3e9800dc24f', 1) on conflict do nothing;
  insert into lesson_items(lesson_id,item_id,order_index) values ('87f8a053-e2bf-5f2c-8844-f12b5668a333', '5595cbb6-bbcf-5a3b-9f3e-5bbf15cd338d', 2) on conflict do nothing;
  insert into lesson_items(lesson_id,item_id,order_index) values ('87f8a053-e2bf-5f2c-8844-f12b5668a333', '655394fc-07f2-5fcc-83a8-c3fc5e471d25', 3) on conflict do nothing;
  insert into lesson_items(lesson_id,item_id,order_index) values ('87f8a053-e2bf-5f2c-8844-f12b5668a333', '1be4b151-6245-5fff-9eed-9231b7b8edac', 4) on conflict do nothing;
  insert into lesson_items(lesson_id,item_id,order_index) values ('87f8a053-e2bf-5f2c-8844-f12b5668a333', 'db06b408-7142-5e4c-975f-25d6d7a509fe', 5) on conflict do nothing;
  insert into lesson_items(lesson_id,item_id,order_index) values ('87f8a053-e2bf-5f2c-8844-f12b5668a333', '82a113cd-a0d5-5335-9cb9-71802b4862e2', 6) on conflict do nothing;
  insert into lesson_items(lesson_id,item_id,order_index) values ('87f8a053-e2bf-5f2c-8844-f12b5668a333', '4d263fe1-4091-5bb3-b633-137be33ca5fc', 7) on conflict do nothing;
  insert into lesson_items(lesson_id,item_id,order_index) values ('87f8a053-e2bf-5f2c-8844-f12b5668a333', '73026548-e97e-50fd-b747-bfcca619e0b1', 8) on conflict do nothing;
  insert into lesson_items(lesson_id,item_id,order_index) values ('87f8a053-e2bf-5f2c-8844-f12b5668a333', '1e6bfc11-d649-5acd-a2f0-403c1fd2de9e', 9) on conflict do nothing;
  insert into lesson_items(lesson_id,item_id,order_index) values ('87f8a053-e2bf-5f2c-8844-f12b5668a333', '7d231062-38be-5f93-9d9e-6c4becf332c1', 10) on conflict do nothing;
  insert into lessons(id,unit_id,order_index,title,description,type,xp_reward) values ('30aba58e-193f-5911-94bf-2ded80ef0350', v_unit, v_c+2, 'Vocabulario: el hogar 3', 'Aprende palabras nuevas de alta frecuencia con ejemplos y audio.', 'lesson', 15) on conflict (id) do nothing;
  insert into lesson_items(lesson_id,item_id,order_index) values ('30aba58e-193f-5911-94bf-2ded80ef0350', '6cdc29f3-a80c-5042-92d4-839455e70ade', 0) on conflict do nothing;
  insert into lesson_items(lesson_id,item_id,order_index) values ('30aba58e-193f-5911-94bf-2ded80ef0350', '5a5077c4-f31a-5dfb-b42a-c706a9050a0c', 1) on conflict do nothing;
  insert into lesson_items(lesson_id,item_id,order_index) values ('30aba58e-193f-5911-94bf-2ded80ef0350', '077a6317-3979-585a-a50b-7efa3b0ad45c', 2) on conflict do nothing;
  insert into lesson_items(lesson_id,item_id,order_index) values ('30aba58e-193f-5911-94bf-2ded80ef0350', 'ea21da99-41bc-589f-a7a5-2a29dcb58397', 3) on conflict do nothing;
  insert into lesson_items(lesson_id,item_id,order_index) values ('30aba58e-193f-5911-94bf-2ded80ef0350', 'dbcd56bc-e777-5e52-b22c-fa59d9b16f20', 4) on conflict do nothing;
  insert into lesson_items(lesson_id,item_id,order_index) values ('30aba58e-193f-5911-94bf-2ded80ef0350', '4b016e17-6998-5d52-8133-bba87114fa23', 5) on conflict do nothing;
  insert into lesson_items(lesson_id,item_id,order_index) values ('30aba58e-193f-5911-94bf-2ded80ef0350', 'abd83fc4-1be6-5a5e-a664-c6ead996fe05', 6) on conflict do nothing;
  insert into lesson_items(lesson_id,item_id,order_index) values ('30aba58e-193f-5911-94bf-2ded80ef0350', '7fd91e07-8fb0-5be1-bb33-7a07bbd01a55', 7) on conflict do nothing;
  insert into lesson_items(lesson_id,item_id,order_index) values ('30aba58e-193f-5911-94bf-2ded80ef0350', '93b72c81-ffe2-5917-b598-b9ac601d6dfd', 8) on conflict do nothing;
  insert into lesson_items(lesson_id,item_id,order_index) values ('30aba58e-193f-5911-94bf-2ded80ef0350', '58fff332-f043-5720-86f2-b19d0b680536', 9) on conflict do nothing;
  update lessons set order_index=order_index-1000+3 where unit_id=v_unit and order_index>=1000;
end $$;

do $$
declare v_unit uuid; v_c int;
begin
  if exists (select 1 from lessons where id='ead1a6a3-3261-5889-bef3-9cb4f1adc228') then return; end if;
  select id into v_unit from units where course_id='20000000-0000-0000-0000-000000000006' and order_index=9;
  if v_unit is null then return; end if;
  select min(order_index) into v_c from lessons where unit_id=v_unit and type='checkpoint';
  if v_c is null then select max(order_index)+1 into v_c from lessons where unit_id=v_unit; end if;
  update lessons set order_index=order_index+1000 where unit_id=v_unit and order_index>=v_c;
  insert into lessons(id,unit_id,order_index,title,description,type,xp_reward) values ('ead1a6a3-3261-5889-bef3-9cb4f1adc228', v_unit, v_c+0, 'Vocabulario: la comida 1', 'Aprende palabras nuevas de alta frecuencia con ejemplos y audio.', 'lesson', 15) on conflict (id) do nothing;
  insert into lesson_items(lesson_id,item_id,order_index) values ('ead1a6a3-3261-5889-bef3-9cb4f1adc228', '27544d64-0a75-5ada-8787-20def2a8ac6f', 0) on conflict do nothing;
  insert into lesson_items(lesson_id,item_id,order_index) values ('ead1a6a3-3261-5889-bef3-9cb4f1adc228', '64fdf587-ad12-534b-9b24-7148ac9cb998', 1) on conflict do nothing;
  insert into lesson_items(lesson_id,item_id,order_index) values ('ead1a6a3-3261-5889-bef3-9cb4f1adc228', '06cfe232-2d83-5fbf-bb1f-da8e664d67be', 2) on conflict do nothing;
  insert into lesson_items(lesson_id,item_id,order_index) values ('ead1a6a3-3261-5889-bef3-9cb4f1adc228', '82bef57f-e0fb-545f-9a2c-315b77280acb', 3) on conflict do nothing;
  insert into lesson_items(lesson_id,item_id,order_index) values ('ead1a6a3-3261-5889-bef3-9cb4f1adc228', '5f3be1bf-6319-5733-a1a6-16772c036017', 4) on conflict do nothing;
  insert into lesson_items(lesson_id,item_id,order_index) values ('ead1a6a3-3261-5889-bef3-9cb4f1adc228', 'f4c9422c-54dc-5bb4-9ef9-a9d4983d2008', 5) on conflict do nothing;
  insert into lesson_items(lesson_id,item_id,order_index) values ('ead1a6a3-3261-5889-bef3-9cb4f1adc228', 'dde5edfd-4891-523b-93f6-68abbce01de0', 6) on conflict do nothing;
  insert into lesson_items(lesson_id,item_id,order_index) values ('ead1a6a3-3261-5889-bef3-9cb4f1adc228', 'c51211a1-c414-5350-9198-1b1de61ae1ad', 7) on conflict do nothing;
  insert into lesson_items(lesson_id,item_id,order_index) values ('ead1a6a3-3261-5889-bef3-9cb4f1adc228', 'a95f7c4d-94b3-5644-82be-47b118599a6d', 8) on conflict do nothing;
  insert into lesson_items(lesson_id,item_id,order_index) values ('ead1a6a3-3261-5889-bef3-9cb4f1adc228', '5cecf184-e99b-5a8d-b4d8-5f70b0e719dd', 9) on conflict do nothing;
  insert into lesson_items(lesson_id,item_id,order_index) values ('ead1a6a3-3261-5889-bef3-9cb4f1adc228', 'a8266200-c26a-5220-9940-4f935eedfa37', 10) on conflict do nothing;
  insert into lessons(id,unit_id,order_index,title,description,type,xp_reward) values ('33b78246-e40b-589c-ba9e-141af06f73d4', v_unit, v_c+1, 'Vocabulario: la comida 2', 'Aprende palabras nuevas de alta frecuencia con ejemplos y audio.', 'lesson', 15) on conflict (id) do nothing;
  insert into lesson_items(lesson_id,item_id,order_index) values ('33b78246-e40b-589c-ba9e-141af06f73d4', '76623cf6-dd5a-5c0f-89bc-d9541e67306c', 0) on conflict do nothing;
  insert into lesson_items(lesson_id,item_id,order_index) values ('33b78246-e40b-589c-ba9e-141af06f73d4', 'd7e68e81-d779-5642-bd22-fe19b8434958', 1) on conflict do nothing;
  insert into lesson_items(lesson_id,item_id,order_index) values ('33b78246-e40b-589c-ba9e-141af06f73d4', 'ffd36e02-63e2-5f55-a750-cd04c29e74bd', 2) on conflict do nothing;
  insert into lesson_items(lesson_id,item_id,order_index) values ('33b78246-e40b-589c-ba9e-141af06f73d4', '8a4c0145-cf93-5100-bd00-02633ac6fa79', 3) on conflict do nothing;
  insert into lesson_items(lesson_id,item_id,order_index) values ('33b78246-e40b-589c-ba9e-141af06f73d4', '6213c7e1-3e36-5405-97d7-408de59ba824', 4) on conflict do nothing;
  insert into lesson_items(lesson_id,item_id,order_index) values ('33b78246-e40b-589c-ba9e-141af06f73d4', '81e7c0a0-d347-50d9-bdda-b6c213b215af', 5) on conflict do nothing;
  insert into lesson_items(lesson_id,item_id,order_index) values ('33b78246-e40b-589c-ba9e-141af06f73d4', 'abfc2754-cf22-574c-97c7-c8fa2290d1e4', 6) on conflict do nothing;
  insert into lesson_items(lesson_id,item_id,order_index) values ('33b78246-e40b-589c-ba9e-141af06f73d4', 'fee58d1d-7dd6-50f6-9373-c79a72a472ab', 7) on conflict do nothing;
  insert into lesson_items(lesson_id,item_id,order_index) values ('33b78246-e40b-589c-ba9e-141af06f73d4', 'cc0c8653-c997-531c-a68e-c6ac17da16d0', 8) on conflict do nothing;
  insert into lesson_items(lesson_id,item_id,order_index) values ('33b78246-e40b-589c-ba9e-141af06f73d4', 'f00f5691-490b-588d-afda-706b8034818a', 9) on conflict do nothing;
  insert into lesson_items(lesson_id,item_id,order_index) values ('33b78246-e40b-589c-ba9e-141af06f73d4', '0a1729ac-f3a5-5e21-8a07-f7b72f21cd3b', 10) on conflict do nothing;
  insert into lessons(id,unit_id,order_index,title,description,type,xp_reward) values ('1d9d5b5d-6b0c-5eb9-a948-3ae45d6a4dfb', v_unit, v_c+2, 'Vocabulario: la comida 3', 'Aprende palabras nuevas de alta frecuencia con ejemplos y audio.', 'lesson', 15) on conflict (id) do nothing;
  insert into lesson_items(lesson_id,item_id,order_index) values ('1d9d5b5d-6b0c-5eb9-a948-3ae45d6a4dfb', 'eef91cc5-40c2-5822-94c8-f84f181332b0', 0) on conflict do nothing;
  insert into lesson_items(lesson_id,item_id,order_index) values ('1d9d5b5d-6b0c-5eb9-a948-3ae45d6a4dfb', '92792c28-654d-5d27-a3c5-e51b2cbade57', 1) on conflict do nothing;
  insert into lesson_items(lesson_id,item_id,order_index) values ('1d9d5b5d-6b0c-5eb9-a948-3ae45d6a4dfb', '84381ed8-6a28-5922-bcc6-cffbf069af65', 2) on conflict do nothing;
  insert into lesson_items(lesson_id,item_id,order_index) values ('1d9d5b5d-6b0c-5eb9-a948-3ae45d6a4dfb', '60ff445b-b9a7-51f7-929e-b93eb5ab0982', 3) on conflict do nothing;
  insert into lesson_items(lesson_id,item_id,order_index) values ('1d9d5b5d-6b0c-5eb9-a948-3ae45d6a4dfb', '20047411-3cdf-5b53-a19d-6047a91fea6b', 4) on conflict do nothing;
  insert into lesson_items(lesson_id,item_id,order_index) values ('1d9d5b5d-6b0c-5eb9-a948-3ae45d6a4dfb', 'a563d584-6365-5ac1-9f7a-6ccb0ba691c0', 5) on conflict do nothing;
  insert into lesson_items(lesson_id,item_id,order_index) values ('1d9d5b5d-6b0c-5eb9-a948-3ae45d6a4dfb', '4720984a-0d39-5f9a-a327-035af459745d', 6) on conflict do nothing;
  insert into lesson_items(lesson_id,item_id,order_index) values ('1d9d5b5d-6b0c-5eb9-a948-3ae45d6a4dfb', '7c30a510-672c-5af8-8b19-4e3e65125441', 7) on conflict do nothing;
  insert into lesson_items(lesson_id,item_id,order_index) values ('1d9d5b5d-6b0c-5eb9-a948-3ae45d6a4dfb', 'a261a4f8-95dc-50da-ac29-903c30ce5ebe', 8) on conflict do nothing;
  insert into lesson_items(lesson_id,item_id,order_index) values ('1d9d5b5d-6b0c-5eb9-a948-3ae45d6a4dfb', '0779d62c-09fb-5037-8c3d-2d7559858104', 9) on conflict do nothing;
  update lessons set order_index=order_index-1000+3 where unit_id=v_unit and order_index>=1000;
end $$;

do $$
declare v_unit uuid; v_c int;
begin
  if exists (select 1 from lessons where id='78c0c267-0547-5ba6-9dcd-935ae2d37887') then return; end if;
  select id into v_unit from units where course_id='20000000-0000-0000-0000-000000000006' and order_index=10;
  if v_unit is null then return; end if;
  select min(order_index) into v_c from lessons where unit_id=v_unit and type='checkpoint';
  if v_c is null then select max(order_index)+1 into v_c from lessons where unit_id=v_unit; end if;
  update lessons set order_index=order_index+1000 where unit_id=v_unit and order_index>=v_c;
  insert into lessons(id,unit_id,order_index,title,description,type,xp_reward) values ('78c0c267-0547-5ba6-9dcd-935ae2d37887', v_unit, v_c+0, 'Vocabulario: viajar 1', 'Aprende palabras nuevas de alta frecuencia con ejemplos y audio.', 'lesson', 15) on conflict (id) do nothing;
  insert into lesson_items(lesson_id,item_id,order_index) values ('78c0c267-0547-5ba6-9dcd-935ae2d37887', 'b3eb109f-323b-5484-a4c8-331da46504d9', 0) on conflict do nothing;
  insert into lesson_items(lesson_id,item_id,order_index) values ('78c0c267-0547-5ba6-9dcd-935ae2d37887', '65901dfa-0cbf-5341-b386-34bd9c7ae375', 1) on conflict do nothing;
  insert into lesson_items(lesson_id,item_id,order_index) values ('78c0c267-0547-5ba6-9dcd-935ae2d37887', 'faf9eebc-07b9-58ab-a70a-b906a4567384', 2) on conflict do nothing;
  insert into lesson_items(lesson_id,item_id,order_index) values ('78c0c267-0547-5ba6-9dcd-935ae2d37887', '8bf86d90-5515-59da-b7d4-85ac1adaed5f', 3) on conflict do nothing;
  insert into lesson_items(lesson_id,item_id,order_index) values ('78c0c267-0547-5ba6-9dcd-935ae2d37887', '8921cdb3-3820-5347-8358-f1aae95ce3e4', 4) on conflict do nothing;
  insert into lesson_items(lesson_id,item_id,order_index) values ('78c0c267-0547-5ba6-9dcd-935ae2d37887', '8bb99fa5-6fde-5d51-858d-95ed8ded4f1b', 5) on conflict do nothing;
  insert into lesson_items(lesson_id,item_id,order_index) values ('78c0c267-0547-5ba6-9dcd-935ae2d37887', '394c35df-c76e-5540-a3ee-fddc8b0396e2', 6) on conflict do nothing;
  insert into lesson_items(lesson_id,item_id,order_index) values ('78c0c267-0547-5ba6-9dcd-935ae2d37887', '33cd69e4-96f1-51c5-8ea3-552b75b18d75', 7) on conflict do nothing;
  insert into lesson_items(lesson_id,item_id,order_index) values ('78c0c267-0547-5ba6-9dcd-935ae2d37887', 'f68e4fd9-9b58-5ec4-8115-b8dc2f2be273', 8) on conflict do nothing;
  insert into lesson_items(lesson_id,item_id,order_index) values ('78c0c267-0547-5ba6-9dcd-935ae2d37887', 'da174848-2edd-55d0-9791-133c5b74a208', 9) on conflict do nothing;
  insert into lesson_items(lesson_id,item_id,order_index) values ('78c0c267-0547-5ba6-9dcd-935ae2d37887', '7a83c5b7-6fa3-5065-bcd5-9b21fcd00341', 10) on conflict do nothing;
  insert into lessons(id,unit_id,order_index,title,description,type,xp_reward) values ('ac86c6d1-5d64-52e7-b082-ae191c1e1c2f', v_unit, v_c+1, 'Vocabulario: viajar 2', 'Aprende palabras nuevas de alta frecuencia con ejemplos y audio.', 'lesson', 15) on conflict (id) do nothing;
  insert into lesson_items(lesson_id,item_id,order_index) values ('ac86c6d1-5d64-52e7-b082-ae191c1e1c2f', 'c9a73c96-877e-50a6-bdc4-228f9792205f', 0) on conflict do nothing;
  insert into lesson_items(lesson_id,item_id,order_index) values ('ac86c6d1-5d64-52e7-b082-ae191c1e1c2f', '6d442a07-586e-58cc-b017-e445a3d412db', 1) on conflict do nothing;
  insert into lesson_items(lesson_id,item_id,order_index) values ('ac86c6d1-5d64-52e7-b082-ae191c1e1c2f', 'b59bb0f5-77e7-5771-b116-b297dcafb9eb', 2) on conflict do nothing;
  insert into lesson_items(lesson_id,item_id,order_index) values ('ac86c6d1-5d64-52e7-b082-ae191c1e1c2f', '32aef4a2-d045-5f20-9147-f32549789e4e', 3) on conflict do nothing;
  insert into lesson_items(lesson_id,item_id,order_index) values ('ac86c6d1-5d64-52e7-b082-ae191c1e1c2f', 'fde0b032-bc44-5138-8e36-af1e47767c5b', 4) on conflict do nothing;
  insert into lesson_items(lesson_id,item_id,order_index) values ('ac86c6d1-5d64-52e7-b082-ae191c1e1c2f', '40c9d071-0f39-56be-a415-a482784b6714', 5) on conflict do nothing;
  insert into lesson_items(lesson_id,item_id,order_index) values ('ac86c6d1-5d64-52e7-b082-ae191c1e1c2f', 'f797a276-0105-5482-8e4d-57efa4b8f3e2', 6) on conflict do nothing;
  insert into lesson_items(lesson_id,item_id,order_index) values ('ac86c6d1-5d64-52e7-b082-ae191c1e1c2f', 'c7106a42-18f2-5138-9bbd-d6096e573dfd', 7) on conflict do nothing;
  insert into lesson_items(lesson_id,item_id,order_index) values ('ac86c6d1-5d64-52e7-b082-ae191c1e1c2f', 'ff44217e-f10e-5817-bcea-02ab6c24e0ad', 8) on conflict do nothing;
  insert into lesson_items(lesson_id,item_id,order_index) values ('ac86c6d1-5d64-52e7-b082-ae191c1e1c2f', '8c2409ff-58ce-5476-9187-83e43a2653eb', 9) on conflict do nothing;
  insert into lesson_items(lesson_id,item_id,order_index) values ('ac86c6d1-5d64-52e7-b082-ae191c1e1c2f', '44a4c29e-e3fe-5b1f-9ca2-623b5ecb9021', 10) on conflict do nothing;
  insert into lessons(id,unit_id,order_index,title,description,type,xp_reward) values ('7e814c87-fc3b-5160-a05a-44cbe4e6d91e', v_unit, v_c+2, 'Vocabulario: viajar 3', 'Aprende palabras nuevas de alta frecuencia con ejemplos y audio.', 'lesson', 15) on conflict (id) do nothing;
  insert into lesson_items(lesson_id,item_id,order_index) values ('7e814c87-fc3b-5160-a05a-44cbe4e6d91e', '0c3f91ba-1872-5136-80bd-a2f6c04ca0dd', 0) on conflict do nothing;
  insert into lesson_items(lesson_id,item_id,order_index) values ('7e814c87-fc3b-5160-a05a-44cbe4e6d91e', 'b7ebd839-5c96-5b0a-b8f2-cd195b6df546', 1) on conflict do nothing;
  insert into lesson_items(lesson_id,item_id,order_index) values ('7e814c87-fc3b-5160-a05a-44cbe4e6d91e', '575d863e-f6f4-51de-84b3-af4a5bb2474a', 2) on conflict do nothing;
  insert into lesson_items(lesson_id,item_id,order_index) values ('7e814c87-fc3b-5160-a05a-44cbe4e6d91e', '851e999c-c46f-5352-a554-04eb46d71d22', 3) on conflict do nothing;
  insert into lesson_items(lesson_id,item_id,order_index) values ('7e814c87-fc3b-5160-a05a-44cbe4e6d91e', '3d874351-de09-5bfb-9128-dac52074901e', 4) on conflict do nothing;
  insert into lesson_items(lesson_id,item_id,order_index) values ('7e814c87-fc3b-5160-a05a-44cbe4e6d91e', '7945e73a-474a-5061-8da9-bdb613d5ece5', 5) on conflict do nothing;
  insert into lesson_items(lesson_id,item_id,order_index) values ('7e814c87-fc3b-5160-a05a-44cbe4e6d91e', '7bca8df6-baaf-5d9a-b6f8-6b5eb4d65d39', 6) on conflict do nothing;
  insert into lesson_items(lesson_id,item_id,order_index) values ('7e814c87-fc3b-5160-a05a-44cbe4e6d91e', 'ed22caa6-2f85-58d6-9fb3-eb40d4848171', 7) on conflict do nothing;
  insert into lesson_items(lesson_id,item_id,order_index) values ('7e814c87-fc3b-5160-a05a-44cbe4e6d91e', '0da9fa5b-7579-5def-81b6-1c0cd634ab73', 8) on conflict do nothing;
  update lessons set order_index=order_index-1000+3 where unit_id=v_unit and order_index>=1000;
end $$;

do $$
declare v_unit uuid; v_c int;
begin
  if exists (select 1 from lessons where id='64648323-18e8-57a7-9aab-966941bf0336') then return; end if;
  select id into v_unit from units where course_id='20000000-0000-0000-0000-000000000006' and order_index=11;
  if v_unit is null then return; end if;
  select min(order_index) into v_c from lessons where unit_id=v_unit and type='checkpoint';
  if v_c is null then select max(order_index)+1 into v_c from lessons where unit_id=v_unit; end if;
  update lessons set order_index=order_index+1000 where unit_id=v_unit and order_index>=v_c;
  insert into lessons(id,unit_id,order_index,title,description,type,xp_reward) values ('64648323-18e8-57a7-9aab-966941bf0336', v_unit, v_c+0, 'Vocabulario: las compras 1', 'Aprende palabras nuevas de alta frecuencia con ejemplos y audio.', 'lesson', 15) on conflict (id) do nothing;
  insert into lesson_items(lesson_id,item_id,order_index) values ('64648323-18e8-57a7-9aab-966941bf0336', 'a5286a17-845b-5d2c-9761-5f0fd724dc88', 0) on conflict do nothing;
  insert into lesson_items(lesson_id,item_id,order_index) values ('64648323-18e8-57a7-9aab-966941bf0336', 'abf64d20-516f-5912-839f-153e9c44b521', 1) on conflict do nothing;
  insert into lesson_items(lesson_id,item_id,order_index) values ('64648323-18e8-57a7-9aab-966941bf0336', 'f74c8f0e-63c8-5d22-8f2f-74813c14864b', 2) on conflict do nothing;
  insert into lesson_items(lesson_id,item_id,order_index) values ('64648323-18e8-57a7-9aab-966941bf0336', 'e3822a93-8abb-5673-a4a7-9500dbc97155', 3) on conflict do nothing;
  insert into lesson_items(lesson_id,item_id,order_index) values ('64648323-18e8-57a7-9aab-966941bf0336', '54b4cb43-ae4a-5ebf-bb2c-d87a30405d7a', 4) on conflict do nothing;
  insert into lesson_items(lesson_id,item_id,order_index) values ('64648323-18e8-57a7-9aab-966941bf0336', '33b11ff5-5140-549f-9279-e47347640a9e', 5) on conflict do nothing;
  insert into lesson_items(lesson_id,item_id,order_index) values ('64648323-18e8-57a7-9aab-966941bf0336', '86ea8ef0-0893-5ab0-8fc5-a4d8cb130f47', 6) on conflict do nothing;
  insert into lesson_items(lesson_id,item_id,order_index) values ('64648323-18e8-57a7-9aab-966941bf0336', '9b7bcbe0-f6a9-5166-90e9-7df999276f15', 7) on conflict do nothing;
  insert into lesson_items(lesson_id,item_id,order_index) values ('64648323-18e8-57a7-9aab-966941bf0336', 'e9c73e97-81b9-5ad8-b2d5-a41887c42932', 8) on conflict do nothing;
  insert into lesson_items(lesson_id,item_id,order_index) values ('64648323-18e8-57a7-9aab-966941bf0336', '98d143cc-eeef-57b1-a189-f7fc96bb1cba', 9) on conflict do nothing;
  insert into lesson_items(lesson_id,item_id,order_index) values ('64648323-18e8-57a7-9aab-966941bf0336', 'f9d68ed9-324e-575c-a093-82fae6b04b81', 10) on conflict do nothing;
  insert into lesson_items(lesson_id,item_id,order_index) values ('64648323-18e8-57a7-9aab-966941bf0336', '2e5f94af-c23b-5556-a2d0-cbe646e94264', 11) on conflict do nothing;
  insert into lesson_items(lesson_id,item_id,order_index) values ('64648323-18e8-57a7-9aab-966941bf0336', '18832fdc-ff42-5e0b-995d-519b06b3d948', 12) on conflict do nothing;
  insert into lesson_items(lesson_id,item_id,order_index) values ('64648323-18e8-57a7-9aab-966941bf0336', '759c02ae-d588-57f5-9bf3-e95de868197c', 13) on conflict do nothing;
  insert into lesson_items(lesson_id,item_id,order_index) values ('64648323-18e8-57a7-9aab-966941bf0336', '340cd649-df13-5c6f-a592-7a1a21a8fd82', 14) on conflict do nothing;
  insert into lessons(id,unit_id,order_index,title,description,type,xp_reward) values ('8f165608-b967-5168-a568-0e5af99d7cf1', v_unit, v_c+1, 'Vocabulario: las compras 2', 'Aprende palabras nuevas de alta frecuencia con ejemplos y audio.', 'lesson', 15) on conflict (id) do nothing;
  insert into lesson_items(lesson_id,item_id,order_index) values ('8f165608-b967-5168-a568-0e5af99d7cf1', 'afa7a301-1598-54fc-beef-d665accff667', 0) on conflict do nothing;
  insert into lesson_items(lesson_id,item_id,order_index) values ('8f165608-b967-5168-a568-0e5af99d7cf1', '56c9c44b-d06e-5810-a524-589ee87ff216', 1) on conflict do nothing;
  insert into lesson_items(lesson_id,item_id,order_index) values ('8f165608-b967-5168-a568-0e5af99d7cf1', '4238b89f-54be-5b7b-96d9-3357af27377e', 2) on conflict do nothing;
  insert into lesson_items(lesson_id,item_id,order_index) values ('8f165608-b967-5168-a568-0e5af99d7cf1', 'c66b9b84-35b2-525c-8807-bc8b30f434b7', 3) on conflict do nothing;
  insert into lesson_items(lesson_id,item_id,order_index) values ('8f165608-b967-5168-a568-0e5af99d7cf1', '21899f7a-b375-50a3-805e-4a00c3eb1238', 4) on conflict do nothing;
  insert into lesson_items(lesson_id,item_id,order_index) values ('8f165608-b967-5168-a568-0e5af99d7cf1', 'aeeebb2d-fd91-576a-b888-e1a7d9334c1c', 5) on conflict do nothing;
  insert into lesson_items(lesson_id,item_id,order_index) values ('8f165608-b967-5168-a568-0e5af99d7cf1', '520f1a6a-02c1-5389-8956-07fc275f3dfa', 6) on conflict do nothing;
  insert into lesson_items(lesson_id,item_id,order_index) values ('8f165608-b967-5168-a568-0e5af99d7cf1', 'ab777a28-15b1-533a-92c2-011de5339ba7', 7) on conflict do nothing;
  insert into lesson_items(lesson_id,item_id,order_index) values ('8f165608-b967-5168-a568-0e5af99d7cf1', '0eec3e1c-4760-5363-9e9b-65eab1a4a596', 8) on conflict do nothing;
  insert into lesson_items(lesson_id,item_id,order_index) values ('8f165608-b967-5168-a568-0e5af99d7cf1', '7fce17b6-0add-5a59-a994-818960e2b88b', 9) on conflict do nothing;
  insert into lesson_items(lesson_id,item_id,order_index) values ('8f165608-b967-5168-a568-0e5af99d7cf1', '67ef8149-6a2a-5483-bcd3-3f384445a258', 10) on conflict do nothing;
  insert into lesson_items(lesson_id,item_id,order_index) values ('8f165608-b967-5168-a568-0e5af99d7cf1', 'e5083fa3-88de-5848-ab27-66743d46d9a2', 11) on conflict do nothing;
  insert into lesson_items(lesson_id,item_id,order_index) values ('8f165608-b967-5168-a568-0e5af99d7cf1', '4f4918e5-a955-5671-85fd-d4dcff8db23b', 12) on conflict do nothing;
  insert into lesson_items(lesson_id,item_id,order_index) values ('8f165608-b967-5168-a568-0e5af99d7cf1', '71aab76f-4c57-513e-9271-d3ad2b2f9ee7', 13) on conflict do nothing;
  insert into lesson_items(lesson_id,item_id,order_index) values ('8f165608-b967-5168-a568-0e5af99d7cf1', '1eb8f6d7-b019-58f3-b5a4-4129f6574d93', 14) on conflict do nothing;
  update lessons set order_index=order_index-1000+2 where unit_id=v_unit and order_index>=1000;
end $$;

do $$
declare v_unit uuid; v_c int;
begin
  if exists (select 1 from lessons where id='f7091a8a-cb78-5fd1-b262-e1bf47131c8f') then return; end if;
  select id into v_unit from units where course_id='20000000-0000-0000-0000-000000000006' and order_index=12;
  if v_unit is null then return; end if;
  select min(order_index) into v_c from lessons where unit_id=v_unit and type='checkpoint';
  if v_c is null then select max(order_index)+1 into v_c from lessons where unit_id=v_unit; end if;
  update lessons set order_index=order_index+1000 where unit_id=v_unit and order_index>=v_c;
  insert into lessons(id,unit_id,order_index,title,description,type,xp_reward) values ('f7091a8a-cb78-5fd1-b262-e1bf47131c8f', v_unit, v_c+0, 'Vocabulario: el tiempo 1', 'Aprende palabras nuevas de alta frecuencia con ejemplos y audio.', 'lesson', 15) on conflict (id) do nothing;
  insert into lesson_items(lesson_id,item_id,order_index) values ('f7091a8a-cb78-5fd1-b262-e1bf47131c8f', '75c7d251-7b00-5e72-8856-8d527ae2bc15', 0) on conflict do nothing;
  insert into lesson_items(lesson_id,item_id,order_index) values ('f7091a8a-cb78-5fd1-b262-e1bf47131c8f', '6d0be390-d91b-5f03-8353-cac035ca12de', 1) on conflict do nothing;
  insert into lesson_items(lesson_id,item_id,order_index) values ('f7091a8a-cb78-5fd1-b262-e1bf47131c8f', '16eccf4b-2085-5bed-a148-1146a5072a81', 2) on conflict do nothing;
  insert into lesson_items(lesson_id,item_id,order_index) values ('f7091a8a-cb78-5fd1-b262-e1bf47131c8f', 'b7e957e1-b976-5bb2-8f13-d1d9dee255e4', 3) on conflict do nothing;
  insert into lesson_items(lesson_id,item_id,order_index) values ('f7091a8a-cb78-5fd1-b262-e1bf47131c8f', 'ff12e4d3-1601-5388-9fe5-48951dd1553f', 4) on conflict do nothing;
  insert into lesson_items(lesson_id,item_id,order_index) values ('f7091a8a-cb78-5fd1-b262-e1bf47131c8f', 'af077413-0ef0-5b81-8e49-2b3ccaa3cc97', 5) on conflict do nothing;
  insert into lesson_items(lesson_id,item_id,order_index) values ('f7091a8a-cb78-5fd1-b262-e1bf47131c8f', '225ea4ab-be01-5bab-8380-e531d311fe5f', 6) on conflict do nothing;
  insert into lesson_items(lesson_id,item_id,order_index) values ('f7091a8a-cb78-5fd1-b262-e1bf47131c8f', 'ab328938-65f6-5d9d-99a6-279bc66a5d20', 7) on conflict do nothing;
  insert into lesson_items(lesson_id,item_id,order_index) values ('f7091a8a-cb78-5fd1-b262-e1bf47131c8f', 'fededf33-b1e8-5ed2-abc2-3dc9606cc63b', 8) on conflict do nothing;
  insert into lesson_items(lesson_id,item_id,order_index) values ('f7091a8a-cb78-5fd1-b262-e1bf47131c8f', '8700afaa-9f02-5c9b-b3e1-5c0dee72ecc6', 9) on conflict do nothing;
  insert into lesson_items(lesson_id,item_id,order_index) values ('f7091a8a-cb78-5fd1-b262-e1bf47131c8f', 'b83f037d-be25-522e-a5be-eb126d7004c2', 10) on conflict do nothing;
  insert into lessons(id,unit_id,order_index,title,description,type,xp_reward) values ('517f95a3-aa94-579e-b727-8b7f4ad70d04', v_unit, v_c+1, 'Vocabulario: el tiempo 2', 'Aprende palabras nuevas de alta frecuencia con ejemplos y audio.', 'lesson', 15) on conflict (id) do nothing;
  insert into lesson_items(lesson_id,item_id,order_index) values ('517f95a3-aa94-579e-b727-8b7f4ad70d04', '8b96ba5c-469c-508d-b92d-061fef28ea1b', 0) on conflict do nothing;
  insert into lesson_items(lesson_id,item_id,order_index) values ('517f95a3-aa94-579e-b727-8b7f4ad70d04', '00badfcb-b7c5-55c6-b2ab-de9ebe91a01d', 1) on conflict do nothing;
  insert into lesson_items(lesson_id,item_id,order_index) values ('517f95a3-aa94-579e-b727-8b7f4ad70d04', '6c472bd5-8efa-54eb-9788-fc1b09482f8c', 2) on conflict do nothing;
  insert into lesson_items(lesson_id,item_id,order_index) values ('517f95a3-aa94-579e-b727-8b7f4ad70d04', 'ba38defd-3853-5651-b647-63bfe6a1116b', 3) on conflict do nothing;
  insert into lesson_items(lesson_id,item_id,order_index) values ('517f95a3-aa94-579e-b727-8b7f4ad70d04', '9946b6dc-193b-57a8-9f93-1fbfc260e2fb', 4) on conflict do nothing;
  insert into lesson_items(lesson_id,item_id,order_index) values ('517f95a3-aa94-579e-b727-8b7f4ad70d04', '0e4b962a-8d3c-564b-90ab-0c5fcdbe2fec', 5) on conflict do nothing;
  insert into lesson_items(lesson_id,item_id,order_index) values ('517f95a3-aa94-579e-b727-8b7f4ad70d04', '456058dc-5c7b-57c9-a977-c29606cc96db', 6) on conflict do nothing;
  insert into lesson_items(lesson_id,item_id,order_index) values ('517f95a3-aa94-579e-b727-8b7f4ad70d04', '8387d7d0-6ce5-5e4b-b61b-15880af0d292', 7) on conflict do nothing;
  insert into lesson_items(lesson_id,item_id,order_index) values ('517f95a3-aa94-579e-b727-8b7f4ad70d04', 'ffe694ee-4f04-54dd-b8b1-9626a592e3af', 8) on conflict do nothing;
  insert into lesson_items(lesson_id,item_id,order_index) values ('517f95a3-aa94-579e-b727-8b7f4ad70d04', 'a41a5f04-a7ee-5984-aeb9-ddfff66d2d39', 9) on conflict do nothing;
  insert into lesson_items(lesson_id,item_id,order_index) values ('517f95a3-aa94-579e-b727-8b7f4ad70d04', 'f4202b6d-2ef1-581c-a327-8e7a682e8843', 10) on conflict do nothing;
  insert into lessons(id,unit_id,order_index,title,description,type,xp_reward) values ('878d6c57-d56c-5a48-a6a7-0d68f98b921c', v_unit, v_c+2, 'Vocabulario: el tiempo 3', 'Aprende palabras nuevas de alta frecuencia con ejemplos y audio.', 'lesson', 15) on conflict (id) do nothing;
  insert into lesson_items(lesson_id,item_id,order_index) values ('878d6c57-d56c-5a48-a6a7-0d68f98b921c', 'c5dc31b7-3c58-574c-a8fa-9b3b7a13ce9d', 0) on conflict do nothing;
  insert into lesson_items(lesson_id,item_id,order_index) values ('878d6c57-d56c-5a48-a6a7-0d68f98b921c', '67580d28-65f6-5a00-bcc0-edfb7d7571f6', 1) on conflict do nothing;
  insert into lesson_items(lesson_id,item_id,order_index) values ('878d6c57-d56c-5a48-a6a7-0d68f98b921c', 'ca09dc0c-29de-5d27-af65-09490e4eeee1', 2) on conflict do nothing;
  insert into lesson_items(lesson_id,item_id,order_index) values ('878d6c57-d56c-5a48-a6a7-0d68f98b921c', 'e0fe92d5-5739-5acb-b66e-1f09e118a9e4', 3) on conflict do nothing;
  insert into lesson_items(lesson_id,item_id,order_index) values ('878d6c57-d56c-5a48-a6a7-0d68f98b921c', 'becf1b9a-5fbe-5de2-9878-9ef2c93f2def', 4) on conflict do nothing;
  insert into lesson_items(lesson_id,item_id,order_index) values ('878d6c57-d56c-5a48-a6a7-0d68f98b921c', 'cde8e001-d623-5cc4-8f49-4113d736bf31', 5) on conflict do nothing;
  insert into lesson_items(lesson_id,item_id,order_index) values ('878d6c57-d56c-5a48-a6a7-0d68f98b921c', '3ae40686-d70f-5884-9830-a6d94c7cbd50', 6) on conflict do nothing;
  insert into lesson_items(lesson_id,item_id,order_index) values ('878d6c57-d56c-5a48-a6a7-0d68f98b921c', 'f9d9fedf-254f-593b-8346-83fa023381fc', 7) on conflict do nothing;
  insert into lesson_items(lesson_id,item_id,order_index) values ('878d6c57-d56c-5a48-a6a7-0d68f98b921c', 'cfd8cb74-f48e-5cd6-8b67-383669567d0a', 8) on conflict do nothing;
  update lessons set order_index=order_index-1000+3 where unit_id=v_unit and order_index>=1000;
end $$;

do $$
declare v_unit uuid; v_c int;
begin
  if exists (select 1 from lessons where id='ec7381f8-ef15-56d6-8122-00cbdd061576') then return; end if;
  select id into v_unit from units where course_id='20000000-0000-0000-0000-000000000006' and order_index=13;
  if v_unit is null then return; end if;
  select min(order_index) into v_c from lessons where unit_id=v_unit and type='checkpoint';
  if v_c is null then select max(order_index)+1 into v_c from lessons where unit_id=v_unit; end if;
  update lessons set order_index=order_index+1000 where unit_id=v_unit and order_index>=v_c;
  insert into lessons(id,unit_id,order_index,title,description,type,xp_reward) values ('ec7381f8-ef15-56d6-8122-00cbdd061576', v_unit, v_c+0, 'Vocabulario: la salud 1', 'Aprende palabras nuevas de alta frecuencia con ejemplos y audio.', 'lesson', 15) on conflict (id) do nothing;
  insert into lesson_items(lesson_id,item_id,order_index) values ('ec7381f8-ef15-56d6-8122-00cbdd061576', '1838ab55-aa2f-5aad-897f-741d8e9e55f2', 0) on conflict do nothing;
  insert into lesson_items(lesson_id,item_id,order_index) values ('ec7381f8-ef15-56d6-8122-00cbdd061576', 'af3325ec-5961-55ea-a86c-2a1cc5edc965', 1) on conflict do nothing;
  insert into lesson_items(lesson_id,item_id,order_index) values ('ec7381f8-ef15-56d6-8122-00cbdd061576', 'f99969a2-3aa6-5ef8-9c18-afc3d23a6019', 2) on conflict do nothing;
  insert into lesson_items(lesson_id,item_id,order_index) values ('ec7381f8-ef15-56d6-8122-00cbdd061576', 'ab3f85eb-3adf-57da-a0b0-229eb69b6db7', 3) on conflict do nothing;
  insert into lesson_items(lesson_id,item_id,order_index) values ('ec7381f8-ef15-56d6-8122-00cbdd061576', '994a2200-ecff-5b7c-94dc-5aeac59c53a3', 4) on conflict do nothing;
  insert into lesson_items(lesson_id,item_id,order_index) values ('ec7381f8-ef15-56d6-8122-00cbdd061576', '2bac0e1a-00d4-5a02-9e89-441f6cb174a3', 5) on conflict do nothing;
  insert into lesson_items(lesson_id,item_id,order_index) values ('ec7381f8-ef15-56d6-8122-00cbdd061576', 'de45c643-d28b-5ae4-92ee-05546ba6038d', 6) on conflict do nothing;
  insert into lesson_items(lesson_id,item_id,order_index) values ('ec7381f8-ef15-56d6-8122-00cbdd061576', 'ded59f8d-1746-5216-9512-43a9a599dd85', 7) on conflict do nothing;
  insert into lesson_items(lesson_id,item_id,order_index) values ('ec7381f8-ef15-56d6-8122-00cbdd061576', '884b0125-0086-57ff-b629-79a41da57c49', 8) on conflict do nothing;
  insert into lesson_items(lesson_id,item_id,order_index) values ('ec7381f8-ef15-56d6-8122-00cbdd061576', '2a164cc9-93fa-55af-8526-714362864763', 9) on conflict do nothing;
  insert into lesson_items(lesson_id,item_id,order_index) values ('ec7381f8-ef15-56d6-8122-00cbdd061576', '6f008175-a5a4-56fe-b926-40ed87dc86a7', 10) on conflict do nothing;
  insert into lessons(id,unit_id,order_index,title,description,type,xp_reward) values ('a01546ee-aac8-5c5e-a8d0-cf264cfc01fc', v_unit, v_c+1, 'Vocabulario: la salud 2', 'Aprende palabras nuevas de alta frecuencia con ejemplos y audio.', 'lesson', 15) on conflict (id) do nothing;
  insert into lesson_items(lesson_id,item_id,order_index) values ('a01546ee-aac8-5c5e-a8d0-cf264cfc01fc', 'f7f80277-c7e5-5af7-bc8b-16238714869c', 0) on conflict do nothing;
  insert into lesson_items(lesson_id,item_id,order_index) values ('a01546ee-aac8-5c5e-a8d0-cf264cfc01fc', 'bfd4a254-8305-5a47-8978-6a6f444a781c', 1) on conflict do nothing;
  insert into lesson_items(lesson_id,item_id,order_index) values ('a01546ee-aac8-5c5e-a8d0-cf264cfc01fc', '9002e9c2-5dcf-5aff-9609-60dd4d0bc603', 2) on conflict do nothing;
  insert into lesson_items(lesson_id,item_id,order_index) values ('a01546ee-aac8-5c5e-a8d0-cf264cfc01fc', 'b32346db-0080-51eb-92aa-9023c303e008', 3) on conflict do nothing;
  insert into lesson_items(lesson_id,item_id,order_index) values ('a01546ee-aac8-5c5e-a8d0-cf264cfc01fc', '2a75e2d6-f604-5b03-9ea3-d8b6b6d0108b', 4) on conflict do nothing;
  insert into lesson_items(lesson_id,item_id,order_index) values ('a01546ee-aac8-5c5e-a8d0-cf264cfc01fc', 'd16f8b90-3d4d-55ff-ae5c-bd396dd1b51b', 5) on conflict do nothing;
  insert into lesson_items(lesson_id,item_id,order_index) values ('a01546ee-aac8-5c5e-a8d0-cf264cfc01fc', 'fd2eed7b-9a43-5021-87fb-53a9ceabc947', 6) on conflict do nothing;
  insert into lesson_items(lesson_id,item_id,order_index) values ('a01546ee-aac8-5c5e-a8d0-cf264cfc01fc', 'e9a9c15e-8c39-5ba5-aa7e-a65d4a18b847', 7) on conflict do nothing;
  insert into lesson_items(lesson_id,item_id,order_index) values ('a01546ee-aac8-5c5e-a8d0-cf264cfc01fc', '56a22491-703f-5b8f-9cd8-fb624584ff5a', 8) on conflict do nothing;
  insert into lesson_items(lesson_id,item_id,order_index) values ('a01546ee-aac8-5c5e-a8d0-cf264cfc01fc', '8ac80038-c292-51fd-98b9-0066e4b167a1', 9) on conflict do nothing;
  insert into lesson_items(lesson_id,item_id,order_index) values ('a01546ee-aac8-5c5e-a8d0-cf264cfc01fc', '3329e043-46fd-528a-b2c5-44e0cd572f30', 10) on conflict do nothing;
  insert into lessons(id,unit_id,order_index,title,description,type,xp_reward) values ('9eb6831c-9208-5305-8c4d-120d1cadb069', v_unit, v_c+2, 'Vocabulario: la salud 3', 'Aprende palabras nuevas de alta frecuencia con ejemplos y audio.', 'lesson', 15) on conflict (id) do nothing;
  insert into lesson_items(lesson_id,item_id,order_index) values ('9eb6831c-9208-5305-8c4d-120d1cadb069', 'c0827e55-9848-53f5-90ec-888ec6cf8644', 0) on conflict do nothing;
  insert into lesson_items(lesson_id,item_id,order_index) values ('9eb6831c-9208-5305-8c4d-120d1cadb069', 'a25590b9-a738-5362-a146-0145c60c97cc', 1) on conflict do nothing;
  insert into lesson_items(lesson_id,item_id,order_index) values ('9eb6831c-9208-5305-8c4d-120d1cadb069', '0cb54158-f533-5f54-997b-9a1503d39703', 2) on conflict do nothing;
  insert into lesson_items(lesson_id,item_id,order_index) values ('9eb6831c-9208-5305-8c4d-120d1cadb069', 'f0818e29-a904-58df-a7a6-9543ba8cc3af', 3) on conflict do nothing;
  insert into lesson_items(lesson_id,item_id,order_index) values ('9eb6831c-9208-5305-8c4d-120d1cadb069', '011f0d20-2af4-5039-adf3-52cf4d02bb36', 4) on conflict do nothing;
  insert into lesson_items(lesson_id,item_id,order_index) values ('9eb6831c-9208-5305-8c4d-120d1cadb069', 'fdf26e37-f990-5704-b0fb-70c10ccea1b2', 5) on conflict do nothing;
  insert into lesson_items(lesson_id,item_id,order_index) values ('9eb6831c-9208-5305-8c4d-120d1cadb069', 'f7383bad-20f7-5ba3-ad1b-3b71cb50208a', 6) on conflict do nothing;
  insert into lesson_items(lesson_id,item_id,order_index) values ('9eb6831c-9208-5305-8c4d-120d1cadb069', '88aa11db-8a1d-5779-a1a5-930d71b35ad7', 7) on conflict do nothing;
  insert into lesson_items(lesson_id,item_id,order_index) values ('9eb6831c-9208-5305-8c4d-120d1cadb069', '98cd3075-7b43-5ce7-82d8-e19c2f295ca2', 8) on conflict do nothing;
  insert into lesson_items(lesson_id,item_id,order_index) values ('9eb6831c-9208-5305-8c4d-120d1cadb069', 'f3168494-7b2d-5fd0-8e74-1f06458be5b3', 9) on conflict do nothing;
  update lessons set order_index=order_index-1000+3 where unit_id=v_unit and order_index>=1000;
end $$;

do $$
declare v_unit uuid; v_c int;
begin
  if exists (select 1 from lessons where id='193b8fa8-d6a3-5dc6-81ab-5912c853f35d') then return; end if;
  select id into v_unit from units where course_id='20000000-0000-0000-0000-000000000006' and order_index=14;
  if v_unit is null then return; end if;
  select min(order_index) into v_c from lessons where unit_id=v_unit and type='checkpoint';
  if v_c is null then select max(order_index)+1 into v_c from lessons where unit_id=v_unit; end if;
  update lessons set order_index=order_index+1000 where unit_id=v_unit and order_index>=v_c;
  insert into lessons(id,unit_id,order_index,title,description,type,xp_reward) values ('193b8fa8-d6a3-5dc6-81ab-5912c853f35d', v_unit, v_c+0, 'Vocabulario: el trabajo 1', 'Aprende palabras nuevas de alta frecuencia con ejemplos y audio.', 'lesson', 15) on conflict (id) do nothing;
  insert into lesson_items(lesson_id,item_id,order_index) values ('193b8fa8-d6a3-5dc6-81ab-5912c853f35d', 'd7d35496-8970-5799-8e4d-f72700566ffa', 0) on conflict do nothing;
  insert into lesson_items(lesson_id,item_id,order_index) values ('193b8fa8-d6a3-5dc6-81ab-5912c853f35d', 'b3dfaf01-3f73-5bd8-b7d7-4d59212f6ae7', 1) on conflict do nothing;
  insert into lesson_items(lesson_id,item_id,order_index) values ('193b8fa8-d6a3-5dc6-81ab-5912c853f35d', 'ee45ac02-a239-57d9-bc62-b42f0701ebb8', 2) on conflict do nothing;
  insert into lesson_items(lesson_id,item_id,order_index) values ('193b8fa8-d6a3-5dc6-81ab-5912c853f35d', '95d5ad18-d97f-59cf-b0ef-f71d9c53b3df', 3) on conflict do nothing;
  insert into lesson_items(lesson_id,item_id,order_index) values ('193b8fa8-d6a3-5dc6-81ab-5912c853f35d', 'd74661e8-4966-5a16-8dbd-41b3a02dde77', 4) on conflict do nothing;
  insert into lesson_items(lesson_id,item_id,order_index) values ('193b8fa8-d6a3-5dc6-81ab-5912c853f35d', '05fb8b16-056a-5195-aa26-7107b49d8f95', 5) on conflict do nothing;
  insert into lesson_items(lesson_id,item_id,order_index) values ('193b8fa8-d6a3-5dc6-81ab-5912c853f35d', '44e042d1-2252-5fe5-b385-7076b722dd86', 6) on conflict do nothing;
  insert into lesson_items(lesson_id,item_id,order_index) values ('193b8fa8-d6a3-5dc6-81ab-5912c853f35d', '7a6e833f-c218-54d0-b4b3-2d59051bc6ac', 7) on conflict do nothing;
  insert into lesson_items(lesson_id,item_id,order_index) values ('193b8fa8-d6a3-5dc6-81ab-5912c853f35d', '24704616-a8da-5db3-b9d5-241bf5415494', 8) on conflict do nothing;
  insert into lesson_items(lesson_id,item_id,order_index) values ('193b8fa8-d6a3-5dc6-81ab-5912c853f35d', '7ca915a4-e078-5507-b9c8-eb7d287bf679', 9) on conflict do nothing;
  insert into lessons(id,unit_id,order_index,title,description,type,xp_reward) values ('2367efbd-e409-5506-8d2c-d771e20bd10f', v_unit, v_c+1, 'Vocabulario: el trabajo 2', 'Aprende palabras nuevas de alta frecuencia con ejemplos y audio.', 'lesson', 15) on conflict (id) do nothing;
  insert into lesson_items(lesson_id,item_id,order_index) values ('2367efbd-e409-5506-8d2c-d771e20bd10f', '220396f5-bc96-510c-8b9e-cf4c41a11708', 0) on conflict do nothing;
  insert into lesson_items(lesson_id,item_id,order_index) values ('2367efbd-e409-5506-8d2c-d771e20bd10f', 'a183c365-b796-5f34-bec5-82b922073157', 1) on conflict do nothing;
  insert into lesson_items(lesson_id,item_id,order_index) values ('2367efbd-e409-5506-8d2c-d771e20bd10f', '31c81bae-e1b8-5d01-8795-fdf7dac55fb6', 2) on conflict do nothing;
  insert into lesson_items(lesson_id,item_id,order_index) values ('2367efbd-e409-5506-8d2c-d771e20bd10f', '4f11c1b3-4aa4-59bd-a0c1-295346d3f5b7', 3) on conflict do nothing;
  insert into lesson_items(lesson_id,item_id,order_index) values ('2367efbd-e409-5506-8d2c-d771e20bd10f', '55ffc625-1e43-5f86-a5fd-d18c41ca8dfc', 4) on conflict do nothing;
  insert into lesson_items(lesson_id,item_id,order_index) values ('2367efbd-e409-5506-8d2c-d771e20bd10f', 'bac51c00-8d39-5dcc-a2e0-5a62847ac8a4', 5) on conflict do nothing;
  insert into lesson_items(lesson_id,item_id,order_index) values ('2367efbd-e409-5506-8d2c-d771e20bd10f', '21aca4a9-2729-578e-a826-124aa804256d', 6) on conflict do nothing;
  insert into lesson_items(lesson_id,item_id,order_index) values ('2367efbd-e409-5506-8d2c-d771e20bd10f', 'b11876f6-fc76-5505-a909-c8370734624f', 7) on conflict do nothing;
  insert into lesson_items(lesson_id,item_id,order_index) values ('2367efbd-e409-5506-8d2c-d771e20bd10f', 'b5a37eab-036d-5673-87e0-1bfa5c35a0b7', 8) on conflict do nothing;
  insert into lesson_items(lesson_id,item_id,order_index) values ('2367efbd-e409-5506-8d2c-d771e20bd10f', '9796ab34-d175-5f27-9a58-ffdc8311d6bd', 9) on conflict do nothing;
  insert into lesson_items(lesson_id,item_id,order_index) values ('2367efbd-e409-5506-8d2c-d771e20bd10f', '01fa4e4d-3f52-5cfb-acdc-1749a31fa757', 10) on conflict do nothing;
  insert into lessons(id,unit_id,order_index,title,description,type,xp_reward) values ('bee74c4a-ee01-5993-85ed-6630ce90ad36', v_unit, v_c+2, 'Vocabulario: el trabajo 3', 'Aprende palabras nuevas de alta frecuencia con ejemplos y audio.', 'lesson', 15) on conflict (id) do nothing;
  insert into lesson_items(lesson_id,item_id,order_index) values ('bee74c4a-ee01-5993-85ed-6630ce90ad36', '06049b60-3e1c-5a4f-9792-f195d7564cc8', 0) on conflict do nothing;
  insert into lesson_items(lesson_id,item_id,order_index) values ('bee74c4a-ee01-5993-85ed-6630ce90ad36', '73b0b539-6d4f-520e-8f86-9a78915ed9cc', 1) on conflict do nothing;
  insert into lesson_items(lesson_id,item_id,order_index) values ('bee74c4a-ee01-5993-85ed-6630ce90ad36', '8c0db6d7-e170-5598-831e-bcab11b1e5f6', 2) on conflict do nothing;
  insert into lesson_items(lesson_id,item_id,order_index) values ('bee74c4a-ee01-5993-85ed-6630ce90ad36', '7fc8c3f0-f98c-568c-bc6b-02f493694d00', 3) on conflict do nothing;
  insert into lesson_items(lesson_id,item_id,order_index) values ('bee74c4a-ee01-5993-85ed-6630ce90ad36', '97a6e5bf-5d41-5618-9427-1435bd23ff0e', 4) on conflict do nothing;
  insert into lesson_items(lesson_id,item_id,order_index) values ('bee74c4a-ee01-5993-85ed-6630ce90ad36', 'cbdde3f7-3c99-56cc-954c-bd1555c0dbbf', 5) on conflict do nothing;
  insert into lesson_items(lesson_id,item_id,order_index) values ('bee74c4a-ee01-5993-85ed-6630ce90ad36', '554a1ff4-f240-5e11-8f14-4eddd215ff70', 6) on conflict do nothing;
  insert into lesson_items(lesson_id,item_id,order_index) values ('bee74c4a-ee01-5993-85ed-6630ce90ad36', '03ebc740-d8db-5a6a-b2aa-1c97064611a0', 7) on conflict do nothing;
  insert into lesson_items(lesson_id,item_id,order_index) values ('bee74c4a-ee01-5993-85ed-6630ce90ad36', 'b97b8b77-f285-52a5-a5aa-19ab90b29b6e', 8) on conflict do nothing;
  insert into lesson_items(lesson_id,item_id,order_index) values ('bee74c4a-ee01-5993-85ed-6630ce90ad36', '889deed9-58d6-5ec0-a526-0c4b1e5b0438', 9) on conflict do nothing;
  update lessons set order_index=order_index-1000+3 where unit_id=v_unit and order_index>=1000;
end $$;

do $$
declare v_unit uuid; v_c int;
begin
  if exists (select 1 from lessons where id='968d6eab-6542-57e4-9c09-954c78e53446') then return; end if;
  select id into v_unit from units where course_id='20000000-0000-0000-0000-000000000006' and order_index=15;
  if v_unit is null then return; end if;
  select min(order_index) into v_c from lessons where unit_id=v_unit and type='checkpoint';
  if v_c is null then select max(order_index)+1 into v_c from lessons where unit_id=v_unit; end if;
  update lessons set order_index=order_index+1000 where unit_id=v_unit and order_index>=v_c;
  insert into lessons(id,unit_id,order_index,title,description,type,xp_reward) values ('968d6eab-6542-57e4-9c09-954c78e53446', v_unit, v_c+0, 'Vocabulario: la naturaleza 1', 'Aprende palabras nuevas de alta frecuencia con ejemplos y audio.', 'lesson', 15) on conflict (id) do nothing;
  insert into lesson_items(lesson_id,item_id,order_index) values ('968d6eab-6542-57e4-9c09-954c78e53446', '218ee816-4f08-53dc-a8af-cae1093b44f0', 0) on conflict do nothing;
  insert into lesson_items(lesson_id,item_id,order_index) values ('968d6eab-6542-57e4-9c09-954c78e53446', '4b5f13a8-69f3-5f66-b1d4-cf768bad80a8', 1) on conflict do nothing;
  insert into lesson_items(lesson_id,item_id,order_index) values ('968d6eab-6542-57e4-9c09-954c78e53446', '6f354641-2d8c-5c42-beb7-65a608c3d717', 2) on conflict do nothing;
  insert into lesson_items(lesson_id,item_id,order_index) values ('968d6eab-6542-57e4-9c09-954c78e53446', 'edb42246-08cb-594d-a659-629bbadf0e31', 3) on conflict do nothing;
  insert into lesson_items(lesson_id,item_id,order_index) values ('968d6eab-6542-57e4-9c09-954c78e53446', 'aef2b480-47e9-5f01-8f44-91cff007a9ab', 4) on conflict do nothing;
  insert into lesson_items(lesson_id,item_id,order_index) values ('968d6eab-6542-57e4-9c09-954c78e53446', 'e852b5c2-097e-5f69-b4d7-4d29526e7b50', 5) on conflict do nothing;
  insert into lesson_items(lesson_id,item_id,order_index) values ('968d6eab-6542-57e4-9c09-954c78e53446', '7af6975f-5a06-500f-83b9-55dee2915606', 6) on conflict do nothing;
  insert into lesson_items(lesson_id,item_id,order_index) values ('968d6eab-6542-57e4-9c09-954c78e53446', 'b5462c5b-8d08-53ce-8f8d-c9d7a5aa83b8', 7) on conflict do nothing;
  insert into lesson_items(lesson_id,item_id,order_index) values ('968d6eab-6542-57e4-9c09-954c78e53446', '05c5fde1-d6bf-5812-b486-acd5bc03b132', 8) on conflict do nothing;
  insert into lesson_items(lesson_id,item_id,order_index) values ('968d6eab-6542-57e4-9c09-954c78e53446', 'a46b9c00-615b-5bf1-8124-27e5559b0a3b', 9) on conflict do nothing;
  insert into lesson_items(lesson_id,item_id,order_index) values ('968d6eab-6542-57e4-9c09-954c78e53446', '01221f60-b35d-53e5-b32f-d3196b89fd52', 10) on conflict do nothing;
  insert into lessons(id,unit_id,order_index,title,description,type,xp_reward) values ('e5108ca1-e90f-585a-a621-d99622e447dd', v_unit, v_c+1, 'Vocabulario: la naturaleza 2', 'Aprende palabras nuevas de alta frecuencia con ejemplos y audio.', 'lesson', 15) on conflict (id) do nothing;
  insert into lesson_items(lesson_id,item_id,order_index) values ('e5108ca1-e90f-585a-a621-d99622e447dd', '2f2e6657-1323-5b8e-b754-2b5c5246d9c4', 0) on conflict do nothing;
  insert into lesson_items(lesson_id,item_id,order_index) values ('e5108ca1-e90f-585a-a621-d99622e447dd', '31c16b99-bfed-5f86-b2d5-4257e53a8690', 1) on conflict do nothing;
  insert into lesson_items(lesson_id,item_id,order_index) values ('e5108ca1-e90f-585a-a621-d99622e447dd', '936eb5ae-7bc3-5518-bb2a-f9896dc44b5b', 2) on conflict do nothing;
  insert into lesson_items(lesson_id,item_id,order_index) values ('e5108ca1-e90f-585a-a621-d99622e447dd', 'ee87d083-7c38-5bde-9e30-c0f624c8e64d', 3) on conflict do nothing;
  insert into lesson_items(lesson_id,item_id,order_index) values ('e5108ca1-e90f-585a-a621-d99622e447dd', 'c8a853d6-287a-5d0f-a066-0740bb70759e', 4) on conflict do nothing;
  insert into lesson_items(lesson_id,item_id,order_index) values ('e5108ca1-e90f-585a-a621-d99622e447dd', 'dbebe557-1cc9-5125-be77-ef54b4d32b55', 5) on conflict do nothing;
  insert into lesson_items(lesson_id,item_id,order_index) values ('e5108ca1-e90f-585a-a621-d99622e447dd', '177daffc-ef09-5956-92da-af71d54a9f5a', 6) on conflict do nothing;
  insert into lesson_items(lesson_id,item_id,order_index) values ('e5108ca1-e90f-585a-a621-d99622e447dd', '0f20f674-2f3d-531f-afe5-e45dcb5be556', 7) on conflict do nothing;
  insert into lesson_items(lesson_id,item_id,order_index) values ('e5108ca1-e90f-585a-a621-d99622e447dd', '70b06d8c-7f5b-5c2a-b8c2-3afef3fd586a', 8) on conflict do nothing;
  insert into lesson_items(lesson_id,item_id,order_index) values ('e5108ca1-e90f-585a-a621-d99622e447dd', '9570e905-b609-57ab-a9d2-49eb03cf452a', 9) on conflict do nothing;
  insert into lesson_items(lesson_id,item_id,order_index) values ('e5108ca1-e90f-585a-a621-d99622e447dd', '3658a3e0-36d9-5378-a6df-f40ceb0f6f17', 10) on conflict do nothing;
  insert into lessons(id,unit_id,order_index,title,description,type,xp_reward) values ('87952319-c643-5280-a34e-165fbb4cca21', v_unit, v_c+2, 'Vocabulario: la naturaleza 3', 'Aprende palabras nuevas de alta frecuencia con ejemplos y audio.', 'lesson', 15) on conflict (id) do nothing;
  insert into lesson_items(lesson_id,item_id,order_index) values ('87952319-c643-5280-a34e-165fbb4cca21', '38f38799-d395-5ee3-b3b3-adb25f0d5b8a', 0) on conflict do nothing;
  insert into lesson_items(lesson_id,item_id,order_index) values ('87952319-c643-5280-a34e-165fbb4cca21', '6a29829d-13a5-52b8-a57f-d30d2c3b8036', 1) on conflict do nothing;
  insert into lesson_items(lesson_id,item_id,order_index) values ('87952319-c643-5280-a34e-165fbb4cca21', '4f723f4f-0866-5d3a-a7c1-cc89a6d28828', 2) on conflict do nothing;
  insert into lesson_items(lesson_id,item_id,order_index) values ('87952319-c643-5280-a34e-165fbb4cca21', 'f22eaf48-6181-5220-8dd6-caf502f80cf9', 3) on conflict do nothing;
  insert into lesson_items(lesson_id,item_id,order_index) values ('87952319-c643-5280-a34e-165fbb4cca21', 'aab71018-aff2-5e41-a4c0-c6dd9ecaccb0', 4) on conflict do nothing;
  insert into lesson_items(lesson_id,item_id,order_index) values ('87952319-c643-5280-a34e-165fbb4cca21', '57fdb725-4b39-5fcc-8143-183ee1e44015', 5) on conflict do nothing;
  insert into lesson_items(lesson_id,item_id,order_index) values ('87952319-c643-5280-a34e-165fbb4cca21', '0bd6e565-8b2e-5fa1-97d8-073579be6ce3', 6) on conflict do nothing;
  insert into lesson_items(lesson_id,item_id,order_index) values ('87952319-c643-5280-a34e-165fbb4cca21', '2e2a7f10-8185-5b66-ba40-ef397ed36b7e', 7) on conflict do nothing;
  insert into lesson_items(lesson_id,item_id,order_index) values ('87952319-c643-5280-a34e-165fbb4cca21', 'be34d44a-cf6e-5409-b515-e33d4252af50', 8) on conflict do nothing;
  update lessons set order_index=order_index-1000+3 where unit_id=v_unit and order_index>=1000;
end $$;

do $$
declare v_unit uuid; v_c int;
begin
  if exists (select 1 from lessons where id='47b5990f-1759-5ba4-a30d-b23ca3dc330b') then return; end if;
  select id into v_unit from units where course_id='20000000-0000-0000-0000-000000000006' and order_index=16;
  if v_unit is null then return; end if;
  select min(order_index) into v_c from lessons where unit_id=v_unit and type='checkpoint';
  if v_c is null then select max(order_index)+1 into v_c from lessons where unit_id=v_unit; end if;
  update lessons set order_index=order_index+1000 where unit_id=v_unit and order_index>=v_c;
  insert into lessons(id,unit_id,order_index,title,description,type,xp_reward) values ('47b5990f-1759-5ba4-a30d-b23ca3dc330b', v_unit, v_c+0, 'Vocabulario: las emociones 1', 'Aprende palabras nuevas de alta frecuencia con ejemplos y audio.', 'lesson', 15) on conflict (id) do nothing;
  insert into lesson_items(lesson_id,item_id,order_index) values ('47b5990f-1759-5ba4-a30d-b23ca3dc330b', '8a33e70a-b4f0-514f-9d34-8a3e7a1ebbdf', 0) on conflict do nothing;
  insert into lesson_items(lesson_id,item_id,order_index) values ('47b5990f-1759-5ba4-a30d-b23ca3dc330b', '4d78082b-7011-58c4-b69f-5f6728b37750', 1) on conflict do nothing;
  insert into lesson_items(lesson_id,item_id,order_index) values ('47b5990f-1759-5ba4-a30d-b23ca3dc330b', 'c20291e9-3d90-578b-8a44-4000c2ea3d88', 2) on conflict do nothing;
  insert into lesson_items(lesson_id,item_id,order_index) values ('47b5990f-1759-5ba4-a30d-b23ca3dc330b', 'ffa691ad-0af4-589d-95af-54e96d646b55', 3) on conflict do nothing;
  insert into lesson_items(lesson_id,item_id,order_index) values ('47b5990f-1759-5ba4-a30d-b23ca3dc330b', '3f86838c-360c-5883-9c82-c773467ae033', 4) on conflict do nothing;
  insert into lesson_items(lesson_id,item_id,order_index) values ('47b5990f-1759-5ba4-a30d-b23ca3dc330b', 'ed200b8b-b81b-53ef-9598-b22e411aa376', 5) on conflict do nothing;
  insert into lesson_items(lesson_id,item_id,order_index) values ('47b5990f-1759-5ba4-a30d-b23ca3dc330b', '4b78a842-b7eb-56b3-830d-f21346035a81', 6) on conflict do nothing;
  insert into lesson_items(lesson_id,item_id,order_index) values ('47b5990f-1759-5ba4-a30d-b23ca3dc330b', '727a64e8-399e-5e6c-84d2-5f3326ca7b3d', 7) on conflict do nothing;
  insert into lesson_items(lesson_id,item_id,order_index) values ('47b5990f-1759-5ba4-a30d-b23ca3dc330b', '8352174d-dbe0-5445-8a44-0b2742fcdbc3', 8) on conflict do nothing;
  insert into lesson_items(lesson_id,item_id,order_index) values ('47b5990f-1759-5ba4-a30d-b23ca3dc330b', '6a0a3482-8516-547f-8bf0-e5379d7e92d9', 9) on conflict do nothing;
  insert into lesson_items(lesson_id,item_id,order_index) values ('47b5990f-1759-5ba4-a30d-b23ca3dc330b', '3d42aef8-accb-5264-af01-ba0e6075e445', 10) on conflict do nothing;
  insert into lessons(id,unit_id,order_index,title,description,type,xp_reward) values ('b6f199e9-9af5-5bab-8187-8bb0dff7880a', v_unit, v_c+1, 'Vocabulario: las emociones 2', 'Aprende palabras nuevas de alta frecuencia con ejemplos y audio.', 'lesson', 15) on conflict (id) do nothing;
  insert into lesson_items(lesson_id,item_id,order_index) values ('b6f199e9-9af5-5bab-8187-8bb0dff7880a', '6fed1aff-4f20-5d12-ac61-48256e15be1b', 0) on conflict do nothing;
  insert into lesson_items(lesson_id,item_id,order_index) values ('b6f199e9-9af5-5bab-8187-8bb0dff7880a', 'b2781359-939d-5e0a-ba02-cee159cd47dd', 1) on conflict do nothing;
  insert into lesson_items(lesson_id,item_id,order_index) values ('b6f199e9-9af5-5bab-8187-8bb0dff7880a', '9db05689-b0be-5043-bb3e-6e782bb8901e', 2) on conflict do nothing;
  insert into lesson_items(lesson_id,item_id,order_index) values ('b6f199e9-9af5-5bab-8187-8bb0dff7880a', 'eac8d243-9d70-56a7-bd89-861b21697cc1', 3) on conflict do nothing;
  insert into lesson_items(lesson_id,item_id,order_index) values ('b6f199e9-9af5-5bab-8187-8bb0dff7880a', 'a6676ce8-574e-5939-8b55-2a7dbae123b9', 4) on conflict do nothing;
  insert into lesson_items(lesson_id,item_id,order_index) values ('b6f199e9-9af5-5bab-8187-8bb0dff7880a', 'eeae41ed-c155-5f15-9347-ad4ddfafadbf', 5) on conflict do nothing;
  insert into lesson_items(lesson_id,item_id,order_index) values ('b6f199e9-9af5-5bab-8187-8bb0dff7880a', '3b5f9e89-c714-5b3d-a120-53090bd349d8', 6) on conflict do nothing;
  insert into lesson_items(lesson_id,item_id,order_index) values ('b6f199e9-9af5-5bab-8187-8bb0dff7880a', 'bbb7a86a-b495-55d2-a0cd-0b7f501416e8', 7) on conflict do nothing;
  insert into lesson_items(lesson_id,item_id,order_index) values ('b6f199e9-9af5-5bab-8187-8bb0dff7880a', '42961747-d90a-5425-bad4-29243257d053', 8) on conflict do nothing;
  insert into lesson_items(lesson_id,item_id,order_index) values ('b6f199e9-9af5-5bab-8187-8bb0dff7880a', 'fb820a58-60da-52fa-a510-4e9754f0bd98', 9) on conflict do nothing;
  insert into lesson_items(lesson_id,item_id,order_index) values ('b6f199e9-9af5-5bab-8187-8bb0dff7880a', 'a020a490-cda4-56f1-ba41-56c08d21f144', 10) on conflict do nothing;
  insert into lessons(id,unit_id,order_index,title,description,type,xp_reward) values ('dd2ac5c0-46bc-5d92-8612-f2b88bbb4c07', v_unit, v_c+2, 'Vocabulario: las emociones 3', 'Aprende palabras nuevas de alta frecuencia con ejemplos y audio.', 'lesson', 15) on conflict (id) do nothing;
  insert into lesson_items(lesson_id,item_id,order_index) values ('dd2ac5c0-46bc-5d92-8612-f2b88bbb4c07', '5fa46fb5-cc11-583f-9342-7f9d852c68dc', 0) on conflict do nothing;
  insert into lesson_items(lesson_id,item_id,order_index) values ('dd2ac5c0-46bc-5d92-8612-f2b88bbb4c07', '65e33c43-03c6-59d5-9798-80bd9e16e6c2', 1) on conflict do nothing;
  insert into lesson_items(lesson_id,item_id,order_index) values ('dd2ac5c0-46bc-5d92-8612-f2b88bbb4c07', '61b606cd-ebfa-5c7d-8f95-56de3888239b', 2) on conflict do nothing;
  insert into lesson_items(lesson_id,item_id,order_index) values ('dd2ac5c0-46bc-5d92-8612-f2b88bbb4c07', 'cdb91b34-760e-59af-8d28-5813f262364a', 3) on conflict do nothing;
  insert into lesson_items(lesson_id,item_id,order_index) values ('dd2ac5c0-46bc-5d92-8612-f2b88bbb4c07', 'b84ad796-135a-57a7-aa37-e35c5bd01dd3', 4) on conflict do nothing;
  insert into lesson_items(lesson_id,item_id,order_index) values ('dd2ac5c0-46bc-5d92-8612-f2b88bbb4c07', '1361228c-0fe6-5ff8-a743-d1b41dd877fe', 5) on conflict do nothing;
  insert into lesson_items(lesson_id,item_id,order_index) values ('dd2ac5c0-46bc-5d92-8612-f2b88bbb4c07', '6b55d35d-cc0a-50d2-91cd-d1bb2d647feb', 6) on conflict do nothing;
  insert into lesson_items(lesson_id,item_id,order_index) values ('dd2ac5c0-46bc-5d92-8612-f2b88bbb4c07', 'b28f43d3-c947-5c43-9e07-c4b98ed5731f', 7) on conflict do nothing;
  insert into lesson_items(lesson_id,item_id,order_index) values ('dd2ac5c0-46bc-5d92-8612-f2b88bbb4c07', 'b85d6011-6e24-527a-b348-a62ddba33404', 8) on conflict do nothing;
  insert into lesson_items(lesson_id,item_id,order_index) values ('dd2ac5c0-46bc-5d92-8612-f2b88bbb4c07', '1de12aa0-bf98-5ee3-af6f-e40669c47836', 9) on conflict do nothing;
  update lessons set order_index=order_index-1000+3 where unit_id=v_unit and order_index>=1000;
end $$;

-- 4) re-derivar lesson_vocab (idempotente, lógica mig 165/166) → vincula las nuevas
insert into public.lesson_vocab (lesson_id, vocab_id, position)
with vn as (
  select id, course_id, jz_normalize(word) as nw,
         position(' ' in jz_normalize(word)) > 0 as is_multi
  from public.vocabulary
), item_text as (
  select li.lesson_id, u.course_id, li.order_index,
         translate(jz_normalize(t.txt), ',.;:!?¿¡"()[]{}', '               ') as ntxt
  from public.lesson_items li
  join public.content_items ci on ci.id = li.item_id
  join public.lessons l on l.id = li.lesson_id
  join public.units u on u.id = l.unit_id
  cross join lateral (values
    (ci.correct_answer ->> 'value'), (ci.payload ->> 'text'),
    (ci.payload ->> 'say'), (ci.prompt)
  ) as t(txt)
  where coalesce(t.txt, '') <> ''
), tok as (
  select it.lesson_id, it.course_id, it.order_index, w
  from item_text it
  cross join lateral regexp_split_to_table(it.ntxt, '\s+') as w
  where length(w) >= 2
), pair as (
  select li.lesson_id, u.course_id, li.order_index, jz_normalize(p ->> 'en') as w
  from public.lesson_items li
  join public.content_items ci on ci.id = li.item_id
  join public.lessons l on l.id = li.lesson_id
  join public.units u on u.id = l.unit_id
  cross join lateral jsonb_array_elements(ci.payload -> 'pairs') as p
  where ci.type = 'match' and coalesce(p ->> 'en', '') <> ''
), exact_m as (
  select c.lesson_id, v.id as vocab_id, c.order_index
  from (select lesson_id, course_id, order_index, w from tok
        union all
        select lesson_id, course_id, order_index, w from pair) c
  join vn v on v.course_id = c.course_id and v.nw = c.w
), multi_m as (
  select it.lesson_id, v.id as vocab_id, it.order_index
  from item_text it
  join vn v on v.course_id = it.course_id and v.is_multi
   and (' ' || it.ntxt || ' ') like ('%' || ' ' || v.nw || ' ' || '%')
), allm as (
  select * from exact_m union all select * from multi_m
)
select lesson_id, vocab_id, min(order_index) as position
from allm
group by lesson_id, vocab_id
on conflict (lesson_id, vocab_id) do nothing;
