-- 20260703120116_seed_nl_b2.sql
-- Currículo B2 del curso es→nl (6 unidades). Molde es→pt.
-- Contenido scopeado a course_id=20000000-0000-0000-0000-000000000006 → aislamiento multicurso por
-- jz_active_course. Unidades order_index continúan la cadena → gating al nivel previo.
begin;
insert into languages (id, code, name) values
  ('10000000-0000-0000-0000-000000000007','nl',$p$Nederlands$p$) on conflict (id) do nothing;
insert into courses (id, source_language_id, target_language_id, is_active) values
  ('20000000-0000-0000-0000-000000000006','10000000-0000-0000-0000-000000000001','10000000-0000-0000-0000-000000000007',true) on conflict (id) do nothing;

-- ── Unidad 19 (B2·nl): Estilo indirecto (contar lo dicho) ──
insert into units (id, course_id, cefr_level, order_index, title, theme_color, icon) values
 ('29a32b36-3a76-5669-a7c4-649421d60e3a','20000000-0000-0000-0000-000000000006','B2',19,$p$Estilo indirecto (contar lo dicho)$p$,'#1A5276','record_voice_over')
on conflict (course_id, order_index) do update set title=excluded.title, cefr_level=excluded.cefr_level, theme_color=excluded.theme_color, icon=excluded.icon;
insert into lessons (id, unit_id, order_index, title, description, type, xp_reward) values
 ('ff92caaa-3ee9-5d2f-813e-d38dc559f760','29a32b36-3a76-5669-a7c4-649421d60e3a',1,$p$Dat of of: afirmaciones y preguntas$p$,$p$Dat of of: afirmaciones y preguntas$p$,'lesson',15),
 ('079d5551-2864-5ec7-8283-66d825b8c062','29a32b36-3a76-5669-a7c4-649421d60e3a',2,$p$Desplazamiento temporal en pasado$p$,$p$Desplazamiento temporal en pasado$p$,'lesson',15),
 ('99e51a31-b8d3-52bd-8888-4038336954a0','29a32b36-3a76-5669-a7c4-649421d60e3a',3,$p$Órdenes y ruegos referidos$p$,$p$Órdenes y ruegos referidos$p$,'lesson',15),
 ('a8e98417-409f-5348-afae-bc7760a41d1d','29a32b36-3a76-5669-a7c4-649421d60e3a',4,$p$Registro formal y periodístico$p$,$p$Registro formal y periodístico$p$,'lesson',15),
 ('12f480a6-16ae-53f1-b0a6-4235a801b5cf','29a32b36-3a76-5669-a7c4-649421d60e3a',5,$p$🏁 Checkpoint Eenheid 19$p$,$p$Reproduce en estilo indirecto lo que alguien dijo o preguntó, aplicando bien dat/of y el desplazamiento temporal (was/had/zou).$p$,'checkpoint',40)
on conflict (unit_id, order_index) do update set title=excluded.title, description=excluded.description;
insert into exams (id, course_id, type, cefr_level, unit_id, time_limit_sec, pass_threshold, sections) values
 ('8e3aa974-4db6-5987-94a2-b76e58207457','20000000-0000-0000-0000-000000000006','checkpoint','B2','29a32b36-3a76-5669-a7c4-649421d60e3a',300,0.80,$j${"skills": ["reading", "listening", "writing", "speaking"], "item_count": 10, "randomize": true}$j$::jsonb) on conflict (id) do nothing;
insert into content_items (id, course_id, cefr_level, skill, type, prompt, payload, correct_answer, difficulty, tags) values
('82147aeb-b8e3-5f7c-ad26-50b6c1c76da1'::uuid,'20000000-0000-0000-0000-000000000006'::uuid,'B2','reading','match',$p$Une cada frase neerlandesa con su equivalente en español.$p$,$j${"pairs": [{"en": "Hij zegt dat hij moe is.", "es": "Dice que está cansado."}, {"en": "Ze vraagt of ik meega.", "es": "Pregunta si voy con ella."}, {"en": "Ik weet niet of het waar is.", "es": "No sé si es verdad."}]}$j$::jsonb,$j${"pairs": [["Hij zegt dat hij moe is.", "Dice que está cansado."], ["Ze vraagt of ik meega.", "Pregunta si voy con ella."], ["Ik weet niet of het waar is.", "No sé si es verdad."]]}$j$::jsonb,0.68,ARRAY[$p$unidad19$p$, $p$dat_of_verschil$p$, $p$reading$p$]),
('a0a35f68-83d6-572e-a83b-3cf005cf1e07'::uuid,'20000000-0000-0000-0000-000000000006'::uuid,'B2','reading','multiple_choice',$p$Pregunta indirecta: «Ze vroeg ___ ik tijd had.» (Preguntó si yo tenía tiempo.) Elige la conjunción correcta.$p$,$j${"options": ["of", "dat", "wat"]}$j$::jsonb,$j${"value": "of"}$j$::jsonb,0.68,ARRAY[$p$unidad19$p$, $p$of_indirecte_vraag$p$, $p$reading$p$]),
('5464accb-58fe-508d-89fb-3e4bc9abcece'::uuid,'20000000-0000-0000-0000-000000000006'::uuid,'B2','reading','multiple_choice',$p$Directo: «Ik ben ziek.» En indirecto pasado: «Hij zei dat hij ziek ___.» Elige el verbo con el desplazamiento correcto.$p$,$j${"options": ["was", "is", "geweest"]}$j$::jsonb,$j${"value": "was"}$j$::jsonb,0.68,ARRAY[$p$unidad19$p$, $p$tijdsverschuiving_is_was$p$, $p$reading$p$]),
('716679a8-3f71-5354-9a6e-118a03657170'::uuid,'20000000-0000-0000-0000-000000000006'::uuid,'B2','reading','multiple_choice',$p$Directo: «Ze heeft een auto.» En indirecto pasado: «Ze zei dat ze een auto ___.» Elige la forma correcta.$p$,$j${"options": ["had", "heeft", "hadden"]}$j$::jsonb,$j${"value": "had"}$j$::jsonb,0.68,ARRAY[$p$unidad19$p$, $p$tijdsverschuiving_heeft_had$p$, $p$reading$p$]),
('8a58d6bf-9c35-5192-a436-9837b3393fb9'::uuid,'20000000-0000-0000-0000-000000000006'::uuid,'B2','reading','multiple_choice',$p$Orden referida en pasado: «Hij zei dat ik ___ komen.» (Dijo que yo tenía que venir.) Elige el verbo modal correcto.$p$,$j${"options": ["moest", "wilde", "kon"]}$j$::jsonb,$j${"value": "moest"}$j$::jsonb,0.68,ARRAY[$p$unidad19$p$, $p$bevel_indirect$p$, $p$reading$p$]),
('864467c0-7325-5e8e-be5c-38c84af35b34'::uuid,'20000000-0000-0000-0000-000000000006'::uuid,'B2','reading','match',$p$Une cada expresión periodística con su significado en español.$p$,$j${"pairs": [{"en": "volgens de woordvoerder", "es": "según el portavoz"}, {"en": "de minister verklaarde dat", "es": "el ministro declaró que"}, {"en": "de bron ontkende dat", "es": "la fuente negó que"}]}$j$::jsonb,$j${"pairs": [["volgens de woordvoerder", "según el portavoz"], ["de minister verklaarde dat", "el ministro declaró que"], ["de bron ontkende dat", "la fuente negó que"]]}$j$::jsonb,0.68,ARRAY[$p$unidad19$p$, $p$volgens_bron$p$, $p$reading$p$]),
('a6cff2fb-414e-5b24-bad8-38830f19ba4a'::uuid,'20000000-0000-0000-0000-000000000006'::uuid,'B2','writing','cloze',$p$Completa con la conjunción para una afirmación indirecta: «Hij zegt ___ hij morgen komt.» (Dice que viene mañana.)$p$,$j${"text": "Hij zegt ___ hij morgen komt."}$j$::jsonb,$j${"value": "dat", "accepted": ["dat"]}$j$::jsonb,0.68,ARRAY[$p$unidad19$p$, $p$dat_cloze$p$, $p$writing$p$]),
('25869ede-03c0-5333-8d1c-02f58f010f0e'::uuid,'20000000-0000-0000-0000-000000000006'::uuid,'B2','writing','cloze',$p$Directo: «Ik heb honger.» Pásalo a indirecto pasado: «Ze zei dat ze honger ___.» Escribe el verbo con desplazamiento.$p$,$j${"text": "Ze zei dat ze honger ___."}$j$::jsonb,$j${"value": "had", "accepted": ["had"]}$j$::jsonb,0.68,ARRAY[$p$unidad19$p$, $p$tijdsverschuiving_cloze$p$, $p$writing$p$]),
('e8bf64fd-229e-5694-a26e-86c45b08fad7'::uuid,'20000000-0000-0000-0000-000000000006'::uuid,'B2','writing','translation',$p$Traduce (perfectum → plusquamperfectum): «Dijo que había comprado un coche.»$p$,$j${"source": "Dijo que había comprado un coche."}$j$::jsonb,$j${"value": "Hij zei dat hij een auto had gekocht.", "accepted": ["Hij zei dat hij een auto had gekocht", "Hij zei dat hij een auto had gekocht.", "Ze zei dat ze een auto had gekocht", "Ze zei dat ze een auto had gekocht.", "Zij zei dat zij een auto had gekocht.", "Hij zei dat hij een auto gekocht had.", "Hij zei dat hij een auto gekocht had"]}$j$::jsonb,0.68,ARRAY[$p$unidad19$p$, $p$perfectum_plusquamperfectum$p$, $p$writing$p$]),
('2632d418-fb7b-5531-80f0-638a7589c4a1'::uuid,'20000000-0000-0000-0000-000000000006'::uuid,'B2','writing','translation',$p$Traduce (pregunta indirecta con «of» y desplazamiento): «Preguntó si yo venía.»$p$,$j${"source": "Preguntó si yo venía."}$j$::jsonb,$j${"value": "Ze vroeg of ik kwam.", "accepted": ["Ze vroeg of ik kwam", "Ze vroeg of ik kwam.", "Zij vroeg of ik kwam.", "Hij vroeg of ik kwam.", "Hij vroeg of ik kwam"]}$j$::jsonb,0.68,ARRAY[$p$unidad19$p$, $p$vraag_of_translation$p$, $p$writing$p$]),
('5901ecbd-bb8d-5431-892b-5d172487dc1b'::uuid,'20000000-0000-0000-0000-000000000006'::uuid,'B2','writing','word_bank',$p$Ordena las fichas (futuro zal → zou en indirecto pasado): «Dijo que vendría más tarde.»$p$,$j${"tiles": ["Hij", "zei", "dat", "hij", "later", "zou", "komen", "zal", "is"]}$j$::jsonb,$j${"value": "Hij zei dat hij later zou komen", "sequence": ["Hij", "zei", "dat", "hij", "later", "zou", "komen"]}$j$::jsonb,0.68,ARRAY[$p$unidad19$p$, $p$toekomst_zou$p$, $p$writing$p$]),
('10c8caf8-dcd4-5978-b50b-b18afecc0ef7'::uuid,'20000000-0000-0000-0000-000000000006'::uuid,'B2','writing','reorder',$p$Ordena las fichas para formar la frase periodística: «El ministro declaró que la investigación estaba terminada.»$p$,$j${"tiles": ["De", "minister", "verklaarde", "dat", "het", "onderzoek", "klaar", "was"]}$j$::jsonb,$j${"value": "De minister verklaarde dat het onderzoek klaar was"}$j$::jsonb,0.68,ARRAY[$p$unidad19$p$, $p$formeel_verklaren$p$, $p$writing$p$]),
('5df0bfa8-795b-556a-9cd8-7e8dcc678762'::uuid,'20000000-0000-0000-0000-000000000006'::uuid,'B2','listening','listening',$p$Escucha y elige la frase que oíste.$p$,$j${"options": ["Ze vroeg of ik het wist.", "Hij zei dat ik het wist.", "Ze weet niet of ik het wist."], "say": "Ze vroeg of ik het wist.", "audio_url": "https://wiauinufpbkmjlbqlkxo.supabase.co/storage/v1/object/public/audio/items/5df0bfa8-795b-556a-9cd8-7e8dcc678762.mp3"}$j$::jsonb,$j${"value": "Ze vroeg of ik het wist."}$j$::jsonb,0.68,ARRAY[$p$unidad19$p$, $p$of_luisteren$p$, $p$listening$p$]),
('0a578134-5b94-59bf-b061-9bdf9f770c97'::uuid,'20000000-0000-0000-0000-000000000006'::uuid,'B2','listening','listening',$p$Escucha y elige la frase que oíste.$p$,$j${"options": ["Hij zei dat hij ziek was.", "Hij zegt dat hij ziek is.", "Hij dacht dat hij ziek werd."], "say": "Hij zei dat hij ziek was.", "audio_url": "https://wiauinufpbkmjlbqlkxo.supabase.co/storage/v1/object/public/audio/items/0a578134-5b94-59bf-b061-9bdf9f770c97.mp3"}$j$::jsonb,$j${"value": "Hij zei dat hij ziek was."}$j$::jsonb,0.68,ARRAY[$p$unidad19$p$, $p$was_luisteren$p$, $p$listening$p$]),
('000d06d5-a58c-5937-a334-f73da124eeda'::uuid,'20000000-0000-0000-0000-000000000006'::uuid,'B2','listening','listening',$p$Escucha y elige la frase que oíste.$p$,$j${"options": ["Ze zei dat ik moest wachten.", "Ze vroeg of ik wilde wachten.", "Ze dacht dat ik kon wachten."], "say": "Ze zei dat ik moest wachten.", "audio_url": "https://wiauinufpbkmjlbqlkxo.supabase.co/storage/v1/object/public/audio/items/000d06d5-a58c-5937-a334-f73da124eeda.mp3"}$j$::jsonb,$j${"value": "Ze zei dat ik moest wachten."}$j$::jsonb,0.68,ARRAY[$p$unidad19$p$, $p$moest_luisteren$p$, $p$listening$p$]),
('3391e2ff-88a2-598e-ae6e-eda1b2bc621c'::uuid,'20000000-0000-0000-0000-000000000006'::uuid,'B2','listening','listening',$p$Escucha y elige la frase que oíste.$p$,$j${"options": ["De minister zei dat hij zou komen.", "De minister zegt dat hij zal komen.", "De woordvoerder dacht dat hij kon komen."], "say": "De minister zei dat hij zou komen.", "audio_url": "https://wiauinufpbkmjlbqlkxo.supabase.co/storage/v1/object/public/audio/items/3391e2ff-88a2-598e-ae6e-eda1b2bc621c.mp3"}$j$::jsonb,$j${"value": "De minister zei dat hij zou komen."}$j$::jsonb,0.68,ARRAY[$p$unidad19$p$, $p$zou_luisteren$p$, $p$listening$p$]),
('e8be5927-bf3b-55cd-b5a2-a980033e1ac7'::uuid,'20000000-0000-0000-0000-000000000006'::uuid,'B2','speaking','speaking_read_aloud',$p$Lee en voz alta:$p$,$j${"text": "Hij zei dat hij het boek al had gelezen.", "audio_url": "https://wiauinufpbkmjlbqlkxo.supabase.co/storage/v1/object/public/audio/items/e8be5927-bf3b-55cd-b5a2-a980033e1ac7.mp3"}$j$::jsonb,$j${"expected": "Hij zei dat hij het boek al had gelezen."}$j$::jsonb,0.68,ARRAY[$p$unidad19$p$, $p$spreken_tijdsverschuiving$p$, $p$speaking$p$]),
('d310fa01-097a-51e7-a22a-a5e97812c1c3'::uuid,'20000000-0000-0000-0000-000000000006'::uuid,'B2','speaking','speaking_read_aloud',$p$Lee en voz alta:$p$,$j${"text": "Ze vroeg of ik met haar meeging.", "audio_url": "https://wiauinufpbkmjlbqlkxo.supabase.co/storage/v1/object/public/audio/items/d310fa01-097a-51e7-a22a-a5e97812c1c3.mp3"}$j$::jsonb,$j${"expected": "Ze vroeg of ik met haar meeging."}$j$::jsonb,0.68,ARRAY[$p$unidad19$p$, $p$spreken_vraag$p$, $p$speaking$p$]),
('ec77812f-0a94-5e14-a151-e3fbb60c9cad'::uuid,'20000000-0000-0000-0000-000000000006'::uuid,'B2','speaking','speaking_read_aloud',$p$Lee en voz alta:$p$,$j${"text": "Volgens de woordvoerder had het bedrijf de fout toegegeven.", "audio_url": "https://wiauinufpbkmjlbqlkxo.supabase.co/storage/v1/object/public/audio/items/ec77812f-0a94-5e14-a151-e3fbb60c9cad.mp3"}$j$::jsonb,$j${"expected": "Volgens de woordvoerder had het bedrijf de fout toegegeven."}$j$::jsonb,0.68,ARRAY[$p$unidad19$p$, $p$spreken_formeel$p$, $p$speaking$p$])
on conflict (id) do update set prompt=excluded.prompt, payload=excluded.payload, correct_answer=excluded.correct_answer, difficulty=excluded.difficulty, tags=excluded.tags, updated_at=now();
insert into lesson_items (lesson_id, item_id, order_index) values
 ('ff92caaa-3ee9-5d2f-813e-d38dc559f760','82147aeb-b8e3-5f7c-ad26-50b6c1c76da1',1),
 ('ff92caaa-3ee9-5d2f-813e-d38dc559f760','a0a35f68-83d6-572e-a83b-3cf005cf1e07',2),
 ('ff92caaa-3ee9-5d2f-813e-d38dc559f760','a6cff2fb-414e-5b24-bad8-38830f19ba4a',3),
 ('ff92caaa-3ee9-5d2f-813e-d38dc559f760','5df0bfa8-795b-556a-9cd8-7e8dcc678762',4),
 ('079d5551-2864-5ec7-8283-66d825b8c062','5464accb-58fe-508d-89fb-3e4bc9abcece',1),
 ('079d5551-2864-5ec7-8283-66d825b8c062','716679a8-3f71-5354-9a6e-118a03657170',2),
 ('079d5551-2864-5ec7-8283-66d825b8c062','25869ede-03c0-5333-8d1c-02f58f010f0e',3),
 ('079d5551-2864-5ec7-8283-66d825b8c062','e8bf64fd-229e-5694-a26e-86c45b08fad7',4),
 ('079d5551-2864-5ec7-8283-66d825b8c062','0a578134-5b94-59bf-b061-9bdf9f770c97',5),
 ('079d5551-2864-5ec7-8283-66d825b8c062','e8be5927-bf3b-55cd-b5a2-a980033e1ac7',6),
 ('99e51a31-b8d3-52bd-8888-4038336954a0','8a58d6bf-9c35-5192-a436-9837b3393fb9',1),
 ('99e51a31-b8d3-52bd-8888-4038336954a0','2632d418-fb7b-5531-80f0-638a7589c4a1',2),
 ('99e51a31-b8d3-52bd-8888-4038336954a0','000d06d5-a58c-5937-a334-f73da124eeda',3),
 ('99e51a31-b8d3-52bd-8888-4038336954a0','d310fa01-097a-51e7-a22a-a5e97812c1c3',4),
 ('a8e98417-409f-5348-afae-bc7760a41d1d','864467c0-7325-5e8e-be5c-38c84af35b34',1),
 ('a8e98417-409f-5348-afae-bc7760a41d1d','5901ecbd-bb8d-5431-892b-5d172487dc1b',2),
 ('a8e98417-409f-5348-afae-bc7760a41d1d','10c8caf8-dcd4-5978-b50b-b18afecc0ef7',3),
 ('a8e98417-409f-5348-afae-bc7760a41d1d','3391e2ff-88a2-598e-ae6e-eda1b2bc621c',4),
 ('a8e98417-409f-5348-afae-bc7760a41d1d','ec77812f-0a94-5e14-a151-e3fbb60c9cad',5),
 ('12f480a6-16ae-53f1-b0a6-4235a801b5cf','82147aeb-b8e3-5f7c-ad26-50b6c1c76da1',1),
 ('12f480a6-16ae-53f1-b0a6-4235a801b5cf','a0a35f68-83d6-572e-a83b-3cf005cf1e07',2),
 ('12f480a6-16ae-53f1-b0a6-4235a801b5cf','5464accb-58fe-508d-89fb-3e4bc9abcece',3),
 ('12f480a6-16ae-53f1-b0a6-4235a801b5cf','a6cff2fb-414e-5b24-bad8-38830f19ba4a',4),
 ('12f480a6-16ae-53f1-b0a6-4235a801b5cf','25869ede-03c0-5333-8d1c-02f58f010f0e',5),
 ('12f480a6-16ae-53f1-b0a6-4235a801b5cf','e8bf64fd-229e-5694-a26e-86c45b08fad7',6),
 ('12f480a6-16ae-53f1-b0a6-4235a801b5cf','5df0bfa8-795b-556a-9cd8-7e8dcc678762',7),
 ('12f480a6-16ae-53f1-b0a6-4235a801b5cf','0a578134-5b94-59bf-b061-9bdf9f770c97',8),
 ('12f480a6-16ae-53f1-b0a6-4235a801b5cf','e8be5927-bf3b-55cd-b5a2-a980033e1ac7',9),
 ('12f480a6-16ae-53f1-b0a6-4235a801b5cf','d310fa01-097a-51e7-a22a-a5e97812c1c3',10)
on conflict (lesson_id, item_id) do nothing;
insert into vocabulary (id, course_id, word, translation, frequency_rank, part_of_speech) values
 ('7593d727-2e1f-597f-88ed-a481a7fddb0a','20000000-0000-0000-0000-000000000006',$p$beweren$p$,$p$afirmar / sostener$p$,481,'werkwoord'),
 ('0bd31a8b-6add-54d3-9596-b0e5683cc8fd','20000000-0000-0000-0000-000000000006',$p$de bewering$p$,$p$la afirmación$p$,482,'zelfstandig naamwoord'),
 ('765d19fb-d50f-5a88-b7a2-edd23c280afe','20000000-0000-0000-0000-000000000006',$p$de woordvoerder$p$,$p$el portavoz$p$,483,'zelfstandig naamwoord'),
 ('afe5be98-2b75-52b7-9427-29e09965abb4','20000000-0000-0000-0000-000000000006',$p$het bericht$p$,$p$la noticia / el mensaje$p$,484,'zelfstandig naamwoord'),
 ('0f481685-0b7d-5fba-a236-eb51adb67c62','20000000-0000-0000-0000-000000000006',$p$verklaren$p$,$p$declarar$p$,485,'werkwoord'),
 ('da804c2d-e1a2-5fcf-8827-0fe5f7828612','20000000-0000-0000-0000-000000000006',$p$de verklaring$p$,$p$la declaración$p$,486,'zelfstandig naamwoord'),
 ('ff819133-a037-53b9-94d1-df817d094342','20000000-0000-0000-0000-000000000006',$p$benadrukken$p$,$p$recalcar / subrayar$p$,487,'werkwoord'),
 ('3443b8a8-4caf-56cd-b6df-9f7bdc8d5f40','20000000-0000-0000-0000-000000000006',$p$ontkennen$p$,$p$negar$p$,488,'werkwoord'),
 ('b38cdb56-51cd-591e-ad3a-3680b7f2298a','20000000-0000-0000-0000-000000000006',$p$toegeven$p$,$p$admitir / reconocer$p$,489,'werkwoord'),
 ('a51eee4b-7e6f-5a06-bde3-c7f7ca50c47c','20000000-0000-0000-0000-000000000006',$p$volgens$p$,$p$según$p$,490,'voorzetsel'),
 ('d284b7a3-b8a1-5458-b247-221a32614ee3','20000000-0000-0000-0000-000000000006',$p$de bron$p$,$p$la fuente$p$,491,'zelfstandig naamwoord'),
 ('4027a779-8105-5f91-8b42-5f248b7c6c48','20000000-0000-0000-0000-000000000006',$p$het onderzoek$p$,$p$la investigación / el estudio$p$,492,'zelfstandig naamwoord'),
 ('797e63ba-5cea-5926-800b-7bfc742cec29','20000000-0000-0000-0000-000000000006',$p$de minister$p$,$p$el ministro / la ministra$p$,493,'zelfstandig naamwoord'),
 ('4bd16b36-2c7c-57e2-a420-01e9688264bb','20000000-0000-0000-0000-000000000006',$p$eerder$p$,$p$antes / anteriormente$p$,494,'bijwoord'),
 ('a2b4f95e-263a-5d53-8930-4a2f03a25394','20000000-0000-0000-0000-000000000006',$p$onlangs$p$,$p$recientemente$p$,495,'bijwoord'),
 ('5b3a0221-e582-523e-89ca-69a4d87146c9','20000000-0000-0000-0000-000000000006',$p$of$p$,$p$si (en pregunta indirecta)$p$,496,'voegwoord')
on conflict (id) do nothing;

-- ── Unidad 20 (B2·nl): Pasiva avanzada (modales, impersonal) ──
insert into units (id, course_id, cefr_level, order_index, title, theme_color, icon) values
 ('53e37bf3-78bd-540d-b19b-fd263a945279','20000000-0000-0000-0000-000000000006','B2',20,$p$Pasiva avanzada (modales, impersonal)$p$,'#7E5109','build_circle')
on conflict (course_id, order_index) do update set title=excluded.title, cefr_level=excluded.cefr_level, theme_color=excluded.theme_color, icon=excluded.icon;
insert into lessons (id, unit_id, order_index, title, description, type, xp_reward) values
 ('513cfab4-64b7-5f67-81ad-ea41f06cc735','53e37bf3-78bd-540d-b19b-fd263a945279',1,$p$Pasiva con modales: moet/kan gedaan worden$p$,$p$Pasiva con modales: moet/kan gedaan worden$p$,'lesson',15),
 ('57121093-f403-50fa-9651-ce03556db66d','53e37bf3-78bd-540d-b19b-fd263a945279',2,$p$Pasiva en todos los tiempos: wordt, werd, is gedaan$p$,$p$Pasiva en todos los tiempos: wordt, werd, is gedaan$p$,'lesson',15),
 ('20c2889d-1082-5c96-a836-6540fbbb17ff','53e37bf3-78bd-540d-b19b-fd263a945279',3,$p$Pasiva impersonal: Er wordt / Er werd$p$,$p$Pasiva impersonal: Er wordt / Er werd$p$,'lesson',15),
 ('70d5888d-642d-5668-a4e4-921dbc518d6e','53e37bf3-78bd-540d-b19b-fd263a945279',4,$p$El agente con door y repaso$p$,$p$El agente con door y repaso$p$,'lesson',15),
 ('ba7ea796-1b17-5992-8e10-3ab149e13c3c','53e37bf3-78bd-540d-b19b-fd263a945279',5,$p$🏁 Checkpoint Eenheid 20$p$,$p$Demuestra que dominas la voz pasiva neerlandesa avanzada: con verbos modales (Het moet gedaan worden), en todos los tiempos (wordt/werd + participio; perfecto pasivo Het is gedaan), la pasiva impersonal (Er wordt gedanst, Er werd veel gelachen) y el agente con door.$p$,'checkpoint',40)
on conflict (unit_id, order_index) do update set title=excluded.title, description=excluded.description;
insert into exams (id, course_id, type, cefr_level, unit_id, time_limit_sec, pass_threshold, sections) values
 ('a582afae-afaf-5a84-beee-7e68db2f6489','20000000-0000-0000-0000-000000000006','checkpoint','B2','53e37bf3-78bd-540d-b19b-fd263a945279',300,0.80,$j${"skills": ["reading", "listening", "writing", "speaking"], "item_count": 10, "randomize": true}$j$::jsonb) on conflict (id) do nothing;
insert into content_items (id, course_id, cefr_level, skill, type, prompt, payload, correct_answer, difficulty, tags) values
('f8f6693a-300c-50f8-ae35-3d77390fc2c9'::uuid,'20000000-0000-0000-0000-000000000006'::uuid,'B2','reading','match',$p$Une cada frase pasiva con modal con su equivalente en español.$p$,$j${"pairs": [{"en": "Het moet gedaan worden.", "es": "Tiene que hacerse."}, {"en": "Het kan gerepareerd worden.", "es": "Puede ser reparado."}, {"en": "Het mag niet gebruikt worden.", "es": "No puede/debe usarse."}]}$j$::jsonb,$j${"pairs": [["Het moet gedaan worden.", "Tiene que hacerse."], ["Het kan gerepareerd worden.", "Puede ser reparado."], ["Het mag niet gebruikt worden.", "No puede/debe usarse."]]}$j$::jsonb,0.68,ARRAY[$p$unidad20$p$, $p$passive_modal_match$p$, $p$reading$p$]),
('9b486f52-00f1-5e31-82b0-a760646bd749'::uuid,'20000000-0000-0000-0000-000000000006'::uuid,'B2','reading','multiple_choice',$p$Elige la forma correcta de la pasiva con modal: «El puente tiene que ser reparado con urgencia».$p$,$j${"options": ["De brug moet dringend gerepareerd worden.", "De brug moet dringend gerepareerd geworden.", "De brug moet dringend repareren worden."]}$j$::jsonb,$j${"value": "De brug moet dringend gerepareerd worden."}$j$::jsonb,0.68,ARRAY[$p$unidad20$p$, $p$passive_modal_choice$p$, $p$reading$p$]),
('d62d0f27-8733-57e3-b52f-dc215888c9a5'::uuid,'20000000-0000-0000-0000-000000000006'::uuid,'B2','reading','multiple_choice',$p$Perfecto pasivo (pasiva de acción en tiempo compuesto): «El trabajo ha sido terminado».$p$,$j${"options": ["Het werk is afgemaakt.", "Het werk is afgemaakt geworden.", "Het werk heeft afgemaakt."]}$j$::jsonb,$j${"value": "Het werk is afgemaakt."}$j$::jsonb,0.68,ARRAY[$p$unidad20$p$, $p$passive_tenses_choice$p$, $p$reading$p$]),
('c665f644-c14d-5700-b028-78b75e498971'::uuid,'20000000-0000-0000-0000-000000000006'::uuid,'B2','reading','multiple_choice',$p$Pasiva en pasado (imperfecto): «La casa fue construida en 1920».$p$,$j${"options": ["Het huis werd in 1920 gebouwd.", "Het huis wordt in 1920 gebouwd.", "Het huis is in 1920 gebouwd geworden."]}$j$::jsonb,$j${"value": "Het huis werd in 1920 gebouwd."}$j$::jsonb,0.68,ARRAY[$p$unidad20$p$, $p$passive_past_choice$p$, $p$reading$p$]),
('85136ac4-1494-5ee0-8b67-38b6d13746d0'::uuid,'20000000-0000-0000-0000-000000000006'::uuid,'B2','reading','match',$p$Une cada frase de pasiva impersonal con su equivalente en español.$p$,$j${"pairs": [{"en": "Er wordt gedanst.", "es": "Se baila."}, {"en": "Er werd veel gelachen.", "es": "Se rió mucho."}, {"en": "Er wordt hard gewerkt.", "es": "Se trabaja duro."}]}$j$::jsonb,$j${"pairs": [["Er wordt gedanst.", "Se baila."], ["Er werd veel gelachen.", "Se rió mucho."], ["Er wordt hard gewerkt.", "Se trabaja duro."]]}$j$::jsonb,0.68,ARRAY[$p$unidad20$p$, $p$passive_impersonal_match$p$, $p$reading$p$]),
('928fca8a-cb64-5b95-87ee-c6e7726eb15b'::uuid,'20000000-0000-0000-0000-000000000006'::uuid,'B2','reading','multiple_choice',$p$Pasiva con agente: «La queja fue investigada por el jefe».$p$,$j${"options": ["De klacht werd door de baas onderzocht.", "De klacht werd van de baas onderzocht.", "De klacht werd door de baas onderzoeken."]}$j$::jsonb,$j${"value": "De klacht werd door de baas onderzocht."}$j$::jsonb,0.68,ARRAY[$p$unidad20$p$, $p$passive_agent_choice$p$, $p$reading$p$]),
('c3e5dc72-6128-5788-8f14-72b0ed809998'::uuid,'20000000-0000-0000-0000-000000000006'::uuid,'B2','writing','cloze',$p$Completa con el infinitivo del auxiliar de pasiva: «El coche puede ser reparado hoy». De auto kan vandaag gerepareerd ___.$p$,$j${"text": "De auto kan vandaag gerepareerd ___."}$j$::jsonb,$j${"value": "worden", "accepted": ["worden"]}$j$::jsonb,0.68,ARRAY[$p$unidad20$p$, $p$passive_modal_cloze$p$, $p$writing$p$]),
('7b20bc54-b2cf-52db-8d9c-ed11eac38c0e'::uuid,'20000000-0000-0000-0000-000000000006'::uuid,'B2','writing','translation',$p$Traduce al neerlandés (pasiva con modal): «El mantenimiento tiene que hacerse cada año».$p$,$j${"source": "El mantenimiento tiene que hacerse cada año."}$j$::jsonb,$j${"value": "Het onderhoud moet elk jaar gedaan worden.", "accepted": ["Het onderhoud moet elk jaar gedaan worden", "Het onderhoud moet elk jaar gedaan worden.", "Het onderhoud moet ieder jaar gedaan worden.", "Het onderhoud moet ieder jaar gedaan worden", "Het onderhoud moet elk jaar worden gedaan.", "Het onderhoud moet elk jaar worden gedaan"]}$j$::jsonb,0.68,ARRAY[$p$unidad20$p$, $p$passive_modal_translation$p$, $p$writing$p$]),
('3cf29238-e349-5b6d-82f5-9b788f55b846'::uuid,'20000000-0000-0000-0000-000000000006'::uuid,'B2','writing','cloze',$p$Completa el perfecto pasivo (pasiva de acción, sin «geworden»): «La decisión ya ha sido tomada». Het besluit ___ al genomen.$p$,$j${"text": "Het besluit ___ al genomen."}$j$::jsonb,$j${"value": "is", "accepted": ["is"]}$j$::jsonb,0.68,ARRAY[$p$unidad20$p$, $p$passive_perfect_cloze$p$, $p$writing$p$]),
('9dbf0230-01e5-5f8b-84b1-2091bf030a71'::uuid,'20000000-0000-0000-0000-000000000006'::uuid,'B2','writing','translation',$p$Traduce al neerlandés (pasiva en pasado con agente): «El edificio fue diseñado por un arquitecto famoso».$p$,$j${"source": "El edificio fue diseñado por un arquitecto famoso."}$j$::jsonb,$j${"value": "Het gebouw werd door een beroemde architect ontworpen.", "accepted": ["Het gebouw werd door een beroemde architect ontworpen", "Het gebouw werd door een beroemde architect ontworpen.", "Het gebouw werd ontworpen door een beroemde architect.", "Het gebouw werd ontworpen door een beroemde architect", "Het gebouw is door een beroemde architect ontworpen.", "Het gebouw is door een beroemde architect ontworpen"]}$j$::jsonb,0.68,ARRAY[$p$unidad20$p$, $p$passive_past_translation$p$, $p$writing$p$]),
('d6a5e091-b3b5-50ce-913d-87b3e1046bab'::uuid,'20000000-0000-0000-0000-000000000006'::uuid,'B2','writing','word_bank',$p$Ordena las fichas: «En la fiesta se bailó mucho» (pasiva impersonal en pasado).$p$,$j${"tiles": ["Er", "werd", "op", "het", "feest", "veel", "gedanst", "wordt", "danst"]}$j$::jsonb,$j${"value": "Er werd op het feest veel gedanst", "sequence": ["Er", "werd", "op", "het", "feest", "veel", "gedanst"]}$j$::jsonb,0.68,ARRAY[$p$unidad20$p$, $p$passive_impersonal_wordbank$p$, $p$writing$p$]),
('585ee320-1a8c-5afa-bb41-48a50585a4b9'::uuid,'20000000-0000-0000-0000-000000000006'::uuid,'B2','writing','reorder',$p$Ordena las fichas: «La reunión será dirigida por la directora».$p$,$j${"tiles": ["De", "vergadering", "wordt", "door", "de", "directeur", "geleid"]}$j$::jsonb,$j${"value": "De vergadering wordt door de directeur geleid"}$j$::jsonb,0.68,ARRAY[$p$unidad20$p$, $p$passive_agent_reorder$p$, $p$writing$p$]),
('b620a72a-740a-5473-ad95-4f40083e0237'::uuid,'20000000-0000-0000-0000-000000000006'::uuid,'B2','listening','listening',$p$Escucha y elige la frase que oíste.$p$,$j${"options": ["Het probleem kan snel opgelost worden.", "Het probleem moet meteen opgelost worden.", "Het probleem is al opgelost geworden."], "say": "Het probleem kan snel opgelost worden.", "audio_url": "https://wiauinufpbkmjlbqlkxo.supabase.co/storage/v1/object/public/audio/items/b620a72a-740a-5473-ad95-4f40083e0237.mp3"}$j$::jsonb,$j${"value": "Het probleem kan snel opgelost worden."}$j$::jsonb,0.68,ARRAY[$p$unidad20$p$, $p$passive_modal_listen$p$, $p$listening$p$]),
('00d162f2-1d61-52a3-9e7c-cb4a3fdf791b'::uuid,'20000000-0000-0000-0000-000000000006'::uuid,'B2','listening','listening',$p$Escucha y elige la frase que oíste.$p$,$j${"options": ["De brief werd gisteren verstuurd.", "De brief wordt vandaag verstuurd.", "De brief is gisteren verstuurd."], "say": "De brief werd gisteren verstuurd.", "audio_url": "https://wiauinufpbkmjlbqlkxo.supabase.co/storage/v1/object/public/audio/items/00d162f2-1d61-52a3-9e7c-cb4a3fdf791b.mp3"}$j$::jsonb,$j${"value": "De brief werd gisteren verstuurd."}$j$::jsonb,0.68,ARRAY[$p$unidad20$p$, $p$passive_tense_listen$p$, $p$listening$p$]),
('131eb930-88af-54a4-a1fa-7529f4ac9a91'::uuid,'20000000-0000-0000-0000-000000000006'::uuid,'B2','listening','listening',$p$Escucha y elige la frase que oíste.$p$,$j${"options": ["Er werd veel gelachen tijdens het feest.", "Er wordt veel gedanst tijdens het feest.", "Er werd hard gewerkt tijdens het feest."], "say": "Er werd veel gelachen tijdens het feest.", "audio_url": "https://wiauinufpbkmjlbqlkxo.supabase.co/storage/v1/object/public/audio/items/131eb930-88af-54a4-a1fa-7529f4ac9a91.mp3"}$j$::jsonb,$j${"value": "Er werd veel gelachen tijdens het feest."}$j$::jsonb,0.68,ARRAY[$p$unidad20$p$, $p$passive_impersonal_listen$p$, $p$listening$p$]),
('daef92c8-0163-5c65-8be6-5ce98d028df7'::uuid,'20000000-0000-0000-0000-000000000006'::uuid,'B2','listening','listening',$p$Escucha y elige la frase que oíste.$p$,$j${"options": ["Het huis wordt door de aannemer gebouwd.", "Het huis werd door de monteur gebouwd.", "Het huis is door de aannemer gebouwd."], "say": "Het huis wordt door de aannemer gebouwd.", "audio_url": "https://wiauinufpbkmjlbqlkxo.supabase.co/storage/v1/object/public/audio/items/daef92c8-0163-5c65-8be6-5ce98d028df7.mp3"}$j$::jsonb,$j${"value": "Het huis wordt door de aannemer gebouwd."}$j$::jsonb,0.68,ARRAY[$p$unidad20$p$, $p$passive_agent_listen$p$, $p$listening$p$]),
('c4b69679-81e0-5529-95be-edbdda34c35f'::uuid,'20000000-0000-0000-0000-000000000006'::uuid,'B2','speaking','speaking_read_aloud',$p$Lee en voz alta:$p$,$j${"text": "De reparatie moet vandaag afgemaakt worden.", "audio_url": "https://wiauinufpbkmjlbqlkxo.supabase.co/storage/v1/object/public/audio/items/c4b69679-81e0-5529-95be-edbdda34c35f.mp3"}$j$::jsonb,$j${"expected": "De reparatie moet vandaag afgemaakt worden."}$j$::jsonb,0.68,ARRAY[$p$unidad20$p$, $p$passive_modal_speak$p$, $p$speaking$p$]),
('7afa9d5f-9da9-5f2c-bd3a-1ff1ca578258'::uuid,'20000000-0000-0000-0000-000000000006'::uuid,'B2','speaking','speaking_read_aloud',$p$Lee en voz alta:$p$,$j${"text": "Er wordt op het plein gedanst en gezongen.", "audio_url": "https://wiauinufpbkmjlbqlkxo.supabase.co/storage/v1/object/public/audio/items/7afa9d5f-9da9-5f2c-bd3a-1ff1ca578258.mp3"}$j$::jsonb,$j${"expected": "Er wordt op het plein gedanst en gezongen."}$j$::jsonb,0.68,ARRAY[$p$unidad20$p$, $p$passive_impersonal_speak$p$, $p$speaking$p$]),
('08109c45-3861-54bb-9139-c3df3f53cfcd'::uuid,'20000000-0000-0000-0000-000000000006'::uuid,'B2','speaking','speaking_read_aloud',$p$Lee en voz alta:$p$,$j${"text": "De klacht is door de manager onderzocht.", "audio_url": "https://wiauinufpbkmjlbqlkxo.supabase.co/storage/v1/object/public/audio/items/08109c45-3861-54bb-9139-c3df3f53cfcd.mp3"}$j$::jsonb,$j${"expected": "De klacht is door de manager onderzocht."}$j$::jsonb,0.68,ARRAY[$p$unidad20$p$, $p$passive_perfect_speak$p$, $p$speaking$p$])
on conflict (id) do update set prompt=excluded.prompt, payload=excluded.payload, correct_answer=excluded.correct_answer, difficulty=excluded.difficulty, tags=excluded.tags, updated_at=now();
insert into lesson_items (lesson_id, item_id, order_index) values
 ('513cfab4-64b7-5f67-81ad-ea41f06cc735','f8f6693a-300c-50f8-ae35-3d77390fc2c9',1),
 ('513cfab4-64b7-5f67-81ad-ea41f06cc735','9b486f52-00f1-5e31-82b0-a760646bd749',2),
 ('513cfab4-64b7-5f67-81ad-ea41f06cc735','c3e5dc72-6128-5788-8f14-72b0ed809998',3),
 ('513cfab4-64b7-5f67-81ad-ea41f06cc735','7b20bc54-b2cf-52db-8d9c-ed11eac38c0e',4),
 ('513cfab4-64b7-5f67-81ad-ea41f06cc735','b620a72a-740a-5473-ad95-4f40083e0237',5),
 ('513cfab4-64b7-5f67-81ad-ea41f06cc735','c4b69679-81e0-5529-95be-edbdda34c35f',6),
 ('57121093-f403-50fa-9651-ce03556db66d','d62d0f27-8733-57e3-b52f-dc215888c9a5',1),
 ('57121093-f403-50fa-9651-ce03556db66d','c665f644-c14d-5700-b028-78b75e498971',2),
 ('57121093-f403-50fa-9651-ce03556db66d','3cf29238-e349-5b6d-82f5-9b788f55b846',3),
 ('57121093-f403-50fa-9651-ce03556db66d','9dbf0230-01e5-5f8b-84b1-2091bf030a71',4),
 ('57121093-f403-50fa-9651-ce03556db66d','00d162f2-1d61-52a3-9e7c-cb4a3fdf791b',5),
 ('57121093-f403-50fa-9651-ce03556db66d','08109c45-3861-54bb-9139-c3df3f53cfcd',6),
 ('20c2889d-1082-5c96-a836-6540fbbb17ff','85136ac4-1494-5ee0-8b67-38b6d13746d0',1),
 ('20c2889d-1082-5c96-a836-6540fbbb17ff','d6a5e091-b3b5-50ce-913d-87b3e1046bab',2),
 ('20c2889d-1082-5c96-a836-6540fbbb17ff','131eb930-88af-54a4-a1fa-7529f4ac9a91',3),
 ('20c2889d-1082-5c96-a836-6540fbbb17ff','7afa9d5f-9da9-5f2c-bd3a-1ff1ca578258',4),
 ('70d5888d-642d-5668-a4e4-921dbc518d6e','928fca8a-cb64-5b95-87ee-c6e7726eb15b',1),
 ('70d5888d-642d-5668-a4e4-921dbc518d6e','585ee320-1a8c-5afa-bb41-48a50585a4b9',2),
 ('70d5888d-642d-5668-a4e4-921dbc518d6e','daef92c8-0163-5c65-8be6-5ce98d028df7',3),
 ('ba7ea796-1b17-5992-8e10-3ab149e13c3c','f8f6693a-300c-50f8-ae35-3d77390fc2c9',1),
 ('ba7ea796-1b17-5992-8e10-3ab149e13c3c','9b486f52-00f1-5e31-82b0-a760646bd749',2),
 ('ba7ea796-1b17-5992-8e10-3ab149e13c3c','d62d0f27-8733-57e3-b52f-dc215888c9a5',3),
 ('ba7ea796-1b17-5992-8e10-3ab149e13c3c','c3e5dc72-6128-5788-8f14-72b0ed809998',4),
 ('ba7ea796-1b17-5992-8e10-3ab149e13c3c','7b20bc54-b2cf-52db-8d9c-ed11eac38c0e',5),
 ('ba7ea796-1b17-5992-8e10-3ab149e13c3c','3cf29238-e349-5b6d-82f5-9b788f55b846',6),
 ('ba7ea796-1b17-5992-8e10-3ab149e13c3c','b620a72a-740a-5473-ad95-4f40083e0237',7),
 ('ba7ea796-1b17-5992-8e10-3ab149e13c3c','00d162f2-1d61-52a3-9e7c-cb4a3fdf791b',8),
 ('ba7ea796-1b17-5992-8e10-3ab149e13c3c','c4b69679-81e0-5529-95be-edbdda34c35f',9),
 ('ba7ea796-1b17-5992-8e10-3ab149e13c3c','7afa9d5f-9da9-5f2c-bd3a-1ff1ca578258',10)
on conflict (lesson_id, item_id) do nothing;
insert into vocabulary (id, course_id, word, translation, frequency_rank, part_of_speech) values
 ('0f364389-8518-5b0c-a576-541d28eab5a5','20000000-0000-0000-0000-000000000006',$p$de reparatie$p$,$p$la reparación$p$,501,'zelfstandig naamwoord'),
 ('d214328a-3a01-55a5-b8ea-f8e542494bc2','20000000-0000-0000-0000-000000000006',$p$het onderhoud$p$,$p$el mantenimiento$p$,502,'zelfstandig naamwoord'),
 ('e3268862-9d4d-5d6a-a81a-b3b61ad51c4f','20000000-0000-0000-0000-000000000006',$p$de monteur$p$,$p$el mecánico$p$,503,'zelfstandig naamwoord'),
 ('f2d00aac-59e6-51dd-895a-65bbcdec818c','20000000-0000-0000-0000-000000000006',$p$de aannemer$p$,$p$el contratista$p$,504,'zelfstandig naamwoord'),
 ('997b7317-316b-5530-b15d-c55d5c6dc58e','20000000-0000-0000-0000-000000000006',$p$de vergadering$p$,$p$la reunión$p$,505,'zelfstandig naamwoord'),
 ('de833c6c-67d8-5d11-9b6d-6098bc4c241d','20000000-0000-0000-0000-000000000006',$p$het besluit$p$,$p$la decisión$p$,506,'zelfstandig naamwoord'),
 ('1aeb86ec-5514-5afa-a789-f530987546eb','20000000-0000-0000-0000-000000000006',$p$de wet$p$,$p$la ley$p$,507,'zelfstandig naamwoord'),
 ('49e71214-700a-5ccd-a5db-33d625b8c01e','20000000-0000-0000-0000-000000000006',$p$het gebouw$p$,$p$el edificio$p$,508,'zelfstandig naamwoord'),
 ('1cb9ffc9-0e75-5d22-b8b7-e1322266d05c','20000000-0000-0000-0000-000000000006',$p$de brug$p$,$p$el puente$p$,509,'zelfstandig naamwoord'),
 ('7da17139-57ff-57a8-af3a-6c9ed1984cb6','20000000-0000-0000-0000-000000000006',$p$de klacht$p$,$p$la queja$p$,510,'zelfstandig naamwoord'),
 ('8c80889e-b057-5b07-b0bb-38ee6b32edbf','20000000-0000-0000-0000-000000000006',$p$repareren$p$,$p$reparar$p$,511,'werkwoord'),
 ('81e0672d-d9a2-59c8-9695-a616cb63665c','20000000-0000-0000-0000-000000000006',$p$bespreken$p$,$p$discutir / tratar$p$,512,'werkwoord'),
 ('4f1f1c93-6f51-5ce8-ad6b-74280e00cc57','20000000-0000-0000-0000-000000000006',$p$afmaken$p$,$p$terminar$p$,513,'werkwoord'),
 ('6c1d775b-5a24-5d43-abdc-d230600fc33d','20000000-0000-0000-0000-000000000006',$p$bouwen$p$,$p$construir$p$,514,'werkwoord'),
 ('5c13828e-d034-5db0-9db0-5477f1cefa5a','20000000-0000-0000-0000-000000000006',$p$onderzoeken$p$,$p$investigar$p$,515,'werkwoord'),
 ('57e36e87-77cc-5d65-9084-bb7a00ce368d','20000000-0000-0000-0000-000000000006',$p$dringend$p$,$p$urgente$p$,516,'bijvoeglijk naamwoord')
on conflict (id) do nothing;

-- ── Unidad 21 (B2·nl): Participios como adjetivos ──
insert into units (id, course_id, cefr_level, order_index, title, theme_color, icon) values
 ('955a9f13-e781-5733-9ab3-28d3ad7dd32d','20000000-0000-0000-0000-000000000006','B2',21,$p$Participios como adjetivos$p$,'#0E6251','style')
on conflict (course_id, order_index) do update set title=excluded.title, cefr_level=excluded.cefr_level, theme_color=excluded.theme_color, icon=excluded.icon;
insert into lessons (id, unit_id, order_index, title, description, type, xp_reward) values
 ('79d27ecb-30d3-5268-8416-dd45ed779cb2','955a9f13-e781-5733-9ab3-28d3ad7dd32d',1,$p$El participio presente: la acción en curso$p$,$p$El participio presente: la acción en curso$p$,'lesson',15),
 ('f01ed1af-f077-52df-840c-419617cda40e','955a9f13-e781-5733-9ab3-28d3ad7dd32d',2,$p$El participio pasado como adjetivo$p$,$p$El participio pasado como adjetivo$p$,'lesson',15),
 ('3bcf630a-947a-5dab-ace7-bc144d809801','955a9f13-e781-5733-9ab3-28d3ad7dd32d',3,$p$La verbuiging: -e o sin -e$p$,$p$La verbuiging: -e o sin -e$p$,'lesson',15),
 ('9325efee-e358-57aa-a259-3ac4ca18061c','955a9f13-e781-5733-9ab3-28d3ad7dd32d',4,$p$Contrastes y matices en contexto$p$,$p$Contrastes y matices en contexto$p$,'lesson',15),
 ('241d33f3-b62c-5ca1-8d99-d3351115d5b7','955a9f13-e781-5733-9ab3-28d3ad7dd32d',5,$p$🏁 Checkpoint Eenheid 21$p$,$p$Demuestra que sabes usar participios como adjetivos delante del sustantivo: el tegenwoordig deelwoord (infinitivo + d: de lachende man, het rennende kind) para una acción en curso, y el voltooid deelwoord (de gekookte eieren, de gerepareerde auto) para un resultado o pasivo, con la verbuiging correcta (-e tras de-woord/het-woord determinado; sin -e tras 'een' + het-woord: een gekookt ei).$p$,'checkpoint',40)
on conflict (unit_id, order_index) do update set title=excluded.title, description=excluded.description;
insert into exams (id, course_id, type, cefr_level, unit_id, time_limit_sec, pass_threshold, sections) values
 ('e2c53bfc-d92f-59af-a05d-0645fd8256c9','20000000-0000-0000-0000-000000000006','checkpoint','B2','955a9f13-e781-5733-9ab3-28d3ad7dd32d',300,0.80,$j${"skills": ["reading", "listening", "writing", "speaking"], "item_count": 10, "randomize": true}$j$::jsonb) on conflict (id) do nothing;
insert into content_items (id, course_id, cefr_level, skill, type, prompt, payload, correct_answer, difficulty, tags) values
('5fb477c6-3fc4-57b4-91ab-90342756966a'::uuid,'20000000-0000-0000-0000-000000000006'::uuid,'B2','reading','match',$p$Une cada participio presente con su significado en español.$p$,$j${"pairs": [{"en": "de lachende man", "es": "el hombre que ríe"}, {"en": "de huilende baby", "es": "el bebé que llora"}, {"en": "het rennende kind", "es": "el niño que corre"}]}$j$::jsonb,$j${"pairs": [["de lachende man", "el hombre que ríe"], ["de huilende baby", "el bebé que llora"], ["het rennende kind", "el niño que corre"]]}$j$::jsonb,0.68,ARRAY[$p$unidad21$p$, $p$tegenwoordig_deelwoord_vorm$p$, $p$reading$p$]),
('4a762202-f867-545e-a823-819ae5bc96f7'::uuid,'20000000-0000-0000-0000-000000000006'::uuid,'B2','reading','multiple_choice',$p$Elige el participio presente correcto para «las hojas que caen».$p$,$j${"options": ["de vallende bladeren", "de gevallen bladeren", "de valt bladeren"]}$j$::jsonb,$j${"value": "de vallende bladeren"}$j$::jsonb,0.68,ARRAY[$p$unidad21$p$, $p$tegenwoordig_deelwoord_keuze$p$, $p$reading$p$]),
('4c42dd5b-1c43-5d64-b92b-358f2a7c1dfd'::uuid,'20000000-0000-0000-0000-000000000006'::uuid,'B2','reading','multiple_choice',$p$«De brandende kaars» describe una vela que arde ahora: elige la traducción correcta.$p$,$j${"options": ["la vela encendida (que arde ahora)", "la vela apagada", "la vela comprada"]}$j$::jsonb,$j${"value": "la vela encendida (que arde ahora)"}$j$::jsonb,0.68,ARRAY[$p$unidad21$p$, $p$tegenwoordig_deelwoord_betekenis$p$, $p$reading$p$]),
('99094bb8-6ba6-5507-bf76-314494b0d32a'::uuid,'20000000-0000-0000-0000-000000000006'::uuid,'B2','reading','match',$p$Une cada participio pasado con su significado en español.$p$,$j${"pairs": [{"en": "de gekookte eieren", "es": "los huevos cocidos"}, {"en": "de gerepareerde auto", "es": "el coche reparado"}, {"en": "de geschreven brief", "es": "la carta escrita"}]}$j$::jsonb,$j${"pairs": [["de gekookte eieren", "los huevos cocidos"], ["de gerepareerde auto", "el coche reparado"], ["de geschreven brief", "la carta escrita"]]}$j$::jsonb,0.68,ARRAY[$p$unidad21$p$, $p$voltooid_deelwoord_vorm$p$, $p$reading$p$]),
('30f422e9-0d38-5d00-b867-0e2ab4bdff8d'::uuid,'20000000-0000-0000-0000-000000000006'::uuid,'B2','reading','multiple_choice',$p$Elige el participio pasado (resultado) correcto para «el vidrio roto».$p$,$j${"options": ["het gebroken glas", "het brekende glas", "het breekt glas"]}$j$::jsonb,$j${"value": "het gebroken glas"}$j$::jsonb,0.68,ARRAY[$p$unidad21$p$, $p$voltooid_deelwoord_keuze$p$, $p$reading$p$]),
('986d4436-0bfa-51f4-8379-ea4e071fd25d'::uuid,'20000000-0000-0000-0000-000000000006'::uuid,'B2','reading','multiple_choice',$p$Un huevo que YA está cocido (het-woord con artículo determinado) se dice: elige la opción correcta.$p$,$j${"options": ["het gekookte ei", "het kokende ei", "het kookt ei"]}$j$::jsonb,$j${"value": "het gekookte ei"}$j$::jsonb,0.68,ARRAY[$p$unidad21$p$, $p$deelwoord_contrast$p$, $p$reading$p$]),
('63887d3a-6d16-566b-9941-35f5bf13962c'::uuid,'20000000-0000-0000-0000-000000000006'::uuid,'B2','writing','cloze',$p$Completa con el participio presente de «slapen» (dormir): «de ___ hond» (el perro que duerme).$p$,$j${"text": "de ___ hond"}$j$::jsonb,$j${"value": "slapende", "accepted": ["slapende"]}$j$::jsonb,0.68,ARRAY[$p$unidad21$p$, $p$tegenwoordig_deelwoord_cloze$p$, $p$writing$p$]),
('32e39910-e660-5af9-88a9-bb089c87f15f'::uuid,'20000000-0000-0000-0000-000000000006'::uuid,'B2','writing','cloze',$p$Completa con el participio pasado de «bakken» (freír): «de ___ vis» (el pescado frito).$p$,$j${"text": "de ___ vis"}$j$::jsonb,$j${"value": "gebakken", "accepted": ["gebakken"]}$j$::jsonb,0.68,ARRAY[$p$unidad21$p$, $p$voltooid_deelwoord_cloze$p$, $p$writing$p$]),
('c2d2bd57-78fa-5296-8a4a-de114ea22ceb'::uuid,'20000000-0000-0000-0000-000000000006'::uuid,'B2','writing','cloze',$p$Tras «een» + het-woord el participio NO lleva -e. Completa: «een ___ ei» (un huevo cocido).$p$,$j${"text": "een ___ ei"}$j$::jsonb,$j${"value": "gekookt", "accepted": ["gekookt"]}$j$::jsonb,0.68,ARRAY[$p$unidad21$p$, $p$verbuiging_geen_e$p$, $p$writing$p$]),
('9896bebc-5473-5e4b-aed5-a2b9f193927b'::uuid,'20000000-0000-0000-0000-000000000006'::uuid,'B2','writing','translation',$p$Traduce al neerlandés: «la habitación calentada».$p$,$j${"source": "la habitación calentada"}$j$::jsonb,$j${"value": "de verwarmde kamer", "accepted": ["de verwarmde kamer", "de verwarmde kamer."]}$j$::jsonb,0.68,ARRAY[$p$unidad21$p$, $p$verbuiging_translation$p$, $p$writing$p$]),
('77bd1ea0-b6c6-5de6-b70b-c109160e2e55'::uuid,'20000000-0000-0000-0000-000000000006'::uuid,'B2','writing','word_bank',$p$Ordena las fichas para formar «el coche reparado».$p$,$j${"tiles": ["de", "gerepareerde", "auto", "reparerende", "gerepareerd"]}$j$::jsonb,$j${"value": "de gerepareerde auto", "sequence": ["de", "gerepareerde", "auto"]}$j$::jsonb,0.68,ARRAY[$p$unidad21$p$, $p$voltooid_deelwoord_wordbank$p$, $p$writing$p$]),
('cdbeee4e-d27e-5068-a108-8bca432fdde6'::uuid,'20000000-0000-0000-0000-000000000006'::uuid,'B2','writing','reorder',$p$Ordena las fichas para formar «El niño que corre está feliz»: «Het rennende kind is blij».$p$,$j${"tiles": ["Het", "rennende", "kind", "is", "blij", "gerend"]}$j$::jsonb,$j${"value": "Het rennende kind is blij"}$j$::jsonb,0.68,ARRAY[$p$unidad21$p$, $p$deelwoord_reorder$p$, $p$writing$p$]),
('0bbff124-2450-50e8-b8ab-a22a676ad856'::uuid,'20000000-0000-0000-0000-000000000006'::uuid,'B2','listening','listening',$p$Escucha y elige la frase que oíste.$p$,$j${"options": ["de lachende man", "de huilende man", "de slapende man"], "say": "de lachende man", "audio_url": "https://wiauinufpbkmjlbqlkxo.supabase.co/storage/v1/object/public/audio/items/0bbff124-2450-50e8-b8ab-a22a676ad856.mp3"}$j$::jsonb,$j${"value": "de lachende man"}$j$::jsonb,0.68,ARRAY[$p$unidad21$p$, $p$tegenwoordig_deelwoord_listening$p$, $p$listening$p$]),
('26dcb219-e23b-50c4-a184-dabb567c2331'::uuid,'20000000-0000-0000-0000-000000000006'::uuid,'B2','listening','listening',$p$Escucha y elige la frase que oíste.$p$,$j${"options": ["de gekookte aardappelen", "de gebakken aardappelen", "de gebroken aardappelen"], "say": "de gekookte aardappelen", "audio_url": "https://wiauinufpbkmjlbqlkxo.supabase.co/storage/v1/object/public/audio/items/26dcb219-e23b-50c4-a184-dabb567c2331.mp3"}$j$::jsonb,$j${"value": "de gekookte aardappelen"}$j$::jsonb,0.68,ARRAY[$p$unidad21$p$, $p$voltooid_deelwoord_listening$p$, $p$listening$p$]),
('c342edda-dca1-5a78-a7f9-4b5ed85977aa'::uuid,'20000000-0000-0000-0000-000000000006'::uuid,'B2','listening','listening',$p$Escucha y elige la frase que oíste.$p$,$j${"options": ["het gesloten raam", "het geopende raam", "het gebroken raam"], "say": "het gesloten raam", "audio_url": "https://wiauinufpbkmjlbqlkxo.supabase.co/storage/v1/object/public/audio/items/c342edda-dca1-5a78-a7f9-4b5ed85977aa.mp3"}$j$::jsonb,$j${"value": "het gesloten raam"}$j$::jsonb,0.68,ARRAY[$p$unidad21$p$, $p$verbuiging_listening$p$, $p$listening$p$]),
('8a420e4c-9416-5d49-b920-290d919f95a3'::uuid,'20000000-0000-0000-0000-000000000006'::uuid,'B2','listening','listening',$p$Escucha y elige la frase que oíste.$p$,$j${"options": ["de brandende kaars", "de vallende kaars", "de stromende kaars"], "say": "de brandende kaars", "audio_url": "https://wiauinufpbkmjlbqlkxo.supabase.co/storage/v1/object/public/audio/items/8a420e4c-9416-5d49-b920-290d919f95a3.mp3"}$j$::jsonb,$j${"value": "de brandende kaars"}$j$::jsonb,0.68,ARRAY[$p$unidad21$p$, $p$deelwoord_contrast_listening$p$, $p$listening$p$]),
('bd0a3386-962c-5ee1-9ef2-214c37b5b93e'::uuid,'20000000-0000-0000-0000-000000000006'::uuid,'B2','speaking','speaking_read_aloud',$p$Lee en voz alta:$p$,$j${"text": "Het spelende kind lacht in de tuin.", "audio_url": "https://wiauinufpbkmjlbqlkxo.supabase.co/storage/v1/object/public/audio/items/bd0a3386-962c-5ee1-9ef2-214c37b5b93e.mp3"}$j$::jsonb,$j${"expected": "Het spelende kind lacht in de tuin."}$j$::jsonb,0.68,ARRAY[$p$unidad21$p$, $p$tegenwoordig_deelwoord_speaking$p$, $p$speaking$p$]),
('d00b952c-8994-560b-bcf1-279cea19f398'::uuid,'20000000-0000-0000-0000-000000000006'::uuid,'B2','speaking','speaking_read_aloud',$p$Lee en voz alta:$p$,$j${"text": "De gerepareerde auto staat weer voor de deur.", "audio_url": "https://wiauinufpbkmjlbqlkxo.supabase.co/storage/v1/object/public/audio/items/d00b952c-8994-560b-bcf1-279cea19f398.mp3"}$j$::jsonb,$j${"expected": "De gerepareerde auto staat weer voor de deur."}$j$::jsonb,0.68,ARRAY[$p$unidad21$p$, $p$voltooid_deelwoord_speaking$p$, $p$speaking$p$]),
('1bca7703-9cd1-54a4-b9a1-59044b12ae6d'::uuid,'20000000-0000-0000-0000-000000000006'::uuid,'B2','speaking','speaking_read_aloud',$p$Lee en voz alta:$p$,$j${"text": "Een gekookt ei is lekker, maar de gebakken eieren zijn beter.", "audio_url": "https://wiauinufpbkmjlbqlkxo.supabase.co/storage/v1/object/public/audio/items/1bca7703-9cd1-54a4-b9a1-59044b12ae6d.mp3"}$j$::jsonb,$j${"expected": "Een gekookt ei is lekker, maar de gebakken eieren zijn beter."}$j$::jsonb,0.68,ARRAY[$p$unidad21$p$, $p$verbuiging_speaking$p$, $p$speaking$p$])
on conflict (id) do update set prompt=excluded.prompt, payload=excluded.payload, correct_answer=excluded.correct_answer, difficulty=excluded.difficulty, tags=excluded.tags, updated_at=now();
insert into lesson_items (lesson_id, item_id, order_index) values
 ('79d27ecb-30d3-5268-8416-dd45ed779cb2','5fb477c6-3fc4-57b4-91ab-90342756966a',1),
 ('79d27ecb-30d3-5268-8416-dd45ed779cb2','4a762202-f867-545e-a823-819ae5bc96f7',2),
 ('79d27ecb-30d3-5268-8416-dd45ed779cb2','4c42dd5b-1c43-5d64-b92b-358f2a7c1dfd',3),
 ('79d27ecb-30d3-5268-8416-dd45ed779cb2','63887d3a-6d16-566b-9941-35f5bf13962c',4),
 ('79d27ecb-30d3-5268-8416-dd45ed779cb2','0bbff124-2450-50e8-b8ab-a22a676ad856',5),
 ('79d27ecb-30d3-5268-8416-dd45ed779cb2','bd0a3386-962c-5ee1-9ef2-214c37b5b93e',6),
 ('f01ed1af-f077-52df-840c-419617cda40e','99094bb8-6ba6-5507-bf76-314494b0d32a',1),
 ('f01ed1af-f077-52df-840c-419617cda40e','30f422e9-0d38-5d00-b867-0e2ab4bdff8d',2),
 ('f01ed1af-f077-52df-840c-419617cda40e','32e39910-e660-5af9-88a9-bb089c87f15f',3),
 ('f01ed1af-f077-52df-840c-419617cda40e','77bd1ea0-b6c6-5de6-b70b-c109160e2e55',4),
 ('f01ed1af-f077-52df-840c-419617cda40e','26dcb219-e23b-50c4-a184-dabb567c2331',5),
 ('f01ed1af-f077-52df-840c-419617cda40e','d00b952c-8994-560b-bcf1-279cea19f398',6),
 ('3bcf630a-947a-5dab-ace7-bc144d809801','c2d2bd57-78fa-5296-8a4a-de114ea22ceb',1),
 ('3bcf630a-947a-5dab-ace7-bc144d809801','9896bebc-5473-5e4b-aed5-a2b9f193927b',2),
 ('3bcf630a-947a-5dab-ace7-bc144d809801','c342edda-dca1-5a78-a7f9-4b5ed85977aa',3),
 ('3bcf630a-947a-5dab-ace7-bc144d809801','1bca7703-9cd1-54a4-b9a1-59044b12ae6d',4),
 ('9325efee-e358-57aa-a259-3ac4ca18061c','986d4436-0bfa-51f4-8379-ea4e071fd25d',1),
 ('9325efee-e358-57aa-a259-3ac4ca18061c','cdbeee4e-d27e-5068-a108-8bca432fdde6',2),
 ('9325efee-e358-57aa-a259-3ac4ca18061c','8a420e4c-9416-5d49-b920-290d919f95a3',3),
 ('241d33f3-b62c-5ca1-8d99-d3351115d5b7','5fb477c6-3fc4-57b4-91ab-90342756966a',1),
 ('241d33f3-b62c-5ca1-8d99-d3351115d5b7','4a762202-f867-545e-a823-819ae5bc96f7',2),
 ('241d33f3-b62c-5ca1-8d99-d3351115d5b7','4c42dd5b-1c43-5d64-b92b-358f2a7c1dfd',3),
 ('241d33f3-b62c-5ca1-8d99-d3351115d5b7','63887d3a-6d16-566b-9941-35f5bf13962c',4),
 ('241d33f3-b62c-5ca1-8d99-d3351115d5b7','32e39910-e660-5af9-88a9-bb089c87f15f',5),
 ('241d33f3-b62c-5ca1-8d99-d3351115d5b7','c2d2bd57-78fa-5296-8a4a-de114ea22ceb',6),
 ('241d33f3-b62c-5ca1-8d99-d3351115d5b7','0bbff124-2450-50e8-b8ab-a22a676ad856',7),
 ('241d33f3-b62c-5ca1-8d99-d3351115d5b7','26dcb219-e23b-50c4-a184-dabb567c2331',8),
 ('241d33f3-b62c-5ca1-8d99-d3351115d5b7','bd0a3386-962c-5ee1-9ef2-214c37b5b93e',9),
 ('241d33f3-b62c-5ca1-8d99-d3351115d5b7','d00b952c-8994-560b-bcf1-279cea19f398',10)
on conflict (lesson_id, item_id) do nothing;
insert into vocabulary (id, course_id, word, translation, frequency_rank, part_of_speech) values
 ('e3d95c1f-7375-5027-b871-c1e8ae654dd9','20000000-0000-0000-0000-000000000006',$p$de lachende man$p$,$p$el hombre que ríe$p$,521,'frase'),
 ('8b3ffa47-dbc6-5bba-a0d2-5d1d062e8a4a','20000000-0000-0000-0000-000000000006',$p$het rennende kind$p$,$p$el niño que corre$p$,522,'frase'),
 ('d35772de-8ce0-5f10-b6bf-39b997baabe3','20000000-0000-0000-0000-000000000006',$p$de huilende baby$p$,$p$el bebé que llora$p$,523,'frase'),
 ('927fda59-d57b-5ed8-a3b5-3294ee66c275','20000000-0000-0000-0000-000000000006',$p$de slapende hond$p$,$p$el perro dormido$p$,524,'frase'),
 ('28aa2a62-7833-508f-8ef0-1eb3674c1733','20000000-0000-0000-0000-000000000006',$p$de gekookte eieren$p$,$p$los huevos cocidos$p$,525,'frase'),
 ('84fcd981-8092-5b92-b2ce-498bb59f1aeb','20000000-0000-0000-0000-000000000006',$p$een gekookt ei$p$,$p$un huevo cocido$p$,526,'frase'),
 ('166ed6c7-b3b2-592f-8d34-d8aad3c33ef8','20000000-0000-0000-0000-000000000006',$p$de gerepareerde auto$p$,$p$el coche reparado$p$,527,'frase'),
 ('6d8d02e7-e471-5ce6-b302-6ef7ef923f8f','20000000-0000-0000-0000-000000000006',$p$de gebakken vis$p$,$p$el pescado frito$p$,528,'frase'),
 ('aa165856-3031-59ea-9623-ff2708acfe19','20000000-0000-0000-0000-000000000006',$p$de vallende bladeren$p$,$p$las hojas que caen$p$,529,'frase'),
 ('c5d06e50-fbea-5f9e-b898-f990617bb61d','20000000-0000-0000-0000-000000000006',$p$het gebroken glas$p$,$p$el vidrio roto$p$,530,'frase'),
 ('971f61fb-74e2-582c-ba1b-6ba29c32933d','20000000-0000-0000-0000-000000000006',$p$de stromende regen$p$,$p$la lluvia torrencial$p$,531,'frase'),
 ('831a3815-d3b7-5bd3-a485-b5f7306f9dc4','20000000-0000-0000-0000-000000000006',$p$de verwarmde kamer$p$,$p$la habitación calentada$p$,532,'frase'),
 ('71fa71e9-69dc-5a89-95ba-883f3e47ebd4','20000000-0000-0000-0000-000000000006',$p$een spelend kind$p$,$p$un niño que juega$p$,533,'frase'),
 ('bdb405c6-8ff6-5fae-ba27-730308cee65e','20000000-0000-0000-0000-000000000006',$p$de geschreven brief$p$,$p$la carta escrita$p$,534,'frase'),
 ('cf64f6d7-2df2-5104-a82a-04099bba2d14','20000000-0000-0000-0000-000000000006',$p$de brandende kaars$p$,$p$la vela encendida$p$,535,'frase'),
 ('cd5826f2-bd45-5cda-a74b-00340d63335f','20000000-0000-0000-0000-000000000006',$p$het gesloten raam$p$,$p$la ventana cerrada$p$,536,'frase')
on conflict (id) do nothing;

-- ── Unidad 22 (B2·nl): Conectores avanzados (niettemin, zowel…als) ──
insert into units (id, course_id, cefr_level, order_index, title, theme_color, icon) values
 ('b924b717-307c-581f-b5ef-3217bdbe0d37','20000000-0000-0000-0000-000000000006','B2',22,$p$Conectores avanzados (niettemin, zowel…als)$p$,'#4A235A','account_tree')
on conflict (course_id, order_index) do update set title=excluded.title, cefr_level=excluded.cefr_level, theme_color=excluded.theme_color, icon=excluded.icon;
insert into lessons (id, unit_id, order_index, title, description, type, xp_reward) values
 ('ee20fdc0-fb49-57c0-b2dc-5292fab3be7c','b924b717-307c-581f-b5ef-3217bdbe0d37',1,$p$Contraste formal: niettemin, desondanks, evenwel$p$,$p$Contraste formal: niettemin, desondanks, evenwel$p$,'lesson',15),
 ('109e1e6f-bab3-5eba-905a-0b6122e075f6','b924b717-307c-581f-b5ef-3217bdbe0d37',2,$p$Añadir y oponer: bovendien, daarentegen, immers$p$,$p$Añadir y oponer: bovendien, daarentegen, immers$p$,'lesson',15),
 ('9e491970-6fac-5d60-9539-b7d59c1b802a','b924b717-307c-581f-b5ef-3217bdbe0d37',3,$p$Pares correlativos: enerzijds…anderzijds, zowel…als, noch…noch$p$,$p$Pares correlativos: enerzijds…anderzijds, zowel…als, noch…noch$p$,'lesson',15),
 ('7848ed9d-732c-5f4d-8e60-0394d16063d2','b924b717-307c-581f-b5ef-3217bdbe0d37',4,$p$Concesión con verbo al final: hoewel, ofschoon$p$,$p$Concesión con verbo al final: hoewel, ofschoon$p$,'lesson',15),
 ('932dc654-483c-5fa2-9a66-d344a7e4abbd','b924b717-307c-581f-b5ef-3217bdbe0d37',5,$p$🏁 Checkpoint Eenheid 22$p$,$p$Demuestra que dominas los conectores avanzados del neerlandés formal: niettemin, desondanks, bovendien y daarentegen (que en posición inicial exigen inversión sujeto-verbo), hoewel y ofschoon (que envían el verbo al final de la subordinada), y los pares correlativos enerzijds…anderzijds, zowel…als, noch…noch. Elige el conector correcto y coloca el verbo en su sitio.$p$,'checkpoint',40)
on conflict (unit_id, order_index) do update set title=excluded.title, description=excluded.description;
insert into exams (id, course_id, type, cefr_level, unit_id, time_limit_sec, pass_threshold, sections) values
 ('986d3df9-98fb-5e00-bcd0-9bac0afdd2f2','20000000-0000-0000-0000-000000000006','checkpoint','B2','b924b717-307c-581f-b5ef-3217bdbe0d37',300,0.80,$j${"skills": ["reading", "listening", "writing", "speaking"], "item_count": 10, "randomize": true}$j$::jsonb) on conflict (id) do nothing;
insert into content_items (id, course_id, cefr_level, skill, type, prompt, payload, correct_answer, difficulty, tags) values
('971cad58-1a17-5162-9a6e-bf7463649737'::uuid,'20000000-0000-0000-0000-000000000006'::uuid,'B2','reading','match',$p$Une cada conector formal de contraste con su significado en español.$p$,$j${"pairs": [{"en": "niettemin", "es": "no obstante"}, {"en": "desondanks", "es": "a pesar de ello"}, {"en": "evenwel", "es": "sin embargo (formal)"}]}$j$::jsonb,$j${"pairs": [["niettemin", "no obstante"], ["desondanks", "a pesar de ello"], ["evenwel", "sin embargo (formal)"]]}$j$::jsonb,0.68,ARRAY[$p$unidad22$p$, $p$contrast_adverbs$p$, $p$reading$p$]),
('1b2f171b-1f01-53a8-9bcf-0fc7592145e9'::uuid,'20000000-0000-0000-0000-000000000006'::uuid,'B2','reading','multiple_choice',$p$El plan salió mal. Elige la continuación con 'niettemin' e inversión correcta del verbo.$p$,$j${"options": ["Niettemin bleef het team optimistisch.", "Niettemin het team bleef optimistisch.", "Niettemin het bleef team optimistisch."]}$j$::jsonb,$j${"value": "Niettemin bleef het team optimistisch."}$j$::jsonb,0.68,ARRAY[$p$unidad22$p$, $p$niettemin_inversion$p$, $p$reading$p$]),
('5f7f81b2-4d77-5029-9ea5-e50c16129f0d'::uuid,'20000000-0000-0000-0000-000000000006'::uuid,'B2','reading','multiple_choice',$p$Llovió todo el día. Elige la oración con 'desondanks' y el verbo en segunda posición.$p$,$j${"options": ["Desondanks gingen we naar het strand.", "Desondanks we gingen naar het strand.", "Desondanks naar het strand we gingen."]}$j$::jsonb,$j${"value": "Desondanks gingen we naar het strand."}$j$::jsonb,0.68,ARRAY[$p$unidad22$p$, $p$desondanks_inversion$p$, $p$reading$p$]),
('90191320-b4a1-5e75-a1c1-ae8366ec3668'::uuid,'20000000-0000-0000-0000-000000000006'::uuid,'B2','reading','multiple_choice',$p$Se presentan dos caras de un asunto. Elige el par correlativo correcto ('por una parte… por otra parte').$p$,$j${"options": ["Enerzijds is het duur, anderzijds is het van hoge kwaliteit.", "Zowel is het duur, noch is het van hoge kwaliteit.", "Enerzijds is het duur, niettemin is het van hoge kwaliteit."]}$j$::jsonb,$j${"value": "Enerzijds is het duur, anderzijds is het van hoge kwaliteit."}$j$::jsonb,0.68,ARRAY[$p$unidad22$p$, $p$enerzijds_anderzijds$p$, $p$reading$p$]),
('59bf5c80-ac6f-594e-ba17-1faaeb19ccb9'::uuid,'20000000-0000-0000-0000-000000000006'::uuid,'B2','reading','match',$p$Une cada expresión correlativa neerlandesa con su significado en español.$p$,$j${"pairs": [{"en": "zowel … als …", "es": "tanto… como…"}, {"en": "noch … noch …", "es": "ni… ni…"}, {"en": "enerzijds … anderzijds …", "es": "por una parte… por otra parte…"}]}$j$::jsonb,$j${"pairs": [["zowel … als …", "tanto… como…"], ["noch … noch …", "ni… ni…"], ["enerzijds … anderzijds …", "por una parte… por otra parte…"]]}$j$::jsonb,0.68,ARRAY[$p$unidad22$p$, $p$noch_noch$p$, $p$reading$p$]),
('b6c5fbe6-663d-54b4-a8d6-be039c415792'::uuid,'20000000-0000-0000-0000-000000000006'::uuid,'B2','writing','cloze',$p$Completa con el adverbio de contraste (empieza con n). Fíjate en que el verbo 'blijft' va justo después.$p$,$j${"text": "Het is een lastig project. ___ blijft de directie er vertrouwen in houden."}$j$::jsonb,$j${"value": "Niettemin", "accepted": ["Niettemin", "niettemin"]}$j$::jsonb,0.68,ARRAY[$p$unidad22$p$, $p$niettemin_cloze$p$, $p$writing$p$]),
('367ab000-3663-5643-92b5-b7ffc2c05c1c'::uuid,'20000000-0000-0000-0000-000000000006'::uuid,'B2','writing','translation',$p$Traduce al neerlandés formal usando 'evenwel' con inversión: 'Sin embargo, el resultado fue positivo.'$p$,$j${"source": "Sin embargo, el resultado fue positivo."}$j$::jsonb,$j${"value": "Evenwel was het resultaat positief.", "accepted": ["Evenwel was het resultaat positief.", "Evenwel was het resultaat positief", "Het resultaat was evenwel positief.", "Het resultaat was evenwel positief"]}$j$::jsonb,0.68,ARRAY[$p$unidad22$p$, $p$evenwel_translation$p$, $p$writing$p$]),
('d380fe62-d680-5b93-b9c8-cf7d7954fa69'::uuid,'20000000-0000-0000-0000-000000000006'::uuid,'B2','writing','cloze',$p$Completa con el adverbio que expresa contraste ('en cambio', empieza con d). El verbo 'zijn' lo sigue.$p$,$j${"text": "Mijn broer houdt van de stad. ___ zijn wij liever op het platteland."}$j$::jsonb,$j${"value": "Daarentegen", "accepted": ["Daarentegen", "daarentegen"]}$j$::jsonb,0.68,ARRAY[$p$unidad22$p$, $p$daarentegen_contrast$p$, $p$writing$p$]),
('e30b7756-6893-5be4-b903-7ac008a9901b'::uuid,'20000000-0000-0000-0000-000000000006'::uuid,'B2','writing','cloze',$p$Completa con el segundo elemento del par 'zowel … ___' (tanto… como).$p$,$j${"text": "Zowel de leraar ___ de leerlingen waren tevreden met het resultaat."}$j$::jsonb,$j${"value": "als", "accepted": ["als"]}$j$::jsonb,0.68,ARRAY[$p$unidad22$p$, $p$zowel_als_cloze$p$, $p$writing$p$]),
('bc633de3-c355-51c6-9b91-2a3c714302e6'::uuid,'20000000-0000-0000-0000-000000000006'::uuid,'B2','writing','translation',$p$Traduce usando 'noch … noch …': 'No tengo ni tiempo ni dinero.'$p$,$j${"source": "No tengo ni tiempo ni dinero."}$j$::jsonb,$j${"value": "Ik heb noch tijd noch geld.", "accepted": ["Ik heb noch tijd noch geld.", "Ik heb noch tijd noch geld"]}$j$::jsonb,0.68,ARRAY[$p$unidad22$p$, $p$noch_noch_translation$p$, $p$writing$p$]),
('0b59be23-555a-5baf-9f2a-7280c0d3eb5f'::uuid,'20000000-0000-0000-0000-000000000006'::uuid,'B2','writing','word_bank',$p$Ordena: 'Aunque estaba cansado, seguí trabajando.' (Recuerda el verbo al final de la subordinada.)$p$,$j${"tiles": ["Hoewel", "ik", "moe", "was", "bleef", "ik", "doorwerken", "ben", "en"]}$j$::jsonb,$j${"value": "Hoewel ik moe was bleef ik doorwerken", "sequence": ["Hoewel", "ik", "moe", "was", "bleef", "ik", "doorwerken"]}$j$::jsonb,0.68,ARRAY[$p$unidad22$p$, $p$hoewel_wordbank$p$, $p$writing$p$]),
('d36e5676-e86b-51d6-bd21-84a5805b678f'::uuid,'20000000-0000-0000-0000-000000000006'::uuid,'B2','reading','multiple_choice',$p$Concesión con 'hoewel'. Elige la subordinada con el verbo al final.$p$,$j${"options": ["Hoewel het regende, gingen we wandelen.", "Hoewel het hard regende gingen we wandelen.", "Hoewel regende het, gingen we wandelen."]}$j$::jsonb,$j${"value": "Hoewel het regende, gingen we wandelen."}$j$::jsonb,0.68,ARRAY[$p$unidad22$p$, $p$hoewel_verb_final$p$, $p$reading$p$]),
('807b17d8-da1c-5aa0-b505-8f308ac74305'::uuid,'20000000-0000-0000-0000-000000000006'::uuid,'B2','listening','listening',$p$Escucha y elige la frase exacta.$p$,$j${"options": ["Niettemin bleef zij kalm.", "Niettemin werd zij boos.", "Desondanks bleef zij kalm."], "say": "Niettemin bleef zij kalm.", "audio_url": "https://wiauinufpbkmjlbqlkxo.supabase.co/storage/v1/object/public/audio/items/807b17d8-da1c-5aa0-b505-8f308ac74305.mp3"}$j$::jsonb,$j${"value": "Niettemin bleef zij kalm."}$j$::jsonb,0.68,ARRAY[$p$unidad22$p$, $p$listening_niettemin$p$, $p$listening$p$]),
('670d1d99-0514-5820-8b85-4287315ea72f'::uuid,'20000000-0000-0000-0000-000000000006'::uuid,'B2','listening','listening',$p$Escucha y elige la frase exacta.$p$,$j${"options": ["Daarentegen koos hij voor de trein.", "Bovendien koos hij voor de trein.", "Daarentegen koos hij voor de bus."], "say": "Daarentegen koos hij voor de trein.", "audio_url": "https://wiauinufpbkmjlbqlkxo.supabase.co/storage/v1/object/public/audio/items/670d1d99-0514-5820-8b85-4287315ea72f.mp3"}$j$::jsonb,$j${"value": "Daarentegen koos hij voor de trein."}$j$::jsonb,0.68,ARRAY[$p$unidad22$p$, $p$listening_daarentegen$p$, $p$listening$p$]),
('b3f64813-ffed-5eae-83b2-a5628bf26191'::uuid,'20000000-0000-0000-0000-000000000006'::uuid,'B2','listening','listening',$p$Escucha y elige la frase exacta.$p$,$j${"options": ["Ik ken noch de auteur noch het boek.", "Ik ken zowel de auteur als het boek.", "Ik ken noch de auteur noch de film."], "say": "Ik ken noch de auteur noch het boek.", "audio_url": "https://wiauinufpbkmjlbqlkxo.supabase.co/storage/v1/object/public/audio/items/b3f64813-ffed-5eae-83b2-a5628bf26191.mp3"}$j$::jsonb,$j${"value": "Ik ken noch de auteur noch het boek."}$j$::jsonb,0.68,ARRAY[$p$unidad22$p$, $p$listening_noch$p$, $p$listening$p$]),
('78617aec-b56e-56bc-8fc0-3de59a16dfe1'::uuid,'20000000-0000-0000-0000-000000000006'::uuid,'B2','listening','listening',$p$Escucha y elige la frase exacta.$p$,$j${"options": ["Hoewel hij ziek was, kwam hij toch.", "Ofschoon hij ziek was, kwam hij toch.", "Hoewel zij ziek was, kwam zij toch."], "say": "Hoewel hij ziek was, kwam hij toch.", "audio_url": "https://wiauinufpbkmjlbqlkxo.supabase.co/storage/v1/object/public/audio/items/78617aec-b56e-56bc-8fc0-3de59a16dfe1.mp3"}$j$::jsonb,$j${"value": "Hoewel hij ziek was, kwam hij toch."}$j$::jsonb,0.68,ARRAY[$p$unidad22$p$, $p$listening_hoewel$p$, $p$listening$p$]),
('f41dd703-36d2-55bc-9b47-045136fb6626'::uuid,'20000000-0000-0000-0000-000000000006'::uuid,'B2','speaking','speaking_read_aloud',$p$Lee en voz alta con entonación formal.$p$,$j${"text": "Desondanks bleef het publiek geboeid luisteren.", "audio_url": "https://wiauinufpbkmjlbqlkxo.supabase.co/storage/v1/object/public/audio/items/f41dd703-36d2-55bc-9b47-045136fb6626.mp3"}$j$::jsonb,$j${"expected": "Desondanks bleef het publiek geboeid luisteren."}$j$::jsonb,0.68,ARRAY[$p$unidad22$p$, $p$speak_desondanks$p$, $p$speaking$p$]),
('8429d242-30c6-5015-83ed-07561b24753c'::uuid,'20000000-0000-0000-0000-000000000006'::uuid,'B2','speaking','speaking_read_aloud',$p$Lee en voz alta con entonación clara.$p$,$j${"text": "Enerzijds is het handig, anderzijds is het riskant.", "audio_url": "https://wiauinufpbkmjlbqlkxo.supabase.co/storage/v1/object/public/audio/items/8429d242-30c6-5015-83ed-07561b24753c.mp3"}$j$::jsonb,$j${"expected": "Enerzijds is het handig, anderzijds is het riskant."}$j$::jsonb,0.68,ARRAY[$p$unidad22$p$, $p$speak_enerzijds$p$, $p$speaking$p$]),
('49d45ca5-8871-5730-a350-dcfc49921f52'::uuid,'20000000-0000-0000-0000-000000000006'::uuid,'B2','speaking','speaking_read_aloud',$p$Lee en voz alta cuidando la pausa antes de la coma.$p$,$j${"text": "Ofschoon de weg lang was, gaven we niet op.", "audio_url": "https://wiauinufpbkmjlbqlkxo.supabase.co/storage/v1/object/public/audio/items/49d45ca5-8871-5730-a350-dcfc49921f52.mp3"}$j$::jsonb,$j${"expected": "Ofschoon de weg lang was, gaven we niet op."}$j$::jsonb,0.68,ARRAY[$p$unidad22$p$, $p$speak_ofschoon$p$, $p$speaking$p$])
on conflict (id) do update set prompt=excluded.prompt, payload=excluded.payload, correct_answer=excluded.correct_answer, difficulty=excluded.difficulty, tags=excluded.tags, updated_at=now();
insert into lesson_items (lesson_id, item_id, order_index) values
 ('ee20fdc0-fb49-57c0-b2dc-5292fab3be7c','971cad58-1a17-5162-9a6e-bf7463649737',1),
 ('ee20fdc0-fb49-57c0-b2dc-5292fab3be7c','1b2f171b-1f01-53a8-9bcf-0fc7592145e9',2),
 ('ee20fdc0-fb49-57c0-b2dc-5292fab3be7c','5f7f81b2-4d77-5029-9ea5-e50c16129f0d',3),
 ('ee20fdc0-fb49-57c0-b2dc-5292fab3be7c','b6c5fbe6-663d-54b4-a8d6-be039c415792',4),
 ('ee20fdc0-fb49-57c0-b2dc-5292fab3be7c','367ab000-3663-5643-92b5-b7ffc2c05c1c',5),
 ('ee20fdc0-fb49-57c0-b2dc-5292fab3be7c','807b17d8-da1c-5aa0-b505-8f308ac74305',6),
 ('ee20fdc0-fb49-57c0-b2dc-5292fab3be7c','f41dd703-36d2-55bc-9b47-045136fb6626',7),
 ('109e1e6f-bab3-5eba-905a-0b6122e075f6','d380fe62-d680-5b93-b9c8-cf7d7954fa69',1),
 ('109e1e6f-bab3-5eba-905a-0b6122e075f6','670d1d99-0514-5820-8b85-4287315ea72f',2),
 ('9e491970-6fac-5d60-9539-b7d59c1b802a','90191320-b4a1-5e75-a1c1-ae8366ec3668',1),
 ('9e491970-6fac-5d60-9539-b7d59c1b802a','59bf5c80-ac6f-594e-ba17-1faaeb19ccb9',2),
 ('9e491970-6fac-5d60-9539-b7d59c1b802a','e30b7756-6893-5be4-b903-7ac008a9901b',3),
 ('9e491970-6fac-5d60-9539-b7d59c1b802a','bc633de3-c355-51c6-9b91-2a3c714302e6',4),
 ('9e491970-6fac-5d60-9539-b7d59c1b802a','b3f64813-ffed-5eae-83b2-a5628bf26191',5),
 ('9e491970-6fac-5d60-9539-b7d59c1b802a','8429d242-30c6-5015-83ed-07561b24753c',6),
 ('7848ed9d-732c-5f4d-8e60-0394d16063d2','0b59be23-555a-5baf-9f2a-7280c0d3eb5f',1),
 ('7848ed9d-732c-5f4d-8e60-0394d16063d2','d36e5676-e86b-51d6-bd21-84a5805b678f',2),
 ('7848ed9d-732c-5f4d-8e60-0394d16063d2','78617aec-b56e-56bc-8fc0-3de59a16dfe1',3),
 ('7848ed9d-732c-5f4d-8e60-0394d16063d2','49d45ca5-8871-5730-a350-dcfc49921f52',4),
 ('932dc654-483c-5fa2-9a66-d344a7e4abbd','971cad58-1a17-5162-9a6e-bf7463649737',1),
 ('932dc654-483c-5fa2-9a66-d344a7e4abbd','1b2f171b-1f01-53a8-9bcf-0fc7592145e9',2),
 ('932dc654-483c-5fa2-9a66-d344a7e4abbd','5f7f81b2-4d77-5029-9ea5-e50c16129f0d',3),
 ('932dc654-483c-5fa2-9a66-d344a7e4abbd','b6c5fbe6-663d-54b4-a8d6-be039c415792',4),
 ('932dc654-483c-5fa2-9a66-d344a7e4abbd','367ab000-3663-5643-92b5-b7ffc2c05c1c',5),
 ('932dc654-483c-5fa2-9a66-d344a7e4abbd','d380fe62-d680-5b93-b9c8-cf7d7954fa69',6),
 ('932dc654-483c-5fa2-9a66-d344a7e4abbd','807b17d8-da1c-5aa0-b505-8f308ac74305',7),
 ('932dc654-483c-5fa2-9a66-d344a7e4abbd','670d1d99-0514-5820-8b85-4287315ea72f',8),
 ('932dc654-483c-5fa2-9a66-d344a7e4abbd','f41dd703-36d2-55bc-9b47-045136fb6626',9),
 ('932dc654-483c-5fa2-9a66-d344a7e4abbd','8429d242-30c6-5015-83ed-07561b24753c',10)
on conflict (lesson_id, item_id) do nothing;
insert into vocabulary (id, course_id, word, translation, frequency_rank, part_of_speech) values
 ('447ee645-084a-50ff-a9f2-a63a79b7ff55','20000000-0000-0000-0000-000000000006',$p$niettemin$p$,$p$no obstante, sin embargo$p$,541,'adv'),
 ('966430c6-5ab3-58f8-8e17-c901bc9e0d27','20000000-0000-0000-0000-000000000006',$p$desondanks$p$,$p$a pesar de ello$p$,542,'adv'),
 ('49bb7014-53dc-504c-8b6f-85997ece55e6','20000000-0000-0000-0000-000000000006',$p$bovendien$p$,$p$además$p$,543,'adv'),
 ('772c2572-8639-5f10-961f-53bdb2fa3cb0','20000000-0000-0000-0000-000000000006',$p$daarentegen$p$,$p$en cambio, por el contrario$p$,544,'adv'),
 ('818a8aeb-6092-51d6-a5db-b8d101740daa','20000000-0000-0000-0000-000000000006',$p$evenwel$p$,$p$sin embargo (formal)$p$,545,'adv'),
 ('9760a065-a89d-564d-9078-14d0499057f3','20000000-0000-0000-0000-000000000006',$p$immers$p$,$p$pues, ya que (justificación)$p$,546,'adv'),
 ('d76e6773-b837-5225-83c4-75ffa6d78795','20000000-0000-0000-0000-000000000006',$p$hoewel$p$,$p$aunque$p$,547,'conj'),
 ('6ddb605d-56b9-5531-bfb6-2ea5d2f827c3','20000000-0000-0000-0000-000000000006',$p$ofschoon$p$,$p$aunque (formal)$p$,548,'conj'),
 ('4854804d-7e26-5ff3-85d0-6d8dcdc0eac8','20000000-0000-0000-0000-000000000006',$p$enerzijds$p$,$p$por una parte$p$,549,'adv'),
 ('b038c22f-94df-5078-9662-b5022d7b2ef4','20000000-0000-0000-0000-000000000006',$p$anderzijds$p$,$p$por otra parte$p$,550,'adv'),
 ('2c21461e-1330-5bec-a235-3d3c754ec8b4','20000000-0000-0000-0000-000000000006',$p$zowel$p$,$p$tanto (…como)$p$,551,'conj'),
 ('50557454-a1f1-59df-85d0-bbdda4ca070b','20000000-0000-0000-0000-000000000006',$p$noch$p$,$p$ni$p$,552,'conj'),
 ('2aaad4f6-7047-522c-a907-fa4219409dca','20000000-0000-0000-0000-000000000006',$p$het bezwaar$p$,$p$la objeción$p$,553,'n'),
 ('f6d825e0-7b0c-5e5c-a648-a449741bc1fb','20000000-0000-0000-0000-000000000006',$p$de tegenstelling$p$,$p$el contraste, la oposición$p$,554,'n'),
 ('0f02c1df-9b04-577c-a6c8-45d06aba95c7','20000000-0000-0000-0000-000000000006',$p$het argument$p$,$p$el argumento$p$,555,'n'),
 ('70476b62-c5f3-5cf7-9b13-1cf874ff9788','20000000-0000-0000-0000-000000000006',$p$de conclusie$p$,$p$la conclusión$p$,556,'n')
on conflict (id) do nothing;

-- ── Unidad 23 (B2·nl): Nominalización (het lezen, de beslissing) ──
insert into units (id, course_id, cefr_level, order_index, title, theme_color, icon) values
 ('c8ba0703-ee55-5325-8053-f1833da5eb51','20000000-0000-0000-0000-000000000006','B2',23,$p$Nominalización (het lezen, de beslissing)$p$,'#641E16','functions')
on conflict (course_id, order_index) do update set title=excluded.title, cefr_level=excluded.cefr_level, theme_color=excluded.theme_color, icon=excluded.icon;
insert into lessons (id, unit_id, order_index, title, description, type, xp_reward) values
 ('bfeb7e28-0d2b-5f16-a93b-f63690659885','c8ba0703-ee55-5325-8053-f1833da5eb51',1,$p$Het + infinitivo: het lezen is gezond$p$,$p$Het + infinitivo: het lezen is gezond$p$,'lesson',15),
 ('d02ad3e3-3759-5a85-afc2-ba89cec77f65','c8ba0703-ee55-5325-8053-f1833da5eb51',2,$p$Del verbo al sustantivo: -ing y -e (de beslissing)$p$,$p$Del verbo al sustantivo: -ing y -e (de beslissing)$p$,'lesson',15),
 ('3260c76e-001a-54e9-a48c-b9bb8f95432c','c8ba0703-ee55-5325-8053-f1833da5eb51',3,$p$Nominalización formal: de groei, de toename, het gebruik$p$,$p$Nominalización formal: de groei, de toename, het gebruik$p$,'lesson',15),
 ('20b66b8f-fd66-53f3-9d57-84b90c467b8d','c8ba0703-ee55-5325-8053-f1833da5eb51',4,$p$Practica la nominalización en contexto$p$,$p$Practica la nominalización en contexto$p$,'lesson',15),
 ('97ca51c3-7be7-538b-810e-eb60d5bf521a','c8ba0703-ee55-5325-8053-f1833da5eb51',5,$p$🏁 Checkpoint Eenheid 23$p$,$p$Demuestra que dominas la nominalización del neerlandés B2: el infinitivo sustantivado con «het» (het lezen, bij het koken, door het sporten) y los sustantivos derivados de verbos con su sufijo y artículo correctos (de beslissing, de ontwikkeling, de verklaring, de groei), incluido el registro formal (het gebruik, de toename).$p$,'checkpoint',40)
on conflict (unit_id, order_index) do update set title=excluded.title, description=excluded.description;
insert into exams (id, course_id, type, cefr_level, unit_id, time_limit_sec, pass_threshold, sections) values
 ('4d3fee52-a59b-5623-9a74-fa81653e1c71','20000000-0000-0000-0000-000000000006','checkpoint','B2','c8ba0703-ee55-5325-8053-f1833da5eb51',300,0.80,$j${"skills": ["reading", "listening", "writing", "speaking"], "item_count": 10, "randomize": true}$j$::jsonb) on conflict (id) do nothing;
insert into content_items (id, course_id, cefr_level, skill, type, prompt, payload, correct_answer, difficulty, tags) values
('9f1f4aa4-085b-5e7d-984d-ee4f4f7ec031'::uuid,'20000000-0000-0000-0000-000000000006'::uuid,'B2','reading','match',$p$Relaciona cada infinitivo sustantivado con «het» con su significado en español.$p$,$j${"pairs": [{"en": "het lezen", "es": "el leer / la lectura"}, {"en": "het koken", "es": "el cocinar"}, {"en": "het sporten", "es": "el hacer deporte"}]}$j$::jsonb,$j${"pairs": [["het lezen", "el leer / la lectura"], ["het koken", "el cocinar"], ["het sporten", "el hacer deporte"]]}$j$::jsonb,0.68,ARRAY[$p$unidad23$p$, $p$het_infinitief_match$p$, $p$reading$p$]),
('e09973f5-91f7-50a7-8d47-0b117f4422f3'::uuid,'20000000-0000-0000-0000-000000000006'::uuid,'B2','reading','multiple_choice',$p$Un infinitivo sustantivado siempre lleva un artículo fijo. ¿Cuál completa «___ lezen is gezond» (leer es sano)?$p$,$j${"options": ["het", "de", "een"]}$j$::jsonb,$j${"value": "het"}$j$::jsonb,0.68,ARRAY[$p$unidad23$p$, $p$het_infinitief_artikel$p$, $p$reading$p$]),
('6def1914-c3f7-59df-b6db-d3f2460ead4e'::uuid,'20000000-0000-0000-0000-000000000006'::uuid,'B2','reading','multiple_choice',$p$«Mientras cocina escucha música.» Elige la nominalización correcta con preposición.$p$,$j${"options": ["bij het koken", "bij het kok", "bij de koken"]}$j$::jsonb,$j${"value": "bij het koken"}$j$::jsonb,0.68,ARRAY[$p$unidad23$p$, $p$bij_het_koken$p$, $p$reading$p$]),
('d1ea0bce-0b39-596f-b456-72eef7637858'::uuid,'20000000-0000-0000-0000-000000000006'::uuid,'B2','reading','multiple_choice',$p$El sustantivo derivado de «beslissen» (decidir) es de género femenino con sufijo -ing. Elige la forma correcta para «la decisión».$p$,$j${"options": ["de beslissing", "het beslissing", "de beslissen"]}$j$::jsonb,$j${"value": "de beslissing"}$j$::jsonb,0.68,ARRAY[$p$unidad23$p$, $p$beslissen_beslissing$p$, $p$reading$p$]),
('5afbcfa9-2a02-54ee-9560-5bb7d9f44b22'::uuid,'20000000-0000-0000-0000-000000000006'::uuid,'B2','reading','match',$p$Relaciona cada verbo con el sustantivo que se deriva de él.$p$,$j${"pairs": [{"en": "ontwikkelen", "es": "de ontwikkeling"}, {"en": "verklaren", "es": "de verklaring"}, {"en": "oplossen", "es": "de oplossing"}]}$j$::jsonb,$j${"pairs": [["ontwikkelen", "de ontwikkeling"], ["verklaren", "de verklaring"], ["oplossen", "de oplossing"]]}$j$::jsonb,0.68,ARRAY[$p$unidad23$p$, $p$ontwikkelen_ontwikkeling$p$, $p$reading$p$]),
('cd6bdea5-ccf2-5824-99a7-a5862b935493'::uuid,'20000000-0000-0000-0000-000000000006'::uuid,'B2','reading','multiple_choice',$p$No todos los sustantivos derivados llevan -ing. De «groeien» (crecer) se forma un sustantivo corto. Elige «el crecimiento».$p$,$j${"options": ["de groei", "de groeiing", "het groei"]}$j$::jsonb,$j${"value": "de groei"}$j$::jsonb,0.68,ARRAY[$p$unidad23$p$, $p$groeien_groei$p$, $p$reading$p$]),
('6cfbc8a8-de57-5481-96e1-438cd222679e'::uuid,'20000000-0000-0000-0000-000000000006'::uuid,'B2','writing','cloze',$p$Completa: «Gracias a hacer deporte se siente mejor.» → «Door ___ sporten voelt hij zich beter.» Escribe el artículo del infinitivo sustantivado.$p$,$j${"text": "Door ___ sporten voelt hij zich beter."}$j$::jsonb,$j${"value": "het", "accepted": ["het"]}$j$::jsonb,0.68,ARRAY[$p$unidad23$p$, $p$door_het_sporten$p$, $p$writing$p$]),
('d952e934-9d74-59a6-8fd8-f5cdaf4b87c1'::uuid,'20000000-0000-0000-0000-000000000006'::uuid,'B2','writing','cloze',$p$Completa con el sustantivo derivado de «verklaren» (explicar): «Su explicación fue clara». Usa el sufijo -ing.$p$,$j${"text": "Zijn ___ was duidelijk."}$j$::jsonb,$j${"value": "verklaring", "accepted": ["verklaring"]}$j$::jsonb,0.68,ARRAY[$p$unidad23$p$, $p$verklaren_verklaring_cloze$p$, $p$writing$p$]),
('7f1b269e-c31e-52de-ad02-6fac306b5408'::uuid,'20000000-0000-0000-0000-000000000006'::uuid,'B2','writing','cloze',$p$Registro formal. Completa: «El uso de internet crece». Sustantivo derivado de «gebruiken», con artículo het.$p$,$j${"text": "Het ___ van het internet groeit."}$j$::jsonb,$j${"value": "gebruik", "accepted": ["gebruik"]}$j$::jsonb,0.68,ARRAY[$p$unidad23$p$, $p$toename_gebruik_cloze$p$, $p$writing$p$]),
('bf832bfe-4136-5edb-a456-681db53f2aa9'::uuid,'20000000-0000-0000-0000-000000000006'::uuid,'B2','writing','translation',$p$Traduce al neerlandés: «Leer es sano.»$p$,$j${"source": "Leer es sano."}$j$::jsonb,$j${"value": "Het lezen is gezond.", "accepted": ["Het lezen is gezond.", "Het lezen is gezond", "Lezen is gezond.", "Lezen is gezond"]}$j$::jsonb,0.68,ARRAY[$p$unidad23$p$, $p$translation_lezen_gezond$p$, $p$writing$p$]),
('7d1f5ed0-2df4-58e4-922a-e87d98239fa1'::uuid,'20000000-0000-0000-0000-000000000006'::uuid,'B2','writing','translation',$p$Traduce al neerlandés: «La decisión fue difícil.»$p$,$j${"source": "La decisión fue difícil."}$j$::jsonb,$j${"value": "De beslissing was moeilijk.", "accepted": ["De beslissing was moeilijk.", "De beslissing was moeilijk", "De beslissing was lastig.", "De beslissing was lastig"]}$j$::jsonb,0.68,ARRAY[$p$unidad23$p$, $p$translation_beslissing_moeilijk$p$, $p$writing$p$]),
('42175f63-758f-5d81-82e7-98e7574dd1fd'::uuid,'20000000-0000-0000-0000-000000000006'::uuid,'B2','writing','word_bank',$p$Ordena las fichas para decir: «El desarrollo de la ciudad es rápido.»$p$,$j${"tiles": ["De", "ontwikkeling", "van", "de", "stad", "is", "snel", "ontwikkelen", "het"]}$j$::jsonb,$j${"value": "De ontwikkeling van de stad is snel", "sequence": ["De", "ontwikkeling", "van", "de", "stad", "is", "snel"]}$j$::jsonb,0.68,ARRAY[$p$unidad23$p$, $p$wordbank_ontwikkeling$p$, $p$writing$p$]),
('c8fa3f4c-f0b6-54f8-8453-585443111cee'::uuid,'20000000-0000-0000-0000-000000000006'::uuid,'B2','listening','listening',$p$Escucha y elige la frase con la nominalización correcta.$p$,$j${"options": ["Het koken vind ik leuk.", "De koken vind ik leuk.", "Het wonen vind ik leuk."], "say": "Het koken vind ik leuk.", "audio_url": "https://wiauinufpbkmjlbqlkxo.supabase.co/storage/v1/object/public/audio/items/c8fa3f4c-f0b6-54f8-8453-585443111cee.mp3"}$j$::jsonb,$j${"value": "Het koken vind ik leuk."}$j$::jsonb,0.68,ARRAY[$p$unidad23$p$, $p$listening_het_koken_leuk$p$, $p$listening$p$]),
('8178efca-937b-5975-957d-646dc0471fca'::uuid,'20000000-0000-0000-0000-000000000006'::uuid,'B2','listening','listening',$p$Escucha y elige el sustantivo derivado correcto.$p$,$j${"options": ["De beslissing is genomen.", "Het beslissing is genomen.", "De beslissen is genomen."], "say": "De beslissing is genomen.", "audio_url": "https://wiauinufpbkmjlbqlkxo.supabase.co/storage/v1/object/public/audio/items/8178efca-937b-5975-957d-646dc0471fca.mp3"}$j$::jsonb,$j${"value": "De beslissing is genomen."}$j$::jsonb,0.68,ARRAY[$p$unidad23$p$, $p$listening_beslissing$p$, $p$listening$p$]),
('5bf3860e-a26a-5980-ac0b-eb3e3c08fe47'::uuid,'20000000-0000-0000-0000-000000000006'::uuid,'B2','listening','listening',$p$Escucha y elige la frase correcta sobre el crecimiento.$p$,$j${"options": ["De groei van de economie is sterk.", "De groeiing van de economie is sterk.", "Het groei van de economie is sterk."], "say": "De groei van de economie is sterk.", "audio_url": "https://wiauinufpbkmjlbqlkxo.supabase.co/storage/v1/object/public/audio/items/5bf3860e-a26a-5980-ac0b-eb3e3c08fe47.mp3"}$j$::jsonb,$j${"value": "De groei van de economie is sterk."}$j$::jsonb,0.68,ARRAY[$p$unidad23$p$, $p$listening_groei$p$, $p$listening$p$]),
('d59c459c-a63a-58f9-8873-627c692da4a1'::uuid,'20000000-0000-0000-0000-000000000006'::uuid,'B2','listening','listening',$p$Escucha esta frase de registro formal y elige la correcta.$p$,$j${"options": ["De toename van het gebruik is opvallend.", "De toename van de gebruik is opvallend.", "De toenaam van het gebruik is opvallend."], "say": "De toename van het gebruik is opvallend.", "audio_url": "https://wiauinufpbkmjlbqlkxo.supabase.co/storage/v1/object/public/audio/items/d59c459c-a63a-58f9-8873-627c692da4a1.mp3"}$j$::jsonb,$j${"value": "De toename van het gebruik is opvallend."}$j$::jsonb,0.68,ARRAY[$p$unidad23$p$, $p$listening_gebruik_toename$p$, $p$listening$p$]),
('88127eae-b2ad-5d95-b405-fd91a31563a7'::uuid,'20000000-0000-0000-0000-000000000006'::uuid,'B2','speaking','speaking_read_aloud',$p$Lee en voz alta esta frase con un infinitivo sustantivado.$p$,$j${"text": "Door het sporten blijf ik gezond.", "audio_url": "https://wiauinufpbkmjlbqlkxo.supabase.co/storage/v1/object/public/audio/items/88127eae-b2ad-5d95-b405-fd91a31563a7.mp3"}$j$::jsonb,$j${"expected": "Door het sporten blijf ik gezond."}$j$::jsonb,0.68,ARRAY[$p$unidad23$p$, $p$speaking_door_het_sporten$p$, $p$speaking$p$]),
('a31c28ee-b22c-514a-9cf1-6e238bc76a6b'::uuid,'20000000-0000-0000-0000-000000000006'::uuid,'B2','speaking','speaking_read_aloud',$p$Lee en voz alta esta frase con un sustantivo derivado en -ing.$p$,$j${"text": "De verklaring van de dokter was duidelijk.", "audio_url": "https://wiauinufpbkmjlbqlkxo.supabase.co/storage/v1/object/public/audio/items/a31c28ee-b22c-514a-9cf1-6e238bc76a6b.mp3"}$j$::jsonb,$j${"expected": "De verklaring van de dokter was duidelijk."}$j$::jsonb,0.68,ARRAY[$p$unidad23$p$, $p$speaking_verklaring$p$, $p$speaking$p$]),
('0116bfbc-97cd-56a0-a6b6-a17f0d9c0c7a'::uuid,'20000000-0000-0000-0000-000000000006'::uuid,'B2','speaking','speaking_read_aloud',$p$Lee en voz alta esta frase de registro formal.$p$,$j${"text": "De ontwikkeling en de groei van de stad gaan snel.", "audio_url": "https://wiauinufpbkmjlbqlkxo.supabase.co/storage/v1/object/public/audio/items/0116bfbc-97cd-56a0-a6b6-a17f0d9c0c7a.mp3"}$j$::jsonb,$j${"expected": "De ontwikkeling en de groei van de stad gaan snel."}$j$::jsonb,0.68,ARRAY[$p$unidad23$p$, $p$speaking_ontwikkeling_groei$p$, $p$speaking$p$])
on conflict (id) do update set prompt=excluded.prompt, payload=excluded.payload, correct_answer=excluded.correct_answer, difficulty=excluded.difficulty, tags=excluded.tags, updated_at=now();
insert into lesson_items (lesson_id, item_id, order_index) values
 ('bfeb7e28-0d2b-5f16-a93b-f63690659885','9f1f4aa4-085b-5e7d-984d-ee4f4f7ec031',1),
 ('bfeb7e28-0d2b-5f16-a93b-f63690659885','e09973f5-91f7-50a7-8d47-0b117f4422f3',2),
 ('bfeb7e28-0d2b-5f16-a93b-f63690659885','6def1914-c3f7-59df-b6db-d3f2460ead4e',3),
 ('bfeb7e28-0d2b-5f16-a93b-f63690659885','6cfbc8a8-de57-5481-96e1-438cd222679e',4),
 ('bfeb7e28-0d2b-5f16-a93b-f63690659885','c8fa3f4c-f0b6-54f8-8453-585443111cee',5),
 ('bfeb7e28-0d2b-5f16-a93b-f63690659885','88127eae-b2ad-5d95-b405-fd91a31563a7',6),
 ('d02ad3e3-3759-5a85-afc2-ba89cec77f65','d1ea0bce-0b39-596f-b456-72eef7637858',1),
 ('d02ad3e3-3759-5a85-afc2-ba89cec77f65','5afbcfa9-2a02-54ee-9560-5bb7d9f44b22',2),
 ('d02ad3e3-3759-5a85-afc2-ba89cec77f65','d952e934-9d74-59a6-8fd8-f5cdaf4b87c1',3),
 ('d02ad3e3-3759-5a85-afc2-ba89cec77f65','8178efca-937b-5975-957d-646dc0471fca',4),
 ('d02ad3e3-3759-5a85-afc2-ba89cec77f65','a31c28ee-b22c-514a-9cf1-6e238bc76a6b',5),
 ('3260c76e-001a-54e9-a48c-b9bb8f95432c','cd6bdea5-ccf2-5824-99a7-a5862b935493',1),
 ('3260c76e-001a-54e9-a48c-b9bb8f95432c','7f1b269e-c31e-52de-ad02-6fac306b5408',2),
 ('3260c76e-001a-54e9-a48c-b9bb8f95432c','5bf3860e-a26a-5980-ac0b-eb3e3c08fe47',3),
 ('3260c76e-001a-54e9-a48c-b9bb8f95432c','d59c459c-a63a-58f9-8873-627c692da4a1',4),
 ('3260c76e-001a-54e9-a48c-b9bb8f95432c','0116bfbc-97cd-56a0-a6b6-a17f0d9c0c7a',5),
 ('20b66b8f-fd66-53f3-9d57-84b90c467b8d','bf832bfe-4136-5edb-a456-681db53f2aa9',1),
 ('20b66b8f-fd66-53f3-9d57-84b90c467b8d','7d1f5ed0-2df4-58e4-922a-e87d98239fa1',2),
 ('20b66b8f-fd66-53f3-9d57-84b90c467b8d','42175f63-758f-5d81-82e7-98e7574dd1fd',3),
 ('97ca51c3-7be7-538b-810e-eb60d5bf521a','9f1f4aa4-085b-5e7d-984d-ee4f4f7ec031',1),
 ('97ca51c3-7be7-538b-810e-eb60d5bf521a','e09973f5-91f7-50a7-8d47-0b117f4422f3',2),
 ('97ca51c3-7be7-538b-810e-eb60d5bf521a','6def1914-c3f7-59df-b6db-d3f2460ead4e',3),
 ('97ca51c3-7be7-538b-810e-eb60d5bf521a','6cfbc8a8-de57-5481-96e1-438cd222679e',4),
 ('97ca51c3-7be7-538b-810e-eb60d5bf521a','d952e934-9d74-59a6-8fd8-f5cdaf4b87c1',5),
 ('97ca51c3-7be7-538b-810e-eb60d5bf521a','7f1b269e-c31e-52de-ad02-6fac306b5408',6),
 ('97ca51c3-7be7-538b-810e-eb60d5bf521a','c8fa3f4c-f0b6-54f8-8453-585443111cee',7),
 ('97ca51c3-7be7-538b-810e-eb60d5bf521a','8178efca-937b-5975-957d-646dc0471fca',8),
 ('97ca51c3-7be7-538b-810e-eb60d5bf521a','88127eae-b2ad-5d95-b405-fd91a31563a7',9),
 ('97ca51c3-7be7-538b-810e-eb60d5bf521a','a31c28ee-b22c-514a-9cf1-6e238bc76a6b',10)
on conflict (lesson_id, item_id) do nothing;
insert into vocabulary (id, course_id, word, translation, frequency_rank, part_of_speech) values
 ('143ec917-53f7-57ab-bbf5-87f26c6063bc','20000000-0000-0000-0000-000000000006',$p$het lezen$p$,$p$el leer / la lectura$p$,561,'sustantivo'),
 ('c90ba7e9-e238-5a77-9bfa-67df09000e51','20000000-0000-0000-0000-000000000006',$p$het koken$p$,$p$el cocinar / la cocina$p$,562,'sustantivo'),
 ('bd6cfdc3-2f9f-5f00-b07f-a8960b4da57f','20000000-0000-0000-0000-000000000006',$p$het sporten$p$,$p$el hacer deporte$p$,563,'sustantivo'),
 ('8ea47b5d-5bba-508a-9fff-ffdc9555724d','20000000-0000-0000-0000-000000000006',$p$de beslissing$p$,$p$la decisión$p$,564,'sustantivo'),
 ('d778c054-1b9d-5110-8fe6-c30315c709f2','20000000-0000-0000-0000-000000000006',$p$de ontwikkeling$p$,$p$el desarrollo$p$,565,'sustantivo'),
 ('0edb3cb1-3186-51ef-bc08-4dd6c52c99c0','20000000-0000-0000-0000-000000000006',$p$de verklaring$p$,$p$la explicación / declaración$p$,566,'sustantivo'),
 ('808fef1f-b919-5307-876c-b863e3f8e391','20000000-0000-0000-0000-000000000006',$p$de groei$p$,$p$el crecimiento$p$,567,'sustantivo'),
 ('42d2b7e7-a2b9-510f-bec2-f43cf72c879d','20000000-0000-0000-0000-000000000006',$p$de toename$p$,$p$el aumento / el incremento$p$,568,'sustantivo'),
 ('90f4edef-3ef5-58be-b811-d33718591db2','20000000-0000-0000-0000-000000000006',$p$het gebruik$p$,$p$el uso$p$,569,'sustantivo'),
 ('4dc91ba9-aa04-5c6d-9a6f-8ace4e1648be','20000000-0000-0000-0000-000000000006',$p$de vergadering$p$,$p$la reunión$p$,570,'sustantivo'),
 ('c1c2aabb-d834-5236-94a1-35f22d132493','20000000-0000-0000-0000-000000000006',$p$de oplossing$p$,$p$la solución$p$,571,'sustantivo'),
 ('ca47eba3-5e4e-564e-beb8-7018725a280d','20000000-0000-0000-0000-000000000006',$p$de daling$p$,$p$la bajada / el descenso$p$,572,'sustantivo'),
 ('bb7a104b-2c03-56ed-af91-54337dace67e','20000000-0000-0000-0000-000000000006',$p$de mening$p$,$p$la opinión$p$,573,'sustantivo'),
 ('531222a3-70b7-5202-9ad8-8c42c2f53fc8','20000000-0000-0000-0000-000000000006',$p$de verandering$p$,$p$el cambio$p$,574,'sustantivo'),
 ('da66cfcb-7536-5e29-b6fd-f3764045a1c0','20000000-0000-0000-0000-000000000006',$p$het onderzoek$p$,$p$la investigación$p$,575,'sustantivo'),
 ('d3ace0a5-b54c-53e2-afb1-da3581da2332','20000000-0000-0000-0000-000000000006',$p$de behandeling$p$,$p$el tratamiento$p$,576,'sustantivo')
on conflict (id) do nothing;

-- ── Unidad 24 (B2·nl): Lo que habría pasado + registro ──
insert into units (id, course_id, cefr_level, order_index, title, theme_color, icon) values
 ('725948b4-1ecc-534e-82ce-96f7b1b9fd46','20000000-0000-0000-0000-000000000006','B2',24,$p$Lo que habría pasado + registro$p$,'#154360','history_toggle_off')
on conflict (course_id, order_index) do update set title=excluded.title, cefr_level=excluded.cefr_level, theme_color=excluded.theme_color, icon=excluded.icon;
insert into lessons (id, unit_id, order_index, title, description, type, xp_reward) values
 ('8a701d13-f99d-573c-8a95-61efa14dc906','725948b4-1ecc-534e-82ce-96f7b1b9fd46',1,$p$Lo que habría pasado (zou hebben/zijn)$p$,$p$Lo que habría pasado (zou hebben/zijn)$p$,'lesson',15),
 ('bcaee2f3-50a9-5850-a9ae-30627c10b4db','725948b4-1ecc-534e-82ce-96f7b1b9fd46',2,$p$Arrepentimiento e hipótesis del pasado$p$,$p$Arrepentimiento e hipótesis del pasado$p$,'lesson',15),
 ('5818bbb9-6aee-5fb1-a82f-2befc45cc9f9','725948b4-1ecc-534e-82ce-96f7b1b9fd46',3,$p$Registro formal e informal (u / jij)$p$,$p$Registro formal e informal (u / jij)$p$,'lesson',15),
 ('92bb6fae-302b-5487-858b-9c9c3182e318','725948b4-1ecc-534e-82ce-96f7b1b9fd46',4,$p$Cierre B2: estilo indirecto y pasiva$p$,$p$Cierre B2: estilo indirecto y pasiva$p$,'lesson',15),
 ('9407bc00-4d5a-5393-8771-eb26f1d4f839','725948b4-1ecc-534e-82ce-96f7b1b9fd46',5,$p$🏁 Checkpoint Eenheid 24$p$,$p$Demuestra que dominas el condicional perfecto «zou hebben/zijn + deelwoord» (lo que habría pasado, arrepentimiento con «had moeten») y que distingues el registro formal (u) del informal (jij/je). Repaso de estilo indirecto y voz pasiva.$p$,'checkpoint',40)
on conflict (unit_id, order_index) do update set title=excluded.title, description=excluded.description;
insert into exams (id, course_id, type, cefr_level, unit_id, time_limit_sec, pass_threshold, sections) values
 ('47085e3f-797a-52ca-8b9e-5c3f9bac4acf','20000000-0000-0000-0000-000000000006','checkpoint','B2','725948b4-1ecc-534e-82ce-96f7b1b9fd46',300,0.80,$j${"skills": ["reading", "listening", "writing", "speaking"], "item_count": 10, "randomize": true}$j$::jsonb) on conflict (id) do nothing;
insert into content_items (id, course_id, cefr_level, skill, type, prompt, payload, correct_answer, difficulty, tags) values
('a82474cf-b716-5459-a2d6-7b9735621c10'::uuid,'20000000-0000-0000-0000-000000000006'::uuid,'B2','reading','match',$p$Une cada frase neerlandesa con su significado en español.$p$,$j${"pairs": [{"en": "Ik zou het anders hebben gedaan", "es": "Yo lo habría hecho de otra manera"}, {"en": "Ik zou eerder zijn gekomen", "es": "Yo habría venido antes"}, {"en": "Dat zou niet zijn gebeurd", "es": "Eso no habría pasado"}]}$j$::jsonb,$j${"pairs": [["Ik zou het anders hebben gedaan", "Yo lo habría hecho de otra manera"], ["Ik zou eerder zijn gekomen", "Yo habría venido antes"], ["Dat zou niet zijn gebeurd", "Eso no habría pasado"]]}$j$::jsonb,0.68,ARRAY[$p$unidad24$p$, $p$conditionalis_perfect_intro$p$, $p$reading$p$]),
('14a7a0e9-f1f6-5209-8a92-236d0dd25ceb'::uuid,'20000000-0000-0000-0000-000000000006'::uuid,'B2','reading','multiple_choice',$p$«Con más tiempo, yo lo habría terminado». Elige la opción correcta.$p$,$j${"options": ["Met meer tijd zou ik het hebben afgemaakt", "Met meer tijd zou ik het zijn afgemaakt", "Met meer tijd zou ik het worden afgemaakt"]}$j$::jsonb,$j${"value": "Met meer tijd zou ik het hebben afgemaakt"}$j$::jsonb,0.68,ARRAY[$p$unidad24$p$, $p$conditionalis_perfect_zou_hebben$p$, $p$reading$p$]),
('50eef69b-5344-50b3-9567-489cb8c9381f'::uuid,'20000000-0000-0000-0000-000000000006'::uuid,'B2','writing','cloze',$p$Completa: «Sin ese aviso, habría llegado tarde» → «Zonder die waarschuwing ___ ik te laat zijn gekomen». (habría)$p$,$j${"text": "Zonder die waarschuwing ___ ik te laat zijn gekomen."}$j$::jsonb,$j${"value": "zou", "accepted": ["zou"]}$j$::jsonb,0.68,ARRAY[$p$unidad24$p$, $p$conditionalis_perfect_zou_zijn_cloze$p$, $p$writing$p$]),
('ef80f84d-4560-561d-9737-d7afe4b93918'::uuid,'20000000-0000-0000-0000-000000000006'::uuid,'B2','writing','cloze',$p$Completa con el auxiliar correcto: «Ella se habría quedado en casa» → «Ze zou thuis ___ gebleven». (auxiliar de blijven)$p$,$j${"text": "Ze zou thuis ___ gebleven."}$j$::jsonb,$j${"value": "zijn", "accepted": ["zijn"]}$j$::jsonb,0.68,ARRAY[$p$unidad24$p$, $p$conditionalis_perfect_auxiliary_choice$p$, $p$writing$p$]),
('eb9a7e6d-b205-5ec2-bd5c-1eb61890467a'::uuid,'20000000-0000-0000-0000-000000000006'::uuid,'B2','listening','listening',$p$Escucha y elige exactamente lo que oíste.$p$,$j${"options": ["Ik zou het nooit hebben geloofd.", "Ik zou het nooit zijn gebleven.", "Ik zou het nooit worden geloofd."], "say": "Ik zou het nooit hebben geloofd.", "audio_url": "https://wiauinufpbkmjlbqlkxo.supabase.co/storage/v1/object/public/audio/items/eb9a7e6d-b205-5ec2-bd5c-1eb61890467a.mp3"}$j$::jsonb,$j${"value": "Ik zou het nooit hebben geloofd."}$j$::jsonb,0.68,ARRAY[$p$unidad24$p$, $p$conditionalis_perfect_listening$p$, $p$listening$p$]),
('9d285e16-3b38-59e3-b618-c57b8fa46111'::uuid,'20000000-0000-0000-0000-000000000006'::uuid,'B2','writing','translation',$p$Traduce al neerlandés: «Yo lo habría hecho de otra manera.»$p$,$j${"source": "Yo lo habría hecho de otra manera."}$j$::jsonb,$j${"value": "Ik zou het anders hebben gedaan.", "accepted": ["Ik zou het anders hebben gedaan.", "Ik zou het anders hebben gedaan", "Ik zou het anders gedaan hebben.", "Ik zou het anders gedaan hebben"]}$j$::jsonb,0.68,ARRAY[$p$unidad24$p$, $p$conditionalis_perfect_produce$p$, $p$writing$p$]),
('c2923a36-7baf-594c-abc7-a53ba1fd6c7e'::uuid,'20000000-0000-0000-0000-000000000006'::uuid,'B2','reading','multiple_choice',$p$«Debería haberlo hecho (pero no lo hice)». Elige la opción correcta.$p$,$j${"options": ["Ik had het moeten doen", "Ik zou het willen doen", "Ik heb het mogen doen"]}$j$::jsonb,$j${"value": "Ik had het moeten doen"}$j$::jsonb,0.68,ARRAY[$p$unidad24$p$, $p$regret_had_moeten$p$, $p$reading$p$]),
('685ab866-12fa-5e93-9063-e8caf0c93557'::uuid,'20000000-0000-0000-0000-000000000006'::uuid,'B2','reading','match',$p$Une cada frase con su significado.$p$,$j${"pairs": [{"en": "Als ik tijd had gehad, zou ik zijn gekomen", "es": "Si hubiera tenido tiempo, habría venido"}, {"en": "Ik had het anders moeten aanpakken", "es": "Debería haberlo enfocado de otra manera"}, {"en": "Was ik maar eerder vertrokken", "es": "Ojalá me hubiera ido antes"}]}$j$::jsonb,$j${"pairs": [["Als ik tijd had gehad, zou ik zijn gekomen", "Si hubiera tenido tiempo, habría venido"], ["Ik had het anders moeten aanpakken", "Debería haberlo enfocado de otra manera"], ["Was ik maar eerder vertrokken", "Ojalá me hubiera ido antes"]]}$j$::jsonb,0.68,ARRAY[$p$unidad24$p$, $p$regret_condition_result$p$, $p$reading$p$]),
('b995dbaa-bdc2-5a5f-9544-4dead0c64ab2'::uuid,'20000000-0000-0000-0000-000000000006'::uuid,'B2','writing','cloze',$p$Completa la condición del pasado: «Si hubiera sabido eso...» → «Als ik dat had ___, ...». (deelwoord de weten)$p$,$j${"text": "Als ik dat had ___, zou ik anders hebben gehandeld."}$j$::jsonb,$j${"value": "geweten", "accepted": ["geweten"]}$j$::jsonb,0.68,ARRAY[$p$unidad24$p$, $p$regret_irrealis_condition$p$, $p$writing$p$]),
('71530b98-190f-5637-9295-fb04f752d6be'::uuid,'20000000-0000-0000-0000-000000000006'::uuid,'B2','writing','word_bank',$p$Ordena las fichas: «Debería haber tomado esa decisión.»$p$,$j${"tiles": ["Ik", "had", "die", "beslissing", "moeten", "nemen", "zou", "genomen"]}$j$::jsonb,$j${"value": "Ik had die beslissing moeten nemen", "sequence": ["Ik", "had", "die", "beslissing", "moeten", "nemen"]}$j$::jsonb,0.68,ARRAY[$p$unidad24$p$, $p$regret_had_moeten_produce$p$, $p$writing$p$]),
('cc176969-2699-56b4-8daa-0381eb212bff'::uuid,'20000000-0000-0000-0000-000000000006'::uuid,'B2','listening','listening',$p$Escucha y elige exactamente lo que oíste.$p$,$j${"options": ["Ik had eerlijker moeten zijn.", "Ik zou eerlijker willen zijn.", "Ik heb eerlijker mogen zijn."], "say": "Ik had eerlijker moeten zijn.", "audio_url": "https://wiauinufpbkmjlbqlkxo.supabase.co/storage/v1/object/public/audio/items/cc176969-2699-56b4-8daa-0381eb212bff.mp3"}$j$::jsonb,$j${"value": "Ik had eerlijker moeten zijn."}$j$::jsonb,0.68,ARRAY[$p$unidad24$p$, $p$regret_listening$p$, $p$listening$p$]),
('091e9c2c-aef5-54ca-9365-7dadc86372da'::uuid,'20000000-0000-0000-0000-000000000006'::uuid,'B2','speaking','speaking_read_aloud',$p$Lee en voz alta esta frase de arrepentimiento.$p$,$j${"text": "Als ik het had geweten, zou ik anders hebben gehandeld.", "audio_url": "https://wiauinufpbkmjlbqlkxo.supabase.co/storage/v1/object/public/audio/items/091e9c2c-aef5-54ca-9365-7dadc86372da.mp3"}$j$::jsonb,$j${"expected": "Als ik het had geweten, zou ik anders hebben gehandeld."}$j$::jsonb,0.68,ARRAY[$p$unidad24$p$, $p$regret_speaking$p$, $p$speaking$p$]),
('4bfb2d01-8d88-5074-874b-3b103e7f6672'::uuid,'20000000-0000-0000-0000-000000000006'::uuid,'B2','reading','multiple_choice',$p$Pides algo a un desconocido de forma FORMAL y cortés: «¿Podría usted ayudarme?». Elige la opción correcta.$p$,$j${"options": ["Zou u mij kunnen helpen?", "Zou je mij kunnen helpen?", "Ga jij mij helpen?"]}$j$::jsonb,$j${"value": "Zou u mij kunnen helpen?"}$j$::jsonb,0.68,ARRAY[$p$unidad24$p$, $p$register_formal_request$p$, $p$reading$p$]),
('aa30bb1f-7aa4-5b48-85a3-d97b791c163c'::uuid,'20000000-0000-0000-0000-000000000006'::uuid,'B2','reading','match',$p$Une cada expresión con su registro.$p$,$j${"pairs": [{"en": "Zou u zo vriendelijk willen zijn?", "es": "Formal y muy cortés"}, {"en": "Zou je dat even willen doen?", "es": "Informal y cortés"}, {"en": "Doe eens rustig!", "es": "Informal y directo"}]}$j$::jsonb,$j${"pairs": [["Zou u zo vriendelijk willen zijn?", "Formal y muy cortés"], ["Zou je dat even willen doen?", "Informal y cortés"], ["Doe eens rustig!", "Informal y directo"]]}$j$::jsonb,0.68,ARRAY[$p$unidad24$p$, $p$register_formal_informal_pairs$p$, $p$reading$p$]),
('42f41bad-14f9-5099-a21d-1b25e19efd11'::uuid,'20000000-0000-0000-0000-000000000006'::uuid,'B2','writing','cloze',$p$Pides un favor a un amigo (INFORMAL) de forma cortés: «¿Podrías esperarme un momento?» → «Zou ___ even op me willen wachten?». (tú, informal)$p$,$j${"text": "Zou ___ even op me willen wachten?"}$j$::jsonb,$j${"value": "je", "accepted": ["je", "jij"]}$j$::jsonb,0.68,ARRAY[$p$unidad24$p$, $p$register_informal_polite$p$, $p$writing$p$]),
('4646a12f-2a78-55e4-bafd-e2febb5c08b4'::uuid,'20000000-0000-0000-0000-000000000006'::uuid,'B2','listening','listening',$p$Escucha y elige exactamente lo que oíste.$p$,$j${"options": ["Zou u mij daarmee kunnen helpen?", "Zou je mij daarmee kunnen helpen?", "Kunt u mij daarna even bellen?"], "say": "Zou u mij daarmee kunnen helpen?", "audio_url": "https://wiauinufpbkmjlbqlkxo.supabase.co/storage/v1/object/public/audio/items/4646a12f-2a78-55e4-bafd-e2febb5c08b4.mp3"}$j$::jsonb,$j${"value": "Zou u mij daarmee kunnen helpen?"}$j$::jsonb,0.68,ARRAY[$p$unidad24$p$, $p$register_listening$p$, $p$listening$p$]),
('a1aa87a9-5172-56b4-bc07-7eec1689080a'::uuid,'20000000-0000-0000-0000-000000000006'::uuid,'B2','listening','listening',$p$Escucha y elige exactamente lo que oíste (voz pasiva del condicional perfecto).$p$,$j${"options": ["De brief zou eerder zijn verstuurd.", "De brief zou eerder hebben verstuurd.", "De brief zou eerder worden verstuurd."], "say": "De brief zou eerder zijn verstuurd.", "audio_url": "https://wiauinufpbkmjlbqlkxo.supabase.co/storage/v1/object/public/audio/items/a1aa87a9-5172-56b4-bc07-7eec1689080a.mp3"}$j$::jsonb,$j${"value": "De brief zou eerder zijn verstuurd."}$j$::jsonb,0.68,ARRAY[$p$unidad24$p$, $p$closure_listening_passive$p$, $p$listening$p$]),
('11ce1a43-a81d-5d8d-8bfe-e5452b871377'::uuid,'20000000-0000-0000-0000-000000000006'::uuid,'B2','speaking','speaking_read_aloud',$p$Lee en voz alta esta frase en voz pasiva del condicional perfecto.$p$,$j${"text": "De brief zou eerder zijn verstuurd als het nodig was geweest.", "audio_url": "https://wiauinufpbkmjlbqlkxo.supabase.co/storage/v1/object/public/audio/items/11ce1a43-a81d-5d8d-8bfe-e5452b871377.mp3"}$j$::jsonb,$j${"expected": "De brief zou eerder zijn verstuurd als het nodig was geweest."}$j$::jsonb,0.68,ARRAY[$p$unidad24$p$, $p$closure_passive_speaking$p$, $p$speaking$p$]),
('c6195bee-bc34-59df-92ce-2d6fe7ae28f8'::uuid,'20000000-0000-0000-0000-000000000006'::uuid,'B2','speaking','speaking_read_aloud',$p$Lee en voz alta esta petición formal.$p$,$j${"text": "Zou u zo vriendelijk willen zijn om mij de beslissing achteraf uit te leggen?", "audio_url": "https://wiauinufpbkmjlbqlkxo.supabase.co/storage/v1/object/public/audio/items/c6195bee-bc34-59df-92ce-2d6fe7ae28f8.mp3"}$j$::jsonb,$j${"expected": "Zou u zo vriendelijk willen zijn om mij de beslissing achteraf uit te leggen?"}$j$::jsonb,0.68,ARRAY[$p$unidad24$p$, $p$closure_register_speaking$p$, $p$speaking$p$])
on conflict (id) do update set prompt=excluded.prompt, payload=excluded.payload, correct_answer=excluded.correct_answer, difficulty=excluded.difficulty, tags=excluded.tags, updated_at=now();
insert into lesson_items (lesson_id, item_id, order_index) values
 ('8a701d13-f99d-573c-8a95-61efa14dc906','a82474cf-b716-5459-a2d6-7b9735621c10',1),
 ('8a701d13-f99d-573c-8a95-61efa14dc906','14a7a0e9-f1f6-5209-8a92-236d0dd25ceb',2),
 ('8a701d13-f99d-573c-8a95-61efa14dc906','50eef69b-5344-50b3-9567-489cb8c9381f',3),
 ('8a701d13-f99d-573c-8a95-61efa14dc906','ef80f84d-4560-561d-9737-d7afe4b93918',4),
 ('8a701d13-f99d-573c-8a95-61efa14dc906','eb9a7e6d-b205-5ec2-bd5c-1eb61890467a',5),
 ('8a701d13-f99d-573c-8a95-61efa14dc906','9d285e16-3b38-59e3-b618-c57b8fa46111',6),
 ('bcaee2f3-50a9-5850-a9ae-30627c10b4db','c2923a36-7baf-594c-abc7-a53ba1fd6c7e',1),
 ('bcaee2f3-50a9-5850-a9ae-30627c10b4db','685ab866-12fa-5e93-9063-e8caf0c93557',2),
 ('bcaee2f3-50a9-5850-a9ae-30627c10b4db','b995dbaa-bdc2-5a5f-9544-4dead0c64ab2',3),
 ('bcaee2f3-50a9-5850-a9ae-30627c10b4db','71530b98-190f-5637-9295-fb04f752d6be',4),
 ('bcaee2f3-50a9-5850-a9ae-30627c10b4db','cc176969-2699-56b4-8daa-0381eb212bff',5),
 ('bcaee2f3-50a9-5850-a9ae-30627c10b4db','091e9c2c-aef5-54ca-9365-7dadc86372da',6),
 ('5818bbb9-6aee-5fb1-a82f-2befc45cc9f9','4bfb2d01-8d88-5074-874b-3b103e7f6672',1),
 ('5818bbb9-6aee-5fb1-a82f-2befc45cc9f9','aa30bb1f-7aa4-5b48-85a3-d97b791c163c',2),
 ('5818bbb9-6aee-5fb1-a82f-2befc45cc9f9','42f41bad-14f9-5099-a21d-1b25e19efd11',3),
 ('5818bbb9-6aee-5fb1-a82f-2befc45cc9f9','4646a12f-2a78-55e4-bafd-e2febb5c08b4',4),
 ('92bb6fae-302b-5487-858b-9c9c3182e318','a1aa87a9-5172-56b4-bc07-7eec1689080a',1),
 ('92bb6fae-302b-5487-858b-9c9c3182e318','11ce1a43-a81d-5d8d-8bfe-e5452b871377',2),
 ('92bb6fae-302b-5487-858b-9c9c3182e318','c6195bee-bc34-59df-92ce-2d6fe7ae28f8',3),
 ('9407bc00-4d5a-5393-8771-eb26f1d4f839','a82474cf-b716-5459-a2d6-7b9735621c10',1),
 ('9407bc00-4d5a-5393-8771-eb26f1d4f839','14a7a0e9-f1f6-5209-8a92-236d0dd25ceb',2),
 ('9407bc00-4d5a-5393-8771-eb26f1d4f839','c2923a36-7baf-594c-abc7-a53ba1fd6c7e',3),
 ('9407bc00-4d5a-5393-8771-eb26f1d4f839','50eef69b-5344-50b3-9567-489cb8c9381f',4),
 ('9407bc00-4d5a-5393-8771-eb26f1d4f839','ef80f84d-4560-561d-9737-d7afe4b93918',5),
 ('9407bc00-4d5a-5393-8771-eb26f1d4f839','9d285e16-3b38-59e3-b618-c57b8fa46111',6),
 ('9407bc00-4d5a-5393-8771-eb26f1d4f839','eb9a7e6d-b205-5ec2-bd5c-1eb61890467a',7),
 ('9407bc00-4d5a-5393-8771-eb26f1d4f839','cc176969-2699-56b4-8daa-0381eb212bff',8),
 ('9407bc00-4d5a-5393-8771-eb26f1d4f839','091e9c2c-aef5-54ca-9365-7dadc86372da',9),
 ('9407bc00-4d5a-5393-8771-eb26f1d4f839','11ce1a43-a81d-5d8d-8bfe-e5452b871377',10)
on conflict (lesson_id, item_id) do nothing;
insert into vocabulary (id, course_id, word, translation, frequency_rank, part_of_speech) values
 ('2e7e9d6d-6885-57c8-adca-f0afca55f303','20000000-0000-0000-0000-000000000006',$p$de spijt$p$,$p$el arrepentimiento$p$,581,'sustantivo'),
 ('8e263181-4997-5fe3-a562-2da4d38a5d98','20000000-0000-0000-0000-000000000006',$p$het register$p$,$p$el registro (de lengua)$p$,582,'sustantivo'),
 ('df96719e-896e-5b24-9a66-3a287c0ef108','20000000-0000-0000-0000-000000000006',$p$formeel$p$,$p$formal$p$,583,'adjetivo'),
 ('f2c90bf5-c57f-5a7c-9c0a-79cc2f71ef7b','20000000-0000-0000-0000-000000000006',$p$informeel$p$,$p$informal$p$,584,'adjetivo'),
 ('8208fd8c-ea97-5e33-8ba3-d46a6db7798b','20000000-0000-0000-0000-000000000006',$p$beleefd$p$,$p$cortés, educado$p$,585,'adjetivo'),
 ('d970e4f1-4f15-5206-bc1d-01b8fc671316','20000000-0000-0000-0000-000000000006',$p$de hypothese$p$,$p$la hipótesis$p$,586,'sustantivo'),
 ('4ca134c3-1fbb-5509-b5cf-3dd47cec6bc8','20000000-0000-0000-0000-000000000006',$p$achteraf$p$,$p$a posteriori, en retrospectiva$p$,587,'adverbio'),
 ('459a1d82-2275-5e16-b993-1570c0bb7a72','20000000-0000-0000-0000-000000000006',$p$anders$p$,$p$de otra manera, distinto$p$,588,'adverbio'),
 ('3d814ead-c231-5d43-8310-5fb2994f6282','20000000-0000-0000-0000-000000000006',$p$destijds$p$,$p$en aquel entonces$p$,589,'adverbio'),
 ('16dafa2f-1a59-58c7-a4e2-e3c71d9ccc20','20000000-0000-0000-0000-000000000006',$p$de omstandigheid$p$,$p$la circunstancia$p$,590,'sustantivo'),
 ('2c5b4e96-c468-55a1-86c0-7875773de29d','20000000-0000-0000-0000-000000000006',$p$de aanpak$p$,$p$el enfoque, el planteamiento$p$,591,'sustantivo'),
 ('6a53b0a8-d64f-5a9d-89f3-1cd58d632c47','20000000-0000-0000-0000-000000000006',$p$de beslissing$p$,$p$la decisión$p$,592,'sustantivo'),
 ('11bf8c2e-0bb4-5a09-b6df-f26c8a2aceb3','20000000-0000-0000-0000-000000000006',$p$indien$p$,$p$en caso de que, si (formal)$p$,593,'conjunción'),
 ('d51a0178-e241-5d24-9948-70d6be3d95c8','20000000-0000-0000-0000-000000000006',$p$wellicht$p$,$p$quizás, posiblemente (formal)$p$,594,'adverbio'),
 ('d7035cfa-a59d-5531-ba86-88f5eff67ac5','20000000-0000-0000-0000-000000000006',$p$de gelegenheid$p$,$p$la ocasión, la oportunidad$p$,595,'sustantivo'),
 ('d26fc48a-386b-5996-833e-722cd0033979','20000000-0000-0000-0000-000000000006',$p$het gedrag$p$,$p$el comportamiento$p$,596,'sustantivo')
on conflict (id) do nothing;

commit;